id,from_id,to_id,exposure
0,7607,6932,DISTANT
1,6829,9758,CASUAL
2,516,7591,CASUAL
3,8700,1502,CLOSE
4,8735,2552,CASUAL
5,7890,5817,CLOSE
6,7724,8234,DISTANT
7,9792,799,CLOSE
8,6184,7083,CASUAL
9,2003,4455,CASUAL
10,3171,8593,CLOSE
11,6975,9189,CASUAL
12,5342,8720,DISTANT
13,4719,7548,CLOSE
14,296,6054,CASUAL
15,6275,3688,CASUAL
16,1973,3151,CASUAL
17,2117,3761,CASUAL
18,9535,103,DISTANT
19,6257,2772,CASUAL
20,1809,9891,DISTANT
21,2829,211,CLOSE
22,7629,375,CLOSE
23,950,2676,CASUAL
24,1874,5905,DISTANT
25,9261,5287,DISTANT
26,5818,7122,DISTANT
27,1520,8104,DISTANT
28,944,344,CASUAL
29,7107,6416,CLOSE
30,2398,9894,DISTANT
31,6927,4846,DISTANT
32,3205,5166,CASUAL
33,2506,1898,DISTANT
34,5725,9882,CLOSE
35,275,4315,DISTANT
36,1217,4754,CLOSE
37,1355,7735,CASUAL
38,3793,1430,DISTANT
39,9443,2050,CASUAL
40,1681,7482,CASUAL
41,3065,5614,CLOSE
42,982,3750,CASUAL
43,1176,4002,CASUAL
44,2037,5105,CLOSE
45,1001,6572,DISTANT
46,2656,4529,CASUAL
47,5350,6111,CLOSE
48,3901,813,CLOSE
49,7887,493,DISTANT
50,9672,5317,CLOSE
51,6332,9894,CASUAL
52,3009,5199,CLOSE
53,3814,3251,CASUAL
54,478,3804,DISTANT
55,2180,456,CLOSE
56,2949,4413,CLOSE
57,6965,198,DISTANT
58,7446,314,CASUAL
59,8481,6624,DISTANT
60,9135,7214,CASUAL
61,3238,1342,CLOSE
62,9178,3464,CLOSE
63,1478,6660,DISTANT
64,2206,7046,CASUAL
65,7374,3269,CLOSE
66,9693,8431,CLOSE
67,8513,7333,DISTANT
68,4952,6039,DISTANT
69,3417,8518,CLOSE
70,5258,9467,DISTANT
71,1218,9028,CASUAL
72,2911,875,CASUAL
73,1336,467,DISTANT
74,2993,8836,CLOSE
75,3565,1647,DISTANT
76,5393,1829,DISTANT
77,3379,2865,CLOSE
78,4050,9424,CASUAL
79,3296,2378,CLOSE
80,5804,4905,CASUAL
81,6763,6828,CASUAL
82,6408,7325,CASUAL
83,2385,8950,CASUAL
84,8066,8063,CASUAL
85,1840,8856,DISTANT
86,2365,5393,CLOSE
87,9850,6481,CASUAL
88,1581,9275,DISTANT
89,1560,7332,CLOSE
90,6526,7148,CASUAL
91,6032,9645,CLOSE
92,61,1851,CLOSE
93,3890,8458,CLOSE
94,9154,5149,CLOSE
95,9857,1314,DISTANT
96,6088,3288,CASUAL
97,4311,5863,CASUAL
98,1122,146,CLOSE
99,1989,489,DISTANT
100,1636,1615,CLOSE
101,2625,832,CLOSE
102,5161,9177,CLOSE
103,9868,3958,DISTANT
104,7816,2165,CASUAL
105,4349,3449,CLOSE
106,343,2537,DISTANT
107,4690,3291,CASUAL
108,2516,6533,DISTANT
109,1708,7985,CASUAL
110,549,5867,DISTANT
111,1402,5345,CASUAL
112,8676,6885,CLOSE
113,5320,4044,DISTANT
114,7081,2776,CLOSE
115,3776,7207,CASUAL
116,8113,9780,CASUAL
117,9241,7633,CASUAL
118,844,854,CASUAL
119,5864,6373,DISTANT
120,5006,828,DISTANT
121,2353,4920,CLOSE
122,5778,2774,CASUAL
123,4168,3987,DISTANT
124,4704,2138,CLOSE
125,1517,9627,CLOSE
126,1800,2735,DISTANT
127,1827,8991,DISTANT
128,1040,3700,CASUAL
129,7259,7757,CASUAL
130,601,5312,DISTANT
131,9533,7617,DISTANT
132,9944,9224,CASUAL
133,7525,8976,CLOSE
134,1495,1446,CASUAL
135,7965,9950,CASUAL
136,6842,5808,CASUAL
137,7262,594,CLOSE
138,4024,7886,CLOSE
139,1456,9446,DISTANT
140,7688,4786,CLOSE
141,8277,5451,CLOSE
142,2377,9993,DISTANT
143,5433,5568,CLOSE
144,5513,1177,DISTANT
145,6312,2304,CLOSE
146,9146,3721,CLOSE
147,9634,3140,CASUAL
148,121,7883,CLOSE
149,5667,8650,DISTANT
150,2725,3244,CLOSE
151,7297,8975,CASUAL
152,7157,7139,CLOSE
153,7429,6123,CLOSE
154,8476,802,CASUAL
155,6683,1680,DISTANT
156,995,2096,CLOSE
157,6429,785,CASUAL
158,3657,1697,CLOSE
159,2311,5635,CASUAL
160,8272,1759,DISTANT
161,4154,741,DISTANT
162,1137,321,CASUAL
163,789,5965,CLOSE
164,1457,8616,CASUAL
165,4016,1110,CLOSE
166,2084,1690,CLOSE
167,7165,4865,CASUAL
168,4935,8105,DISTANT
169,2902,6201,CASUAL
170,7956,2598,CLOSE
171,5339,8268,CLOSE
172,7174,623,CLOSE
173,3533,3112,DISTANT
174,5302,984,DISTANT
175,3175,7816,CLOSE
176,8471,6947,CASUAL
177,2009,374,CLOSE
178,8540,3376,DISTANT
179,4680,8270,DISTANT
180,3365,1051,CLOSE
181,8918,7387,CASUAL
182,6595,9065,DISTANT
183,2201,8743,CASUAL
184,1508,3202,CLOSE
185,2927,2446,DISTANT
186,6919,3918,CLOSE
187,6608,3284,CASUAL
188,9700,2526,DISTANT
189,8623,3574,DISTANT
190,1795,8636,DISTANT
191,746,8388,DISTANT
192,2220,7046,CASUAL
193,1929,7875,DISTANT
194,7741,3915,CLOSE
195,787,1280,CASUAL
196,4104,6628,CLOSE
197,9980,3298,DISTANT
198,7748,2300,CASUAL
199,2418,1109,CASUAL
200,9471,3514,CASUAL
201,9386,4044,CASUAL
202,5407,2074,DISTANT
203,3021,3197,CASUAL
204,4323,4642,DISTANT
205,2350,4640,CASUAL
206,9698,6802,CASUAL
207,6639,487,CLOSE
208,5025,8550,CASUAL
209,1787,6773,CASUAL
210,890,7356,CASUAL
211,4979,7417,CLOSE
212,2583,8312,DISTANT
213,7462,6514,CLOSE
214,7321,4467,CLOSE
215,6363,6173,DISTANT
216,6576,3719,CLOSE
217,7835,8658,CLOSE
218,584,7171,CLOSE
219,8409,5444,CASUAL
220,1329,9225,CLOSE
221,6679,1814,CLOSE
222,3603,7710,CASUAL
223,3880,2326,CASUAL
224,4974,9049,CASUAL
225,8388,5504,DISTANT
226,6030,9646,DISTANT
227,8817,7987,CASUAL
228,1053,8543,CASUAL
229,1838,4190,CLOSE
230,8777,2587,CLOSE
231,5696,9235,CLOSE
232,2125,499,CLOSE
233,8314,5707,DISTANT
234,5850,2392,CLOSE
235,2819,7516,DISTANT
236,3927,8208,CLOSE
237,4869,1103,DISTANT
238,4541,7727,CLOSE
239,9539,8174,CLOSE
240,5459,5033,CASUAL
241,8249,4803,CLOSE
242,4531,1872,DISTANT
243,1510,1181,CASUAL
244,9073,1528,CASUAL
245,7443,7371,CASUAL
246,1478,1577,DISTANT
247,3984,8669,CASUAL
248,465,2799,CASUAL
249,9335,5314,CLOSE
250,294,658,CLOSE
251,454,1814,DISTANT
252,6657,3786,DISTANT
253,2166,8212,CLOSE
254,7449,1085,CASUAL
255,4709,4006,CASUAL
256,6673,9693,CASUAL
257,3241,4203,CASUAL
258,840,901,CASUAL
259,9051,9347,CLOSE
260,7353,8883,DISTANT
261,6733,8337,CASUAL
262,3688,5621,CLOSE
263,6094,1367,CLOSE
264,4241,7516,CASUAL
265,239,3939,CASUAL
266,2175,2714,DISTANT
267,2071,1452,DISTANT
268,1635,6964,CASUAL
269,5955,1083,DISTANT
270,309,8261,CASUAL
271,4338,5152,DISTANT
272,3555,1934,CASUAL
273,1580,3239,DISTANT
274,3526,2935,CASUAL
275,8663,6137,DISTANT
276,2699,4646,DISTANT
277,4122,3769,CASUAL
278,3826,7104,CLOSE
279,2897,8287,CLOSE
280,3526,7538,CASUAL
281,261,8127,CLOSE
282,5964,3107,CLOSE
283,5250,4012,DISTANT
284,9475,8729,DISTANT
285,5751,5450,CLOSE
286,9684,6701,CASUAL
287,9872,2967,CASUAL
288,9845,3661,CASUAL
289,9705,8196,DISTANT
290,9707,233,CLOSE
291,1670,4417,CLOSE
292,7835,4375,CASUAL
293,5819,3615,CASUAL
294,2070,1870,CLOSE
295,462,5582,DISTANT
296,9539,8618,CLOSE
297,6074,5515,DISTANT
298,9122,4841,CASUAL
299,3075,192,DISTANT
300,8067,5448,CLOSE
301,4044,2052,CASUAL
302,8596,4766,DISTANT
303,6561,1935,DISTANT
304,8672,2237,CASUAL
305,778,9790,DISTANT
306,7216,8689,CLOSE
307,3089,1756,CASUAL
308,5162,5367,CASUAL
309,7123,426,CASUAL
310,6121,9987,CASUAL
311,8475,7665,CASUAL
312,7772,8530,CASUAL
313,4736,8043,CASUAL
314,1963,7632,CLOSE
315,7371,6663,CLOSE
316,1723,9552,CLOSE
317,3609,4109,DISTANT
318,6032,9617,CLOSE
319,681,8655,CASUAL
320,8766,5663,CASUAL
321,2773,506,CASUAL
322,5255,5299,DISTANT
323,5594,2815,CLOSE
324,4208,8370,CASUAL
325,4782,7615,DISTANT
326,4545,6283,DISTANT
327,2612,8128,DISTANT
328,7511,4470,DISTANT
329,9800,4817,DISTANT
330,4854,271,CLOSE
331,1410,1836,DISTANT
332,3956,2981,DISTANT
333,2835,1130,DISTANT
334,5253,2285,CASUAL
335,2373,1170,CASUAL
336,5927,4985,CASUAL
337,5773,2406,CASUAL
338,7518,9811,CASUAL
339,3608,3390,DISTANT
340,9993,1484,DISTANT
341,1486,3326,CLOSE
342,4036,4886,CASUAL
343,6671,6431,CLOSE
344,5677,6652,DISTANT
345,6277,8302,CASUAL
346,1283,92,CLOSE
347,3937,4164,CLOSE
348,4915,3582,CLOSE
349,9165,848,CASUAL
350,7880,7160,CLOSE
351,7210,4301,DISTANT
352,6072,1561,DISTANT
353,2404,4285,DISTANT
354,1409,4171,DISTANT
355,5620,500,CLOSE
356,9736,3758,CLOSE
357,4852,4803,DISTANT
358,2748,4992,CASUAL
359,322,9991,DISTANT
360,1535,8389,DISTANT
361,2835,7114,DISTANT
362,8299,1622,CASUAL
363,9980,8356,CLOSE
364,5851,8842,CLOSE
365,8843,6329,DISTANT
366,9941,1833,DISTANT
367,3259,6400,CLOSE
368,9531,8118,CASUAL
369,465,9046,CLOSE
370,521,4695,DISTANT
371,81,3923,CLOSE
372,5374,2653,DISTANT
373,3463,1539,CASUAL
374,7325,4951,CASUAL
375,6282,9873,CASUAL
376,1498,3921,CLOSE
377,5648,1470,DISTANT
378,1923,6628,DISTANT
379,8543,9387,CLOSE
380,9504,3551,CLOSE
381,3505,4962,DISTANT
382,2170,5170,CLOSE
383,1549,1347,CLOSE
384,751,3847,DISTANT
385,8857,1672,DISTANT
386,8085,4659,DISTANT
387,8592,37,CLOSE
388,273,995,CASUAL
389,6803,9792,CASUAL
390,1216,800,CASUAL
391,7793,4103,CLOSE
392,9091,5791,CLOSE
393,2516,4887,CLOSE
394,2641,5975,CLOSE
395,8571,2941,CLOSE
396,1858,1675,CLOSE
397,5797,735,DISTANT
398,9441,2958,CASUAL
399,1833,3081,CLOSE
400,7876,7509,CASUAL
401,398,5380,CLOSE
402,2615,4641,DISTANT
403,5146,2435,CASUAL
404,7083,6200,CLOSE
405,2879,5087,CASUAL
406,7680,896,CASUAL
407,9882,1731,CLOSE
408,8114,8795,CASUAL
409,8813,3934,CASUAL
410,4968,5115,DISTANT
411,4098,2891,DISTANT
412,7743,6121,CLOSE
413,6915,6806,DISTANT
414,108,7979,CLOSE
415,7225,6317,DISTANT
416,1784,3563,DISTANT
417,4159,6422,CLOSE
418,5018,3836,DISTANT
419,2589,8211,CASUAL
420,1143,2365,CLOSE
421,1696,156,DISTANT
422,7439,2509,CASUAL
423,4702,4675,CLOSE
424,5482,3870,DISTANT
425,1519,2440,CLOSE
426,5578,3105,CLOSE
427,3316,6713,CLOSE
428,7688,1764,CASUAL
429,7653,4869,CLOSE
430,7067,4009,CLOSE
431,7151,6519,CASUAL
432,4426,2287,DISTANT
433,8334,5682,DISTANT
434,6376,5887,CASUAL
435,4496,9243,CASUAL
436,890,5868,CLOSE
437,4820,7373,CLOSE
438,1785,4511,DISTANT
439,9211,2390,DISTANT
440,4298,5330,CLOSE
441,1249,1821,CASUAL
442,2882,1985,CASUAL
443,6453,6527,CASUAL
444,2736,6493,CASUAL
445,2178,1804,DISTANT
446,8385,8362,DISTANT
447,117,4815,CASUAL
448,2879,1130,DISTANT
449,1042,2513,CLOSE
450,7278,2947,CLOSE
451,227,859,CASUAL
452,2222,6546,CLOSE
453,5952,3582,CLOSE
454,2539,7754,CASUAL
455,1704,6683,CASUAL
456,881,9023,CLOSE
457,2792,6668,CLOSE
458,6485,1130,CASUAL
459,1053,6456,CASUAL
460,7856,6182,DISTANT
461,9101,4162,DISTANT
462,6747,9825,DISTANT
463,648,1820,CASUAL
464,7978,9069,CLOSE
465,6794,949,CLOSE
466,1819,520,CASUAL
467,2794,6298,CLOSE
468,8189,8114,CASUAL
469,573,7804,DISTANT
470,188,5173,DISTANT
471,6980,6245,DISTANT
472,1324,4322,DISTANT
473,7253,6151,CLOSE
474,7354,118,DISTANT
475,4304,9066,CLOSE
476,6008,7148,CLOSE
477,714,608,CASUAL
478,3492,3885,CLOSE
479,7222,3958,CLOSE
480,9484,7861,CASUAL
481,1180,5688,CASUAL
482,1588,1281,CLOSE
483,2389,3348,DISTANT
484,5397,2443,CLOSE
485,7845,5043,DISTANT
486,9264,8520,CLOSE
487,9541,5663,CASUAL
488,7532,3234,DISTANT
489,2946,7621,DISTANT
490,2421,635,CASUAL
491,3071,1065,CASUAL
492,7303,7079,CASUAL
493,358,9018,CLOSE
494,5308,7089,CLOSE
495,5294,2900,CASUAL
496,2751,571,DISTANT
497,3335,8847,CASUAL
498,9215,3335,CLOSE
499,8304,2948,DISTANT
500,4485,5544,CASUAL
501,9068,3941,CASUAL
502,3592,8926,DISTANT
503,9419,2418,CASUAL
504,1504,9234,DISTANT
505,2257,9024,DISTANT
506,6516,5095,DISTANT
507,4760,1439,DISTANT
508,9888,1028,CASUAL
509,2357,9721,CLOSE
510,3411,5432,DISTANT
511,6963,5481,CLOSE
512,1966,8627,CASUAL
513,8346,8500,CASUAL
514,6105,8220,CASUAL
515,1905,2949,CLOSE
516,584,1350,DISTANT
517,699,2568,DISTANT
518,8260,2064,CASUAL
519,7855,3937,CASUAL
520,8705,9913,CASUAL
521,8724,7634,CASUAL
522,5334,5728,CLOSE
523,1969,8244,CLOSE
524,5823,2816,CASUAL
525,7529,4391,DISTANT
526,9800,748,CLOSE
527,3093,1821,CLOSE
528,4614,1525,DISTANT
529,3346,1035,CLOSE
530,3230,9961,CLOSE
531,4095,7477,DISTANT
532,8723,495,CASUAL
533,8666,9056,CASUAL
534,3961,3466,CLOSE
535,8226,4695,CLOSE
536,4117,7872,CLOSE
537,6392,7801,CASUAL
538,111,329,CLOSE
539,2742,3694,CLOSE
540,6670,1730,CLOSE
541,7658,2023,CASUAL
542,3873,2962,DISTANT
543,6027,5026,DISTANT
544,5405,5203,CLOSE
545,3439,7143,CASUAL
546,1713,119,CLOSE
547,6069,9324,CASUAL
548,4126,8876,DISTANT
549,7441,2917,CASUAL
550,1868,1495,CASUAL
551,9291,2023,CASUAL
552,3035,228,CLOSE
553,5145,1413,DISTANT
554,7708,6417,CASUAL
555,5620,2967,CASUAL
556,7927,4564,CLOSE
557,3540,3312,DISTANT
558,4012,5113,CASUAL
559,5986,7882,CLOSE
560,8133,5053,CASUAL
561,8652,2476,CASUAL
562,6583,2426,CASUAL
563,1489,9485,CASUAL
564,8085,5015,DISTANT
565,4040,4480,CASUAL
566,1352,8610,CLOSE
567,9025,8255,DISTANT
568,9687,3737,CLOSE
569,7746,2856,CASUAL
570,3250,1080,CASUAL
571,2406,1410,DISTANT
572,1364,6474,CASUAL
573,1073,869,DISTANT
574,9709,4332,DISTANT
575,4327,9302,CASUAL
576,3,4251,DISTANT
577,5873,3636,CASUAL
578,1808,720,CLOSE
579,13,4642,DISTANT
580,1753,5004,DISTANT
581,3218,9031,CLOSE
582,7558,3930,DISTANT
583,2715,4385,CLOSE
584,7524,2577,CASUAL
585,2092,2951,DISTANT
586,2548,8987,CLOSE
587,1494,3718,CASUAL
588,8009,7183,DISTANT
589,8105,9087,DISTANT
590,3226,3336,CASUAL
591,3279,7608,CASUAL
592,9775,7156,DISTANT
593,1080,507,DISTANT
594,2408,6513,CASUAL
595,3058,8127,CASUAL
596,2434,3114,DISTANT
597,5644,5962,CASUAL
598,3855,6375,CASUAL
599,1879,2984,DISTANT
600,2226,4691,CLOSE
601,6584,6306,CASUAL
602,4680,1011,CASUAL
603,1592,4292,CASUAL
604,6402,2635,CASUAL
605,6093,892,CASUAL
606,6615,6684,CASUAL
607,7416,1086,CLOSE
608,3942,997,CLOSE
609,5362,6202,CLOSE
610,9098,6207,DISTANT
611,9075,8109,CASUAL
612,6874,2367,CASUAL
613,1632,6618,CASUAL
614,7762,7200,CASUAL
615,2508,7437,CASUAL
616,4027,8156,CASUAL
617,9849,8544,DISTANT
618,9196,4103,DISTANT
619,7828,8624,DISTANT
620,6223,4543,CASUAL
621,805,3492,DISTANT
622,7634,186,DISTANT
623,7926,5430,CASUAL
624,3055,6520,DISTANT
625,8440,2853,CASUAL
626,2097,7779,CLOSE
627,2645,5877,CASUAL
628,2100,6106,DISTANT
629,8526,5532,CLOSE
630,5397,1714,CLOSE
631,9209,5104,DISTANT
632,3796,8359,CASUAL
633,4966,2367,DISTANT
634,8665,7878,CASUAL
635,6857,6282,DISTANT
636,9033,9111,CASUAL
637,6519,5296,CLOSE
638,951,5779,CASUAL
639,8639,7810,DISTANT
640,6337,5603,CASUAL
641,2495,2700,CASUAL
642,3079,197,DISTANT
643,9485,7226,CLOSE
644,3333,3083,DISTANT
645,8107,5943,CLOSE
646,9332,2380,CLOSE
647,372,1330,CASUAL
648,5266,5919,CASUAL
649,2296,8260,CASUAL
650,3632,4045,DISTANT
651,1591,7058,CLOSE
652,7657,374,CLOSE
653,8912,9222,DISTANT
654,7680,1019,DISTANT
655,4120,8629,CLOSE
656,6334,8557,DISTANT
657,6909,814,CLOSE
658,1377,7049,CASUAL
659,4558,2434,DISTANT
660,139,2038,CASUAL
661,7860,9143,DISTANT
662,9092,3996,CLOSE
663,4585,6981,CASUAL
664,7280,8863,DISTANT
665,9721,9454,CASUAL
666,4016,2470,CLOSE
667,6294,610,CASUAL
668,5021,3778,DISTANT
669,3770,6864,DISTANT
670,4102,1786,DISTANT
671,744,7481,CASUAL
672,7736,4097,CLOSE
673,9536,6086,CLOSE
674,7745,5346,DISTANT
675,6837,4850,CASUAL
676,7468,6854,CLOSE
677,8692,9045,DISTANT
678,8506,2533,CASUAL
679,1920,7683,DISTANT
680,1581,5091,CASUAL
681,4025,8509,CLOSE
682,47,2316,DISTANT
683,9585,1235,CLOSE
684,2682,8765,CLOSE
685,4787,4218,DISTANT
686,9962,1536,DISTANT
687,1820,4728,DISTANT
688,6061,7339,CLOSE
689,6953,4074,CASUAL
690,3108,3657,DISTANT
691,8826,6471,CLOSE
692,612,5792,CLOSE
693,9427,1526,DISTANT
694,8837,327,DISTANT
695,3254,8237,DISTANT
696,2310,6415,CASUAL
697,9281,2815,CASUAL
698,8705,6081,DISTANT
699,3665,9907,CLOSE
700,6493,8444,CASUAL
701,6996,4742,DISTANT
702,7439,2707,DISTANT
703,6359,676,CLOSE
704,3877,3143,CASUAL
705,9675,1352,CLOSE
706,4652,6916,CLOSE
707,7744,2649,CASUAL
708,8271,348,DISTANT
709,280,6361,DISTANT
710,1952,8544,CASUAL
711,9969,9120,CLOSE
712,9125,6970,DISTANT
713,9723,5314,CLOSE
714,8817,6461,CASUAL
715,6476,8451,CLOSE
716,9546,8695,DISTANT
717,4909,9248,CASUAL
718,2575,3182,CASUAL
719,1716,7956,DISTANT
720,1865,3784,CLOSE
721,1707,6657,CASUAL
722,1407,531,CASUAL
723,888,9948,CASUAL
724,3412,4035,CLOSE
725,9406,7451,DISTANT
726,3314,1459,CLOSE
727,228,7352,DISTANT
728,1954,447,CASUAL
729,8907,116,CASUAL
730,5904,3965,CASUAL
731,3630,6055,CLOSE
732,9644,973,DISTANT
733,6523,1176,DISTANT
734,2098,9862,CLOSE
735,4561,9299,CASUAL
736,8739,2766,CLOSE
737,2412,7008,DISTANT
738,6201,7765,DISTANT
739,9628,9164,CLOSE
740,1923,6419,DISTANT
741,1887,3191,CLOSE
742,5899,6963,CLOSE
743,469,6642,CASUAL
744,8871,2473,DISTANT
745,8210,8598,CLOSE
746,4203,3231,DISTANT
747,1536,6804,CLOSE
748,3793,3215,DISTANT
749,4328,9181,DISTANT
750,4986,2407,CLOSE
751,5869,6472,CASUAL
752,7668,6476,CASUAL
753,511,9399,DISTANT
754,6907,9916,CASUAL
755,943,7186,DISTANT
756,4635,6867,CLOSE
757,4389,1330,DISTANT
758,8132,649,CLOSE
759,1402,6082,CLOSE
760,4456,3722,CLOSE
761,5476,4411,CLOSE
762,625,4020,CLOSE
763,2568,6391,CLOSE
764,387,6514,CLOSE
765,2010,6461,DISTANT
766,7783,915,CASUAL
767,8302,4676,CASUAL
768,9919,2651,CLOSE
769,1838,312,CASUAL
770,638,8726,DISTANT
771,5204,9815,CASUAL
772,7725,1723,CASUAL
773,5066,8124,DISTANT
774,9882,4216,CLOSE
775,2684,1218,DISTANT
776,4155,9250,CASUAL
777,1987,3455,CASUAL
778,2339,6581,CLOSE
779,9358,4984,CASUAL
780,5346,8990,DISTANT
781,6904,2711,CLOSE
782,7509,1860,DISTANT
783,4070,2655,DISTANT
784,1760,53,CASUAL
785,7375,7824,CASUAL
786,8543,2642,DISTANT
787,3104,2946,CLOSE
788,8684,3426,CLOSE
789,5756,1684,CLOSE
790,6736,4585,CASUAL
791,4895,8053,CLOSE
792,8878,8056,CASUAL
793,1353,6192,DISTANT
794,3499,62,CASUAL
795,439,9059,CASUAL
796,9589,9876,DISTANT
797,9311,5413,CLOSE
798,8561,6353,CASUAL
799,7119,1045,DISTANT
800,6589,8867,CLOSE
801,8826,7799,CASUAL
802,2957,4237,DISTANT
803,712,9805,CLOSE
804,2319,2748,DISTANT
805,3816,1203,DISTANT
806,2888,2354,DISTANT
807,6080,310,CLOSE
808,558,2107,CLOSE
809,3435,3154,CLOSE
810,4716,911,CLOSE
811,6583,1519,DISTANT
812,3795,8443,CASUAL
813,3237,6321,DISTANT
814,1702,9420,DISTANT
815,299,5670,CLOSE
816,9565,6939,DISTANT
817,2570,8098,DISTANT
818,6877,4935,CASUAL
819,4949,9960,DISTANT
820,6931,1231,DISTANT
821,3919,5216,CASUAL
822,9518,9443,CASUAL
823,689,3949,CASUAL
824,7181,6127,CLOSE
825,3387,4895,CASUAL
826,3500,7212,DISTANT
827,402,1031,CASUAL
828,1821,2978,CLOSE
829,7587,868,CASUAL
830,4667,3632,DISTANT
831,1345,4212,DISTANT
832,7585,2207,CASUAL
833,8456,6287,CLOSE
834,2875,909,DISTANT
835,3754,216,CLOSE
836,2189,133,CLOSE
837,599,2028,CASUAL
838,3874,8768,DISTANT
839,189,9508,DISTANT
840,1940,1161,CLOSE
841,5279,8575,CLOSE
842,7409,6201,DISTANT
843,4398,5256,CLOSE
844,3877,3097,CLOSE
845,8468,8340,CLOSE
846,4840,653,DISTANT
847,5527,9304,DISTANT
848,662,864,CASUAL
849,2158,7743,DISTANT
850,243,266,DISTANT
851,8057,5435,DISTANT
852,4478,7075,CLOSE
853,9087,5079,CLOSE
854,7327,6152,CASUAL
855,1372,8748,DISTANT
856,7395,9219,DISTANT
857,6157,3074,CLOSE
858,4554,57,CASUAL
859,7336,3854,DISTANT
860,422,6200,DISTANT
861,7932,1509,DISTANT
862,3101,418,CASUAL
863,3426,9083,CASUAL
864,6990,5987,DISTANT
865,9844,8800,DISTANT
866,1492,5166,CLOSE
867,3027,9405,CLOSE
868,3382,666,CASUAL
869,3678,1349,CLOSE
870,6647,3834,CLOSE
871,5970,1853,CLOSE
872,179,4860,DISTANT
873,9306,2414,CASUAL
874,8328,4443,CASUAL
875,9612,4821,CLOSE
876,124,9133,CASUAL
877,551,3067,DISTANT
878,7851,354,CASUAL
879,3854,6536,DISTANT
880,4782,8434,CLOSE
881,529,6352,CLOSE
882,5905,3609,CLOSE
883,7578,6516,CLOSE
884,9880,9084,DISTANT
885,8437,9420,CASUAL
886,6339,5629,DISTANT
887,349,1989,DISTANT
888,6413,6130,CASUAL
889,3014,4903,CASUAL
890,7594,6241,CLOSE
891,9439,3124,CLOSE
892,6918,4802,CLOSE
893,4227,9977,DISTANT
894,2218,119,CLOSE
895,1731,1791,CASUAL
896,6731,7439,CLOSE
897,3535,8569,DISTANT
898,6106,1349,CLOSE
899,9984,9584,DISTANT
900,5489,6713,CASUAL
901,8954,3248,CASUAL
902,8509,2916,CLOSE
903,2534,2417,DISTANT
904,7925,7752,DISTANT
905,2383,1182,CASUAL
906,1911,4642,DISTANT
907,7147,2838,CLOSE
908,9270,9402,CASUAL
909,1256,3388,CLOSE
910,4928,298,CASUAL
911,3350,8002,CLOSE
912,6656,1405,CLOSE
913,2003,3293,CLOSE
914,8991,4686,CLOSE
915,1284,1602,CLOSE
916,8012,7011,CLOSE
917,2441,723,DISTANT
918,6159,1518,CASUAL
919,8630,2663,DISTANT
920,451,2523,DISTANT
921,1155,9636,DISTANT
922,141,2219,CLOSE
923,2708,4883,CASUAL
924,688,2960,CASUAL
925,9087,5897,DISTANT
926,3428,1637,CLOSE
927,8976,253,CASUAL
928,1307,3355,CLOSE
929,7006,7824,DISTANT
930,8046,8456,CLOSE
931,6789,8425,CLOSE
932,3511,5311,CLOSE
933,2547,9848,CASUAL
934,792,3945,DISTANT
935,9318,227,CLOSE
936,9488,8409,DISTANT
937,8712,8920,CLOSE
938,3993,4931,CASUAL
939,6226,7616,CLOSE
940,1979,7183,DISTANT
941,7026,3073,DISTANT
942,242,9145,CASUAL
943,5301,4692,CLOSE
944,2394,3411,CASUAL
945,57,4832,CASUAL
946,8623,5592,CASUAL
947,668,4487,DISTANT
948,7286,9494,CASUAL
949,6809,4174,CLOSE
950,3748,7024,CLOSE
951,7518,2198,DISTANT
952,16,9204,CASUAL
953,3376,2798,CASUAL
954,3297,8221,DISTANT
955,3274,7248,DISTANT
956,2443,6466,CLOSE
957,4797,361,CASUAL
958,4019,2458,DISTANT
959,5385,7500,CASUAL
960,8307,3856,CASUAL
961,4047,5385,CASUAL
962,8660,8845,DISTANT
963,7469,2417,CASUAL
964,8641,2908,CASUAL
965,6064,7272,DISTANT
966,2598,4479,CLOSE
967,5768,8873,CASUAL
968,5774,1581,CLOSE
969,80,2650,CLOSE
970,114,8044,CASUAL
971,1571,8981,CASUAL
972,7085,1586,CASUAL
973,4080,9514,CLOSE
974,662,8950,DISTANT
975,8456,3602,CASUAL
976,6832,9139,CLOSE
977,4072,5131,CASUAL
978,2416,7741,CASUAL
979,2872,4277,CASUAL
980,3442,3439,DISTANT
981,6086,5502,DISTANT
982,2475,8236,CLOSE
983,7261,4308,CASUAL
984,5765,4014,CLOSE
985,7053,1052,CLOSE
986,9864,3641,CLOSE
987,7823,3791,CASUAL
988,7066,942,DISTANT
989,2762,8435,CASUAL
990,9582,7512,CLOSE
991,6857,1979,CASUAL
992,4249,496,DISTANT
993,4065,1135,CASUAL
994,5342,1257,CASUAL
995,2700,8449,CASUAL
996,3262,2769,CASUAL
997,9752,9684,CASUAL
998,6480,6682,DISTANT
999,7804,447,CASUAL
1000,3071,8258,DISTANT
1001,2041,496,CLOSE
1002,15,5881,CASUAL
1003,2058,8030,DISTANT
1004,7990,7149,DISTANT
1005,3472,4004,CLOSE
1006,787,3510,CLOSE
1007,6547,8031,DISTANT
1008,3375,3444,CASUAL
1009,6439,6072,DISTANT
1010,8475,4103,DISTANT
1011,8506,5375,CLOSE
1012,5421,8959,CASUAL
1013,8244,7495,CLOSE
1014,3809,1549,CLOSE
1015,948,8098,DISTANT
1016,3680,7632,DISTANT
1017,2250,6912,DISTANT
1018,8426,7394,CASUAL
1019,2046,5487,CLOSE
1020,321,8762,CLOSE
1021,6449,9805,CASUAL
1022,2358,7772,CLOSE
1023,2375,3311,DISTANT
1024,4311,5172,DISTANT
1025,6664,7878,CLOSE
1026,5695,6580,CLOSE
1027,2041,2371,DISTANT
1028,460,4826,CLOSE
1029,9775,7333,CASUAL
1030,7979,1565,CASUAL
1031,8753,7135,CASUAL
1032,1738,8601,CLOSE
1033,8695,3599,DISTANT
1034,9706,8757,CASUAL
1035,2876,6177,CASUAL
1036,4111,4593,CASUAL
1037,3556,6828,DISTANT
1038,7348,1283,CLOSE
1039,9452,8398,CLOSE
1040,3236,3320,DISTANT
1041,9947,8816,DISTANT
1042,1064,4446,CLOSE
1043,7919,6264,CASUAL
1044,5214,6369,CLOSE
1045,7462,7592,CASUAL
1046,1078,2032,CASUAL
1047,8689,6872,DISTANT
1048,1073,3064,DISTANT
1049,10,4447,DISTANT
1050,944,887,DISTANT
1051,3046,3838,DISTANT
1052,5605,9076,DISTANT
1053,6978,9949,DISTANT
1054,2345,5064,DISTANT
1055,645,2127,CASUAL
1056,1381,8711,DISTANT
1057,5154,1010,DISTANT
1058,1845,3992,CASUAL
1059,161,2074,CASUAL
1060,8992,5960,DISTANT
1061,9850,846,DISTANT
1062,1948,6963,DISTANT
1063,9369,5382,CLOSE
1064,5244,3725,CLOSE
1065,759,9644,CASUAL
1066,1006,2933,CLOSE
1067,8915,8460,DISTANT
1068,1705,1505,CASUAL
1069,7508,7950,DISTANT
1070,7260,4884,DISTANT
1071,9389,9081,CASUAL
1072,5821,9246,DISTANT
1073,9058,4989,CASUAL
1074,4921,3866,CLOSE
1075,9339,9411,DISTANT
1076,8060,9132,CASUAL
1077,1955,2587,CASUAL
1078,9735,9204,DISTANT
1079,1905,2084,CLOSE
1080,1618,9106,CASUAL
1081,469,2272,CLOSE
1082,8191,2834,DISTANT
1083,4145,4024,CASUAL
1084,1279,2956,CLOSE
1085,3841,6273,CLOSE
1086,9192,7778,CASUAL
1087,9171,8079,DISTANT
1088,4602,4891,DISTANT
1089,9100,7376,DISTANT
1090,8866,6797,CASUAL
1091,2866,680,CLOSE
1092,1206,8904,CASUAL
1093,5040,8183,DISTANT
1094,1021,2483,CASUAL
1095,4917,7701,CASUAL
1096,3755,431,CLOSE
1097,996,5847,DISTANT
1098,2855,5714,CLOSE
1099,2012,1815,DISTANT
1100,6908,7888,CLOSE
1101,4879,1759,DISTANT
1102,9928,7311,CLOSE
1103,657,5773,CLOSE
1104,6687,7790,CLOSE
1105,4039,6666,CASUAL
1106,6387,2301,CASUAL
1107,2562,1352,DISTANT
1108,894,3953,CLOSE
1109,4068,2058,CASUAL
1110,6353,5493,CASUAL
1111,9821,6407,CLOSE
1112,9401,4431,CLOSE
1113,3947,5464,DISTANT
1114,3588,8792,CASUAL
1115,3489,360,DISTANT
1116,6241,6280,CASUAL
1117,3776,8035,CLOSE
1118,2097,9878,CASUAL
1119,2123,7129,CLOSE
1120,9991,416,CLOSE
1121,8696,4994,CASUAL
1122,4857,5154,CLOSE
1123,1911,2898,CLOSE
1124,2786,9488,CASUAL
1125,915,7398,DISTANT
1126,1896,2830,CASUAL
1127,5414,5325,DISTANT
1128,8586,2311,CASUAL
1129,5940,9926,CLOSE
1130,943,7827,CLOSE
1131,1461,1099,DISTANT
1132,341,7754,CLOSE
1133,8527,3733,CASUAL
1134,3989,8159,CLOSE
1135,4305,8466,DISTANT
1136,4894,4810,CASUAL
1137,8175,449,DISTANT
1138,4608,1901,CLOSE
1139,9179,7064,DISTANT
1140,8434,9949,DISTANT
1141,1490,355,DISTANT
1142,5178,8081,DISTANT
1143,1173,7945,DISTANT
1144,5219,9867,DISTANT
1145,6003,7059,DISTANT
1146,5733,5289,CASUAL
1147,8463,3904,CASUAL
1148,8681,9541,CASUAL
1149,3695,6609,DISTANT
1150,995,6386,CASUAL
1151,1384,7666,CASUAL
1152,7211,7014,DISTANT
1153,4815,3098,CLOSE
1154,3129,4914,CASUAL
1155,98,6441,CLOSE
1156,6126,7903,CASUAL
1157,8574,849,CASUAL
1158,4862,4434,DISTANT
1159,9980,9585,CLOSE
1160,9671,413,CASUAL
1161,7644,7491,DISTANT
1162,4720,1893,DISTANT
1163,3477,6779,CLOSE
1164,806,8031,DISTANT
1165,567,3337,CLOSE
1166,3190,9261,DISTANT
1167,1320,4219,DISTANT
1168,8398,5452,CLOSE
1169,7768,4995,DISTANT
1170,7979,4455,DISTANT
1171,2382,9490,CASUAL
1172,9390,8405,DISTANT
1173,6304,4934,DISTANT
1174,8397,1616,CASUAL
1175,6604,4123,CASUAL
1176,1648,8208,CLOSE
1177,3388,637,CASUAL
1178,8064,9314,CASUAL
1179,8416,8859,CLOSE
1180,854,8666,CLOSE
1181,5656,4896,CLOSE
1182,4701,8705,CASUAL
1183,4168,6039,CLOSE
1184,7798,1718,CASUAL
1185,1911,221,CASUAL
1186,8280,6010,CASUAL
1187,6974,4160,CASUAL
1188,4213,1345,CASUAL
1189,6327,8555,CLOSE
1190,9678,4703,CASUAL
1191,3099,89,CASUAL
1192,4113,7746,CLOSE
1193,3271,264,DISTANT
1194,2811,5600,CLOSE
1195,9610,4919,CASUAL
1196,4112,7693,CASUAL
1197,7417,2845,CASUAL
1198,9921,4385,CASUAL
1199,743,8817,CLOSE
1200,7697,8544,DISTANT
1201,2847,4117,DISTANT
1202,3861,5899,DISTANT
1203,1058,7394,CASUAL
1204,6057,9317,CLOSE
1205,4670,1630,CLOSE
1206,278,1743,DISTANT
1207,9060,2890,CLOSE
1208,9327,7655,CLOSE
1209,4016,3740,DISTANT
1210,92,6783,DISTANT
1211,2088,5081,DISTANT
1212,6222,6605,CASUAL
1213,5315,4381,CLOSE
1214,4546,2228,DISTANT
1215,1879,8473,CLOSE
1216,9127,4645,CASUAL
1217,7509,418,DISTANT
1218,5988,2879,CLOSE
1219,4765,3475,CASUAL
1220,7158,5917,CLOSE
1221,4985,4953,CLOSE
1222,1020,3751,CLOSE
1223,9362,6466,DISTANT
1224,4889,1545,DISTANT
1225,3774,4793,CASUAL
1226,6965,4564,DISTANT
1227,6511,1951,CASUAL
1228,6397,7940,DISTANT
1229,839,4125,DISTANT
1230,3437,2871,CLOSE
1231,5318,8279,DISTANT
1232,4256,2915,CASUAL
1233,33,9937,CLOSE
1234,3484,5131,DISTANT
1235,502,3900,CASUAL
1236,8961,1606,DISTANT
1237,5770,5867,DISTANT
1238,8900,4783,DISTANT
1239,4459,1450,CLOSE
1240,3242,6049,DISTANT
1241,5463,4984,CASUAL
1242,685,4766,CASUAL
1243,4928,5682,CLOSE
1244,7115,8378,CLOSE
1245,3475,3488,CLOSE
1246,4568,3014,CASUAL
1247,5996,6280,CASUAL
1248,7379,7973,DISTANT
1249,3277,8038,CASUAL
1250,1699,3201,CLOSE
1251,5038,3050,CASUAL
1252,7297,4901,CASUAL
1253,8051,9611,CLOSE
1254,2244,9499,CLOSE
1255,2479,9064,CLOSE
1256,1700,820,CASUAL
1257,8850,6502,DISTANT
1258,3152,4089,DISTANT
1259,4830,7519,CLOSE
1260,6761,8280,DISTANT
1261,6186,5822,DISTANT
1262,1563,1775,CLOSE
1263,7210,591,CASUAL
1264,9167,6960,DISTANT
1265,9118,4171,DISTANT
1266,3197,3046,DISTANT
1267,5537,5701,CLOSE
1268,8987,8047,DISTANT
1269,208,3693,DISTANT
1270,9864,3021,DISTANT
1271,7187,1935,CASUAL
1272,8702,3338,DISTANT
1273,8401,5717,CLOSE
1274,5982,9696,DISTANT
1275,7037,4654,CASUAL
1276,9943,3560,DISTANT
1277,4951,409,CASUAL
1278,789,8441,DISTANT
1279,1726,6008,DISTANT
1280,4317,9,CASUAL
1281,2954,1930,DISTANT
1282,6420,5791,CASUAL
1283,4754,4997,DISTANT
1284,7736,2831,CASUAL
1285,3375,1055,CASUAL
1286,4524,8035,DISTANT
1287,8078,1754,CLOSE
1288,7324,6070,CLOSE
1289,7561,8337,CASUAL
1290,4436,5545,DISTANT
1291,7592,162,CLOSE
1292,5402,5402,CLOSE
1293,3315,6654,CLOSE
1294,4095,296,DISTANT
1295,5425,3286,CASUAL
1296,7162,5997,DISTANT
1297,58,449,DISTANT
1298,5585,9054,CASUAL
1299,7425,1736,CLOSE
1300,4008,8634,CLOSE
1301,4285,7968,CLOSE
1302,1198,965,DISTANT
1303,4437,5972,DISTANT
1304,7518,4404,DISTANT
1305,7410,4317,CLOSE
1306,795,3970,CASUAL
1307,6787,4612,CLOSE
1308,9206,8409,DISTANT
1309,7838,8186,CLOSE
1310,1177,9674,DISTANT
1311,5730,3895,CASUAL
1312,2466,8328,DISTANT
1313,4400,4915,CASUAL
1314,3727,2134,CASUAL
1315,9468,5949,CASUAL
1316,4568,3122,CLOSE
1317,5955,868,DISTANT
1318,5809,7644,DISTANT
1319,5096,9440,DISTANT
1320,9581,7004,CASUAL
1321,8325,8640,DISTANT
1322,6074,2270,CLOSE
1323,7296,6950,CLOSE
1324,9435,6453,DISTANT
1325,679,7968,CASUAL
1326,3402,9127,CASUAL
1327,3881,2947,DISTANT
1328,2193,45,CLOSE
1329,9661,6231,CASUAL
1330,8030,5384,CASUAL
1331,3173,7955,DISTANT
1332,6438,9185,DISTANT
1333,5112,6240,CLOSE
1334,4765,8536,CLOSE
1335,4991,8306,DISTANT
1336,4639,4741,CASUAL
1337,3089,2356,CASUAL
1338,8300,2964,DISTANT
1339,1900,5690,DISTANT
1340,8077,7447,CLOSE
1341,535,823,CASUAL
1342,4358,1389,CLOSE
1343,3567,2682,CLOSE
1344,8194,47,CLOSE
1345,9711,1734,DISTANT
1346,5047,1090,CLOSE
1347,1473,7703,CASUAL
1348,4494,4369,CLOSE
1349,3776,5437,DISTANT
1350,5603,6914,DISTANT
1351,4451,4739,CLOSE
1352,5081,3050,DISTANT
1353,8218,4195,CLOSE
1354,1729,5828,DISTANT
1355,8887,1745,CLOSE
1356,8763,3825,DISTANT
1357,310,1787,DISTANT
1358,9636,5273,CLOSE
1359,5021,7805,CLOSE
1360,1870,2294,DISTANT
1361,5719,115,DISTANT
1362,6188,1897,CLOSE
1363,1651,4093,DISTANT
1364,385,1848,CASUAL
1365,3011,2885,DISTANT
1366,2619,8562,DISTANT
1367,1300,7979,DISTANT
1368,9631,7503,DISTANT
1369,2279,9733,CLOSE
1370,1767,9662,DISTANT
1371,2096,796,DISTANT
1372,6292,2057,CLOSE
1373,6315,2271,DISTANT
1374,8110,5721,CLOSE
1375,7020,6415,CASUAL
1376,6591,2771,CLOSE
1377,2109,6299,DISTANT
1378,9789,5623,CASUAL
1379,762,174,CASUAL
1380,8724,1498,CLOSE
1381,154,2723,CLOSE
1382,1942,9329,CLOSE
1383,8202,6741,DISTANT
1384,6682,5384,DISTANT
1385,6084,4058,CLOSE
1386,8220,1026,CLOSE
1387,8817,193,CASUAL
1388,6211,8006,CASUAL
1389,8462,2741,CLOSE
1390,4578,4258,CLOSE
1391,559,5410,CLOSE
1392,8232,7488,CASUAL
1393,5669,7473,CASUAL
1394,2345,2351,DISTANT
1395,2546,1701,CLOSE
1396,5837,2593,CLOSE
1397,785,5664,CASUAL
1398,5770,2910,CLOSE
1399,5595,2154,DISTANT
1400,5018,8529,CLOSE
1401,2352,8394,CLOSE
1402,9875,8481,CLOSE
1403,4777,5217,DISTANT
1404,4743,6875,DISTANT
1405,7788,1476,CASUAL
1406,4684,9746,DISTANT
1407,2186,9482,CLOSE
1408,7401,2416,CASUAL
1409,174,5575,CASUAL
1410,8872,1613,CASUAL
1411,3166,1164,CLOSE
1412,9387,7108,DISTANT
1413,1701,7055,DISTANT
1414,8255,5867,DISTANT
1415,6300,6489,CLOSE
1416,4658,510,DISTANT
1417,9860,1607,CLOSE
1418,7917,4788,DISTANT
1419,5166,3965,CASUAL
1420,2459,5552,CLOSE
1421,9803,6313,DISTANT
1422,8998,3155,CLOSE
1423,558,5279,CASUAL
1424,1985,702,DISTANT
1425,2775,5646,CLOSE
1426,5458,7688,DISTANT
1427,9565,6417,CASUAL
1428,1474,5439,CASUAL
1429,140,3912,CASUAL
1430,3138,9868,DISTANT
1431,9494,3847,DISTANT
1432,7917,3932,DISTANT
1433,3012,8714,DISTANT
1434,4090,6760,DISTANT
1435,2053,3226,CLOSE
1436,7880,1445,DISTANT
1437,3172,6945,CLOSE
1438,3127,6013,CLOSE
1439,2456,489,CASUAL
1440,9915,2088,DISTANT
1441,878,4988,DISTANT
1442,8714,9213,CASUAL
1443,658,2671,DISTANT
1444,2869,736,DISTANT
1445,4277,3163,CLOSE
1446,5261,3879,CASUAL
1447,6602,15,CLOSE
1448,2626,532,CASUAL
1449,5056,7762,CASUAL
1450,5124,379,DISTANT
1451,8256,6784,DISTANT
1452,4188,8691,DISTANT
1453,296,1392,CASUAL
1454,6318,8773,CASUAL
1455,2329,9937,CASUAL
1456,929,1858,CLOSE
1457,6086,9984,CLOSE
1458,1716,2831,CASUAL
1459,5922,7117,CASUAL
1460,5501,5996,CLOSE
1461,535,358,CLOSE
1462,9764,3148,CASUAL
1463,7454,7064,CASUAL
1464,7618,443,DISTANT
1465,3670,1541,DISTANT
1466,9561,9171,CASUAL
1467,4224,7309,CASUAL
1468,3157,6331,DISTANT
1469,6088,8525,CASUAL
1470,8701,8047,CLOSE
1471,3510,9781,CLOSE
1472,1570,7292,DISTANT
1473,6442,9006,DISTANT
1474,7563,1127,DISTANT
1475,6489,9509,DISTANT
1476,1928,8954,CLOSE
1477,4128,5320,CLOSE
1478,2438,6049,DISTANT
1479,8412,5873,CASUAL
1480,8253,5396,CASUAL
1481,3942,3056,CLOSE
1482,1763,6257,CLOSE
1483,639,5848,DISTANT
1484,4681,4935,CASUAL
1485,8548,8125,DISTANT
1486,5043,4987,DISTANT
1487,6972,7112,DISTANT
1488,8440,2721,CASUAL
1489,9994,8794,CASUAL
1490,1515,8922,CASUAL
1491,3812,8253,DISTANT
1492,5122,5362,CASUAL
1493,9820,9506,CASUAL
1494,1300,206,CLOSE
1495,8831,295,CASUAL
1496,2758,1970,CASUAL
1497,8710,6778,CASUAL
1498,4335,5976,CLOSE
1499,2343,8610,DISTANT
1500,8266,806,CASUAL
1501,8568,6114,CASUAL
1502,1689,40,CASUAL
1503,2219,1578,DISTANT
1504,3269,9637,CLOSE
1505,8245,2355,DISTANT
1506,5093,337,DISTANT
1507,9693,5373,DISTANT
1508,5718,6882,CLOSE
1509,3210,2185,CASUAL
1510,1321,3553,CASUAL
1511,3467,9331,CASUAL
1512,4835,8853,CASUAL
1513,8877,3518,DISTANT
1514,8325,7586,DISTANT
1515,4841,6849,CLOSE
1516,2767,6969,DISTANT
1517,5763,61,DISTANT
1518,9900,7806,CLOSE
1519,4441,6767,CASUAL
1520,7639,2370,DISTANT
1521,148,7267,DISTANT
1522,1874,1009,CLOSE
1523,8645,5834,CASUAL
1524,1398,2264,CASUAL
1525,9493,2402,DISTANT
1526,1027,4101,DISTANT
1527,1216,6761,CLOSE
1528,5198,1988,DISTANT
1529,1576,7886,CLOSE
1530,2917,7122,CASUAL
1531,9583,3171,CLOSE
1532,4724,5243,CASUAL
1533,6819,3877,CASUAL
1534,572,1909,DISTANT
1535,2732,4824,CLOSE
1536,5149,2364,CLOSE
1537,3743,2206,CLOSE
1538,2291,3921,DISTANT
1539,1520,4784,CLOSE
1540,131,863,CLOSE
1541,8903,4623,CLOSE
1542,2816,6478,DISTANT
1543,2300,3560,DISTANT
1544,4965,442,DISTANT
1545,9453,2921,CASUAL
1546,459,7660,CASUAL
1547,8964,1972,CASUAL
1548,62,7776,CASUAL
1549,3604,2175,DISTANT
1550,6511,6532,CASUAL
1551,6344,4587,CLOSE
1552,2167,3099,CLOSE
1553,9157,7175,CASUAL
1554,3347,1118,DISTANT
1555,7562,3804,CLOSE
1556,8289,9278,CLOSE
1557,8993,6807,CASUAL
1558,6097,3853,CASUAL
1559,3975,4319,CLOSE
1560,929,894,CASUAL
1561,2812,5597,DISTANT
1562,5879,755,CLOSE
1563,6710,1952,CLOSE
1564,237,6907,CLOSE
1565,6797,3814,CLOSE
1566,8677,969,DISTANT
1567,8847,7600,DISTANT
1568,2260,3466,CASUAL
1569,8002,4745,CASUAL
1570,7165,9954,DISTANT
1571,5054,3924,DISTANT
1572,6472,895,CLOSE
1573,6739,1881,CASUAL
1574,2956,1552,CASUAL
1575,9078,2801,CLOSE
1576,5058,8908,DISTANT
1577,6173,780,CASUAL
1578,6619,6720,CASUAL
1579,3506,5365,CLOSE
1580,9166,3165,CLOSE
1581,8441,3428,DISTANT
1582,5349,567,CASUAL
1583,1156,7948,CASUAL
1584,631,1545,DISTANT
1585,4306,2312,CASUAL
1586,4227,3888,DISTANT
1587,3412,457,CASUAL
1588,1186,4332,DISTANT
1589,8490,8801,CLOSE
1590,6266,1185,DISTANT
1591,2316,6209,CASUAL
1592,2569,6200,CLOSE
1593,2622,530,CASUAL
1594,2982,5396,DISTANT
1595,5383,7657,DISTANT
1596,3172,6934,DISTANT
1597,9789,9802,CLOSE
1598,1102,1380,DISTANT
1599,214,8273,CASUAL
1600,5861,8703,CASUAL
1601,4778,7823,CASUAL
1602,7154,3572,DISTANT
1603,8571,3019,CLOSE
1604,2873,9938,DISTANT
1605,4420,8562,CASUAL
1606,6017,2917,CASUAL
1607,3841,7030,CASUAL
1608,9790,9371,DISTANT
1609,500,8858,DISTANT
1610,6601,4173,CASUAL
1611,7139,5693,CLOSE
1612,6974,2448,CLOSE
1613,7265,7648,CLOSE
1614,1704,9313,CASUAL
1615,8180,5281,CASUAL
1616,7898,1607,CASUAL
1617,8208,3548,DISTANT
1618,4857,3576,DISTANT
1619,4958,6330,CLOSE
1620,6761,5420,CASUAL
1621,9069,74,DISTANT
1622,2669,9912,CASUAL
1623,6908,245,CLOSE
1624,309,5740,CASUAL
1625,1862,7247,CLOSE
1626,3288,8704,CASUAL
1627,9086,6053,CLOSE
1628,1074,3349,DISTANT
1629,1679,8830,CASUAL
1630,1325,7188,CASUAL
1631,9090,1754,DISTANT
1632,8078,3819,CASUAL
1633,3800,8929,CLOSE
1634,3829,7967,DISTANT
1635,1183,7971,DISTANT
1636,1241,9557,CASUAL
1637,2529,7402,CASUAL
1638,9835,1268,CASUAL
1639,5974,1161,DISTANT
1640,9588,7250,CLOSE
1641,8681,343,DISTANT
1642,7,9499,CLOSE
1643,1217,8803,CASUAL
1644,9015,9980,CLOSE
1645,2204,5376,CASUAL
1646,7156,3963,DISTANT
1647,3642,3332,CASUAL
1648,1622,2059,DISTANT
1649,7145,851,CLOSE
1650,6792,4413,CASUAL
1651,918,3952,CLOSE
1652,706,9914,DISTANT
1653,3847,2685,DISTANT
1654,4052,8781,CLOSE
1655,8014,7411,CASUAL
1656,5385,5257,CASUAL
1657,1390,1551,DISTANT
1658,4859,2229,CLOSE
1659,1633,8944,CASUAL
1660,9426,7439,DISTANT
1661,274,3297,DISTANT
1662,5084,7836,CASUAL
1663,3,1454,CASUAL
1664,269,1403,CASUAL
1665,3270,6362,CLOSE
1666,3900,4557,CASUAL
1667,6357,4134,CASUAL
1668,4968,2493,CASUAL
1669,9042,4410,CASUAL
1670,411,2029,DISTANT
1671,4886,9466,DISTANT
1672,475,8134,CLOSE
1673,1846,40,CASUAL
1674,5444,928,CLOSE
1675,9116,6275,DISTANT
1676,6924,2972,DISTANT
1677,2950,9063,CASUAL
1678,1303,5275,DISTANT
1679,2599,7889,CLOSE
1680,7128,9458,CLOSE
1681,4699,8239,CLOSE
1682,9860,1795,CASUAL
1683,3291,5806,CLOSE
1684,7217,3730,CLOSE
1685,8090,8724,DISTANT
1686,5035,9797,DISTANT
1687,8246,5337,CLOSE
1688,3796,8630,CASUAL
1689,5590,90,CLOSE
1690,8961,661,CLOSE
1691,2132,1655,DISTANT
1692,5382,9781,DISTANT
1693,5001,6252,DISTANT
1694,7814,2503,CLOSE
1695,6620,1632,DISTANT
1696,3218,5117,DISTANT
1697,1537,3734,CASUAL
1698,4517,6657,DISTANT
1699,779,3769,CASUAL
1700,8242,1053,CASUAL
1701,6533,2397,CLOSE
1702,1844,2190,CASUAL
1703,5984,1839,CLOSE
1704,9920,3996,DISTANT
1705,7852,4618,DISTANT
1706,9923,5280,DISTANT
1707,8686,9566,CASUAL
1708,5042,4177,DISTANT
1709,4852,2891,DISTANT
1710,6398,5709,DISTANT
1711,6119,8224,DISTANT
1712,3094,7389,CASUAL
1713,7553,3392,DISTANT
1714,5583,3069,DISTANT
1715,3826,6118,CASUAL
1716,605,6461,CLOSE
1717,4056,5757,CLOSE
1718,3802,4578,CLOSE
1719,5101,9112,CLOSE
1720,1540,4322,CLOSE
1721,5293,8231,CLOSE
1722,5447,4542,DISTANT
1723,7307,7719,CASUAL
1724,3584,6735,DISTANT
1725,5870,2100,CASUAL
1726,4751,5238,DISTANT
1727,5176,3020,CASUAL
1728,8166,9407,DISTANT
1729,2937,9575,DISTANT
1730,4189,5731,CLOSE
1731,1053,5068,CASUAL
1732,7463,4495,CASUAL
1733,1741,1899,DISTANT
1734,1722,5467,CASUAL
1735,3926,720,CASUAL
1736,9645,4985,DISTANT
1737,6456,6066,DISTANT
1738,1917,1555,CLOSE
1739,4385,8591,CASUAL
1740,3975,2644,CLOSE
1741,5803,7285,CASUAL
1742,4583,1443,CASUAL
1743,1030,2743,CLOSE
1744,6891,4884,CASUAL
1745,8680,81,CASUAL
1746,8089,6439,CLOSE
1747,4655,3570,DISTANT
1748,4839,30,CASUAL
1749,6680,7642,CLOSE
1750,8556,486,CLOSE
1751,8096,7495,CASUAL
1752,5921,9595,CLOSE
1753,6787,9298,CLOSE
1754,5975,4845,CLOSE
1755,8828,7632,DISTANT
1756,9319,154,CASUAL
1757,3492,9036,DISTANT
1758,9976,7402,DISTANT
1759,3346,9249,DISTANT
1760,4547,8916,CASUAL
1761,3722,7961,DISTANT
1762,7012,6937,CASUAL
1763,2422,2801,CLOSE
1764,1311,9758,DISTANT
1765,6577,3776,CLOSE
1766,3194,8803,CASUAL
1767,4753,1318,CASUAL
1768,1958,550,CLOSE
1769,1294,7550,DISTANT
1770,4157,3165,CASUAL
1771,3910,6440,CASUAL
1772,7333,372,CASUAL
1773,5410,352,DISTANT
1774,4107,7457,CASUAL
1775,7682,8375,CLOSE
1776,8015,1423,DISTANT
1777,9372,2282,CLOSE
1778,7147,1084,CASUAL
1779,4714,9132,DISTANT
1780,745,1547,CLOSE
1781,9532,2613,CASUAL
1782,7062,4532,CASUAL
1783,1587,7755,DISTANT
1784,6560,1488,CASUAL
1785,4112,3709,CLOSE
1786,9373,5162,CLOSE
1787,1894,7915,CASUAL
1788,1818,9868,CASUAL
1789,7203,3435,CLOSE
1790,8838,3929,CLOSE
1791,4714,7458,CLOSE
1792,1445,3621,DISTANT
1793,1614,5350,CASUAL
1794,477,3746,DISTANT
1795,1473,6711,DISTANT
1796,6944,6368,DISTANT
1797,4882,7527,CLOSE
1798,8870,2321,CLOSE
1799,4015,4361,DISTANT
1800,6116,611,CLOSE
1801,3406,4656,DISTANT
1802,8270,7318,CLOSE
1803,9753,1216,CLOSE
1804,9759,6859,DISTANT
1805,4210,5849,DISTANT
1806,7885,5583,CASUAL
1807,2193,5897,CLOSE
1808,4851,4523,DISTANT
1809,1535,74,CLOSE
1810,2866,554,CASUAL
1811,6158,1330,CASUAL
1812,442,6866,DISTANT
1813,8710,7993,CASUAL
1814,1669,7800,CLOSE
1815,4379,5419,CLOSE
1816,4586,8867,DISTANT
1817,6772,6785,DISTANT
1818,9309,1348,CASUAL
1819,7449,4593,DISTANT
1820,7388,6951,CLOSE
1821,7676,120,CLOSE
1822,4280,3916,CLOSE
1823,7902,2686,DISTANT
1824,475,2371,CASUAL
1825,838,5515,DISTANT
1826,6970,6395,CLOSE
1827,5286,1038,DISTANT
1828,710,1110,CASUAL
1829,5708,5065,CLOSE
1830,5234,1576,CLOSE
1831,80,4609,CASUAL
1832,3846,1047,CASUAL
1833,6900,4915,CASUAL
1834,7894,4821,CLOSE
1835,7928,7660,CLOSE
1836,4011,9230,CLOSE
1837,8594,4321,CLOSE
1838,5549,1955,DISTANT
1839,7270,7063,CLOSE
1840,390,5776,CASUAL
1841,8220,7765,CASUAL
1842,6506,5411,DISTANT
1843,1947,3220,DISTANT
1844,248,5683,DISTANT
1845,9142,8371,CLOSE
1846,9927,4522,CASUAL
1847,8162,5174,CLOSE
1848,1752,9811,CASUAL
1849,2180,2580,CASUAL
1850,4671,1668,CASUAL
1851,9434,387,DISTANT
1852,5992,9560,DISTANT
1853,1183,6353,CASUAL
1854,1219,1333,DISTANT
1855,3948,1594,CASUAL
1856,4470,7741,CASUAL
1857,2460,2188,CLOSE
1858,8506,671,DISTANT
1859,8903,5496,DISTANT
1860,6176,4507,CASUAL
1861,5302,553,DISTANT
1862,9100,2065,CLOSE
1863,4312,1674,CLOSE
1864,7416,6507,DISTANT
1865,1487,8494,CLOSE
1866,2560,5436,CASUAL
1867,5545,4920,CASUAL
1868,1851,1168,CASUAL
1869,2940,3464,DISTANT
1870,224,6288,CLOSE
1871,9200,1034,DISTANT
1872,3567,5490,CASUAL
1873,2844,3464,DISTANT
1874,6084,9243,CASUAL
1875,2433,6288,DISTANT
1876,6734,9625,CLOSE
1877,5258,8150,CASUAL
1878,1071,4075,CASUAL
1879,6152,9357,CLOSE
1880,8988,6309,CASUAL
1881,982,208,CLOSE
1882,8110,5040,CASUAL
1883,7264,5264,CLOSE
1884,2266,3648,DISTANT
1885,1350,1817,DISTANT
1886,8897,2306,CASUAL
1887,6881,7019,DISTANT
1888,2101,8259,CASUAL
1889,9763,9185,CASUAL
1890,3700,9322,CLOSE
1891,7070,5982,CASUAL
1892,3840,3777,DISTANT
1893,2757,85,CLOSE
1894,2379,8687,DISTANT
1895,8663,5614,DISTANT
1896,6013,9143,DISTANT
1897,7190,5287,DISTANT
1898,1009,3574,CASUAL
1899,1932,6957,CASUAL
1900,1569,3258,CLOSE
1901,1858,812,CASUAL
1902,2021,5588,CASUAL
1903,1321,5357,DISTANT
1904,9340,4985,DISTANT
1905,790,412,CLOSE
1906,2509,6509,DISTANT
1907,1508,7392,CASUAL
1908,2241,9614,CASUAL
1909,6845,554,CLOSE
1910,5877,306,CLOSE
1911,4438,4213,CASUAL
1912,3124,357,CLOSE
1913,696,1276,DISTANT
1914,8203,3741,DISTANT
1915,4513,5774,CASUAL
1916,1355,3154,DISTANT
1917,743,8804,CASUAL
1918,3041,2159,CLOSE
1919,8793,3298,DISTANT
1920,2261,8694,CASUAL
1921,7615,7138,CASUAL
1922,5102,7002,CLOSE
1923,3305,9260,CASUAL
1924,5934,3018,CASUAL
1925,1167,282,CASUAL
1926,8801,5025,DISTANT
1927,9145,1306,CLOSE
1928,1378,6311,CLOSE
1929,621,4069,CASUAL
1930,1211,6525,CLOSE
1931,4600,1605,DISTANT
1932,1084,8934,DISTANT
1933,6310,6103,CASUAL
1934,6714,5708,DISTANT
1935,579,4515,CASUAL
1936,898,8425,DISTANT
1937,5004,5064,CASUAL
1938,6405,3531,CASUAL
1939,1992,9780,CLOSE
1940,8596,5414,DISTANT
1941,7931,8202,DISTANT
1942,8833,2097,CASUAL
1943,589,4249,CASUAL
1944,3967,1474,CLOSE
1945,929,2748,CASUAL
1946,9000,7994,CASUAL
1947,2442,2268,CLOSE
1948,1762,6327,DISTANT
1949,6170,3439,CLOSE
1950,2688,6317,DISTANT
1951,9741,5604,CASUAL
1952,6354,3514,CLOSE
1953,9772,2303,CASUAL
1954,5605,8186,CLOSE
1955,1020,8455,CLOSE
1956,433,7062,DISTANT
1957,2074,1129,DISTANT
1958,9505,2553,DISTANT
1959,1667,5794,DISTANT
1960,1130,7848,CASUAL
1961,931,7346,CLOSE
1962,9653,6020,DISTANT
1963,872,8307,DISTANT
1964,7688,8525,CASUAL
1965,2908,7067,CLOSE
1966,1925,3929,CASUAL
1967,4545,5072,CLOSE
1968,1536,9288,CASUAL
1969,3510,5084,CASUAL
1970,3644,6950,DISTANT
1971,9973,8863,DISTANT
1972,747,7669,CLOSE
1973,8994,2464,CASUAL
1974,8972,4894,CASUAL
1975,175,1952,CASUAL
1976,8926,8557,CASUAL
1977,662,4599,CLOSE
1978,8020,4610,CLOSE
1979,2079,7136,DISTANT
1980,7056,9163,CLOSE
1981,2211,7889,CLOSE
1982,2308,1409,CLOSE
1983,1969,9407,CASUAL
1984,6439,7727,DISTANT
1985,8943,6831,CLOSE
1986,5817,1007,DISTANT
1987,9069,9544,DISTANT
1988,6065,2945,CLOSE
1989,5250,8724,DISTANT
1990,8221,7030,CLOSE
1991,9011,6697,CLOSE
1992,6653,8929,CLOSE
1993,5009,3938,CASUAL
1994,6020,6844,DISTANT
1995,323,7102,CLOSE
1996,3399,2562,DISTANT
1997,1630,9923,CLOSE
1998,2358,8149,DISTANT
1999,4819,6682,DISTANT
2000,2033,5676,CLOSE
2001,7631,1863,DISTANT
2002,6556,2155,CLOSE
2003,2468,6867,CLOSE
2004,8674,2355,CASUAL
2005,9734,9614,DISTANT
2006,3800,7640,CLOSE
2007,3378,1736,CASUAL
2008,7539,9096,DISTANT
2009,2269,1839,CASUAL
2010,5983,2392,DISTANT
2011,6317,4234,CLOSE
2012,4973,5143,CASUAL
2013,6532,4959,DISTANT
2014,8202,1561,DISTANT
2015,4402,6832,CASUAL
2016,6182,8233,DISTANT
2017,7616,9015,DISTANT
2018,933,3637,CASUAL
2019,7283,9674,DISTANT
2020,2638,7257,CASUAL
2021,9419,6914,CLOSE
2022,8342,4101,CASUAL
2023,1878,3499,CASUAL
2024,1467,231,DISTANT
2025,7266,2437,CLOSE
2026,9650,9078,CASUAL
2027,6397,771,DISTANT
2028,6732,7059,DISTANT
2029,6541,393,CASUAL
2030,8355,4439,CASUAL
2031,7461,7029,DISTANT
2032,417,5283,CASUAL
2033,4375,2490,DISTANT
2034,6898,5632,DISTANT
2035,821,7000,CASUAL
2036,6749,2450,CLOSE
2037,66,3545,CASUAL
2038,2115,2082,DISTANT
2039,5898,792,DISTANT
2040,3416,5388,CLOSE
2041,4587,1565,CASUAL
2042,5642,3413,CLOSE
2043,4345,267,DISTANT
2044,4172,8134,DISTANT
2045,9287,9042,CLOSE
2046,2601,3769,DISTANT
2047,7644,7654,CLOSE
2048,9198,9387,CLOSE
2049,9023,7125,CASUAL
2050,4030,7402,DISTANT
2051,155,3122,CLOSE
2052,3049,9005,CASUAL
2053,2877,1437,DISTANT
2054,8568,5088,DISTANT
2055,1989,6671,DISTANT
2056,4870,8845,DISTANT
2057,5619,2124,DISTANT
2058,2020,1100,DISTANT
2059,3367,4881,CASUAL
2060,1518,3476,CLOSE
2061,6605,5764,CASUAL
2062,7074,4669,CASUAL
2063,4216,5334,CASUAL
2064,699,5424,DISTANT
2065,4395,20,DISTANT
2066,1315,9755,CLOSE
2067,2282,3841,CASUAL
2068,7561,5159,CLOSE
2069,1815,324,CASUAL
2070,6528,2775,CLOSE
2071,5344,913,DISTANT
2072,1081,5990,CLOSE
2073,2228,8550,DISTANT
2074,6856,4863,DISTANT
2075,4544,9310,CLOSE
2076,9732,5630,CLOSE
2077,4522,6056,CASUAL
2078,833,8775,DISTANT
2079,8478,6304,DISTANT
2080,8231,1952,CASUAL
2081,3959,2653,DISTANT
2082,7961,5706,CLOSE
2083,3510,7122,CASUAL
2084,1740,2072,CASUAL
2085,8198,7686,CLOSE
2086,6711,1908,CLOSE
2087,622,1067,CLOSE
2088,9486,7587,CLOSE
2089,6718,3083,CLOSE
2090,9139,2790,CLOSE
2091,6175,7835,CLOSE
2092,9969,6407,CLOSE
2093,2063,7344,CASUAL
2094,4737,6974,DISTANT
2095,7081,884,CASUAL
2096,3691,7260,CASUAL
2097,2177,7267,CLOSE
2098,4995,2924,CLOSE
2099,6918,7335,DISTANT
2100,101,8976,CLOSE
2101,1564,9948,CLOSE
2102,4888,6747,CASUAL
2103,6453,8397,DISTANT
2104,7632,1720,CASUAL
2105,2029,1477,CLOSE
2106,3118,925,DISTANT
2107,9269,9301,DISTANT
2108,4270,3778,CLOSE
2109,3989,8920,DISTANT
2110,3137,7744,DISTANT
2111,941,8540,CLOSE
2112,4892,5151,CASUAL
2113,3165,351,DISTANT
2114,5381,8445,CASUAL
2115,2627,5315,DISTANT
2116,5062,5973,CASUAL
2117,2524,826,CLOSE
2118,5881,4748,CASUAL
2119,3621,4255,CLOSE
2120,5263,6929,DISTANT
2121,9439,9485,CASUAL
2122,4434,8860,CLOSE
2123,5367,1282,CLOSE
2124,2991,9318,CASUAL
2125,1514,4750,CLOSE
2126,5979,7473,DISTANT
2127,812,8253,DISTANT
2128,2827,6461,DISTANT
2129,5166,7495,CASUAL
2130,8803,6811,CLOSE
2131,5498,352,DISTANT
2132,9201,2586,CASUAL
2133,4158,5402,CASUAL
2134,7602,3089,CLOSE
2135,7901,4782,CASUAL
2136,5884,1770,DISTANT
2137,6227,7197,DISTANT
2138,1617,5196,CLOSE
2139,6888,8382,CASUAL
2140,7252,6545,CLOSE
2141,9960,9157,CASUAL
2142,2268,2844,CASUAL
2143,548,5975,CLOSE
2144,7419,3931,CLOSE
2145,4918,3308,DISTANT
2146,9537,4741,CLOSE
2147,3245,7809,DISTANT
2148,3601,8927,CLOSE
2149,8490,1163,CASUAL
2150,1435,1733,DISTANT
2151,1811,5106,DISTANT
2152,9842,5701,DISTANT
2153,4588,5178,CLOSE
2154,5039,2362,CASUAL
2155,9409,5744,DISTANT
2156,6581,1544,CASUAL
2157,7632,2033,DISTANT
2158,9323,5881,CASUAL
2159,2444,9301,DISTANT
2160,9260,2929,CASUAL
2161,1449,1474,CASUAL
2162,7297,1501,DISTANT
2163,8815,2984,CASUAL
2164,5289,9870,DISTANT
2165,6206,7861,CLOSE
2166,234,7203,DISTANT
2167,7316,6205,CLOSE
2168,3992,7048,CASUAL
2169,3359,2789,CLOSE
2170,4977,1969,CLOSE
2171,1705,8408,DISTANT
2172,1515,2288,DISTANT
2173,5718,860,DISTANT
2174,5502,7116,DISTANT
2175,7186,485,CLOSE
2176,6690,446,DISTANT
2177,8283,783,CLOSE
2178,8385,1734,CASUAL
2179,9125,6054,CLOSE
2180,1937,7316,CLOSE
2181,1718,625,CLOSE
2182,3240,7920,CASUAL
2183,69,2414,DISTANT
2184,6044,2206,DISTANT
2185,3150,8866,DISTANT
2186,2271,3566,CASUAL
2187,4231,7554,CASUAL
2188,9168,7906,CLOSE
2189,9650,3777,CASUAL
2190,1454,8632,CLOSE
2191,3277,4967,DISTANT
2192,8879,7608,CASUAL
2193,2141,2694,CASUAL
2194,6001,4738,DISTANT
2195,9580,4293,CLOSE
2196,5496,9508,CLOSE
2197,7913,6518,CASUAL
2198,5957,4251,CLOSE
2199,7037,6807,DISTANT
2200,9089,1112,DISTANT
2201,8522,9693,CLOSE
2202,7121,1297,CLOSE
2203,4566,5578,CASUAL
2204,3859,2590,CLOSE
2205,2834,1615,CASUAL
2206,3412,1073,CLOSE
2207,4045,6807,CLOSE
2208,553,9847,CASUAL
2209,8529,9412,DISTANT
2210,313,887,CASUAL
2211,1999,7840,CLOSE
2212,4436,1494,DISTANT
2213,7280,992,CASUAL
2214,3663,4369,CASUAL
2215,8667,1319,CLOSE
2216,9674,8165,CASUAL
2217,611,9670,DISTANT
2218,7785,5809,DISTANT
2219,9696,7842,DISTANT
2220,9645,6101,DISTANT
2221,8895,6792,DISTANT
2222,207,2284,CLOSE
2223,2155,4945,CASUAL
2224,6875,150,CASUAL
2225,8962,8233,DISTANT
2226,2048,4459,CASUAL
2227,1136,8381,CLOSE
2228,3897,1211,CLOSE
2229,9798,8565,CLOSE
2230,1729,2748,CASUAL
2231,2419,6148,CLOSE
2232,1350,2981,CLOSE
2233,2643,9718,CLOSE
2234,3719,6242,DISTANT
2235,9069,1200,CASUAL
2236,7759,5225,DISTANT
2237,8128,4003,CLOSE
2238,2291,9753,CLOSE
2239,5615,3574,CASUAL
2240,2323,9712,CLOSE
2241,5153,9442,CASUAL
2242,3318,6520,DISTANT
2243,9458,6963,CLOSE
2244,8259,3951,DISTANT
2245,1763,1009,DISTANT
2246,357,8275,DISTANT
2247,600,6016,DISTANT
2248,7305,1275,CASUAL
2249,4524,4722,CASUAL
2250,3928,9323,CASUAL
2251,5799,1486,CLOSE
2252,3403,491,CASUAL
2253,1416,8707,CLOSE
2254,5462,5739,CLOSE
2255,3689,2247,DISTANT
2256,2600,9154,CLOSE
2257,9071,8146,DISTANT
2258,5616,5438,DISTANT
2259,8391,9382,CASUAL
2260,7356,6451,CLOSE
2261,4678,226,CASUAL
2262,6829,3060,CLOSE
2263,4478,2739,CLOSE
2264,2555,6302,CASUAL
2265,7728,1683,CLOSE
2266,2415,5926,CASUAL
2267,22,4087,DISTANT
2268,8744,5735,CASUAL
2269,7135,948,DISTANT
2270,3006,7778,DISTANT
2271,7395,3554,DISTANT
2272,763,3790,CASUAL
2273,914,5631,CLOSE
2274,7717,232,CLOSE
2275,2291,6048,DISTANT
2276,3052,6,DISTANT
2277,5007,9108,CASUAL
2278,49,347,DISTANT
2279,4188,1373,DISTANT
2280,8816,6340,CLOSE
2281,3490,373,DISTANT
2282,9153,1135,DISTANT
2283,6958,1655,CLOSE
2284,3617,9100,CASUAL
2285,7329,7588,CLOSE
2286,5047,8998,CLOSE
2287,8291,8099,CLOSE
2288,1901,2268,DISTANT
2289,8877,7072,CLOSE
2290,7851,9117,CLOSE
2291,4406,4868,CLOSE
2292,8429,8945,DISTANT
2293,3393,5302,CASUAL
2294,4189,3244,DISTANT
2295,5420,3966,DISTANT
2296,4087,530,CLOSE
2297,1155,112,CASUAL
2298,3410,4586,CASUAL
2299,7744,2028,CLOSE
2300,3803,8570,CASUAL
2301,8084,4538,CASUAL
2302,4778,6095,DISTANT
2303,4715,1401,CASUAL
2304,7305,1730,CLOSE
2305,9070,2263,DISTANT
2306,8005,3351,DISTANT
2307,5393,7915,CASUAL
2308,1652,1139,CLOSE
2309,4563,9461,CLOSE
2310,7623,2641,DISTANT
2311,6402,531,CASUAL
2312,1279,1839,DISTANT
2313,7256,705,CASUAL
2314,5486,5152,DISTANT
2315,1253,560,CLOSE
2316,8937,2394,CLOSE
2317,9810,9021,CASUAL
2318,8876,3326,DISTANT
2319,5218,6435,CASUAL
2320,5929,6324,CASUAL
2321,7194,8784,DISTANT
2322,4041,6321,CASUAL
2323,9078,7606,CLOSE
2324,1749,9122,DISTANT
2325,2479,8684,CLOSE
2326,5518,5696,DISTANT
2327,4971,3924,CLOSE
2328,3857,8760,DISTANT
2329,7605,2476,DISTANT
2330,9907,1347,CASUAL
2331,6937,8677,CLOSE
2332,297,1486,CASUAL
2333,4897,3757,DISTANT
2334,4287,4115,CASUAL
2335,3185,2694,CASUAL
2336,2527,8041,DISTANT
2337,6699,1906,DISTANT
2338,7235,2460,CLOSE
2339,996,9525,CASUAL
2340,4070,6217,DISTANT
2341,6667,7035,CASUAL
2342,9259,2347,DISTANT
2343,2652,2765,CLOSE
2344,2552,6555,CLOSE
2345,9895,412,CASUAL
2346,325,6194,DISTANT
2347,2958,4830,CLOSE
2348,8749,6515,CASUAL
2349,3556,6707,CASUAL
2350,9522,9485,DISTANT
2351,4656,8953,DISTANT
2352,599,6063,CASUAL
2353,1928,3319,CLOSE
2354,8842,4952,CASUAL
2355,2959,2146,DISTANT
2356,6763,2903,CLOSE
2357,1747,3265,DISTANT
2358,6734,214,CASUAL
2359,5552,5714,DISTANT
2360,2928,6542,DISTANT
2361,5923,6822,DISTANT
2362,3754,7771,CASUAL
2363,4201,7799,CASUAL
2364,2786,7593,DISTANT
2365,3788,3813,DISTANT
2366,5642,2990,CLOSE
2367,8516,8718,DISTANT
2368,845,8330,CLOSE
2369,9590,6660,CASUAL
2370,9048,7290,CLOSE
2371,6962,8694,DISTANT
2372,4198,771,CASUAL
2373,8284,5869,CLOSE
2374,2794,6616,CLOSE
2375,1854,5527,CLOSE
2376,5508,5839,CASUAL
2377,1978,6444,CLOSE
2378,9570,4861,CASUAL
2379,658,7461,DISTANT
2380,4239,2229,DISTANT
2381,7147,8751,CASUAL
2382,8540,373,CLOSE
2383,1918,4371,DISTANT
2384,8528,2251,CASUAL
2385,3891,1296,CLOSE
2386,1531,9634,CLOSE
2387,1431,265,DISTANT
2388,3870,5216,DISTANT
2389,266,9385,DISTANT
2390,2841,8161,CASUAL
2391,7369,445,CASUAL
2392,3627,304,DISTANT
2393,7425,8988,CLOSE
2394,6858,3833,CASUAL
2395,797,7871,CASUAL
2396,850,4688,CLOSE
2397,7253,1396,DISTANT
2398,4013,4576,DISTANT
2399,1995,7301,CASUAL
2400,850,1186,CLOSE
2401,2404,6989,CASUAL
2402,8823,5095,CLOSE
2403,2176,103,CASUAL
2404,1366,9665,DISTANT
2405,765,7497,CLOSE
2406,2605,8584,CLOSE
2407,5035,3051,DISTANT
2408,8789,9668,CASUAL
2409,1944,2496,DISTANT
2410,3551,4230,CASUAL
2411,9549,2612,DISTANT
2412,7510,9991,CLOSE
2413,4646,3071,DISTANT
2414,7416,8342,CLOSE
2415,7487,8012,CASUAL
2416,1150,3661,CASUAL
2417,5453,7411,CASUAL
2418,7106,4499,DISTANT
2419,3068,8724,DISTANT
2420,3651,8026,CASUAL
2421,6006,3394,DISTANT
2422,350,5348,DISTANT
2423,943,8079,CASUAL
2424,4511,7614,DISTANT
2425,2420,3978,CASUAL
2426,4791,3178,CASUAL
2427,1281,9876,CLOSE
2428,9358,6931,CASUAL
2429,7529,9771,CASUAL
2430,6377,3609,CASUAL
2431,8123,6484,DISTANT
2432,4836,5323,CLOSE
2433,638,9501,CASUAL
2434,9086,9613,CLOSE
2435,437,7280,CLOSE
2436,8645,7508,CASUAL
2437,1237,8076,DISTANT
2438,2074,8781,CLOSE
2439,6589,3590,CLOSE
2440,8129,3077,CASUAL
2441,2215,7769,DISTANT
2442,2379,3815,CASUAL
2443,2458,4977,DISTANT
2444,3990,4095,DISTANT
2445,1122,4251,CASUAL
2446,9464,7154,CLOSE
2447,3772,9591,CASUAL
2448,4299,7017,CASUAL
2449,506,7772,DISTANT
2450,2012,871,CASUAL
2451,267,9866,CASUAL
2452,2043,2476,DISTANT
2453,1614,885,CLOSE
2454,1539,6965,CASUAL
2455,2417,8592,CASUAL
2456,7633,9308,CASUAL
2457,7858,1136,DISTANT
2458,6993,1541,CASUAL
2459,528,9876,DISTANT
2460,7113,410,CLOSE
2461,2145,8011,DISTANT
2462,4114,7045,DISTANT
2463,7081,6561,CLOSE
2464,3305,5533,DISTANT
2465,3029,4420,CASUAL
2466,6339,4875,DISTANT
2467,3186,586,DISTANT
2468,1918,7587,CASUAL
2469,6736,6914,CLOSE
2470,7421,1318,CASUAL
2471,3130,409,CLOSE
2472,7986,853,DISTANT
2473,7558,9939,CASUAL
2474,721,2795,CLOSE
2475,7220,8689,CLOSE
2476,7862,9771,CASUAL
2477,7595,3377,CASUAL
2478,496,140,CASUAL
2479,2834,9559,CASUAL
2480,4515,9991,CASUAL
2481,585,5720,CLOSE
2482,573,5004,DISTANT
2483,8531,9317,CASUAL
2484,1617,6078,DISTANT
2485,8519,8301,CLOSE
2486,9519,3203,CLOSE
2487,6646,3157,CLOSE
2488,6084,6589,DISTANT
2489,5,370,CASUAL
2490,6282,6554,CASUAL
2491,40,5210,CLOSE
2492,9840,2482,CLOSE
2493,8851,7005,DISTANT
2494,3774,3720,CASUAL
2495,459,8327,CASUAL
2496,6028,8896,DISTANT
2497,7936,9052,CLOSE
2498,488,7448,DISTANT
2499,4950,8179,DISTANT
2500,4676,6319,DISTANT
2501,3752,5643,CASUAL
2502,1624,1407,CLOSE
2503,6012,2834,CASUAL
2504,539,7171,DISTANT
2505,2826,8082,CASUAL
2506,2849,8089,DISTANT
2507,9614,1742,DISTANT
2508,7666,955,CASUAL
2509,8772,7962,DISTANT
2510,50,252,CLOSE
2511,731,2098,CASUAL
2512,6365,5734,CASUAL
2513,8134,1271,CLOSE
2514,7282,4761,CLOSE
2515,3010,2481,CLOSE
2516,6120,2632,CASUAL
2517,7330,1972,DISTANT
2518,6001,2624,DISTANT
2519,5397,6686,DISTANT
2520,6865,5696,CLOSE
2521,2512,627,DISTANT
2522,5639,1445,DISTANT
2523,6655,9573,CASUAL
2524,8189,3473,DISTANT
2525,9036,6368,DISTANT
2526,8664,5545,DISTANT
2527,9407,8441,CLOSE
2528,5579,5556,CLOSE
2529,3789,7252,CASUAL
2530,450,9621,CLOSE
2531,8186,4465,DISTANT
2532,6406,5444,DISTANT
2533,9448,7649,DISTANT
2534,414,1809,DISTANT
2535,167,1155,CLOSE
2536,5310,4584,CLOSE
2537,3155,4572,CASUAL
2538,7476,8599,CLOSE
2539,1318,3046,DISTANT
2540,378,4418,CLOSE
2541,3622,9153,CLOSE
2542,8808,9724,DISTANT
2543,1268,4573,DISTANT
2544,9908,4044,CLOSE
2545,6975,681,DISTANT
2546,4498,5767,CLOSE
2547,2600,6579,CASUAL
2548,7430,1047,CLOSE
2549,9679,1225,CASUAL
2550,518,4216,CLOSE
2551,9978,5368,CLOSE
2552,9311,44,DISTANT
2553,361,9287,CASUAL
2554,5758,8448,CLOSE
2555,8105,2845,CLOSE
2556,5954,9218,DISTANT
2557,4918,9235,DISTANT
2558,3990,4943,DISTANT
2559,7524,1674,CASUAL
2560,725,4568,CASUAL
2561,9929,5508,DISTANT
2562,4932,7762,DISTANT
2563,3492,1617,CASUAL
2564,8632,2257,CASUAL
2565,6555,425,DISTANT
2566,807,6774,DISTANT
2567,5477,3641,CASUAL
2568,3344,3989,DISTANT
2569,8866,7333,DISTANT
2570,6007,1502,DISTANT
2571,2165,1541,DISTANT
2572,239,5498,CLOSE
2573,1569,1941,CLOSE
2574,6012,5558,DISTANT
2575,4571,9426,DISTANT
2576,2736,1018,CLOSE
2577,4841,7809,CLOSE
2578,1538,4886,CASUAL
2579,5205,9299,DISTANT
2580,1508,3711,CLOSE
2581,8660,9368,CASUAL
2582,6650,6597,CLOSE
2583,8584,7940,DISTANT
2584,6546,5994,CLOSE
2585,5801,2712,CLOSE
2586,2595,1211,CLOSE
2587,5289,6905,CLOSE
2588,5302,6074,DISTANT
2589,5341,9803,CASUAL
2590,6895,5043,DISTANT
2591,9420,3202,CLOSE
2592,7643,9144,CLOSE
2593,8233,8756,CASUAL
2594,924,7047,CASUAL
2595,4956,4330,DISTANT
2596,3919,2183,CLOSE
2597,7454,4185,CLOSE
2598,2064,9249,DISTANT
2599,7144,3812,CASUAL
2600,8508,2472,CLOSE
2601,7118,4670,CLOSE
2602,7739,9979,CASUAL
2603,7864,6482,DISTANT
2604,2963,7835,DISTANT
2605,6781,5245,DISTANT
2606,8766,5926,CASUAL
2607,2935,3267,DISTANT
2608,6762,9650,CLOSE
2609,3534,777,CASUAL
2610,6659,5990,CLOSE
2611,4376,8479,DISTANT
2612,7529,4408,CLOSE
2613,1292,6498,CLOSE
2614,9086,1496,CLOSE
2615,9630,953,CLOSE
2616,8218,5729,DISTANT
2617,5790,1792,DISTANT
2618,8759,5770,DISTANT
2619,4195,5679,DISTANT
2620,8947,3088,DISTANT
2621,4107,5603,CASUAL
2622,7906,6672,CLOSE
2623,291,7523,DISTANT
2624,5411,8552,DISTANT
2625,7999,4689,CASUAL
2626,9931,7706,DISTANT
2627,2350,3325,DISTANT
2628,5175,7540,CLOSE
2629,1989,1180,CLOSE
2630,2433,5590,CLOSE
2631,225,7869,DISTANT
2632,7709,3633,DISTANT
2633,5824,4842,DISTANT
2634,5514,6052,CLOSE
2635,3530,2862,CLOSE
2636,3678,6713,CLOSE
2637,2294,1703,DISTANT
2638,2254,6779,CASUAL
2639,8329,7895,CASUAL
2640,2937,5752,DISTANT
2641,4888,2294,CASUAL
2642,8386,5950,CLOSE
2643,2947,2379,DISTANT
2644,7360,6068,DISTANT
2645,8064,9712,CASUAL
2646,3034,2733,CLOSE
2647,4339,9747,CASUAL
2648,2188,3908,CLOSE
2649,2471,468,DISTANT
2650,4654,4410,CLOSE
2651,5743,5650,CLOSE
2652,8383,5043,DISTANT
2653,9284,6604,CLOSE
2654,2246,41,DISTANT
2655,8643,5618,DISTANT
2656,9675,2817,DISTANT
2657,5742,5633,CLOSE
2658,1329,9944,DISTANT
2659,8321,3295,DISTANT
2660,9363,5962,DISTANT
2661,6837,7002,DISTANT
2662,9686,6775,CLOSE
2663,4381,4568,CASUAL
2664,156,6463,CASUAL
2665,83,5420,CASUAL
2666,6032,6333,CLOSE
2667,8288,614,CASUAL
2668,8682,755,CASUAL
2669,3184,7609,CLOSE
2670,8818,3964,CASUAL
2671,1813,8677,CLOSE
2672,5606,6077,DISTANT
2673,6157,3673,DISTANT
2674,5292,1905,DISTANT
2675,9493,5813,DISTANT
2676,979,2948,DISTANT
2677,1320,7658,CASUAL
2678,4773,9350,DISTANT
2679,1266,9447,CLOSE
2680,2155,3140,DISTANT
2681,5243,658,DISTANT
2682,4624,1576,DISTANT
2683,4820,7328,CASUAL
2684,973,5491,CLOSE
2685,9664,5246,DISTANT
2686,5587,5598,CASUAL
2687,2213,7536,CASUAL
2688,2333,2381,CASUAL
2689,6612,5162,CASUAL
2690,8345,9090,CLOSE
2691,8082,7284,DISTANT
2692,7010,1733,CLOSE
2693,6463,9666,CLOSE
2694,6869,8108,CLOSE
2695,6882,2699,CASUAL
2696,2478,5617,CLOSE
2697,3026,1025,CASUAL
2698,3393,108,DISTANT
2699,7390,2650,CLOSE
2700,9826,1707,DISTANT
2701,143,1455,CASUAL
2702,8903,775,DISTANT
2703,961,5457,DISTANT
2704,8354,7442,CLOSE
2705,8913,9695,CASUAL
2706,970,2607,CLOSE
2707,2877,6258,CASUAL
2708,5706,8301,CASUAL
2709,3070,7188,CLOSE
2710,5054,4432,CASUAL
2711,6897,3776,CLOSE
2712,5517,9286,DISTANT
2713,2514,148,CLOSE
2714,9755,3580,CLOSE
2715,7158,1879,DISTANT
2716,9359,2727,DISTANT
2717,2545,3601,CLOSE
2718,6830,1397,DISTANT
2719,2024,1573,CASUAL
2720,9171,9380,CASUAL
2721,6034,7578,DISTANT
2722,2683,8422,CASUAL
2723,2982,1591,DISTANT
2724,7201,8175,CLOSE
2725,2920,7690,CASUAL
2726,3264,7498,CLOSE
2727,7640,3431,DISTANT
2728,7833,4206,CLOSE
2729,2547,3398,CLOSE
2730,3274,6620,DISTANT
2731,5654,8407,CLOSE
2732,2716,6561,CASUAL
2733,7193,2625,CASUAL
2734,2390,1741,DISTANT
2735,8437,8568,DISTANT
2736,5784,632,DISTANT
2737,788,2983,CLOSE
2738,8309,1078,CLOSE
2739,3028,7861,DISTANT
2740,5314,5802,CLOSE
2741,184,1067,DISTANT
2742,5490,3323,DISTANT
2743,1073,4662,CASUAL
2744,6080,9374,CLOSE
2745,4940,2386,CLOSE
2746,7857,3926,CLOSE
2747,1600,3744,CASUAL
2748,2337,3098,CLOSE
2749,4708,8426,DISTANT
2750,3720,7529,CASUAL
2751,5055,1636,CASUAL
2752,6002,9086,DISTANT
2753,1130,9187,CASUAL
2754,0,8413,DISTANT
2755,6703,5455,CLOSE
2756,5874,4092,CASUAL
2757,7369,8687,CASUAL
2758,1360,696,DISTANT
2759,8446,6234,CLOSE
2760,6284,9377,CASUAL
2761,1941,3239,DISTANT
2762,3477,6625,CASUAL
2763,4969,6045,CASUAL
2764,6389,6604,DISTANT
2765,2763,2134,CASUAL
2766,9698,4118,CASUAL
2767,4856,9515,DISTANT
2768,4464,930,CASUAL
2769,4635,1864,CASUAL
2770,6498,3833,CLOSE
2771,3940,3487,CASUAL
2772,9375,2912,CASUAL
2773,9959,4623,DISTANT
2774,8007,205,DISTANT
2775,1277,7107,CLOSE
2776,1992,4427,CASUAL
2777,3961,5405,DISTANT
2778,6888,8218,CASUAL
2779,5171,5663,CASUAL
2780,8296,9613,CASUAL
2781,5709,1589,CLOSE
2782,1094,7937,CLOSE
2783,2699,7546,CLOSE
2784,2971,8314,DISTANT
2785,5243,6194,DISTANT
2786,767,2031,CLOSE
2787,1766,9981,DISTANT
2788,2953,6729,DISTANT
2789,8634,1827,DISTANT
2790,2018,1437,DISTANT
2791,887,5727,DISTANT
2792,6322,524,DISTANT
2793,773,8790,CASUAL
2794,5907,6240,CASUAL
2795,4426,8545,CLOSE
2796,9940,4150,DISTANT
2797,9873,5430,CLOSE
2798,2934,1111,CLOSE
2799,3144,4323,CLOSE
2800,8726,2870,CLOSE
2801,9475,8580,CASUAL
2802,9369,5882,DISTANT
2803,1359,6256,DISTANT
2804,7532,9042,CLOSE
2805,2866,4412,DISTANT
2806,839,1466,DISTANT
2807,2428,4233,CASUAL
2808,7650,8395,CASUAL
2809,6884,5874,CLOSE
2810,213,186,DISTANT
2811,822,3078,CLOSE
2812,7218,3848,CLOSE
2813,382,5074,CLOSE
2814,120,7574,CLOSE
2815,5235,7512,CLOSE
2816,7429,1301,CLOSE
2817,5856,3625,DISTANT
2818,792,4900,CLOSE
2819,8490,9674,CASUAL
2820,3399,652,CLOSE
2821,5375,3854,CASUAL
2822,2726,536,DISTANT
2823,1938,2573,CASUAL
2824,4189,6874,DISTANT
2825,9102,6762,CASUAL
2826,6036,5035,CLOSE
2827,1137,1558,CASUAL
2828,9398,7212,CLOSE
2829,1444,8998,DISTANT
2830,9256,9113,DISTANT
2831,231,2312,CLOSE
2832,4176,3227,CASUAL
2833,774,6043,CLOSE
2834,6492,9926,DISTANT
2835,6140,7569,CLOSE
2836,5494,1402,CLOSE
2837,3573,6180,CLOSE
2838,7440,6858,DISTANT
2839,3541,5488,DISTANT
2840,3632,9505,DISTANT
2841,6046,6360,CASUAL
2842,1602,2654,DISTANT
2843,8226,433,CASUAL
2844,5273,6145,CASUAL
2845,1956,3316,CLOSE
2846,8585,9180,CASUAL
2847,7508,6239,CASUAL
2848,1192,3264,CLOSE
2849,1783,4288,CASUAL
2850,78,3569,CASUAL
2851,4243,2841,DISTANT
2852,3247,5651,CLOSE
2853,6110,8900,DISTANT
2854,5320,2554,CLOSE
2855,1937,2095,DISTANT
2856,4963,7893,CASUAL
2857,3203,6738,CLOSE
2858,2741,441,CASUAL
2859,418,4181,DISTANT
2860,2566,4143,DISTANT
2861,5737,8900,CASUAL
2862,2934,2853,DISTANT
2863,8352,8231,CLOSE
2864,9287,8296,CLOSE
2865,5382,2064,CLOSE
2866,5245,6978,DISTANT
2867,7207,107,DISTANT
2868,4189,1963,CLOSE
2869,6921,1469,CASUAL
2870,3143,5312,CLOSE
2871,8811,3670,CASUAL
2872,422,3720,CASUAL
2873,2653,9423,CLOSE
2874,4395,7964,CASUAL
2875,3286,8753,CASUAL
2876,8624,960,DISTANT
2877,7503,8595,CASUAL
2878,7773,2856,CASUAL
2879,173,7607,CLOSE
2880,1813,1845,CLOSE
2881,4267,7595,CASUAL
2882,100,636,CASUAL
2883,9374,1840,CASUAL
2884,1330,6928,CASUAL
2885,6565,3303,CLOSE
2886,4008,5412,DISTANT
2887,1397,9249,CLOSE
2888,5847,5031,CASUAL
2889,849,7965,CASUAL
2890,1650,9284,CLOSE
2891,857,7687,CASUAL
2892,6445,1668,CLOSE
2893,9594,1595,DISTANT
2894,3303,8066,CLOSE
2895,4380,6414,CASUAL
2896,1528,4134,CLOSE
2897,1656,8906,DISTANT
2898,3356,8510,DISTANT
2899,7798,7081,CASUAL
2900,2769,8927,CLOSE
2901,9893,4047,CLOSE
2902,7439,5654,CASUAL
2903,4352,1291,DISTANT
2904,1772,3135,DISTANT
2905,9190,7969,DISTANT
2906,1516,7127,DISTANT
2907,2388,6664,CLOSE
2908,3577,834,CLOSE
2909,9434,9256,CLOSE
2910,8404,9122,DISTANT
2911,7808,2172,CLOSE
2912,1617,2396,DISTANT
2913,6146,1429,CASUAL
2914,8704,737,CASUAL
2915,2306,7603,CASUAL
2916,7099,2562,DISTANT
2917,3645,859,CASUAL
2918,8341,856,CASUAL
2919,4711,1831,CLOSE
2920,5702,631,CASUAL
2921,4102,264,CLOSE
2922,7981,4379,DISTANT
2923,8164,8587,CASUAL
2924,1234,2017,CASUAL
2925,8334,2446,CASUAL
2926,20,5637,CLOSE
2927,8226,7207,CASUAL
2928,9816,3492,CLOSE
2929,2298,2414,DISTANT
2930,7648,2113,CASUAL
2931,2676,3238,CLOSE
2932,4784,1291,CASUAL
2933,1523,9547,CLOSE
2934,1471,5028,DISTANT
2935,8854,7512,CLOSE
2936,583,4247,CASUAL
2937,7526,3939,DISTANT
2938,2455,5027,CLOSE
2939,3429,3257,CLOSE
2940,636,977,CASUAL
2941,8099,5570,DISTANT
2942,4388,6980,CASUAL
2943,9585,4817,CLOSE
2944,5173,9475,DISTANT
2945,5242,3982,DISTANT
2946,2928,7669,CLOSE
2947,2391,1505,CLOSE
2948,9469,7185,DISTANT
2949,9802,9914,DISTANT
2950,5366,3642,DISTANT
2951,5811,9513,CLOSE
2952,9848,4026,CLOSE
2953,5411,2781,CASUAL
2954,5224,3808,CASUAL
2955,6927,7331,CASUAL
2956,700,7514,CASUAL
2957,7021,6094,DISTANT
2958,2279,1851,CASUAL
2959,2134,5151,CLOSE
2960,7353,8074,CASUAL
2961,3742,5805,CASUAL
2962,883,9485,CLOSE
2963,2629,7880,DISTANT
2964,3467,6561,CLOSE
2965,3929,1353,CLOSE
2966,1623,3118,CLOSE
2967,494,8176,CASUAL
2968,8312,9284,CLOSE
2969,9953,2711,CLOSE
2970,4135,1759,CLOSE
2971,2732,9417,DISTANT
2972,2155,4278,CASUAL
2973,4354,5619,CASUAL
2974,2980,5856,CLOSE
2975,2239,3338,CASUAL
2976,2442,1745,DISTANT
2977,3189,1822,CLOSE
2978,6355,4388,CLOSE
2979,7563,786,CASUAL
2980,447,1209,CLOSE
2981,2319,173,CASUAL
2982,7179,5298,CLOSE
2983,7352,6402,CASUAL
2984,5101,318,DISTANT
2985,2527,3733,CLOSE
2986,2541,2756,CLOSE
2987,3701,4995,DISTANT
2988,3006,5645,DISTANT
2989,9383,6896,DISTANT
2990,8760,2619,CLOSE
2991,3275,1367,DISTANT
2992,5087,2954,CASUAL
2993,1725,1429,DISTANT
2994,7798,9875,CASUAL
2995,9111,6301,DISTANT
2996,8744,7510,DISTANT
2997,9507,2320,CASUAL
2998,4574,8110,DISTANT
2999,3348,5982,CLOSE
3000,7285,2123,DISTANT
3001,9949,7452,DISTANT
3002,9332,3503,CASUAL
3003,8886,8779,DISTANT
3004,5698,3300,CLOSE
3005,6611,1689,CASUAL
3006,1785,4002,CASUAL
3007,4149,7893,CASUAL
3008,2709,9624,CASUAL
3009,1367,9916,CLOSE
3010,3401,8380,DISTANT
3011,5019,3606,DISTANT
3012,1532,1547,CLOSE
3013,2458,9542,DISTANT
3014,1370,8627,CASUAL
3015,5855,2796,DISTANT
3016,7859,2233,CLOSE
3017,1409,6890,DISTANT
3018,5925,5951,CASUAL
3019,9488,5261,DISTANT
3020,7778,5635,CLOSE
3021,922,4904,CLOSE
3022,6073,9492,DISTANT
3023,828,2147,CLOSE
3024,6855,7429,DISTANT
3025,7724,6255,CASUAL
3026,7670,201,CLOSE
3027,3517,7102,CLOSE
3028,6766,2973,DISTANT
3029,6636,4768,CLOSE
3030,5328,5388,CLOSE
3031,6973,7919,DISTANT
3032,7344,9630,CASUAL
3033,2674,9057,CASUAL
3034,3293,7354,CASUAL
3035,4060,1891,DISTANT
3036,8018,6174,CLOSE
3037,5243,9242,CLOSE
3038,6453,4615,CASUAL
3039,3553,4315,CLOSE
3040,5749,6669,CASUAL
3041,9324,883,CASUAL
3042,7560,6437,DISTANT
3043,8593,9823,DISTANT
3044,4626,6207,DISTANT
3045,1209,5237,CLOSE
3046,3611,3532,CASUAL
3047,4076,7774,CLOSE
3048,209,1929,CASUAL
3049,1594,801,DISTANT
3050,3407,439,DISTANT
3051,8885,1666,DISTANT
3052,1421,5691,DISTANT
3053,8727,4772,CASUAL
3054,7439,4171,CLOSE
3055,8993,4221,DISTANT
3056,7866,456,CLOSE
3057,7348,8732,CASUAL
3058,6026,6461,CLOSE
3059,5263,7942,DISTANT
3060,2054,2180,CLOSE
3061,5076,7061,CASUAL
3062,1042,4450,DISTANT
3063,995,4659,DISTANT
3064,687,4098,CLOSE
3065,2451,7916,DISTANT
3066,7442,4118,CLOSE
3067,7110,2349,CLOSE
3068,1078,2330,DISTANT
3069,3834,6104,DISTANT
3070,5316,9482,CLOSE
3071,7545,3541,CASUAL
3072,9180,4072,DISTANT
3073,1294,6021,CLOSE
3074,7052,2195,CLOSE
3075,2302,2116,DISTANT
3076,6877,5370,CLOSE
3077,9659,6104,CLOSE
3078,1958,3761,DISTANT
3079,5971,5754,CASUAL
3080,8895,7031,DISTANT
3081,398,5840,CASUAL
3082,1532,6418,DISTANT
3083,4825,3629,CASUAL
3084,1849,4733,CLOSE
3085,5374,4949,CASUAL
3086,5821,2408,CLOSE
3087,4667,5267,DISTANT
3088,2402,1251,CASUAL
3089,6876,4756,DISTANT
3090,6870,2876,CLOSE
3091,5041,7080,CLOSE
3092,5488,9055,DISTANT
3093,9666,1702,DISTANT
3094,641,5897,DISTANT
3095,7257,7996,DISTANT
3096,441,144,DISTANT
3097,3739,8187,CASUAL
3098,7701,3194,CASUAL
3099,5979,4897,CLOSE
3100,7882,9018,DISTANT
3101,4372,8779,CASUAL
3102,4956,4599,CASUAL
3103,4890,217,CASUAL
3104,2919,9935,CLOSE
3105,7254,5677,CLOSE
3106,6554,8182,DISTANT
3107,932,4957,CLOSE
3108,5111,1126,CASUAL
3109,2661,7608,CLOSE
3110,8980,2062,CASUAL
3111,5697,7490,DISTANT
3112,6858,4712,CASUAL
3113,9364,5890,CASUAL
3114,889,1745,DISTANT
3115,8782,8189,CLOSE
3116,1897,372,DISTANT
3117,7532,6639,CASUAL
3118,3951,3560,CLOSE
3119,2037,554,CLOSE
3120,9570,8469,DISTANT
3121,2322,6041,CASUAL
3122,6639,8795,DISTANT
3123,1653,8528,DISTANT
3124,7120,402,CASUAL
3125,1921,4065,CLOSE
3126,258,7518,CASUAL
3127,3368,834,DISTANT
3128,1587,9404,DISTANT
3129,8646,4358,DISTANT
3130,6527,1144,CLOSE
3131,6777,3653,CASUAL
3132,1705,4055,CASUAL
3133,6381,5003,CASUAL
3134,2138,2674,CASUAL
3135,2634,1717,CASUAL
3136,5487,5045,CLOSE
3137,6900,110,CLOSE
3138,2504,8051,DISTANT
3139,4848,2919,DISTANT
3140,9815,8483,CLOSE
3141,7935,1386,DISTANT
3142,998,7287,CLOSE
3143,8386,4547,CLOSE
3144,9549,751,CASUAL
3145,7093,1666,CASUAL
3146,3155,8853,CASUAL
3147,1880,6576,DISTANT
3148,5049,5566,CLOSE
3149,9055,3068,CASUAL
3150,3133,9655,CLOSE
3151,8694,1637,CASUAL
3152,7702,5380,DISTANT
3153,1798,3925,CASUAL
3154,6382,8183,DISTANT
3155,3452,8312,CLOSE
3156,5179,2607,CLOSE
3157,6722,8934,CASUAL
3158,129,5024,DISTANT
3159,2514,2503,CLOSE
3160,4460,3677,DISTANT
3161,6386,365,CASUAL
3162,9528,1119,CASUAL
3163,2026,1593,CLOSE
3164,713,4612,CLOSE
3165,6874,7142,DISTANT
3166,7406,1046,DISTANT
3167,4218,6586,CASUAL
3168,8052,4953,CLOSE
3169,3745,3289,CASUAL
3170,9443,4591,CASUAL
3171,6004,8016,CASUAL
3172,2702,3073,CLOSE
3173,5953,2048,DISTANT
3174,5784,2259,CASUAL
3175,7048,6227,CLOSE
3176,2526,9166,CASUAL
3177,9710,9262,CASUAL
3178,6335,4017,DISTANT
3179,9322,3748,CASUAL
3180,3009,9658,DISTANT
3181,2410,302,DISTANT
3182,2254,2464,CASUAL
3183,8356,3516,DISTANT
3184,8444,8284,DISTANT
3185,6540,9178,CASUAL
3186,602,6346,CLOSE
3187,5811,6867,DISTANT
3188,6287,1371,CLOSE
3189,4353,7213,DISTANT
3190,3710,674,CASUAL
3191,5960,3482,DISTANT
3192,808,6892,CASUAL
3193,4856,1571,DISTANT
3194,8468,2359,CASUAL
3195,5423,7458,CLOSE
3196,9665,4183,CLOSE
3197,8314,7869,CASUAL
3198,1398,6008,DISTANT
3199,7404,6818,CASUAL
3200,4917,6093,CLOSE
3201,4065,3235,CASUAL
3202,5924,5528,CLOSE
3203,8094,4411,CASUAL
3204,188,4468,DISTANT
3205,252,948,DISTANT
3206,4234,6204,CLOSE
3207,6004,6780,DISTANT
3208,440,1243,CASUAL
3209,3045,1040,CASUAL
3210,4665,6050,CASUAL
3211,3308,7838,DISTANT
3212,4052,4846,DISTANT
3213,4438,343,CLOSE
3214,3999,7512,CLOSE
3215,9726,9323,CLOSE
3216,9559,4704,CLOSE
3217,431,6800,CASUAL
3218,5929,1634,DISTANT
3219,534,3499,DISTANT
3220,9188,3617,CLOSE
3221,9432,6827,CASUAL
3222,4166,2344,CASUAL
3223,7231,4941,CLOSE
3224,4040,8696,DISTANT
3225,14,6946,DISTANT
3226,6178,9703,DISTANT
3227,3850,5413,DISTANT
3228,2117,4987,CLOSE
3229,4138,7863,CLOSE
3230,8131,1327,CLOSE
3231,5901,642,DISTANT
3232,257,5213,DISTANT
3233,8674,929,CLOSE
3234,2223,7033,CASUAL
3235,7791,3881,CLOSE
3236,9174,1860,DISTANT
3237,9442,7882,CASUAL
3238,7862,4944,DISTANT
3239,9884,2977,CLOSE
3240,6233,8668,CLOSE
3241,917,3165,CLOSE
3242,318,5661,DISTANT
3243,9009,9597,CLOSE
3244,3408,7605,CASUAL
3245,1588,6622,CLOSE
3246,9089,9426,DISTANT
3247,5591,6615,CLOSE
3248,882,7671,CASUAL
3249,742,6300,CLOSE
3250,9504,8109,CASUAL
3251,2444,6608,CASUAL
3252,6888,5355,CASUAL
3253,3885,6933,DISTANT
3254,3397,8103,DISTANT
3255,5219,2497,CASUAL
3256,1806,5800,DISTANT
3257,9654,237,CASUAL
3258,1075,7363,CLOSE
3259,893,8059,CASUAL
3260,4112,4366,CASUAL
3261,9332,778,CLOSE
3262,3681,5018,DISTANT
3263,1224,5403,DISTANT
3264,5880,870,DISTANT
3265,3070,2773,CASUAL
3266,5189,3490,DISTANT
3267,2340,2707,CLOSE
3268,816,982,CASUAL
3269,1866,6036,CASUAL
3270,6566,8174,DISTANT
3271,8892,722,DISTANT
3272,4235,1458,CASUAL
3273,5190,4346,CASUAL
3274,571,1052,DISTANT
3275,6994,4592,CASUAL
3276,9904,4627,DISTANT
3277,6166,9649,DISTANT
3278,8846,5821,CASUAL
3279,779,5703,DISTANT
3280,377,4758,CASUAL
3281,8698,8968,DISTANT
3282,7055,7112,CLOSE
3283,396,8146,DISTANT
3284,7672,5680,CLOSE
3285,397,4814,DISTANT
3286,8586,1909,DISTANT
3287,8393,9924,CASUAL
3288,2356,8485,CASUAL
3289,7032,3452,CASUAL
3290,9976,8483,DISTANT
3291,8639,2292,CLOSE
3292,9708,3285,DISTANT
3293,7489,9321,CASUAL
3294,2104,176,CLOSE
3295,2084,5228,CASUAL
3296,8915,5853,DISTANT
3297,3207,6846,CLOSE
3298,6424,1023,CLOSE
3299,6466,352,CASUAL
3300,4234,8493,DISTANT
3301,1004,8156,DISTANT
3302,4464,2840,CLOSE
3303,8116,2471,DISTANT
3304,7232,5344,DISTANT
3305,5085,9070,CASUAL
3306,9152,6986,CLOSE
3307,9935,1053,DISTANT
3308,1993,607,CASUAL
3309,8074,7201,CASUAL
3310,4020,4987,DISTANT
3311,2788,962,CLOSE
3312,6987,7096,CLOSE
3313,7131,8500,CASUAL
3314,1575,504,DISTANT
3315,2818,9197,DISTANT
3316,5332,5078,DISTANT
3317,1207,8500,CLOSE
3318,9025,4267,CLOSE
3319,6976,7210,DISTANT
3320,8586,3573,CASUAL
3321,1711,9684,CLOSE
3322,4982,464,CLOSE
3323,4868,7961,DISTANT
3324,6921,4893,CASUAL
3325,3956,1364,CASUAL
3326,5462,6474,CLOSE
3327,9940,2777,DISTANT
3328,4191,1546,DISTANT
3329,6747,7652,CLOSE
3330,2502,9532,CLOSE
3331,6278,3127,CLOSE
3332,5290,4873,DISTANT
3333,3626,5419,CLOSE
3334,7504,8792,DISTANT
3335,9345,9382,CLOSE
3336,9247,7159,CLOSE
3337,896,2599,CLOSE
3338,6634,9589,CLOSE
3339,8254,2223,CLOSE
3340,7755,5670,CLOSE
3341,315,5146,CLOSE
3342,8213,8484,DISTANT
3343,6605,4375,CLOSE
3344,8049,1342,CASUAL
3345,7959,6147,DISTANT
3346,121,8469,CLOSE
3347,3514,4622,CASUAL
3348,8766,3867,CLOSE
3349,4662,7887,CASUAL
3350,5225,5399,DISTANT
3351,3709,1517,CASUAL
3352,8078,504,DISTANT
3353,160,7017,CASUAL
3354,2329,6892,CLOSE
3355,1997,5231,DISTANT
3356,4969,5463,DISTANT
3357,8213,3457,DISTANT
3358,7477,7660,DISTANT
3359,1380,8866,CASUAL
3360,1525,5490,CLOSE
3361,4470,7292,CLOSE
3362,8164,4496,CLOSE
3363,2767,3653,DISTANT
3364,9521,316,CLOSE
3365,3909,5472,DISTANT
3366,5915,6536,DISTANT
3367,864,9278,CLOSE
3368,2301,2814,CLOSE
3369,2096,9897,DISTANT
3370,8479,6474,DISTANT
3371,6433,2868,DISTANT
3372,4758,6554,DISTANT
3373,8773,1100,DISTANT
3374,6549,8315,DISTANT
3375,4459,5445,CLOSE
3376,6897,5705,CASUAL
3377,5245,4098,CLOSE
3378,9862,5053,CASUAL
3379,268,4918,CLOSE
3380,4238,2245,DISTANT
3381,4503,6682,DISTANT
3382,3610,8854,DISTANT
3383,5879,9241,CASUAL
3384,5005,3881,CASUAL
3385,9232,2175,DISTANT
3386,7039,876,DISTANT
3387,7938,6758,CASUAL
3388,5635,4122,DISTANT
3389,9986,4139,CASUAL
3390,4255,8866,CLOSE
3391,2345,4766,CASUAL
3392,1528,6213,CLOSE
3393,1746,8303,CLOSE
3394,472,4516,CLOSE
3395,5935,1557,CLOSE
3396,3575,2573,CASUAL
3397,575,8625,CLOSE
3398,7120,2703,CLOSE
3399,7390,7093,DISTANT
3400,5021,4048,CASUAL
3401,5418,987,CLOSE
3402,995,6968,DISTANT
3403,390,6447,CLOSE
3404,5021,8336,DISTANT
3405,6237,3565,CLOSE
3406,8170,1417,DISTANT
3407,8332,8294,CASUAL
3408,952,6351,DISTANT
3409,8248,2414,CLOSE
3410,9133,8745,CASUAL
3411,1188,9040,CASUAL
3412,7924,5432,DISTANT
3413,7904,5566,CASUAL
3414,4740,9579,CASUAL
3415,2738,2944,CLOSE
3416,8452,6090,CLOSE
3417,4502,7881,DISTANT
3418,11,3563,CASUAL
3419,3952,6462,CASUAL
3420,9060,2059,DISTANT
3421,9245,311,CASUAL
3422,3521,4225,CLOSE
3423,4694,827,DISTANT
3424,4279,8422,DISTANT
3425,5002,5594,CLOSE
3426,7116,7039,CLOSE
3427,2382,8012,CASUAL
3428,936,3745,DISTANT
3429,4378,1771,DISTANT
3430,4679,4290,CLOSE
3431,274,3091,DISTANT
3432,229,6419,CLOSE
3433,6554,8319,CLOSE
3434,9974,7075,CLOSE
3435,9088,8761,CLOSE
3436,7776,2355,CASUAL
3437,8664,8177,CLOSE
3438,2250,1264,CASUAL
3439,881,6870,DISTANT
3440,4708,2772,DISTANT
3441,8868,2437,CASUAL
3442,2735,2978,DISTANT
3443,2141,3735,CLOSE
3444,6382,2474,CASUAL
3445,7370,7568,CLOSE
3446,5372,8785,CLOSE
3447,3031,6504,DISTANT
3448,359,5246,CLOSE
3449,7900,6598,DISTANT
3450,41,959,DISTANT
3451,5572,6200,DISTANT
3452,2819,4731,DISTANT
3453,4294,742,DISTANT
3454,6369,7960,CLOSE
3455,9764,5742,CASUAL
3456,9728,1429,CASUAL
3457,558,1859,CLOSE
3458,4569,1265,CASUAL
3459,2040,1725,DISTANT
3460,5120,8322,CLOSE
3461,8603,1017,CASUAL
3462,2309,3213,CASUAL
3463,6567,1718,CASUAL
3464,7832,4943,DISTANT
3465,7775,3239,CASUAL
3466,1313,7440,CLOSE
3467,8300,1310,CLOSE
3468,6235,5245,DISTANT
3469,6712,9765,DISTANT
3470,4006,9300,DISTANT
3471,5290,3316,CLOSE
3472,6500,7263,DISTANT
3473,6876,2549,DISTANT
3474,8257,9491,CASUAL
3475,8055,9393,CASUAL
3476,4617,9015,DISTANT
3477,1167,2724,CLOSE
3478,4616,2791,DISTANT
3479,6199,4567,CASUAL
3480,8913,6163,CASUAL
3481,1776,9614,CASUAL
3482,540,9333,CLOSE
3483,7556,6016,CASUAL
3484,2293,7623,DISTANT
3485,5123,3686,CASUAL
3486,5870,6689,DISTANT
3487,7075,7189,CLOSE
3488,3098,4098,DISTANT
3489,8896,5084,CLOSE
3490,9070,1597,DISTANT
3491,4310,9588,CASUAL
3492,9788,3932,DISTANT
3493,3336,6476,CASUAL
3494,4973,7084,DISTANT
3495,4142,5070,DISTANT
3496,9288,6793,DISTANT
3497,9917,6812,CASUAL
3498,9175,4862,CASUAL
3499,2318,5655,DISTANT
3500,5269,4409,DISTANT
3501,6419,7181,CLOSE
3502,4501,5226,DISTANT
3503,9517,7372,DISTANT
3504,3810,2784,CASUAL
3505,7122,9195,CLOSE
3506,1399,9175,CASUAL
3507,3588,1320,CASUAL
3508,5606,6687,CLOSE
3509,3682,3134,DISTANT
3510,4296,3221,CLOSE
3511,646,6700,CLOSE
3512,1000,9896,CLOSE
3513,2530,4021,CASUAL
3514,2869,2132,DISTANT
3515,3788,9790,CLOSE
3516,720,3737,DISTANT
3517,2652,2761,CASUAL
3518,324,3378,DISTANT
3519,5059,2438,CASUAL
3520,9875,9308,DISTANT
3521,313,3647,DISTANT
3522,3592,658,CASUAL
3523,488,9531,DISTANT
3524,586,5814,DISTANT
3525,4102,555,CLOSE
3526,1982,9262,CLOSE
3527,2084,7892,CASUAL
3528,2757,100,CLOSE
3529,8642,7259,DISTANT
3530,8095,504,CLOSE
3531,1993,8957,DISTANT
3532,5306,6770,CASUAL
3533,2055,5969,DISTANT
3534,635,4614,DISTANT
3535,9873,4734,CASUAL
3536,4199,8631,CASUAL
3537,2217,9561,CLOSE
3538,1993,7421,DISTANT
3539,2329,2908,CLOSE
3540,4414,3742,CLOSE
3541,7211,5850,DISTANT
3542,8150,9763,DISTANT
3543,8597,129,CLOSE
3544,6769,4101,CLOSE
3545,2430,9334,CASUAL
3546,5077,7335,CASUAL
3547,6267,7723,DISTANT
3548,8853,93,CASUAL
3549,4021,1940,DISTANT
3550,3818,3489,CLOSE
3551,4547,6844,CLOSE
3552,1971,6430,CASUAL
3553,5980,7549,CASUAL
3554,9401,7651,DISTANT
3555,4052,4887,DISTANT
3556,3972,1439,DISTANT
3557,5704,4053,CLOSE
3558,9713,9916,CASUAL
3559,3970,9758,DISTANT
3560,507,186,CLOSE
3561,5268,2982,CASUAL
3562,1339,3184,CLOSE
3563,3638,6012,DISTANT
3564,8925,4723,CASUAL
3565,9991,4099,CLOSE
3566,3695,4916,DISTANT
3567,8203,6744,CASUAL
3568,7264,4189,CLOSE
3569,6551,7529,CLOSE
3570,7295,210,CLOSE
3571,8507,5963,CLOSE
3572,6881,6816,CLOSE
3573,4604,587,DISTANT
3574,594,5497,CLOSE
3575,6724,1302,CLOSE
3576,8833,1494,CLOSE
3577,4695,8565,CLOSE
3578,6274,5318,DISTANT
3579,5896,5026,DISTANT
3580,61,2466,CASUAL
3581,1170,1576,DISTANT
3582,4516,7257,DISTANT
3583,8732,9270,CLOSE
3584,1233,1520,CLOSE
3585,5201,9600,DISTANT
3586,5377,4833,CASUAL
3587,3019,4047,CASUAL
3588,4996,7066,DISTANT
3589,2553,206,CASUAL
3590,1893,1837,CLOSE
3591,6155,2362,CLOSE
3592,4613,2976,CLOSE
3593,9342,4976,DISTANT
3594,5777,8542,CLOSE
3595,8293,8476,CLOSE
3596,5911,8135,CASUAL
3597,2738,8467,DISTANT
3598,4871,4569,CASUAL
3599,6064,8780,CASUAL
3600,2286,5309,CLOSE
3601,9694,397,CASUAL
3602,4770,7530,CASUAL
3603,5629,8668,DISTANT
3604,7204,4245,CLOSE
3605,944,4319,CASUAL
3606,497,848,CASUAL
3607,2182,6832,DISTANT
3608,5539,4072,CLOSE
3609,4175,5650,CLOSE
3610,7477,5373,CLOSE
3611,3024,6139,CLOSE
3612,9462,3188,CASUAL
3613,6869,7152,CASUAL
3614,7367,5324,CASUAL
3615,530,9063,DISTANT
3616,2851,3800,DISTANT
3617,1445,5729,CLOSE
3618,5723,6961,CLOSE
3619,7284,9900,CLOSE
3620,2709,7969,DISTANT
3621,5746,7027,CASUAL
3622,7309,2130,DISTANT
3623,8806,3285,DISTANT
3624,9619,8684,CASUAL
3625,9643,9181,DISTANT
3626,7627,8509,DISTANT
3627,7409,8958,DISTANT
3628,2468,5487,DISTANT
3629,2085,9857,CASUAL
3630,2799,2104,DISTANT
3631,9847,5816,CLOSE
3632,9506,3752,DISTANT
3633,8221,8327,DISTANT
3634,6181,483,CLOSE
3635,937,2868,DISTANT
3636,4187,1154,CLOSE
3637,8976,421,CLOSE
3638,1094,2251,CLOSE
3639,5644,7967,DISTANT
3640,6218,6108,CASUAL
3641,4793,4837,CASUAL
3642,5117,1359,DISTANT
3643,7987,5979,CLOSE
3644,9439,8371,CASUAL
3645,1724,3956,DISTANT
3646,5018,6524,CLOSE
3647,9330,856,CASUAL
3648,3913,6934,DISTANT
3649,5894,2333,DISTANT
3650,3881,9868,CASUAL
3651,3758,7393,CASUAL
3652,1785,6055,CASUAL
3653,309,3514,CASUAL
3654,5449,7021,CASUAL
3655,2001,8011,CASUAL
3656,6683,2533,CASUAL
3657,3464,2216,CASUAL
3658,4897,5091,CLOSE
3659,2382,936,CLOSE
3660,1246,2888,CLOSE
3661,1279,4234,CLOSE
3662,8340,812,DISTANT
3663,8947,5966,CASUAL
3664,966,1934,DISTANT
3665,2096,7815,CLOSE
3666,4828,902,CASUAL
3667,7268,8935,DISTANT
3668,1354,2959,CASUAL
3669,6879,462,DISTANT
3670,765,3156,CLOSE
3671,8103,3046,CASUAL
3672,5189,6753,DISTANT
3673,1553,8257,DISTANT
3674,9823,5483,CASUAL
3675,7831,6646,DISTANT
3676,7374,7598,DISTANT
3677,3781,4350,CLOSE
3678,6216,224,DISTANT
3679,2293,6121,DISTANT
3680,5409,5578,DISTANT
3681,2822,500,CLOSE
3682,7780,3396,CASUAL
3683,5788,3928,CASUAL
3684,3575,1188,CLOSE
3685,1766,8604,CLOSE
3686,2912,7528,CASUAL
3687,5392,7680,CLOSE
3688,2316,1162,DISTANT
3689,2044,8474,CLOSE
3690,5086,1020,DISTANT
3691,172,2532,CLOSE
3692,8820,8890,CLOSE
3693,7471,3307,CLOSE
3694,2213,1369,CLOSE
3695,7147,2827,CLOSE
3696,9478,5882,DISTANT
3697,7954,6421,CLOSE
3698,6731,9338,CLOSE
3699,8920,7587,CASUAL
3700,6739,9807,DISTANT
3701,4022,4068,CLOSE
3702,8689,4269,CASUAL
3703,1344,6747,DISTANT
3704,1440,1565,CLOSE
3705,929,1768,DISTANT
3706,5534,652,DISTANT
3707,9524,8312,CLOSE
3708,6691,129,CLOSE
3709,5401,711,CLOSE
3710,6160,4177,CASUAL
3711,4973,4261,DISTANT
3712,4250,950,CLOSE
3713,4,3957,DISTANT
3714,3577,3180,CLOSE
3715,932,6731,CASUAL
3716,5973,8068,CASUAL
3717,9504,3237,CASUAL
3718,3149,6218,DISTANT
3719,1383,8718,CLOSE
3720,4609,791,CASUAL
3721,6109,3796,CASUAL
3722,5835,3044,DISTANT
3723,9393,9928,DISTANT
3724,621,7657,DISTANT
3725,2519,8180,CASUAL
3726,1220,5315,CASUAL
3727,9444,8606,DISTANT
3728,6755,7586,CLOSE
3729,7114,6604,CASUAL
3730,6154,2274,CLOSE
3731,34,9204,CASUAL
3732,1070,6437,CASUAL
3733,3040,112,DISTANT
3734,6801,6991,DISTANT
3735,7085,607,CASUAL
3736,1334,5222,CLOSE
3737,2927,6150,DISTANT
3738,3413,7488,DISTANT
3739,318,3883,DISTANT
3740,9775,340,DISTANT
3741,27,2607,CASUAL
3742,6203,5049,DISTANT
3743,8678,5110,CASUAL
3744,4296,5822,CLOSE
3745,1830,6949,DISTANT
3746,2502,5927,CASUAL
3747,4243,2938,CLOSE
3748,8386,2763,CLOSE
3749,7305,6046,CLOSE
3750,7413,5997,DISTANT
3751,6790,510,CASUAL
3752,4383,7569,CASUAL
3753,720,4509,CLOSE
3754,4326,8260,CLOSE
3755,7373,8004,CASUAL
3756,1216,4378,DISTANT
3757,3938,5191,DISTANT
3758,7856,9699,CASUAL
3759,2381,978,CLOSE
3760,3477,4388,CASUAL
3761,8451,8877,CASUAL
3762,5794,6551,CLOSE
3763,9304,9032,CASUAL
3764,3220,9265,DISTANT
3765,4473,8907,CASUAL
3766,6118,1872,CLOSE
3767,4378,8842,CLOSE
3768,9922,2724,CASUAL
3769,4606,2153,CLOSE
3770,9994,4021,CASUAL
3771,3913,3293,DISTANT
3772,2300,7237,DISTANT
3773,7316,2346,DISTANT
3774,6517,9863,DISTANT
3775,8975,3906,DISTANT
3776,178,9351,CASUAL
3777,7385,7782,CLOSE
3778,7208,2116,CLOSE
3779,2597,7542,CASUAL
3780,2583,9283,DISTANT
3781,9190,893,CASUAL
3782,230,1920,DISTANT
3783,5891,8076,CASUAL
3784,9590,119,CLOSE
3785,846,4447,DISTANT
3786,9854,8207,CLOSE
3787,7921,8238,CLOSE
3788,5269,2954,DISTANT
3789,6964,6348,CASUAL
3790,6780,7057,DISTANT
3791,3018,2488,CASUAL
3792,5551,6675,CLOSE
3793,9926,1435,CLOSE
3794,2225,279,CASUAL
3795,3197,6139,CLOSE
3796,4096,8873,CLOSE
3797,9301,8306,CLOSE
3798,9694,6272,CLOSE
3799,8647,7110,DISTANT
3800,3061,4869,CLOSE
3801,4460,888,CASUAL
3802,3459,5564,DISTANT
3803,2964,6667,CLOSE
3804,7379,8977,CLOSE
3805,6888,3211,CASUAL
3806,8270,9721,CLOSE
3807,2561,8105,CASUAL
3808,5071,5028,DISTANT
3809,4170,3202,CLOSE
3810,4924,903,CASUAL
3811,1841,9699,CLOSE
3812,647,3032,DISTANT
3813,3786,8425,DISTANT
3814,2182,2322,CLOSE
3815,6641,7124,CASUAL
3816,4934,2456,CASUAL
3817,1934,3441,DISTANT
3818,7954,1497,CASUAL
3819,9443,398,CLOSE
3820,5596,1331,DISTANT
3821,9172,8041,DISTANT
3822,3228,5679,CLOSE
3823,9696,6077,CASUAL
3824,4871,822,CLOSE
3825,2160,1033,CLOSE
3826,6043,5988,CLOSE
3827,7275,1715,CLOSE
3828,9022,8881,CLOSE
3829,383,7895,CLOSE
3830,1746,3578,CLOSE
3831,1865,9977,DISTANT
3832,7796,6090,CASUAL
3833,7367,8560,CASUAL
3834,5183,1200,DISTANT
3835,1183,7980,DISTANT
3836,3409,5413,CLOSE
3837,4951,1541,DISTANT
3838,9168,6679,CLOSE
3839,7655,5236,DISTANT
3840,873,2498,CASUAL
3841,2665,437,CASUAL
3842,3199,9079,CASUAL
3843,9088,9265,DISTANT
3844,9611,6384,DISTANT
3845,4369,4173,CLOSE
3846,3991,4030,CASUAL
3847,7558,2749,DISTANT
3848,3354,494,CASUAL
3849,9530,3782,CASUAL
3850,4125,1673,DISTANT
3851,2677,7304,CLOSE
3852,5955,643,DISTANT
3853,8746,4868,DISTANT
3854,3429,4460,CASUAL
3855,1521,4753,CASUAL
3856,6712,2615,DISTANT
3857,3016,2674,DISTANT
3858,2277,5996,CLOSE
3859,120,3015,CLOSE
3860,1328,6439,CASUAL
3861,7084,7981,DISTANT
3862,5949,961,CASUAL
3863,3463,4158,CLOSE
3864,7637,8789,CLOSE
3865,2306,8765,CASUAL
3866,6324,795,DISTANT
3867,7816,5378,CASUAL
3868,6500,7348,DISTANT
3869,2445,2358,CLOSE
3870,4541,3928,CASUAL
3871,265,3755,CASUAL
3872,9972,2569,CASUAL
3873,9742,212,CASUAL
3874,3596,1157,CLOSE
3875,9615,4883,CASUAL
3876,412,12,DISTANT
3877,6706,4917,CLOSE
3878,6005,8222,DISTANT
3879,8104,2754,DISTANT
3880,1259,2820,CASUAL
3881,9491,7952,DISTANT
3882,4830,4176,CLOSE
3883,6748,2887,DISTANT
3884,612,5867,CASUAL
3885,3772,7859,DISTANT
3886,3101,3714,DISTANT
3887,3829,6065,CLOSE
3888,9819,3800,DISTANT
3889,8627,4412,CLOSE
3890,588,8794,CLOSE
3891,3294,2230,CLOSE
3892,2133,6788,CASUAL
3893,2398,1658,DISTANT
3894,2447,8731,DISTANT
3895,1250,731,CASUAL
3896,56,5061,DISTANT
3897,7619,6512,CASUAL
3898,2454,3013,CLOSE
3899,535,9322,CASUAL
3900,1807,8749,DISTANT
3901,5859,898,CASUAL
3902,7568,1214,CASUAL
3903,3747,3053,DISTANT
3904,8003,7420,DISTANT
3905,3481,5236,CASUAL
3906,3258,2367,DISTANT
3907,4593,8710,CASUAL
3908,8590,7178,CASUAL
3909,15,4272,CASUAL
3910,7607,9790,CLOSE
3911,1223,5828,CASUAL
3912,2168,2127,DISTANT
3913,1554,9265,CLOSE
3914,8111,457,CASUAL
3915,4554,2235,CASUAL
3916,521,8237,CLOSE
3917,8604,2758,CASUAL
3918,6843,7413,CLOSE
3919,6625,6351,CASUAL
3920,8215,7150,DISTANT
3921,5824,8058,CASUAL
3922,5536,30,DISTANT
3923,3387,4960,CLOSE
3924,689,4209,DISTANT
3925,1645,8219,CASUAL
3926,9288,2712,CASUAL
3927,913,8661,CLOSE
3928,786,606,CLOSE
3929,4971,1147,DISTANT
3930,4983,7995,CLOSE
3931,2478,9884,CLOSE
3932,5369,2495,CASUAL
3933,6613,4681,CASUAL
3934,9008,9121,CLOSE
3935,5645,5656,DISTANT
3936,2483,7061,CASUAL
3937,5623,1129,CLOSE
3938,8134,8324,DISTANT
3939,9332,3981,DISTANT
3940,7479,522,CASUAL
3941,5114,1142,DISTANT
3942,1206,2402,DISTANT
3943,4796,6425,CLOSE
3944,2539,8677,DISTANT
3945,1760,8977,CLOSE
3946,8337,9624,CLOSE
3947,3439,4975,DISTANT
3948,6462,9479,CLOSE
3949,4393,2712,CASUAL
3950,8510,1625,DISTANT
3951,9591,5455,CLOSE
3952,3343,7047,CASUAL
3953,2874,5334,CASUAL
3954,6916,1259,CASUAL
3955,2075,5904,CLOSE
3956,6759,8950,CASUAL
3957,615,5509,DISTANT
3958,8379,3452,CASUAL
3959,6554,1796,CASUAL
3960,2779,2493,CLOSE
3961,4197,7787,DISTANT
3962,4870,416,CLOSE
3963,3025,6562,DISTANT
3964,5901,1088,DISTANT
3965,9670,4000,CLOSE
3966,1738,4966,DISTANT
3967,5528,7969,CLOSE
3968,4211,7196,CASUAL
3969,2833,905,CLOSE
3970,3318,9319,CASUAL
3971,8806,8721,CASUAL
3972,4990,9341,CASUAL
3973,952,3611,CASUAL
3974,2868,5291,CLOSE
3975,10,8453,CASUAL
3976,462,5074,DISTANT
3977,7846,849,DISTANT
3978,6181,6865,DISTANT
3979,2364,8655,DISTANT
3980,2655,7324,CLOSE
3981,363,3687,CLOSE
3982,1480,8430,DISTANT
3983,761,9594,DISTANT
3984,2972,4429,DISTANT
3985,3891,3292,DISTANT
3986,7581,3184,CLOSE
3987,3611,8221,DISTANT
3988,4342,7295,CLOSE
3989,5955,5119,DISTANT
3990,6964,3692,CLOSE
3991,8434,6867,CASUAL
3992,9007,2727,CASUAL
3993,9974,8613,CASUAL
3994,7912,9660,CLOSE
3995,3984,996,CASUAL
3996,6216,5251,CASUAL
3997,2239,1786,CASUAL
3998,4926,4470,CLOSE
3999,6693,2820,DISTANT
4000,7563,9064,DISTANT
4001,9371,5542,CLOSE
4002,8026,5469,CASUAL
4003,8929,6452,DISTANT
4004,6205,3350,CASUAL
4005,1019,141,DISTANT
4006,5825,4479,DISTANT
4007,9572,3946,DISTANT
4008,9356,903,DISTANT
4009,580,3802,DISTANT
4010,2303,1896,CLOSE
4011,2794,5427,CASUAL
4012,8420,8018,CASUAL
4013,22,6483,DISTANT
4014,9189,9362,CASUAL
4015,4983,1762,CLOSE
4016,1692,3809,DISTANT
4017,5677,3773,DISTANT
4018,3865,1939,DISTANT
4019,3131,7008,CASUAL
4020,5694,9359,CLOSE
4021,4823,4779,CLOSE
4022,2913,9074,CLOSE
4023,6501,2842,DISTANT
4024,7516,7203,CLOSE
4025,3631,2755,DISTANT
4026,4788,5633,CASUAL
4027,610,7681,DISTANT
4028,903,5203,CLOSE
4029,7859,1487,CLOSE
4030,2841,9689,CASUAL
4031,6314,1148,CLOSE
4032,7785,6373,DISTANT
4033,4988,5816,CLOSE
4034,1984,1845,DISTANT
4035,426,3310,CLOSE
4036,4265,1550,CLOSE
4037,7027,3879,DISTANT
4038,4777,1571,CLOSE
4039,6268,7726,CASUAL
4040,6944,3432,CASUAL
4041,9703,5672,DISTANT
4042,5791,2236,CLOSE
4043,1037,8528,DISTANT
4044,5161,4966,CLOSE
4045,3398,8688,DISTANT
4046,1632,1725,CASUAL
4047,2077,7271,DISTANT
4048,8390,7261,DISTANT
4049,3625,5913,DISTANT
4050,1993,805,CLOSE
4051,5082,1169,CASUAL
4052,7220,7197,DISTANT
4053,3482,8195,DISTANT
4054,8544,311,CASUAL
4055,985,3643,CASUAL
4056,4520,4879,CASUAL
4057,1423,9542,DISTANT
4058,314,26,CASUAL
4059,8325,9138,DISTANT
4060,8582,9593,DISTANT
4061,2140,3233,CASUAL
4062,9132,772,CLOSE
4063,4768,9585,DISTANT
4064,2885,5735,CLOSE
4065,865,5029,CLOSE
4066,2522,8491,CLOSE
4067,7996,5228,CLOSE
4068,8919,2583,CLOSE
4069,1120,4789,DISTANT
4070,7565,9318,CASUAL
4071,4603,3671,CLOSE
4072,1566,7176,DISTANT
4073,3788,3599,CLOSE
4074,5538,7727,CASUAL
4075,9151,6270,CLOSE
4076,5325,6815,CLOSE
4077,8414,33,DISTANT
4078,7445,4329,CLOSE
4079,5308,3478,CLOSE
4080,7452,3740,CLOSE
4081,7208,1896,CASUAL
4082,5767,7534,CASUAL
4083,5057,2041,CLOSE
4084,1569,7427,DISTANT
4085,720,7910,CASUAL
4086,7459,6677,CLOSE
4087,4010,4634,CLOSE
4088,1218,6068,CLOSE
4089,7493,7345,CASUAL
4090,1515,2687,DISTANT
4091,8045,6474,CASUAL
4092,5952,4905,CLOSE
4093,5008,9840,CASUAL
4094,3102,4734,DISTANT
4095,2381,4824,CLOSE
4096,4103,7859,DISTANT
4097,4484,6650,CASUAL
4098,3624,9628,CLOSE
4099,4342,5245,DISTANT
4100,3508,70,DISTANT
4101,5777,9370,CASUAL
4102,3906,2346,DISTANT
4103,5283,6384,CLOSE
4104,8365,5610,CASUAL
4105,9290,2577,DISTANT
4106,9387,7494,DISTANT
4107,9038,5879,CLOSE
4108,9756,8786,CLOSE
4109,2459,3709,CASUAL
4110,6682,4558,DISTANT
4111,9334,4516,CLOSE
4112,3683,8091,CASUAL
4113,1812,8572,CLOSE
4114,7790,6797,CASUAL
4115,8435,9204,DISTANT
4116,8174,1077,CLOSE
4117,3517,2731,CASUAL
4118,6897,5334,CASUAL
4119,1850,8845,CASUAL
4120,2121,6963,DISTANT
4121,5237,9449,CASUAL
4122,886,9711,CLOSE
4123,9232,8139,CASUAL
4124,8903,2832,CLOSE
4125,954,1263,CASUAL
4126,7163,9882,CLOSE
4127,3843,8377,DISTANT
4128,7613,847,CASUAL
4129,1159,665,DISTANT
4130,2981,133,CLOSE
4131,8197,2842,DISTANT
4132,4053,6333,CLOSE
4133,684,9802,CASUAL
4134,259,2694,CASUAL
4135,2698,1215,CLOSE
4136,470,2236,CLOSE
4137,5317,368,DISTANT
4138,5306,1450,CLOSE
4139,5745,6145,CASUAL
4140,9392,2690,CASUAL
4141,5504,2228,CASUAL
4142,3567,7852,DISTANT
4143,4614,5272,CASUAL
4144,9544,1568,CLOSE
4145,9733,8797,DISTANT
4146,7740,2218,CLOSE
4147,8343,6203,CASUAL
4148,8868,6747,DISTANT
4149,8838,4344,CASUAL
4150,7481,9139,CASUAL
4151,1003,90,CLOSE
4152,4790,3508,DISTANT
4153,7482,7206,DISTANT
4154,3108,8818,DISTANT
4155,4746,2887,DISTANT
4156,7695,3889,CLOSE
4157,5402,448,DISTANT
4158,6948,3522,DISTANT
4159,4662,6916,DISTANT
4160,1256,5278,CASUAL
4161,6121,15,CLOSE
4162,9031,2224,CASUAL
4163,5543,2091,CLOSE
4164,9370,2455,DISTANT
4165,6009,5616,CLOSE
4166,7571,8439,DISTANT
4167,3627,6909,CLOSE
4168,9861,5742,CASUAL
4169,1736,9300,CASUAL
4170,7519,5154,CASUAL
4171,672,7326,CLOSE
4172,9677,7510,CASUAL
4173,3326,364,DISTANT
4174,8619,7240,CASUAL
4175,9522,7210,CASUAL
4176,8765,3359,DISTANT
4177,2441,79,CLOSE
4178,2054,1365,CASUAL
4179,9843,4344,CLOSE
4180,9117,6774,DISTANT
4181,3013,252,DISTANT
4182,3307,2860,CASUAL
4183,6618,6186,DISTANT
4184,5191,1336,CASUAL
4185,267,8396,CASUAL
4186,1621,3111,DISTANT
4187,7834,7097,CLOSE
4188,1432,2569,DISTANT
4189,1916,1566,CLOSE
4190,3341,8113,CASUAL
4191,6202,4540,CASUAL
4192,244,1795,CASUAL
4193,231,7155,DISTANT
4194,9409,7402,DISTANT
4195,9354,5606,DISTANT
4196,9033,6856,CLOSE
4197,3108,5277,CASUAL
4198,3539,9558,CLOSE
4199,3230,686,DISTANT
4200,6815,8916,DISTANT
4201,9021,5037,DISTANT
4202,6969,9551,CLOSE
4203,6152,4382,CASUAL
4204,916,8817,CASUAL
4205,8412,288,DISTANT
4206,1316,7678,CLOSE
4207,3733,5126,CLOSE
4208,4777,1982,CASUAL
4209,3802,1634,CASUAL
4210,7653,9414,CLOSE
4211,8103,4756,CASUAL
4212,6910,9660,CASUAL
4213,9672,2031,CLOSE
4214,9620,552,CLOSE
4215,9751,2228,CASUAL
4216,9694,9295,DISTANT
4217,3118,4103,CLOSE
4218,781,5666,DISTANT
4219,2526,9380,CASUAL
4220,6263,5451,DISTANT
4221,9706,9254,CASUAL
4222,1544,5160,DISTANT
4223,1323,3391,CASUAL
4224,5800,2903,DISTANT
4225,8956,6547,CASUAL
4226,4006,7253,CASUAL
4227,7809,9115,DISTANT
4228,4807,2560,CASUAL
4229,6111,7962,CASUAL
4230,8010,6525,CLOSE
4231,6312,8476,CASUAL
4232,377,4257,CASUAL
4233,6968,1257,CLOSE
4234,2167,8718,CLOSE
4235,2586,8932,CLOSE
4236,7622,7806,CASUAL
4237,4006,4413,CASUAL
4238,3301,2918,CLOSE
4239,707,865,DISTANT
4240,290,1560,CASUAL
4241,1960,9487,DISTANT
4242,2899,5423,CLOSE
4243,8810,7441,CLOSE
4244,612,6563,CASUAL
4245,7879,6826,CASUAL
4246,1650,1807,CASUAL
4247,1844,4313,CLOSE
4248,734,5014,CASUAL
4249,2297,1306,DISTANT
4250,2889,8017,CLOSE
4251,8002,9770,CASUAL
4252,1000,8912,CLOSE
4253,2199,786,CLOSE
4254,4186,7411,CASUAL
4255,4112,1811,CLOSE
4256,6442,6807,CLOSE
4257,1148,6005,CLOSE
4258,3629,5861,CASUAL
4259,4091,1963,DISTANT
4260,1724,8999,CLOSE
4261,4709,5093,CASUAL
4262,4201,2937,CASUAL
4263,7625,7484,CLOSE
4264,1099,9403,CLOSE
4265,2379,280,DISTANT
4266,6746,9145,CLOSE
4267,7017,4030,CLOSE
4268,1669,4364,CASUAL
4269,5973,5827,CLOSE
4270,7114,8638,DISTANT
4271,5062,1478,CASUAL
4272,3769,4923,CLOSE
4273,9931,9527,CASUAL
4274,1107,7666,DISTANT
4275,4526,1615,DISTANT
4276,7536,3757,CASUAL
4277,8941,786,CASUAL
4278,8197,2223,DISTANT
4279,7595,3616,CASUAL
4280,9367,3384,CASUAL
4281,8557,1520,DISTANT
4282,4211,6230,CLOSE
4283,1815,7755,CASUAL
4284,5297,3743,DISTANT
4285,2908,2123,CASUAL
4286,9124,9639,CASUAL
4287,6212,6496,CASUAL
4288,1292,7922,DISTANT
4289,8227,2561,DISTANT
4290,4540,2352,CLOSE
4291,6015,9074,CLOSE
4292,2918,9137,DISTANT
4293,3593,4415,CLOSE
4294,1665,7982,DISTANT
4295,2330,7026,CLOSE
4296,2569,1650,CASUAL
4297,881,416,DISTANT
4298,5703,4391,CLOSE
4299,3476,1965,CASUAL
4300,6130,2903,CLOSE
4301,9000,517,CLOSE
4302,2069,7497,DISTANT
4303,360,8204,CASUAL
4304,1677,6002,CLOSE
4305,6946,6667,CLOSE
4306,8263,1737,DISTANT
4307,1623,1675,CASUAL
4308,2322,1182,CLOSE
4309,8550,6609,CASUAL
4310,9825,3554,CLOSE
4311,6500,5249,CLOSE
4312,9979,1888,DISTANT
4313,726,2043,CASUAL
4314,5336,684,CLOSE
4315,8629,170,CASUAL
4316,4905,7113,CASUAL
4317,3535,8062,CASUAL
4318,2424,3086,CLOSE
4319,9183,8362,CLOSE
4320,5341,6177,DISTANT
4321,3926,8659,CASUAL
4322,5564,8181,CLOSE
4323,3749,7869,CASUAL
4324,1050,6625,CASUAL
4325,6241,9035,CLOSE
4326,6784,9825,CLOSE
4327,2457,6279,CASUAL
4328,6728,8143,CLOSE
4329,1110,6371,DISTANT
4330,8191,164,CLOSE
4331,186,3335,CLOSE
4332,2094,8902,DISTANT
4333,9775,234,CLOSE
4334,6245,7774,CASUAL
4335,3329,6914,CASUAL
4336,6998,5761,DISTANT
4337,7026,9011,CASUAL
4338,1674,9573,CLOSE
4339,15,6115,CASUAL
4340,5005,1200,CASUAL
4341,5860,6807,CASUAL
4342,7381,2645,DISTANT
4343,4466,7127,CASUAL
4344,8997,6725,DISTANT
4345,7628,1836,DISTANT
4346,405,9747,CASUAL
4347,5216,2100,CLOSE
4348,3380,3071,CASUAL
4349,355,4757,CASUAL
4350,560,9335,CASUAL
4351,1542,8023,DISTANT
4352,1128,2570,CASUAL
4353,5901,5060,DISTANT
4354,2999,540,CASUAL
4355,368,732,CASUAL
4356,4485,5870,CLOSE
4357,1994,2326,CLOSE
4358,4632,9053,CLOSE
4359,44,8229,CLOSE
4360,7550,595,CASUAL
4361,7443,1509,DISTANT
4362,2130,486,CASUAL
4363,3403,5419,DISTANT
4364,5777,8195,CLOSE
4365,7195,5814,CLOSE
4366,4488,4691,CLOSE
4367,2212,9551,CLOSE
4368,1395,7518,DISTANT
4369,1944,4849,CLOSE
4370,4329,2767,CLOSE
4371,6165,2550,CASUAL
4372,5000,8538,CLOSE
4373,2784,9513,CLOSE
4374,43,3218,DISTANT
4375,1421,3492,CASUAL
4376,4873,6137,DISTANT
4377,2178,8096,DISTANT
4378,8504,3860,DISTANT
4379,6681,3641,CLOSE
4380,9173,7836,DISTANT
4381,2091,1254,DISTANT
4382,7070,2200,CLOSE
4383,1629,1164,DISTANT
4384,6531,1578,CLOSE
4385,9733,5935,DISTANT
4386,930,1135,CASUAL
4387,6190,6142,DISTANT
4388,8219,2784,DISTANT
4389,6021,1258,CLOSE
4390,7370,5492,DISTANT
4391,9731,6179,CLOSE
4392,5030,4422,DISTANT
4393,9588,62,CASUAL
4394,6330,362,CASUAL
4395,9565,5195,CLOSE
4396,1257,4247,CASUAL
4397,5644,470,DISTANT
4398,5941,6982,CASUAL
4399,667,578,CLOSE
4400,1427,4252,CLOSE
4401,433,3044,CASUAL
4402,2492,121,CASUAL
4403,9227,6230,CASUAL
4404,2430,8756,DISTANT
4405,5136,8115,CLOSE
4406,2803,3821,DISTANT
4407,2034,35,DISTANT
4408,795,9620,CLOSE
4409,5242,9421,DISTANT
4410,9413,2583,CLOSE
4411,9256,3515,CASUAL
4412,6034,6028,CASUAL
4413,4794,7473,CASUAL
4414,8226,8714,CASUAL
4415,7410,6990,DISTANT
4416,3572,7627,CASUAL
4417,6188,8173,CLOSE
4418,6541,5119,CASUAL
4419,906,8845,CASUAL
4420,8465,5656,CASUAL
4421,8814,7786,DISTANT
4422,3412,1827,DISTANT
4423,4366,4310,DISTANT
4424,2363,6553,DISTANT
4425,7755,4595,DISTANT
4426,9084,5980,CASUAL
4427,1075,573,CASUAL
4428,859,8112,CASUAL
4429,8339,9681,CLOSE
4430,5739,8223,DISTANT
4431,4568,5374,DISTANT
4432,8479,6555,DISTANT
4433,9601,7175,DISTANT
4434,8215,2264,CASUAL
4435,1177,865,CLOSE
4436,4772,4207,CLOSE
4437,6389,3967,DISTANT
4438,2146,4470,CLOSE
4439,8541,8442,CASUAL
4440,7222,9317,CLOSE
4441,9388,3381,CASUAL
4442,3762,5504,CASUAL
4443,2029,2300,CLOSE
4444,6788,6558,CASUAL
4445,2369,349,DISTANT
4446,511,767,CLOSE
4447,9927,9587,CLOSE
4448,3845,7270,CASUAL
4449,8338,6107,CASUAL
4450,8937,2993,CLOSE
4451,1645,5713,DISTANT
4452,2801,3042,CASUAL
4453,6318,1070,CLOSE
4454,3150,6139,DISTANT
4455,5429,561,CLOSE
4456,4133,125,DISTANT
4457,7493,6354,DISTANT
4458,6634,6350,CASUAL
4459,2891,5423,DISTANT
4460,15,3631,CLOSE
4461,6555,1864,DISTANT
4462,8575,9745,CLOSE
4463,8487,5245,CLOSE
4464,5094,5892,CLOSE
4465,4170,1302,CASUAL
4466,8765,5065,CASUAL
4467,2773,2255,DISTANT
4468,8340,5864,CASUAL
4469,2103,5742,DISTANT
4470,3622,6430,CASUAL
4471,5952,7357,DISTANT
4472,595,5671,DISTANT
4473,262,1782,CASUAL
4474,908,7514,CLOSE
4475,3369,2097,DISTANT
4476,1799,3903,DISTANT
4477,4253,4958,CLOSE
4478,491,4848,CLOSE
4479,8417,1326,CASUAL
4480,9428,7802,CLOSE
4481,7000,3183,CLOSE
4482,6004,4836,DISTANT
4483,8626,896,DISTANT
4484,1923,9198,CASUAL
4485,8408,5094,DISTANT
4486,1484,1690,DISTANT
4487,1070,9763,DISTANT
4488,3050,2493,DISTANT
4489,6119,2613,DISTANT
4490,7628,3245,CASUAL
4491,8553,805,CLOSE
4492,9183,1370,CLOSE
4493,289,6150,DISTANT
4494,7276,9811,DISTANT
4495,1664,6168,DISTANT
4496,6679,6896,CASUAL
4497,2708,2723,DISTANT
4498,9265,6238,DISTANT
4499,6208,3789,DISTANT
4500,3914,8313,CLOSE
4501,9870,6283,CLOSE
4502,8246,8450,CLOSE
4503,4017,4902,CASUAL
4504,9943,7503,CLOSE
4505,5824,9959,CLOSE
4506,9970,1808,CLOSE
4507,3987,1654,CLOSE
4508,2668,1519,DISTANT
4509,5179,8128,CASUAL
4510,320,7030,CASUAL
4511,6043,366,CASUAL
4512,33,5011,DISTANT
4513,9715,3941,CLOSE
4514,6424,2346,CASUAL
4515,3811,5391,CLOSE
4516,1260,6411,CLOSE
4517,2364,8647,DISTANT
4518,1947,450,DISTANT
4519,9082,1768,DISTANT
4520,9724,7197,CASUAL
4521,6310,4270,DISTANT
4522,6020,2148,CASUAL
4523,4614,5262,CASUAL
4524,3870,5771,DISTANT
4525,5033,7675,CASUAL
4526,6446,3427,DISTANT
4527,395,8228,CLOSE
4528,1592,7243,CLOSE
4529,5641,9791,DISTANT
4530,4170,2575,CASUAL
4531,4697,4027,DISTANT
4532,8762,3140,CLOSE
4533,1888,3145,CLOSE
4534,6073,9084,CLOSE
4535,1907,1648,DISTANT
4536,1291,2564,CLOSE
4537,557,5786,CLOSE
4538,4827,5507,DISTANT
4539,8741,7052,CLOSE
4540,1568,4599,CASUAL
4541,1582,7515,CASUAL
4542,4690,8142,DISTANT
4543,2663,6858,DISTANT
4544,9817,3997,DISTANT
4545,5566,4815,CLOSE
4546,9413,2347,CASUAL
4547,3872,5226,CLOSE
4548,8484,7083,DISTANT
4549,6168,8345,CLOSE
4550,1488,1800,CLOSE
4551,4259,7499,CLOSE
4552,2926,6215,CASUAL
4553,1426,518,CASUAL
4554,3639,6884,DISTANT
4555,8919,3152,DISTANT
4556,2299,407,DISTANT
4557,6453,8362,CLOSE
4558,3520,724,CLOSE
4559,4176,3930,CASUAL
4560,8748,4093,DISTANT
4561,3895,9441,CASUAL
4562,8660,8406,DISTANT
4563,3465,1880,CLOSE
4564,5862,3677,DISTANT
4565,5264,6161,DISTANT
4566,3265,7235,DISTANT
4567,3642,518,CASUAL
4568,3706,9023,CLOSE
4569,4861,1455,CLOSE
4570,2377,6590,CLOSE
4571,3969,8743,CASUAL
4572,4175,7592,DISTANT
4573,5942,2179,CASUAL
4574,1174,4587,CASUAL
4575,7974,6905,CASUAL
4576,3430,1764,DISTANT
4577,6758,737,CASUAL
4578,2181,6739,CASUAL
4579,8413,5241,CLOSE
4580,1380,3123,DISTANT
4581,851,1412,DISTANT
4582,1919,908,CASUAL
4583,3122,6617,CLOSE
4584,831,9565,DISTANT
4585,5225,7677,CASUAL
4586,9213,9506,CLOSE
4587,1262,2047,CASUAL
4588,8805,4253,CASUAL
4589,8490,5172,CLOSE
4590,8637,3674,CASUAL
4591,8007,8099,DISTANT
4592,6685,6746,DISTANT
4593,224,8505,DISTANT
4594,6785,6795,DISTANT
4595,6943,6638,CASUAL
4596,5935,3857,CASUAL
4597,7619,7015,CLOSE
4598,9341,5521,CASUAL
4599,3335,7181,CASUAL
4600,159,4802,CLOSE
4601,5809,1954,CASUAL
4602,2986,668,DISTANT
4603,344,1612,CASUAL
4604,2377,3193,CASUAL
4605,129,7491,DISTANT
4606,7897,671,CASUAL
4607,4232,3728,CASUAL
4608,1894,2200,DISTANT
4609,1601,2306,CASUAL
4610,6709,6493,CASUAL
4611,2295,6321,CASUAL
4612,8628,5275,CLOSE
4613,2599,6301,CLOSE
4614,778,1012,DISTANT
4615,6189,4041,DISTANT
4616,7816,5698,CLOSE
4617,3243,3945,CASUAL
4618,1125,167,CASUAL
4619,8299,5349,CASUAL
4620,7127,689,CLOSE
4621,6175,1523,DISTANT
4622,7695,8470,DISTANT
4623,4254,7007,CLOSE
4624,1871,7216,CLOSE
4625,5823,5693,DISTANT
4626,5385,4914,CLOSE
4627,6618,3128,CASUAL
4628,2728,6942,CASUAL
4629,3757,2245,CASUAL
4630,3996,2650,CASUAL
4631,9640,4895,CASUAL
4632,7315,8482,CLOSE
4633,9861,9170,CLOSE
4634,7370,9965,CLOSE
4635,2642,6747,CASUAL
4636,5326,6537,CLOSE
4637,920,9079,CASUAL
4638,6748,3874,DISTANT
4639,9326,6176,CASUAL
4640,5172,9940,CLOSE
4641,1029,638,DISTANT
4642,2631,1654,CLOSE
4643,3933,4376,CLOSE
4644,8661,9452,DISTANT
4645,1680,116,CASUAL
4646,248,5166,CASUAL
4647,3642,9975,CASUAL
4648,2257,2932,DISTANT
4649,6157,9595,CASUAL
4650,4050,2114,CASUAL
4651,5668,2918,CLOSE
4652,8694,2051,CLOSE
4653,6250,7020,DISTANT
4654,9348,4641,CLOSE
4655,8432,8865,CASUAL
4656,8961,1866,CASUAL
4657,5003,7550,CLOSE
4658,4220,4931,CLOSE
4659,4572,6425,CASUAL
4660,3231,2218,DISTANT
4661,8951,6222,DISTANT
4662,279,2383,DISTANT
4663,9337,6469,CASUAL
4664,186,7139,CASUAL
4665,4552,4365,CLOSE
4666,9015,2540,CASUAL
4667,331,606,CASUAL
4668,1674,7030,CASUAL
4669,3227,8574,CASUAL
4670,7783,8776,CASUAL
4671,1317,4624,DISTANT
4672,5652,5635,DISTANT
4673,415,3938,DISTANT
4674,9125,8666,CASUAL
4675,8575,728,DISTANT
4676,3030,4687,CASUAL
4677,5485,1630,CASUAL
4678,8377,4976,CLOSE
4679,1729,1741,CLOSE
4680,8653,8909,CASUAL
4681,1653,8444,CLOSE
4682,9008,5825,DISTANT
4683,7022,1109,CASUAL
4684,7346,3451,DISTANT
4685,628,8524,CLOSE
4686,1390,4095,DISTANT
4687,5106,8707,CASUAL
4688,7563,3366,DISTANT
4689,7938,1867,DISTANT
4690,7002,328,CLOSE
4691,7491,9757,DISTANT
4692,1782,1907,CLOSE
4693,1254,3653,CLOSE
4694,2216,1562,DISTANT
4695,4535,7363,DISTANT
4696,8493,5258,DISTANT
4697,1299,8492,CASUAL
4698,4759,2314,CASUAL
4699,1291,3317,CLOSE
4700,7924,224,CLOSE
4701,7291,9304,CLOSE
4702,9393,2663,DISTANT
4703,3013,1787,CASUAL
4704,9410,4617,CLOSE
4705,1536,7336,CLOSE
4706,35,4106,CLOSE
4707,3752,3987,CLOSE
4708,9594,6690,DISTANT
4709,5853,2261,CLOSE
4710,5030,2071,CASUAL
4711,8728,5416,CASUAL
4712,2550,5137,DISTANT
4713,5094,5713,DISTANT
4714,7236,9783,CASUAL
4715,373,2354,CASUAL
4716,2467,3887,CLOSE
4717,8958,7927,CLOSE
4718,7098,4989,CLOSE
4719,7965,3,DISTANT
4720,8175,190,CASUAL
4721,8783,7697,CLOSE
4722,9013,4953,CLOSE
4723,4831,8427,CASUAL
4724,4524,4199,DISTANT
4725,9299,4679,CASUAL
4726,7131,1669,DISTANT
4727,819,8962,DISTANT
4728,1589,4833,CLOSE
4729,6655,1598,CASUAL
4730,5761,4177,CLOSE
4731,7150,6791,DISTANT
4732,1663,5574,DISTANT
4733,8202,7488,DISTANT
4734,5264,2941,CASUAL
4735,1732,4102,CASUAL
4736,4868,5027,CASUAL
4737,6651,6740,DISTANT
4738,9414,4122,CASUAL
4739,5654,1396,DISTANT
4740,4094,1663,CLOSE
4741,5934,8,DISTANT
4742,614,3808,CLOSE
4743,5502,2442,CASUAL
4744,6400,9359,CASUAL
4745,663,812,CLOSE
4746,2087,5965,CASUAL
4747,3954,9736,CLOSE
4748,6868,7341,CASUAL
4749,7479,9536,CLOSE
4750,1981,391,DISTANT
4751,6340,872,CLOSE
4752,8792,5794,CASUAL
4753,8490,9509,DISTANT
4754,647,9636,CASUAL
4755,3254,3197,CLOSE
4756,9530,2200,DISTANT
4757,4647,9288,DISTANT
4758,9942,7627,CASUAL
4759,1497,7261,CLOSE
4760,4732,5127,DISTANT
4761,6616,534,CASUAL
4762,2816,7770,DISTANT
4763,4614,1032,DISTANT
4764,7978,1077,CLOSE
4765,4228,6589,CLOSE
4766,1473,4310,CASUAL
4767,6412,2596,DISTANT
4768,9873,7439,DISTANT
4769,8190,1048,DISTANT
4770,2078,81,DISTANT
4771,5270,3079,DISTANT
4772,1795,6162,DISTANT
4773,2994,7350,CLOSE
4774,6559,4921,DISTANT
4775,4291,4890,CLOSE
4776,3773,3413,CASUAL
4777,8987,7453,CLOSE
4778,8409,5360,CASUAL
4779,2871,9968,CLOSE
4780,984,2242,DISTANT
4781,1767,4982,CLOSE
4782,2611,6766,CASUAL
4783,5436,9094,CASUAL
4784,2966,8070,DISTANT
4785,2615,9692,DISTANT
4786,559,721,CLOSE
4787,3668,3503,CASUAL
4788,6376,1422,CASUAL
4789,6749,520,CASUAL
4790,4805,6035,CASUAL
4791,6784,7271,CASUAL
4792,1145,6111,CASUAL
4793,7637,5634,CLOSE
4794,5590,7103,CLOSE
4795,5293,5635,DISTANT
4796,1855,2424,CLOSE
4797,5734,6677,CLOSE
4798,5788,8777,CASUAL
4799,5720,302,DISTANT
4800,8054,6027,DISTANT
4801,554,399,CASUAL
4802,2045,4538,DISTANT
4803,9775,1274,CASUAL
4804,186,4682,CLOSE
4805,9040,6469,CLOSE
4806,7339,4696,CASUAL
4807,6864,3704,CLOSE
4808,3820,4288,DISTANT
4809,3150,5070,DISTANT
4810,8068,4637,CASUAL
4811,1774,8352,DISTANT
4812,3961,9311,CASUAL
4813,2466,3663,CASUAL
4814,4144,4819,DISTANT
4815,7454,1944,DISTANT
4816,9470,1815,DISTANT
4817,1321,8275,CLOSE
4818,7348,7136,CLOSE
4819,7628,6240,CLOSE
4820,9901,7953,CASUAL
4821,4818,1286,DISTANT
4822,1590,9773,CLOSE
4823,9128,3094,CASUAL
4824,7835,9731,DISTANT
4825,1657,3824,DISTANT
4826,6724,881,DISTANT
4827,7665,4691,DISTANT
4828,5784,1522,CASUAL
4829,9784,9055,CASUAL
4830,5758,550,DISTANT
4831,5761,5693,CASUAL
4832,4859,2051,CASUAL
4833,9282,5409,CASUAL
4834,1868,9909,CLOSE
4835,5880,7475,CLOSE
4836,8684,6761,CASUAL
4837,7598,6596,CASUAL
4838,7090,7258,CLOSE
4839,7553,6125,CASUAL
4840,3078,7003,CLOSE
4841,9473,2530,CASUAL
4842,9586,2347,CLOSE
4843,8493,763,DISTANT
4844,3226,4490,CLOSE
4845,3032,7910,CASUAL
4846,7396,5528,CASUAL
4847,3957,1649,CLOSE
4848,9858,9331,CLOSE
4849,5573,9064,CLOSE
4850,117,400,DISTANT
4851,5795,1624,CLOSE
4852,2646,9064,CASUAL
4853,1212,3444,CASUAL
4854,4882,9906,CLOSE
4855,2710,2121,DISTANT
4856,5291,321,CLOSE
4857,7764,6655,CASUAL
4858,2468,5160,CASUAL
4859,9918,9204,DISTANT
4860,256,1786,DISTANT
4861,7666,9868,DISTANT
4862,1935,8230,CLOSE
4863,6652,3151,DISTANT
4864,8541,6945,CLOSE
4865,5442,1451,DISTANT
4866,5252,6459,CLOSE
4867,2551,6186,DISTANT
4868,2198,3516,DISTANT
4869,5503,8304,DISTANT
4870,5094,1154,CLOSE
4871,6124,2155,CLOSE
4872,4822,1352,CASUAL
4873,2088,7328,CLOSE
4874,1408,6386,CASUAL
4875,7064,5379,CASUAL
4876,149,381,CASUAL
4877,3246,5522,DISTANT
4878,8795,6002,DISTANT
4879,7616,5924,CASUAL
4880,3434,903,CLOSE
4881,1683,1938,CLOSE
4882,3257,8622,DISTANT
4883,1324,8828,CLOSE
4884,9564,2071,CASUAL
4885,3458,7316,CASUAL
4886,8926,969,CASUAL
4887,8667,7767,DISTANT
4888,6941,2890,CASUAL
4889,432,477,CASUAL
4890,8275,3874,DISTANT
4891,7302,737,DISTANT
4892,6099,3451,CASUAL
4893,2341,4329,CLOSE
4894,3836,605,DISTANT
4895,9657,3293,CASUAL
4896,3513,3194,CLOSE
4897,5157,2238,DISTANT
4898,2215,1860,CASUAL
4899,590,5712,DISTANT
4900,1015,8965,DISTANT
4901,2885,7227,DISTANT
4902,2172,4093,CLOSE
4903,9932,1112,CASUAL
4904,7856,2153,CASUAL
4905,9712,219,DISTANT
4906,1168,5527,DISTANT
4907,7389,506,DISTANT
4908,8629,7744,CASUAL
4909,6742,5527,CLOSE
4910,8022,1978,CLOSE
4911,6749,2204,CLOSE
4912,6826,9605,CLOSE
4913,5992,391,CASUAL
4914,6161,288,DISTANT
4915,1198,690,CLOSE
4916,7533,6998,DISTANT
4917,9535,3100,CLOSE
4918,361,7346,CLOSE
4919,2155,3176,DISTANT
4920,4973,2770,DISTANT
4921,2525,4435,DISTANT
4922,4624,6352,DISTANT
4923,1782,3432,CASUAL
4924,2244,2204,CASUAL
4925,9729,1271,DISTANT
4926,7397,9656,CLOSE
4927,802,1353,CLOSE
4928,1349,8314,CLOSE
4929,5943,9505,DISTANT
4930,6156,3506,CASUAL
4931,335,5567,CLOSE
4932,4244,5184,CLOSE
4933,6198,7867,CLOSE
4934,560,5137,CLOSE
4935,3740,1848,CASUAL
4936,2525,2334,DISTANT
4937,8951,1190,CASUAL
4938,2867,7464,CLOSE
4939,6480,3017,CLOSE
4940,5748,4939,CLOSE
4941,6952,2277,DISTANT
4942,5903,6489,CLOSE
4943,506,8855,DISTANT
4944,1976,580,CASUAL
4945,5088,9157,DISTANT
4946,7128,6547,DISTANT
4947,4024,282,DISTANT
4948,1288,4843,CLOSE
4949,328,8902,DISTANT
4950,3878,5108,CASUAL
4951,8634,2979,DISTANT
4952,5129,9630,DISTANT
4953,8173,9436,CLOSE
4954,5905,9506,CASUAL
4955,629,1083,CLOSE
4956,9838,8798,DISTANT
4957,180,4516,CASUAL
4958,5382,7581,CASUAL
4959,3085,3124,CLOSE
4960,3983,6444,CASUAL
4961,1543,8375,CASUAL
4962,7140,5010,CLOSE
4963,9911,5047,DISTANT
4964,48,4377,CLOSE
4965,7639,266,CASUAL
4966,792,5820,CLOSE
4967,1148,8184,CASUAL
4968,7648,8194,DISTANT
4969,7536,7039,CLOSE
4970,7424,3648,CLOSE
4971,8563,2311,CASUAL
4972,4130,1402,CLOSE
4973,8128,4542,DISTANT
4974,4126,7977,CLOSE
4975,9614,269,CLOSE
4976,5729,2400,CLOSE
4977,3368,969,CLOSE
4978,4919,1084,DISTANT
4979,2040,6514,DISTANT
4980,5317,1126,CASUAL
4981,3015,4779,CASUAL
4982,5458,5063,CASUAL
4983,2503,8999,CLOSE
4984,4813,6437,CLOSE
4985,6679,564,CASUAL
4986,3723,2859,CASUAL
4987,7169,197,CLOSE
4988,4575,1643,CLOSE
4989,4577,3360,CASUAL
4990,2246,1090,DISTANT
4991,7790,3336,CASUAL
4992,9633,1251,DISTANT
4993,5263,3041,DISTANT
4994,6686,3899,CASUAL
4995,8776,1509,DISTANT
4996,5070,8065,DISTANT
4997,4238,9836,CLOSE
4998,3685,22,CASUAL
4999,3999,5341,CLOSE
5000,6098,4953,CLOSE
5001,5188,9036,DISTANT
5002,6671,9764,DISTANT
5003,5132,137,CASUAL
5004,591,8503,CLOSE
5005,531,9257,DISTANT
5006,2370,1265,CASUAL
5007,7135,2710,CLOSE
5008,3556,3953,DISTANT
5009,4661,4451,CASUAL
5010,1978,6754,CASUAL
5011,7381,4985,CASUAL
5012,124,8193,CASUAL
5013,2260,2915,CLOSE
5014,5247,7607,DISTANT
5015,4657,3602,DISTANT
5016,5304,9691,CASUAL
5017,4203,7024,CASUAL
5018,5349,4243,CASUAL
5019,9594,2996,CLOSE
5020,692,6937,CASUAL
5021,1727,2387,DISTANT
5022,6140,3083,CASUAL
5023,2097,8630,CLOSE
5024,2003,1972,DISTANT
5025,6605,9586,CASUAL
5026,7696,4130,CLOSE
5027,2063,7631,CLOSE
5028,1224,1452,CASUAL
5029,8333,3620,DISTANT
5030,3930,9252,CLOSE
5031,4758,4539,CLOSE
5032,9494,6072,DISTANT
5033,1004,8665,CLOSE
5034,524,6487,CASUAL
5035,4261,8633,DISTANT
5036,9374,519,DISTANT
5037,2284,1610,CLOSE
5038,3013,4818,CASUAL
5039,5936,6011,DISTANT
5040,7870,5845,CASUAL
5041,2848,8787,CLOSE
5042,438,6962,CASUAL
5043,5181,7684,DISTANT
5044,1383,4898,DISTANT
5045,4689,6762,CLOSE
5046,7616,7916,CLOSE
5047,3732,8506,CASUAL
5048,8689,4815,CASUAL
5049,9222,3890,CASUAL
5050,2215,5744,DISTANT
5051,3316,6371,CLOSE
5052,5176,6673,CLOSE
5053,4971,5026,CASUAL
5054,2737,4682,CLOSE
5055,7139,1704,CLOSE
5056,8004,394,CLOSE
5057,7906,9403,CLOSE
5058,9307,2838,CASUAL
5059,8881,2022,CASUAL
5060,8741,4417,DISTANT
5061,3309,6551,CLOSE
5062,8111,5200,CASUAL
5063,2398,5919,CASUAL
5064,6639,1105,CASUAL
5065,1967,5481,CASUAL
5066,6021,4255,DISTANT
5067,5990,2257,DISTANT
5068,477,2526,CASUAL
5069,7304,8716,CASUAL
5070,2254,5042,CLOSE
5071,9008,6505,CASUAL
5072,5691,4105,CASUAL
5073,5757,6864,CLOSE
5074,7454,9149,CASUAL
5075,8770,7884,CLOSE
5076,2267,1106,DISTANT
5077,2347,3453,CLOSE
5078,7861,3636,DISTANT
5079,4182,2292,CASUAL
5080,8085,8286,CLOSE
5081,7593,7313,CASUAL
5082,2823,9673,CASUAL
5083,7366,5076,DISTANT
5084,7002,9552,CLOSE
5085,3897,5899,DISTANT
5086,708,712,DISTANT
5087,688,5442,CLOSE
5088,5143,3868,CASUAL
5089,4400,7963,CASUAL
5090,9858,9447,DISTANT
5091,4293,4051,CASUAL
5092,2778,719,CASUAL
5093,3766,8888,CLOSE
5094,525,2380,DISTANT
5095,7067,4310,CASUAL
5096,6212,6015,CLOSE
5097,5388,6146,DISTANT
5098,7197,7432,CASUAL
5099,6525,6734,CLOSE
5100,8813,4363,DISTANT
5101,2643,1807,CLOSE
5102,3020,7238,CASUAL
5103,6186,1494,CASUAL
5104,2547,6069,CASUAL
5105,5986,3166,CASUAL
5106,2779,2036,CASUAL
5107,2005,1420,CASUAL
5108,8926,403,CLOSE
5109,7341,1,CASUAL
5110,8909,2452,CASUAL
5111,6731,5570,CASUAL
5112,4561,4911,CLOSE
5113,6534,9259,DISTANT
5114,3627,8993,DISTANT
5115,3933,6820,CLOSE
5116,7700,2261,CLOSE
5117,6354,9202,DISTANT
5118,6256,336,CLOSE
5119,6462,4385,DISTANT
5120,2646,3897,CLOSE
5121,8294,6119,CLOSE
5122,9058,5709,CLOSE
5123,2955,9437,CASUAL
5124,2693,585,DISTANT
5125,6327,7226,CASUAL
5126,5646,6275,DISTANT
5127,1905,7449,DISTANT
5128,6578,3369,CLOSE
5129,3805,309,CLOSE
5130,3462,66,CLOSE
5131,3132,4959,DISTANT
5132,596,8606,DISTANT
5133,3641,550,DISTANT
5134,6930,7046,CASUAL
5135,4868,6646,DISTANT
5136,5851,3344,CASUAL
5137,8500,8024,CASUAL
5138,1665,7057,CLOSE
5139,5077,6699,CLOSE
5140,3443,2741,CLOSE
5141,6863,9680,DISTANT
5142,1358,8817,CASUAL
5143,9519,5411,DISTANT
5144,4207,1695,DISTANT
5145,3311,795,CASUAL
5146,7776,1564,DISTANT
5147,4421,1013,CLOSE
5148,6619,8837,CLOSE
5149,873,5977,CLOSE
5150,4369,65,DISTANT
5151,547,2457,CASUAL
5152,1864,8180,DISTANT
5153,3044,760,DISTANT
5154,7224,4760,CLOSE
5155,8436,4219,DISTANT
5156,6844,3306,DISTANT
5157,5390,5364,DISTANT
5158,6508,5196,CLOSE
5159,639,5417,CASUAL
5160,2142,9611,CASUAL
5161,7399,8999,CASUAL
5162,5362,2879,DISTANT
5163,2104,8027,DISTANT
5164,7125,6942,CLOSE
5165,6194,4758,CASUAL
5166,7450,3681,CASUAL
5167,6435,1428,CLOSE
5168,8868,3350,DISTANT
5169,4931,2548,CLOSE
5170,198,4474,DISTANT
5171,1629,7513,DISTANT
5172,5659,2782,CASUAL
5173,4225,4412,CASUAL
5174,4704,5575,CLOSE
5175,2931,8662,CLOSE
5176,8982,3895,CASUAL
5177,2146,1833,CASUAL
5178,3867,1540,CASUAL
5179,1775,7590,DISTANT
5180,6041,3094,CLOSE
5181,2693,7896,CASUAL
5182,2667,9073,CASUAL
5183,701,2213,DISTANT
5184,4992,1777,CLOSE
5185,3170,7757,CASUAL
5186,615,1394,CASUAL
5187,4454,249,CASUAL
5188,3784,4033,CLOSE
5189,3568,7396,DISTANT
5190,966,3886,DISTANT
5191,3555,5098,CLOSE
5192,3185,3829,CLOSE
5193,3760,1479,DISTANT
5194,4252,7257,DISTANT
5195,9407,8493,CASUAL
5196,7967,743,CLOSE
5197,1689,5734,CASUAL
5198,544,7892,DISTANT
5199,7111,9595,CLOSE
5200,1345,5464,DISTANT
5201,4676,6238,DISTANT
5202,3638,1627,CLOSE
5203,3120,5122,CASUAL
5204,2737,9642,CLOSE
5205,7344,5958,CASUAL
5206,9835,1288,CASUAL
5207,8215,6646,DISTANT
5208,7159,1981,CASUAL
5209,2637,7052,CASUAL
5210,1470,7031,DISTANT
5211,1126,5529,DISTANT
5212,5075,8466,CLOSE
5213,2440,8448,CLOSE
5214,2370,7738,DISTANT
5215,8715,5259,DISTANT
5216,1984,3183,CLOSE
5217,5662,8928,CLOSE
5218,1186,51,DISTANT
5219,5290,4099,CLOSE
5220,323,5192,CASUAL
5221,9984,4622,DISTANT
5222,3135,9546,CLOSE
5223,9136,5432,DISTANT
5224,6416,6828,CLOSE
5225,1615,2242,CASUAL
5226,1124,7220,DISTANT
5227,1545,5243,CLOSE
5228,7160,29,CASUAL
5229,7480,1446,CASUAL
5230,9456,9220,CASUAL
5231,1928,4744,CASUAL
5232,4036,2898,CLOSE
5233,6738,9945,CLOSE
5234,9361,2685,CLOSE
5235,7343,7797,DISTANT
5236,3872,661,CASUAL
5237,7305,9992,CASUAL
5238,8686,9199,DISTANT
5239,3750,1656,CLOSE
5240,9792,5546,DISTANT
5241,7455,1935,CASUAL
5242,9515,83,DISTANT
5243,6789,6185,CLOSE
5244,2509,9906,CLOSE
5245,2478,161,DISTANT
5246,7916,7124,CASUAL
5247,2501,197,CASUAL
5248,955,7211,CASUAL
5249,9212,33,CASUAL
5250,6388,7081,DISTANT
5251,5399,8094,DISTANT
5252,2808,7306,CASUAL
5253,7799,2632,CLOSE
5254,8900,586,CLOSE
5255,1205,9856,DISTANT
5256,4178,3988,CASUAL
5257,7190,4957,CASUAL
5258,9925,8384,CLOSE
5259,8972,430,CLOSE
5260,3525,8558,CLOSE
5261,8460,7008,CASUAL
5262,5922,3733,CASUAL
5263,2916,1088,CLOSE
5264,9424,1013,CASUAL
5265,2392,4578,CLOSE
5266,8317,2286,CASUAL
5267,7383,8211,CASUAL
5268,7803,659,CLOSE
5269,7115,9293,CASUAL
5270,5260,8580,DISTANT
5271,6496,8683,CLOSE
5272,1485,8269,CLOSE
5273,680,2831,CASUAL
5274,5517,9608,DISTANT
5275,349,3782,CASUAL
5276,4150,3810,CASUAL
5277,8678,2691,CASUAL
5278,4801,9702,CASUAL
5279,6779,7649,CLOSE
5280,7261,1193,CASUAL
5281,3924,9651,CLOSE
5282,7206,1843,CASUAL
5283,1119,4507,CLOSE
5284,151,1113,CASUAL
5285,7840,4556,CLOSE
5286,1826,3473,DISTANT
5287,6927,319,CASUAL
5288,9647,2505,CLOSE
5289,2516,8527,DISTANT
5290,5783,7931,CASUAL
5291,8582,8220,CASUAL
5292,4386,9662,DISTANT
5293,3516,7824,DISTANT
5294,2428,2448,CASUAL
5295,2293,9128,DISTANT
5296,1382,1608,CLOSE
5297,565,7845,CLOSE
5298,9993,4684,CASUAL
5299,9740,6437,CASUAL
5300,7140,7737,CLOSE
5301,238,3666,CASUAL
5302,8710,1339,CASUAL
5303,8377,6086,CLOSE
5304,5708,2645,CLOSE
5305,6977,5829,DISTANT
5306,4014,9334,CASUAL
5307,4594,8927,CASUAL
5308,4445,7086,CLOSE
5309,2207,7767,CASUAL
5310,4906,8569,DISTANT
5311,4392,566,DISTANT
5312,2031,9456,DISTANT
5313,3825,1582,CLOSE
5314,9256,7408,DISTANT
5315,4702,5773,CLOSE
5316,8788,778,CASUAL
5317,9591,1277,CLOSE
5318,8453,6728,CASUAL
5319,731,687,CLOSE
5320,2141,3465,CASUAL
5321,5000,3766,DISTANT
5322,1584,4045,CLOSE
5323,6131,9292,CASUAL
5324,1055,1452,DISTANT
5325,466,5211,CASUAL
5326,4474,814,CLOSE
5327,2735,6350,CASUAL
5328,8029,581,CASUAL
5329,3299,2725,CASUAL
5330,4183,9685,DISTANT
5331,8591,9889,CASUAL
5332,4719,2963,CASUAL
5333,5382,5153,CASUAL
5334,5061,9206,CLOSE
5335,8478,7110,DISTANT
5336,264,2248,DISTANT
5337,9870,2466,CASUAL
5338,6327,2377,CLOSE
5339,2312,7745,DISTANT
5340,5694,2940,CASUAL
5341,9521,7107,CASUAL
5342,2195,9098,DISTANT
5343,9076,3239,DISTANT
5344,5988,5137,DISTANT
5345,228,9018,CASUAL
5346,3910,1854,DISTANT
5347,7330,592,CASUAL
5348,1341,326,CLOSE
5349,8362,2002,CLOSE
5350,2042,5284,CLOSE
5351,2239,2410,CLOSE
5352,4923,8047,CLOSE
5353,3662,6918,CASUAL
5354,4215,5913,CLOSE
5355,5742,9419,DISTANT
5356,1877,3009,CASUAL
5357,4866,2547,CLOSE
5358,2551,2701,CASUAL
5359,7875,6759,CASUAL
5360,6635,4940,CASUAL
5361,1514,2733,CASUAL
5362,7609,2832,CASUAL
5363,5528,6076,CASUAL
5364,4117,6845,CLOSE
5365,4651,5257,CLOSE
5366,1256,3008,CLOSE
5367,2059,1471,CLOSE
5368,192,4319,CASUAL
5369,8501,6535,CLOSE
5370,3956,432,CLOSE
5371,2628,8758,CASUAL
5372,9726,8956,CASUAL
5373,7637,4488,DISTANT
5374,6404,4322,CLOSE
5375,2695,3448,CLOSE
5376,807,1533,CLOSE
5377,1320,3596,CLOSE
5378,2761,7935,DISTANT
5379,4901,1922,CLOSE
5380,4957,1326,CLOSE
5381,5786,5024,DISTANT
5382,6291,2723,CLOSE
5383,8,2038,CLOSE
5384,3337,5294,CASUAL
5385,2822,5493,CASUAL
5386,2633,191,CASUAL
5387,3328,1008,CLOSE
5388,6124,3346,CASUAL
5389,3744,1204,CASUAL
5390,6206,8439,CLOSE
5391,9228,4077,DISTANT
5392,3408,9910,DISTANT
5393,804,7552,CASUAL
5394,8675,105,DISTANT
5395,9844,2596,DISTANT
5396,6011,8467,CLOSE
5397,7747,7304,CASUAL
5398,6183,2774,DISTANT
5399,9659,3290,CASUAL
5400,3665,3164,CLOSE
5401,6877,1299,DISTANT
5402,6394,3629,DISTANT
5403,7697,4353,DISTANT
5404,4529,8655,DISTANT
5405,257,6709,DISTANT
5406,6872,2379,CLOSE
5407,8312,6903,DISTANT
5408,686,2284,CLOSE
5409,8423,9020,DISTANT
5410,3339,3236,CLOSE
5411,8093,7395,DISTANT
5412,7049,1430,DISTANT
5413,1805,4960,CLOSE
5414,6782,7018,CASUAL
5415,6431,5736,CASUAL
5416,5640,107,CLOSE
5417,7445,2211,CASUAL
5418,3238,8516,CASUAL
5419,1255,7715,DISTANT
5420,4673,4752,DISTANT
5421,7172,3795,CASUAL
5422,7511,9004,CLOSE
5423,3339,2965,CLOSE
5424,2859,3793,CLOSE
5425,5672,2800,CASUAL
5426,9984,5584,CLOSE
5427,2624,2556,CASUAL
5428,964,5076,DISTANT
5429,7256,16,CASUAL
5430,2210,5374,DISTANT
5431,8494,8280,CLOSE
5432,414,6123,CASUAL
5433,6402,1101,DISTANT
5434,2239,2544,CASUAL
5435,6496,1652,CLOSE
5436,9202,1429,CASUAL
5437,2937,1954,CASUAL
5438,8111,6861,CASUAL
5439,4985,6066,DISTANT
5440,8949,4116,CLOSE
5441,15,6185,CASUAL
5442,1949,8603,CASUAL
5443,4929,7322,CASUAL
5444,9162,4541,CLOSE
5445,7522,578,DISTANT
5446,6202,3613,DISTANT
5447,0,9970,CASUAL
5448,933,303,DISTANT
5449,30,6008,DISTANT
5450,8249,5992,DISTANT
5451,7340,9588,CLOSE
5452,7015,170,DISTANT
5453,4811,7151,CASUAL
5454,4711,6761,CLOSE
5455,6647,4564,CLOSE
5456,1037,720,DISTANT
5457,9052,8098,CLOSE
5458,8887,6122,CLOSE
5459,2697,4807,CASUAL
5460,2900,3368,CLOSE
5461,4953,5499,CASUAL
5462,657,3012,DISTANT
5463,9715,5825,CASUAL
5464,6004,3347,DISTANT
5465,369,2991,DISTANT
5466,7385,9413,CASUAL
5467,4175,2106,DISTANT
5468,9162,5679,CLOSE
5469,5931,8595,CLOSE
5470,2546,5981,CASUAL
5471,2248,6277,DISTANT
5472,613,4310,CASUAL
5473,6380,1726,DISTANT
5474,1060,4778,CLOSE
5475,3101,4332,DISTANT
5476,2327,1852,CLOSE
5477,527,3578,CLOSE
5478,6624,5275,DISTANT
5479,9915,4163,DISTANT
5480,9279,1031,DISTANT
5481,3190,9152,DISTANT
5482,8057,7441,DISTANT
5483,3545,5046,CLOSE
5484,9755,1035,CASUAL
5485,8164,9352,DISTANT
5486,4015,705,DISTANT
5487,3545,4379,CLOSE
5488,6923,9541,DISTANT
5489,9105,6404,DISTANT
5490,4043,8239,DISTANT
5491,8614,3252,CASUAL
5492,3516,1438,CLOSE
5493,7044,8544,DISTANT
5494,9646,7206,DISTANT
5495,7036,2815,CASUAL
5496,4504,3931,DISTANT
5497,6819,9377,CASUAL
5498,8506,7018,CASUAL
5499,9662,6060,CLOSE
5500,7731,7158,DISTANT
5501,1753,9442,CLOSE
5502,2300,6344,DISTANT
5503,1004,4062,DISTANT
5504,9292,5635,DISTANT
5505,5410,3873,CASUAL
5506,2600,7231,DISTANT
5507,6977,8628,DISTANT
5508,7703,9368,CLOSE
5509,9640,5392,CASUAL
5510,9494,3139,DISTANT
5511,7675,5688,DISTANT
5512,1623,8598,DISTANT
5513,7536,9954,DISTANT
5514,7564,4292,CLOSE
5515,3369,2310,CLOSE
5516,5105,1038,CASUAL
5517,3938,8432,CLOSE
5518,3625,3288,CASUAL
5519,7039,555,DISTANT
5520,9498,9659,CLOSE
5521,4236,2336,DISTANT
5522,1144,5655,CASUAL
5523,9826,335,CLOSE
5524,6747,6523,DISTANT
5525,2870,3732,DISTANT
5526,935,4060,CLOSE
5527,4424,6422,CLOSE
5528,4422,8902,CLOSE
5529,750,8903,CASUAL
5530,6014,8118,CLOSE
5531,2177,97,CLOSE
5532,8216,6109,CASUAL
5533,3613,2610,CLOSE
5534,2151,2444,CASUAL
5535,1063,3940,CLOSE
5536,39,9373,DISTANT
5537,6577,8989,CASUAL
5538,8924,2314,DISTANT
5539,3538,1476,DISTANT
5540,8566,9864,CASUAL
5541,2499,1383,CLOSE
5542,6179,9615,CLOSE
5543,7671,373,DISTANT
5544,336,4879,CASUAL
5545,5388,9170,CASUAL
5546,4944,9853,CLOSE
5547,360,8867,DISTANT
5548,5565,7850,CASUAL
5549,9111,1214,CLOSE
5550,46,377,DISTANT
5551,3355,1656,CASUAL
5552,965,8426,DISTANT
5553,9696,7826,CLOSE
5554,3140,9260,CLOSE
5555,4022,8139,DISTANT
5556,1868,9513,DISTANT
5557,6041,1030,DISTANT
5558,814,5695,DISTANT
5559,9167,448,CASUAL
5560,6992,5262,CASUAL
5561,3754,9888,DISTANT
5562,2476,1955,CASUAL
5563,4596,9032,DISTANT
5564,1552,2026,CASUAL
5565,9452,4757,CASUAL
5566,2309,6433,CLOSE
5567,1196,7201,DISTANT
5568,3175,8702,DISTANT
5569,9242,2777,CASUAL
5570,8023,8048,CASUAL
5571,4916,7513,DISTANT
5572,3683,6400,CASUAL
5573,7217,9210,CLOSE
5574,789,7316,CLOSE
5575,8172,7022,DISTANT
5576,4580,688,CLOSE
5577,5976,6079,CASUAL
5578,4902,7043,DISTANT
5579,2088,7766,CLOSE
5580,2630,1043,CASUAL
5581,9574,352,CLOSE
5582,2502,2987,CASUAL
5583,3688,5963,DISTANT
5584,9686,3253,DISTANT
5585,3330,2767,CASUAL
5586,3324,5674,DISTANT
5587,4003,7093,DISTANT
5588,3512,802,DISTANT
5589,6186,640,DISTANT
5590,404,3548,DISTANT
5591,7237,4626,CLOSE
5592,368,5839,CLOSE
5593,6729,3238,CASUAL
5594,6227,7448,CASUAL
5595,9761,9732,DISTANT
5596,9068,93,CLOSE
5597,6827,1702,CASUAL
5598,2841,3041,CLOSE
5599,1247,4056,CASUAL
5600,2118,6056,CLOSE
5601,4233,6518,CASUAL
5602,1347,5566,DISTANT
5603,7400,5756,DISTANT
5604,2918,1561,DISTANT
5605,6623,482,CLOSE
5606,5084,38,DISTANT
5607,3561,9489,DISTANT
5608,7042,5375,DISTANT
5609,866,9039,DISTANT
5610,3051,4692,DISTANT
5611,5869,3851,DISTANT
5612,6552,7939,CASUAL
5613,2627,2047,CASUAL
5614,2913,9070,CASUAL
5615,6761,7041,CASUAL
5616,5089,8472,CLOSE
5617,8932,286,CLOSE
5618,3557,4778,CLOSE
5619,2121,279,CASUAL
5620,2993,3226,DISTANT
5621,7563,2209,DISTANT
5622,6975,5366,CLOSE
5623,4806,4060,DISTANT
5624,4888,4066,CASUAL
5625,4301,3361,CLOSE
5626,2868,4648,DISTANT
5627,7886,481,CLOSE
5628,7445,3711,CASUAL
5629,3796,8779,DISTANT
5630,4108,1252,CASUAL
5631,4876,1440,CASUAL
5632,4619,9111,DISTANT
5633,443,8292,CASUAL
5634,26,981,DISTANT
5635,6765,6114,CASUAL
5636,797,5957,DISTANT
5637,1313,4731,CLOSE
5638,1194,4222,CASUAL
5639,7406,4167,CASUAL
5640,1461,2680,CLOSE
5641,475,994,CLOSE
5642,8878,9928,CASUAL
5643,8779,6350,CASUAL
5644,7732,5741,DISTANT
5645,9894,9483,CLOSE
5646,6679,440,DISTANT
5647,1065,6476,DISTANT
5648,2238,8198,CLOSE
5649,456,1321,CLOSE
5650,4882,9353,DISTANT
5651,4326,1605,CLOSE
5652,5486,3098,CLOSE
5653,7337,2326,CASUAL
5654,6411,7608,DISTANT
5655,1246,5193,CASUAL
5656,3410,8744,CASUAL
5657,6830,7580,DISTANT
5658,9396,5074,DISTANT
5659,9493,6684,CASUAL
5660,3612,1456,CASUAL
5661,7527,9653,CLOSE
5662,9138,5702,DISTANT
5663,2611,2586,CLOSE
5664,6406,4945,CLOSE
5665,5057,1626,DISTANT
5666,1797,8112,CLOSE
5667,6070,6908,DISTANT
5668,2692,9277,DISTANT
5669,5996,5048,CLOSE
5670,8837,5148,CLOSE
5671,3518,9645,CLOSE
5672,5976,2539,DISTANT
5673,4797,2915,DISTANT
5674,4701,9025,CASUAL
5675,4272,603,CLOSE
5676,1585,7451,DISTANT
5677,5648,9243,CLOSE
5678,4177,3422,CASUAL
5679,1241,9047,CLOSE
5680,2824,2502,DISTANT
5681,3111,7165,DISTANT
5682,3766,1148,CLOSE
5683,7760,8969,CASUAL
5684,9962,6092,CLOSE
5685,9495,8539,DISTANT
5686,4990,8276,CASUAL
5687,8724,6920,CLOSE
5688,5396,2142,CLOSE
5689,1408,6870,CASUAL
5690,1017,9214,DISTANT
5691,5368,2518,DISTANT
5692,7352,8052,DISTANT
5693,2603,4860,DISTANT
5694,1277,5021,DISTANT
5695,3575,5244,CASUAL
5696,2877,9278,CASUAL
5697,9992,618,CLOSE
5698,7988,6221,CLOSE
5699,9616,9197,DISTANT
5700,8173,2808,CLOSE
5701,6516,7642,CASUAL
5702,4096,190,CLOSE
5703,7686,6548,CASUAL
5704,3430,9887,CASUAL
5705,3327,7499,DISTANT
5706,9994,4591,CASUAL
5707,1616,6887,DISTANT
5708,8752,703,CASUAL
5709,8203,5765,DISTANT
5710,9322,1964,CLOSE
5711,1192,3419,CLOSE
5712,9039,7206,DISTANT
5713,940,4646,DISTANT
5714,2859,9845,CLOSE
5715,2571,9380,DISTANT
5716,1815,6973,CASUAL
5717,2313,2469,DISTANT
5718,7434,3702,DISTANT
5719,6168,6008,DISTANT
5720,3304,4478,DISTANT
5721,3077,608,DISTANT
5722,6859,3397,CASUAL
5723,3865,8066,CASUAL
5724,3724,5715,CASUAL
5725,7489,8469,CLOSE
5726,2023,1621,DISTANT
5727,9975,4224,DISTANT
5728,9446,6494,CLOSE
5729,6384,1782,CASUAL
5730,1190,8478,DISTANT
5731,8145,8769,DISTANT
5732,9035,4926,CLOSE
5733,2447,5320,DISTANT
5734,903,2638,CLOSE
5735,5272,673,CASUAL
5736,5410,5566,CLOSE
5737,3148,3697,CASUAL
5738,1070,563,CASUAL
5739,7324,606,DISTANT
5740,1888,8852,CASUAL
5741,2290,1357,CASUAL
5742,7010,2238,DISTANT
5743,8807,6446,CASUAL
5744,7548,5701,DISTANT
5745,3476,6005,CASUAL
5746,4443,6314,DISTANT
5747,4500,1613,CLOSE
5748,2600,2026,CLOSE
5749,8796,368,CASUAL
5750,965,1236,DISTANT
5751,7740,9403,CASUAL
5752,347,938,CASUAL
5753,1434,2482,CLOSE
5754,145,1643,DISTANT
5755,5086,6117,CLOSE
5756,8712,1082,CLOSE
5757,6751,9378,CLOSE
5758,855,108,DISTANT
5759,7041,3320,DISTANT
5760,8256,8458,DISTANT
5761,9606,6627,CLOSE
5762,3270,2913,DISTANT
5763,9621,1508,CASUAL
5764,4894,494,CASUAL
5765,4660,881,CASUAL
5766,143,795,CLOSE
5767,4984,5092,CLOSE
5768,6510,2416,CLOSE
5769,6562,1454,CLOSE
5770,7822,9058,CASUAL
5771,9412,4105,CLOSE
5772,1317,1694,CLOSE
5773,4691,1499,CASUAL
5774,5927,7912,CLOSE
5775,5634,2562,CLOSE
5776,6764,3154,DISTANT
5777,8035,9286,CASUAL
5778,3524,9907,CASUAL
5779,4599,4300,CLOSE
5780,5581,8331,DISTANT
5781,8612,3760,CLOSE
5782,8700,8062,DISTANT
5783,6102,1562,DISTANT
5784,551,3345,CLOSE
5785,7160,8170,CASUAL
5786,266,6650,CASUAL
5787,5693,6637,DISTANT
5788,488,5895,DISTANT
5789,524,1259,CASUAL
5790,3197,7623,CASUAL
5791,2619,7173,CASUAL
5792,373,2192,CASUAL
5793,3194,29,CASUAL
5794,3927,3028,DISTANT
5795,6609,5447,CLOSE
5796,8041,5007,DISTANT
5797,5504,5859,CLOSE
5798,5899,8159,DISTANT
5799,9233,9226,CASUAL
5800,1522,8343,CLOSE
5801,6479,4219,CLOSE
5802,3147,5107,DISTANT
5803,6791,3764,CASUAL
5804,8720,8056,CASUAL
5805,2400,8695,CASUAL
5806,9920,8050,CLOSE
5807,554,6655,CASUAL
5808,9927,8806,CLOSE
5809,4876,646,CASUAL
5810,5964,7403,DISTANT
5811,2319,1416,DISTANT
5812,8601,8434,CLOSE
5813,1820,8284,DISTANT
5814,1692,41,CLOSE
5815,2644,2191,CASUAL
5816,2393,9253,CASUAL
5817,3899,307,CLOSE
5818,1619,9392,CASUAL
5819,1648,7653,DISTANT
5820,9369,4861,CLOSE
5821,5991,52,CASUAL
5822,2908,6084,CLOSE
5823,9712,9956,CLOSE
5824,1722,8267,CLOSE
5825,5988,2643,CASUAL
5826,7048,9366,CASUAL
5827,9939,3869,DISTANT
5828,8213,8757,CLOSE
5829,6810,9172,CLOSE
5830,1096,8369,DISTANT
5831,3666,4079,CLOSE
5832,5463,403,CLOSE
5833,4183,2222,DISTANT
5834,408,9551,CLOSE
5835,9831,8023,CLOSE
5836,7129,1429,CLOSE
5837,6399,8658,CASUAL
5838,2441,3391,CASUAL
5839,3327,3579,CASUAL
5840,4661,8427,CLOSE
5841,2782,5049,DISTANT
5842,8574,3185,CLOSE
5843,6826,1545,DISTANT
5844,842,6125,CASUAL
5845,8968,5687,CLOSE
5846,7837,8854,CLOSE
5847,3616,7599,CASUAL
5848,6319,6342,CASUAL
5849,2004,4892,CLOSE
5850,5045,1762,CASUAL
5851,8723,3053,CASUAL
5852,7675,987,DISTANT
5853,8883,9823,CASUAL
5854,6737,6996,DISTANT
5855,7840,1927,CLOSE
5856,9465,7445,DISTANT
5857,4946,1489,CASUAL
5858,5589,2368,CLOSE
5859,6855,9982,CASUAL
5860,4390,9949,CASUAL
5861,9425,7848,DISTANT
5862,7298,3615,CLOSE
5863,8373,4243,DISTANT
5864,6888,8998,CLOSE
5865,4482,8828,DISTANT
5866,2906,2255,CASUAL
5867,6627,6599,CLOSE
5868,1032,9475,DISTANT
5869,4122,982,CASUAL
5870,3797,6948,CLOSE
5871,1549,1256,CLOSE
5872,6701,9981,CASUAL
5873,9868,2479,CASUAL
5874,8844,219,DISTANT
5875,7208,951,DISTANT
5876,1459,7734,CASUAL
5877,4834,2712,CASUAL
5878,4090,4887,DISTANT
5879,8327,6142,DISTANT
5880,7001,8400,DISTANT
5881,7295,1710,DISTANT
5882,929,3842,CASUAL
5883,3812,151,CASUAL
5884,8973,9260,DISTANT
5885,2946,943,CLOSE
5886,7213,6538,DISTANT
5887,1520,6750,CASUAL
5888,7861,2544,CASUAL
5889,8472,6613,CASUAL
5890,8831,1957,CLOSE
5891,2227,4241,CLOSE
5892,4088,9892,CLOSE
5893,7377,7743,CASUAL
5894,8866,2356,CLOSE
5895,8334,9278,DISTANT
5896,7376,8018,CASUAL
5897,58,4336,CLOSE
5898,3278,2390,DISTANT
5899,1236,7630,DISTANT
5900,8432,8708,DISTANT
5901,6963,560,CLOSE
5902,9106,354,DISTANT
5903,9446,7035,DISTANT
5904,4365,4249,DISTANT
5905,1539,8476,DISTANT
5906,1028,6588,CASUAL
5907,600,1671,CLOSE
5908,9068,4931,CASUAL
5909,910,5005,CLOSE
5910,5545,4378,CASUAL
5911,507,7748,DISTANT
5912,7889,299,CASUAL
5913,5650,3744,DISTANT
5914,9504,1082,CLOSE
5915,4483,2277,DISTANT
5916,938,5992,CLOSE
5917,9530,9910,CASUAL
5918,778,5981,DISTANT
5919,531,3152,CLOSE
5920,7362,2713,DISTANT
5921,1745,7139,CASUAL
5922,6203,3025,CASUAL
5923,4709,5904,CASUAL
5924,2503,5231,CASUAL
5925,8249,1981,DISTANT
5926,3645,3139,DISTANT
5927,1828,7906,CASUAL
5928,6789,2165,CLOSE
5929,9294,9975,CLOSE
5930,5573,7511,CASUAL
5931,7906,4662,CLOSE
5932,2131,782,DISTANT
5933,1388,3223,CASUAL
5934,6070,236,DISTANT
5935,1226,6363,CLOSE
5936,8247,5454,DISTANT
5937,7214,1329,CLOSE
5938,8248,1465,DISTANT
5939,3636,5316,CASUAL
5940,8136,943,DISTANT
5941,9970,267,CASUAL
5942,2733,691,CASUAL
5943,8065,813,DISTANT
5944,2179,6705,CASUAL
5945,9338,792,DISTANT
5946,4107,6086,CLOSE
5947,9947,1534,CASUAL
5948,2613,9960,DISTANT
5949,8508,2941,CLOSE
5950,1770,5320,DISTANT
5951,9556,6999,CASUAL
5952,7763,5307,DISTANT
5953,6396,6580,CLOSE
5954,7978,2400,DISTANT
5955,4801,4855,CLOSE
5956,9082,1443,CLOSE
5957,7187,9789,CASUAL
5958,3473,6296,CASUAL
5959,2250,3576,DISTANT
5960,1843,5212,CLOSE
5961,3204,5005,CASUAL
5962,7473,2443,CASUAL
5963,6942,9325,DISTANT
5964,2318,2276,CASUAL
5965,4587,762,CASUAL
5966,8513,3443,CASUAL
5967,9058,1616,CLOSE
5968,4037,2625,DISTANT
5969,2580,1772,CLOSE
5970,8100,8137,CLOSE
5971,3728,7912,DISTANT
5972,8648,3105,CLOSE
5973,2071,4702,DISTANT
5974,4589,521,CASUAL
5975,94,7426,DISTANT
5976,7834,4324,DISTANT
5977,7836,6038,CLOSE
5978,803,2728,CLOSE
5979,6000,3134,CASUAL
5980,3007,459,DISTANT
5981,8758,7449,CASUAL
5982,7813,2558,DISTANT
5983,9411,1640,DISTANT
5984,5986,3990,DISTANT
5985,5275,4039,DISTANT
5986,7251,3229,CASUAL
5987,4006,5157,DISTANT
5988,7416,5830,CASUAL
5989,469,7145,DISTANT
5990,2649,9811,CLOSE
5991,9427,2829,DISTANT
5992,4197,453,DISTANT
5993,1588,6887,CASUAL
5994,7171,6384,CASUAL
5995,3334,6541,DISTANT
5996,7136,6404,CLOSE
5997,3633,3452,DISTANT
5998,7690,7242,DISTANT
5999,9611,8594,CASUAL
6000,8715,9554,DISTANT
6001,411,8925,DISTANT
6002,7128,1427,DISTANT
6003,2696,8124,DISTANT
6004,4696,5216,CLOSE
6005,4058,4515,DISTANT
6006,7227,7915,DISTANT
6007,3470,4226,CLOSE
6008,233,8862,CLOSE
6009,8344,4380,DISTANT
6010,1887,2586,CLOSE
6011,2692,7330,DISTANT
6012,8007,8362,CLOSE
6013,6017,966,DISTANT
6014,5545,8617,CASUAL
6015,4934,3096,CLOSE
6016,9633,2096,DISTANT
6017,1781,2027,CASUAL
6018,9356,1178,CASUAL
6019,1937,6576,CASUAL
6020,3445,9687,DISTANT
6021,6150,9063,CASUAL
6022,7995,7042,CLOSE
6023,7440,5921,DISTANT
6024,922,3943,CLOSE
6025,5156,3894,CLOSE
6026,6671,8210,CASUAL
6027,7025,5256,CLOSE
6028,9810,5135,CLOSE
6029,7302,5196,CLOSE
6030,7334,7342,CLOSE
6031,5533,5177,DISTANT
6032,4308,4503,DISTANT
6033,1281,2809,CLOSE
6034,727,4802,CLOSE
6035,5991,1968,CASUAL
6036,607,7080,DISTANT
6037,2501,9313,CASUAL
6038,1684,515,CLOSE
6039,9180,211,CASUAL
6040,8398,4302,DISTANT
6041,1941,9587,DISTANT
6042,6558,6336,CLOSE
6043,4424,5564,DISTANT
6044,3609,4849,DISTANT
6045,395,2741,CASUAL
6046,4147,0,DISTANT
6047,2952,1741,CASUAL
6048,5674,1974,DISTANT
6049,7386,4035,DISTANT
6050,8408,8615,DISTANT
6051,4767,4016,CLOSE
6052,8189,4960,DISTANT
6053,3477,159,CASUAL
6054,553,8214,CASUAL
6055,9075,5748,DISTANT
6056,9964,9220,DISTANT
6057,1224,6332,CLOSE
6058,873,3469,CASUAL
6059,2058,2631,DISTANT
6060,1061,9433,CLOSE
6061,1517,305,CASUAL
6062,2248,1092,CASUAL
6063,7662,3906,CASUAL
6064,9649,696,DISTANT
6065,9110,2506,CLOSE
6066,7931,6955,CASUAL
6067,9355,6363,CLOSE
6068,6074,1457,CASUAL
6069,7237,9070,CASUAL
6070,429,6352,DISTANT
6071,320,9972,CASUAL
6072,3543,1908,CLOSE
6073,8188,7299,CASUAL
6074,5135,5603,DISTANT
6075,5298,8673,CLOSE
6076,6935,6576,DISTANT
6077,3429,2477,CLOSE
6078,3561,7671,CASUAL
6079,1186,9200,CASUAL
6080,4657,7078,DISTANT
6081,6931,3582,CLOSE
6082,3889,5514,DISTANT
6083,7697,9232,CASUAL
6084,8062,6500,CASUAL
6085,2901,5963,CASUAL
6086,7822,7129,DISTANT
6087,6786,2349,CLOSE
6088,8005,8322,CASUAL
6089,6526,8725,CASUAL
6090,6105,9278,CLOSE
6091,7105,212,CASUAL
6092,4859,2793,DISTANT
6093,4845,1596,CLOSE
6094,8534,5007,DISTANT
6095,4097,6475,CLOSE
6096,2733,1743,CLOSE
6097,4537,981,CLOSE
6098,6560,4265,DISTANT
6099,9016,6488,CLOSE
6100,5363,5038,CASUAL
6101,572,3827,CASUAL
6102,878,6344,CASUAL
6103,5875,2258,CLOSE
6104,1969,7859,CLOSE
6105,559,3512,CLOSE
6106,680,9980,CASUAL
6107,3391,2595,DISTANT
6108,5168,8148,DISTANT
6109,5790,6241,CASUAL
6110,3708,5725,DISTANT
6111,9464,1205,CLOSE
6112,8512,1454,CASUAL
6113,1325,9037,CLOSE
6114,9704,764,CLOSE
6115,4594,1916,CASUAL
6116,6566,6274,CLOSE
6117,116,3461,CASUAL
6118,4052,4966,CASUAL
6119,172,1104,CASUAL
6120,8984,4784,CLOSE
6121,3220,7447,CLOSE
6122,7859,1197,CLOSE
6123,24,8763,DISTANT
6124,2503,3487,CASUAL
6125,4914,3535,CASUAL
6126,1409,1655,CASUAL
6127,2855,1536,DISTANT
6128,8080,313,CLOSE
6129,4904,8400,DISTANT
6130,3192,9825,DISTANT
6131,5751,9662,DISTANT
6132,2269,3719,DISTANT
6133,3853,9199,CASUAL
6134,1481,4182,DISTANT
6135,2391,6616,CASUAL
6136,7719,3978,CLOSE
6137,4132,413,DISTANT
6138,7442,5564,CLOSE
6139,8415,1058,CASUAL
6140,2177,4318,CLOSE
6141,9338,776,CASUAL
6142,1127,1899,CASUAL
6143,9711,1200,CASUAL
6144,1053,39,DISTANT
6145,2266,7644,DISTANT
6146,9272,2417,DISTANT
6147,6239,3220,CLOSE
6148,3833,9545,DISTANT
6149,744,915,CLOSE
6150,5674,8968,CASUAL
6151,8246,9015,CLOSE
6152,77,8073,CLOSE
6153,9428,4334,CLOSE
6154,4608,6317,CLOSE
6155,271,7027,CASUAL
6156,1068,3100,DISTANT
6157,3715,32,CLOSE
6158,3239,7176,CASUAL
6159,487,5999,CASUAL
6160,8579,4404,DISTANT
6161,1269,5277,DISTANT
6162,4844,6898,DISTANT
6163,7504,6332,CLOSE
6164,6033,4765,CLOSE
6165,9031,1811,CASUAL
6166,7824,4378,DISTANT
6167,2718,2733,DISTANT
6168,2807,8042,CASUAL
6169,942,370,CASUAL
6170,211,6171,CASUAL
6171,5148,3646,CLOSE
6172,6968,9044,CLOSE
6173,5046,435,CASUAL
6174,5907,4869,CLOSE
6175,135,8570,CLOSE
6176,2873,8898,CASUAL
6177,1453,4122,CLOSE
6178,2581,2234,CLOSE
6179,6210,4786,CASUAL
6180,8258,6798,CLOSE
6181,2817,8016,CASUAL
6182,6127,3681,DISTANT
6183,1282,3335,CLOSE
6184,1348,1243,DISTANT
6185,1420,8010,CASUAL
6186,521,9372,CASUAL
6187,8621,4855,CASUAL
6188,5878,3827,DISTANT
6189,6164,8289,CASUAL
6190,8336,783,CASUAL
6191,6043,9886,CLOSE
6192,9146,8693,DISTANT
6193,6990,274,DISTANT
6194,1054,1753,CLOSE
6195,8887,1056,CASUAL
6196,7822,1577,CASUAL
6197,9199,9120,CLOSE
6198,2018,5771,CLOSE
6199,4251,9727,CASUAL
6200,2246,9312,CLOSE
6201,9356,9815,CLOSE
6202,7936,4187,CASUAL
6203,5547,7195,CASUAL
6204,1998,112,CASUAL
6205,1219,2488,DISTANT
6206,544,5176,DISTANT
6207,6536,178,CLOSE
6208,9281,2208,DISTANT
6209,9509,4439,CLOSE
6210,4050,2360,CLOSE
6211,7973,935,CLOSE
6212,9949,7588,DISTANT
6213,5243,1463,CLOSE
6214,1272,5612,DISTANT
6215,5684,5346,DISTANT
6216,3072,1419,CLOSE
6217,3320,7881,DISTANT
6218,9632,9517,DISTANT
6219,7135,8855,CLOSE
6220,6843,949,DISTANT
6221,9234,7124,CASUAL
6222,5750,6059,CLOSE
6223,8263,2970,CLOSE
6224,7284,7128,CASUAL
6225,4962,5697,CASUAL
6226,3986,3973,CLOSE
6227,1208,3587,CLOSE
6228,6662,5328,CLOSE
6229,2913,352,CLOSE
6230,3678,2318,CASUAL
6231,4656,8678,CASUAL
6232,7037,1992,CLOSE
6233,7036,2810,CLOSE
6234,1815,6449,CLOSE
6235,3627,8479,CASUAL
6236,8849,1854,DISTANT
6237,5265,5826,DISTANT
6238,5919,6817,CASUAL
6239,2667,1553,CASUAL
6240,1938,3268,DISTANT
6241,3393,1423,DISTANT
6242,4597,1858,CASUAL
6243,8396,1733,CASUAL
6244,5619,2535,CASUAL
6245,5628,7830,CASUAL
6246,7257,7217,CASUAL
6247,3130,3978,CASUAL
6248,1711,498,CASUAL
6249,595,6555,DISTANT
6250,208,1627,CASUAL
6251,2072,8165,CASUAL
6252,1214,3317,CASUAL
6253,6514,8863,CLOSE
6254,8879,8605,DISTANT
6255,5244,8096,CLOSE
6256,3464,7657,CASUAL
6257,630,1397,CASUAL
6258,4541,4697,CLOSE
6259,3354,932,DISTANT
6260,200,9493,CLOSE
6261,9378,1457,CASUAL
6262,1048,4595,CASUAL
6263,309,6991,CLOSE
6264,6223,3073,CLOSE
6265,3880,523,CASUAL
6266,5405,4597,DISTANT
6267,8798,3953,CASUAL
6268,1003,8835,DISTANT
6269,3635,641,CASUAL
6270,759,2486,CASUAL
6271,3474,6758,CLOSE
6272,1620,822,CLOSE
6273,7355,2515,DISTANT
6274,37,2788,DISTANT
6275,4370,7843,DISTANT
6276,7211,3894,CLOSE
6277,8569,1678,CASUAL
6278,1838,7533,DISTANT
6279,8107,9589,CASUAL
6280,9196,7241,DISTANT
6281,5979,1106,CASUAL
6282,5162,3361,CASUAL
6283,3508,7486,CASUAL
6284,8860,6551,DISTANT
6285,9271,7557,CLOSE
6286,8636,827,DISTANT
6287,4871,9618,CLOSE
6288,2933,8418,CASUAL
6289,7324,7259,DISTANT
6290,8980,2538,CASUAL
6291,2343,2917,CLOSE
6292,992,2219,DISTANT
6293,1630,2141,DISTANT
6294,7495,5937,CLOSE
6295,1257,3096,CLOSE
6296,8315,5964,CASUAL
6297,7022,7392,CASUAL
6298,1005,3169,CLOSE
6299,712,6052,CLOSE
6300,9584,8689,CASUAL
6301,1912,4582,CLOSE
6302,1345,1958,CASUAL
6303,4515,3330,CASUAL
6304,1394,3141,DISTANT
6305,3637,8594,CLOSE
6306,4780,7572,CASUAL
6307,1249,160,CLOSE
6308,2016,5668,CASUAL
6309,9407,2396,CASUAL
6310,6224,7329,DISTANT
6311,9027,2335,CLOSE
6312,4534,9726,DISTANT
6313,7408,4180,DISTANT
6314,2239,6171,CLOSE
6315,9912,4354,DISTANT
6316,1712,1426,CASUAL
6317,6045,8899,DISTANT
6318,8105,6313,CLOSE
6319,6648,241,DISTANT
6320,7861,8526,CLOSE
6321,1198,1939,CASUAL
6322,7844,3286,DISTANT
6323,5291,1645,CLOSE
6324,6652,784,CLOSE
6325,9041,8760,CLOSE
6326,974,7852,CASUAL
6327,9254,8363,CLOSE
6328,2880,7927,CASUAL
6329,290,4588,CASUAL
6330,543,3773,CASUAL
6331,7439,2954,CLOSE
6332,2141,6856,DISTANT
6333,5530,6013,CASUAL
6334,4185,5672,CASUAL
6335,8389,1318,DISTANT
6336,4640,6931,CLOSE
6337,6126,8379,DISTANT
6338,5587,4049,CLOSE
6339,4285,2437,CASUAL
6340,3993,9536,CASUAL
6341,9142,7228,CASUAL
6342,5546,8145,CASUAL
6343,5515,9526,CLOSE
6344,5343,6386,CASUAL
6345,814,8460,DISTANT
6346,8146,8888,CLOSE
6347,3051,8181,CLOSE
6348,6953,4562,CASUAL
6349,1654,9589,CLOSE
6350,9464,2637,DISTANT
6351,7461,7172,CLOSE
6352,9624,9334,CASUAL
6353,6419,5864,CLOSE
6354,7006,2245,DISTANT
6355,6109,5909,CASUAL
6356,6481,5090,DISTANT
6357,1018,3449,CLOSE
6358,6406,7271,CLOSE
6359,999,9383,CASUAL
6360,7583,9636,DISTANT
6361,9781,5312,CASUAL
6362,2892,5664,CLOSE
6363,2123,2697,CASUAL
6364,2646,6807,CASUAL
6365,9808,8155,DISTANT
6366,2525,5769,DISTANT
6367,4598,5674,DISTANT
6368,273,2477,DISTANT
6369,3714,8135,CLOSE
6370,4389,2745,DISTANT
6371,7225,9001,DISTANT
6372,3805,6417,CLOSE
6373,4403,2370,CASUAL
6374,6760,7320,CLOSE
6375,5980,7336,CASUAL
6376,2705,8970,CASUAL
6377,7768,4580,DISTANT
6378,9700,749,DISTANT
6379,2101,2354,DISTANT
6380,3298,2346,CLOSE
6381,6116,4324,CASUAL
6382,4408,5002,CLOSE
6383,8924,5167,DISTANT
6384,3773,4131,CASUAL
6385,8573,1464,CASUAL
6386,4556,7849,CASUAL
6387,5396,1319,DISTANT
6388,1839,2689,DISTANT
6389,6356,9791,CLOSE
6390,8608,6608,DISTANT
6391,5131,8607,CLOSE
6392,8130,1530,CASUAL
6393,9674,9173,DISTANT
6394,2284,8623,CASUAL
6395,7027,4022,CLOSE
6396,439,7284,DISTANT
6397,6681,6852,CLOSE
6398,2017,4608,CASUAL
6399,7386,7714,CASUAL
6400,6285,5446,DISTANT
6401,8857,9365,CLOSE
6402,9270,9321,CASUAL
6403,1892,126,DISTANT
6404,3765,6554,CASUAL
6405,9624,2407,DISTANT
6406,4488,9647,CLOSE
6407,404,8661,CASUAL
6408,8687,7011,CLOSE
6409,2418,9729,CASUAL
6410,457,6065,CASUAL
6411,5766,2356,CLOSE
6412,8420,1594,DISTANT
6413,345,2314,CASUAL
6414,6548,2186,CLOSE
6415,4324,4198,CASUAL
6416,8767,3166,CLOSE
6417,1014,5261,CASUAL
6418,2596,1101,CASUAL
6419,3960,8437,CASUAL
6420,7299,8821,DISTANT
6421,1399,9064,CLOSE
6422,2925,8551,CLOSE
6423,8749,4023,CLOSE
6424,8711,4906,DISTANT
6425,5047,5796,CLOSE
6426,689,1769,DISTANT
6427,8926,2328,CASUAL
6428,9990,2397,CASUAL
6429,6401,7132,CASUAL
6430,1518,9848,DISTANT
6431,9281,3595,CLOSE
6432,2805,4357,CASUAL
6433,7192,8755,CASUAL
6434,1722,3194,DISTANT
6435,2714,4558,CLOSE
6436,7218,3,CASUAL
6437,9715,891,CLOSE
6438,1076,1127,DISTANT
6439,3733,1604,CLOSE
6440,5171,2974,CASUAL
6441,2889,6499,CLOSE
6442,1196,7934,DISTANT
6443,3748,6851,CLOSE
6444,7215,5040,CASUAL
6445,9315,7378,DISTANT
6446,1964,4592,CASUAL
6447,1905,9447,CASUAL
6448,7358,4991,DISTANT
6449,1911,2165,DISTANT
6450,8201,8773,DISTANT
6451,3048,869,CLOSE
6452,5914,4424,CLOSE
6453,4021,652,DISTANT
6454,6827,1378,DISTANT
6455,7120,8026,CASUAL
6456,4925,2189,DISTANT
6457,7447,4094,CLOSE
6458,8623,6479,CASUAL
6459,7208,9967,CASUAL
6460,6546,403,DISTANT
6461,1090,7503,CLOSE
6462,5350,5004,CLOSE
6463,3089,894,CASUAL
6464,2922,2991,CASUAL
6465,6433,1022,CASUAL
6466,1156,5767,CASUAL
6467,2333,5228,CASUAL
6468,7133,9725,CASUAL
6469,1288,1466,CLOSE
6470,4729,3903,CASUAL
6471,4555,5644,CLOSE
6472,7166,9159,DISTANT
6473,861,4623,CASUAL
6474,1654,1844,CASUAL
6475,5574,8735,CLOSE
6476,5423,6271,DISTANT
6477,7605,6528,CASUAL
6478,8172,1168,CASUAL
6479,756,7548,CASUAL
6480,6065,5629,DISTANT
6481,833,1105,DISTANT
6482,1677,8430,CASUAL
6483,4359,6758,DISTANT
6484,6713,443,DISTANT
6485,6533,2603,CLOSE
6486,4942,4212,DISTANT
6487,218,1759,CLOSE
6488,7883,2679,DISTANT
6489,144,5147,CLOSE
6490,7899,9121,CLOSE
6491,2617,9974,CLOSE
6492,4367,79,DISTANT
6493,512,6630,CLOSE
6494,6552,7951,DISTANT
6495,7125,2606,CLOSE
6496,7819,5907,DISTANT
6497,1155,4560,CLOSE
6498,498,251,CLOSE
6499,141,6938,DISTANT
6500,177,1211,CASUAL
6501,7484,3908,DISTANT
6502,2367,7662,DISTANT
6503,9496,5,CASUAL
6504,9944,9465,DISTANT
6505,10,6538,DISTANT
6506,7731,7204,DISTANT
6507,2291,5143,CASUAL
6508,8178,7840,CASUAL
6509,4854,3208,CASUAL
6510,2330,8752,DISTANT
6511,4466,7733,DISTANT
6512,1525,3458,CLOSE
6513,5402,9777,CLOSE
6514,9565,6614,CLOSE
6515,41,5707,DISTANT
6516,2705,7074,CASUAL
6517,1094,6554,CLOSE
6518,3336,4547,CLOSE
6519,2204,2713,DISTANT
6520,2591,6778,CLOSE
6521,5128,6560,CASUAL
6522,6759,2500,DISTANT
6523,8244,4838,CLOSE
6524,1321,8664,CLOSE
6525,6270,8972,DISTANT
6526,3848,8717,CLOSE
6527,7513,8808,CASUAL
6528,666,4479,CASUAL
6529,8862,5099,CASUAL
6530,5935,3850,CASUAL
6531,3805,1152,DISTANT
6532,7126,952,DISTANT
6533,9162,8689,CLOSE
6534,5847,3363,DISTANT
6535,2012,4583,CASUAL
6536,7767,9189,CASUAL
6537,2109,6396,CASUAL
6538,2969,2371,CLOSE
6539,4819,6305,DISTANT
6540,8846,987,CLOSE
6541,218,8354,DISTANT
6542,440,622,DISTANT
6543,5798,8522,CASUAL
6544,3049,5094,CLOSE
6545,8140,7822,DISTANT
6546,1339,8090,CLOSE
6547,1045,8890,DISTANT
6548,9229,7622,CLOSE
6549,7429,2915,DISTANT
6550,3468,4945,CLOSE
6551,8868,1583,CLOSE
6552,902,4724,CASUAL
6553,2182,2738,CASUAL
6554,3957,7508,CASUAL
6555,784,214,DISTANT
6556,5460,3634,CLOSE
6557,733,4091,DISTANT
6558,177,1310,CLOSE
6559,8929,2201,CLOSE
6560,8189,1601,CLOSE
6561,2139,6572,CASUAL
6562,5230,9684,CASUAL
6563,8846,4784,DISTANT
6564,4995,5583,CLOSE
6565,8268,814,CASUAL
6566,3982,8673,CLOSE
6567,6958,2645,CASUAL
6568,4173,4757,DISTANT
6569,9580,3210,CASUAL
6570,8377,4949,DISTANT
6571,5637,6270,DISTANT
6572,811,9166,DISTANT
6573,3199,302,CASUAL
6574,914,6191,CASUAL
6575,511,2312,CLOSE
6576,1989,5076,DISTANT
6577,7989,6200,CLOSE
6578,8625,7017,DISTANT
6579,4318,3556,CLOSE
6580,7223,4448,CLOSE
6581,1136,2944,CLOSE
6582,9256,7871,CASUAL
6583,4324,2857,DISTANT
6584,274,9784,DISTANT
6585,8071,3863,CASUAL
6586,9407,2682,CASUAL
6587,6403,2995,CLOSE
6588,151,7389,CLOSE
6589,8009,130,CASUAL
6590,3465,2004,CLOSE
6591,5000,3329,CLOSE
6592,7516,2653,CLOSE
6593,1303,4213,CASUAL
6594,8488,7487,CLOSE
6595,7627,8722,CASUAL
6596,520,6670,DISTANT
6597,3090,3520,CLOSE
6598,3217,4646,DISTANT
6599,5943,8793,CASUAL
6600,2184,5716,CASUAL
6601,8312,7447,CLOSE
6602,6865,6082,DISTANT
6603,9068,8847,DISTANT
6604,7744,7593,DISTANT
6605,4872,865,DISTANT
6606,6242,11,DISTANT
6607,8789,1427,CLOSE
6608,2587,7917,CASUAL
6609,5768,2586,CASUAL
6610,3950,3457,DISTANT
6611,251,4905,CLOSE
6612,6689,6873,CASUAL
6613,1274,3396,CLOSE
6614,706,8516,DISTANT
6615,3083,537,CASUAL
6616,3232,2051,CASUAL
6617,9051,7976,CLOSE
6618,2098,2089,CASUAL
6619,3189,1556,CLOSE
6620,4843,4107,CLOSE
6621,9306,4375,DISTANT
6622,4422,2964,DISTANT
6623,1465,6370,DISTANT
6624,9362,9971,CASUAL
6625,4912,7555,CLOSE
6626,3823,5109,DISTANT
6627,4733,7155,CASUAL
6628,6403,5956,CASUAL
6629,1319,3734,CLOSE
6630,8671,8987,CLOSE
6631,8696,162,CASUAL
6632,2585,1956,DISTANT
6633,7785,7867,DISTANT
6634,124,8153,CLOSE
6635,5163,890,CASUAL
6636,2003,8437,CASUAL
6637,414,1424,DISTANT
6638,8346,2156,CLOSE
6639,6275,5235,CLOSE
6640,4104,1116,CASUAL
6641,3189,6580,CLOSE
6642,5302,3600,CLOSE
6643,9269,4891,CASUAL
6644,6038,8370,DISTANT
6645,3371,6936,CLOSE
6646,7404,2762,DISTANT
6647,2991,7263,DISTANT
6648,9545,6982,CLOSE
6649,7188,6828,DISTANT
6650,4899,9438,CASUAL
6651,3943,8399,CASUAL
6652,738,2074,CASUAL
6653,9308,8799,DISTANT
6654,9475,3011,CLOSE
6655,6786,3416,DISTANT
6656,6180,7353,DISTANT
6657,3044,2718,DISTANT
6658,3907,2619,CASUAL
6659,4912,2917,DISTANT
6660,6121,9970,CASUAL
6661,996,7113,DISTANT
6662,4949,5922,DISTANT
6663,3893,1728,CASUAL
6664,2762,3562,CLOSE
6665,7231,6161,CASUAL
6666,4936,3905,DISTANT
6667,1839,2134,CASUAL
6668,3437,6196,CLOSE
6669,5083,1498,CLOSE
6670,8736,5667,CLOSE
6671,3049,5729,CASUAL
6672,7083,7043,DISTANT
6673,4628,1268,CLOSE
6674,3251,9193,CASUAL
6675,2457,4073,CASUAL
6676,8235,9796,DISTANT
6677,2019,7389,CASUAL
6678,1893,5202,CASUAL
6679,3871,6998,DISTANT
6680,7292,8033,CLOSE
6681,7369,4992,CLOSE
6682,3917,5825,DISTANT
6683,411,4672,DISTANT
6684,5772,5436,CASUAL
6685,4862,7436,DISTANT
6686,6762,2313,CASUAL
6687,7822,2515,CLOSE
6688,6680,696,CLOSE
6689,5986,3149,CLOSE
6690,8407,9672,CLOSE
6691,7043,4641,CASUAL
6692,7665,9872,CLOSE
6693,7922,1115,CLOSE
6694,1782,3818,DISTANT
6695,9851,5122,DISTANT
6696,3242,3836,CASUAL
6697,8577,2837,CASUAL
6698,9441,9804,CLOSE
6699,607,9852,DISTANT
6700,3108,3230,CLOSE
6701,1514,6576,DISTANT
6702,3792,7101,DISTANT
6703,6154,595,CLOSE
6704,1782,5940,DISTANT
6705,657,110,CLOSE
6706,8524,2649,CLOSE
6707,9180,7955,CLOSE
6708,4607,380,CASUAL
6709,9536,3929,DISTANT
6710,9504,8442,CASUAL
6711,173,3277,CLOSE
6712,1310,6642,DISTANT
6713,7650,3319,DISTANT
6714,8661,7407,CASUAL
6715,1421,6879,CASUAL
6716,5113,6973,CLOSE
6717,5613,6472,CASUAL
6718,6495,3277,DISTANT
6719,5669,5789,CASUAL
6720,1373,9095,CASUAL
6721,1339,3573,CASUAL
6722,3583,2728,DISTANT
6723,3598,3564,DISTANT
6724,623,2246,CLOSE
6725,7257,5959,CASUAL
6726,6969,7987,CLOSE
6727,2385,3441,DISTANT
6728,2937,3165,DISTANT
6729,5818,3612,DISTANT
6730,6605,1909,CASUAL
6731,1082,3654,CASUAL
6732,8135,2896,DISTANT
6733,9516,6773,DISTANT
6734,7636,5011,CLOSE
6735,906,3356,CLOSE
6736,9581,9085,CASUAL
6737,7745,3189,CLOSE
6738,5478,7147,DISTANT
6739,4880,2030,CASUAL
6740,6332,5549,CASUAL
6741,3207,944,CASUAL
6742,6554,3385,CLOSE
6743,2660,5039,CLOSE
6744,1782,9046,CLOSE
6745,150,8246,DISTANT
6746,2230,5610,CASUAL
6747,3782,1417,CLOSE
6748,8336,3685,CLOSE
6749,842,4819,CLOSE
6750,6153,3207,DISTANT
6751,8579,7312,CASUAL
6752,3067,1324,CLOSE
6753,7202,4567,DISTANT
6754,4085,4473,CASUAL
6755,5707,8177,CASUAL
6756,3917,2722,CLOSE
6757,5349,7172,CASUAL
6758,7451,7615,DISTANT
6759,518,7612,DISTANT
6760,897,6597,CLOSE
6761,2386,7649,DISTANT
6762,5470,4903,CLOSE
6763,2868,232,CLOSE
6764,876,3991,CLOSE
6765,3748,3315,CLOSE
6766,4107,7157,CLOSE
6767,3784,2167,CLOSE
6768,7512,8831,CASUAL
6769,6426,1370,DISTANT
6770,5619,3724,CASUAL
6771,1865,8523,DISTANT
6772,2761,4107,CLOSE
6773,7555,8555,CASUAL
6774,799,9460,CLOSE
6775,7582,2143,CASUAL
6776,8056,9027,CASUAL
6777,3607,1315,DISTANT
6778,3885,7155,CLOSE
6779,1350,776,CLOSE
6780,1328,8749,CLOSE
6781,2372,9202,DISTANT
6782,7284,3257,DISTANT
6783,383,126,DISTANT
6784,5734,6629,CLOSE
6785,6482,1057,CASUAL
6786,9213,5632,CLOSE
6787,9343,8702,CASUAL
6788,7087,2134,CLOSE
6789,307,4493,CASUAL
6790,9316,2142,DISTANT
6791,960,297,CLOSE
6792,7063,7095,CASUAL
6793,1701,6963,DISTANT
6794,4418,9695,DISTANT
6795,9939,6365,DISTANT
6796,6435,8882,CASUAL
6797,3394,6134,CLOSE
6798,5736,687,CASUAL
6799,4275,475,DISTANT
6800,5803,3678,DISTANT
6801,7201,7910,CASUAL
6802,8977,9813,DISTANT
6803,8108,8507,CLOSE
6804,1859,4154,CASUAL
6805,9370,6983,CLOSE
6806,2844,1712,DISTANT
6807,1329,9881,CASUAL
6808,4057,2092,DISTANT
6809,8660,1770,CASUAL
6810,5180,5480,CLOSE
6811,1769,1580,CASUAL
6812,4987,1417,CLOSE
6813,583,4594,CASUAL
6814,3598,9062,CLOSE
6815,7143,6670,CLOSE
6816,1319,8133,DISTANT
6817,5362,2947,CASUAL
6818,7002,5753,CLOSE
6819,6979,1961,CASUAL
6820,282,3896,DISTANT
6821,2288,8895,CASUAL
6822,5852,6797,CLOSE
6823,4115,4563,CASUAL
6824,9233,8690,CLOSE
6825,6988,6546,CASUAL
6826,4227,9470,CLOSE
6827,190,9883,CLOSE
6828,8356,6485,DISTANT
6829,6146,5359,CLOSE
6830,9591,3162,DISTANT
6831,7648,8542,CASUAL
6832,3479,914,DISTANT
6833,4723,5340,CLOSE
6834,2461,4093,CASUAL
6835,6964,3984,CLOSE
6836,8170,5650,CLOSE
6837,1558,3067,CLOSE
6838,5192,2093,CLOSE
6839,2665,1159,CLOSE
6840,732,188,DISTANT
6841,2698,7521,DISTANT
6842,862,4281,CASUAL
6843,7375,3352,DISTANT
6844,9017,6115,DISTANT
6845,6682,1971,DISTANT
6846,6179,6554,CLOSE
6847,5913,4909,CLOSE
6848,1852,4288,DISTANT
6849,4329,5459,CASUAL
6850,1306,1830,CLOSE
6851,7413,716,DISTANT
6852,611,4494,CLOSE
6853,2335,2554,CLOSE
6854,6502,1854,DISTANT
6855,3862,4024,DISTANT
6856,9593,5009,DISTANT
6857,8500,3948,CASUAL
6858,3775,8307,DISTANT
6859,3345,6677,CASUAL
6860,1107,3325,CASUAL
6861,4597,4997,CASUAL
6862,8846,3856,CLOSE
6863,5056,8059,DISTANT
6864,1434,2912,DISTANT
6865,9665,5806,CASUAL
6866,2281,16,DISTANT
6867,3444,6128,CLOSE
6868,896,9516,CASUAL
6869,9458,3012,CLOSE
6870,5264,6620,DISTANT
6871,5629,7811,CASUAL
6872,6188,2624,CLOSE
6873,4287,6849,CLOSE
6874,3412,524,CASUAL
6875,4288,1946,CLOSE
6876,1977,6903,CASUAL
6877,9493,7016,DISTANT
6878,7199,8829,DISTANT
6879,4468,1831,CASUAL
6880,2216,1060,CASUAL
6881,3114,4462,CLOSE
6882,8636,7058,CASUAL
6883,5412,3231,CLOSE
6884,8147,7015,CLOSE
6885,7685,7816,CASUAL
6886,7709,1686,DISTANT
6887,9976,5118,CLOSE
6888,219,6119,DISTANT
6889,5350,7530,CASUAL
6890,6398,4963,CLOSE
6891,122,4796,CASUAL
6892,7571,2174,CLOSE
6893,5499,3589,CASUAL
6894,1947,8518,CLOSE
6895,7200,3618,CLOSE
6896,6255,1230,CLOSE
6897,1806,645,CASUAL
6898,7710,1624,CLOSE
6899,1939,3045,DISTANT
6900,2107,9603,DISTANT
6901,6529,1974,CLOSE
6902,6073,7828,DISTANT
6903,8615,7936,DISTANT
6904,9717,9791,DISTANT
6905,3157,657,DISTANT
6906,3746,2187,DISTANT
6907,3409,8228,DISTANT
6908,4894,3045,CASUAL
6909,7453,6328,CLOSE
6910,7499,6978,CLOSE
6911,3974,5844,CLOSE
6912,5682,7907,DISTANT
6913,7782,1518,CLOSE
6914,9202,67,DISTANT
6915,5105,4033,CASUAL
6916,2455,5954,DISTANT
6917,7032,6055,CASUAL
6918,2389,637,CLOSE
6919,8225,9035,DISTANT
6920,4615,6327,DISTANT
6921,6086,5588,CLOSE
6922,7761,3214,DISTANT
6923,2075,7530,CASUAL
6924,9066,6951,DISTANT
6925,8813,5494,DISTANT
6926,3322,8746,DISTANT
6927,978,6289,DISTANT
6928,7814,7631,CASUAL
6929,1132,1336,CLOSE
6930,3273,9057,CLOSE
6931,8139,679,CASUAL
6932,445,6700,CLOSE
6933,6849,7949,DISTANT
6934,2829,1096,CLOSE
6935,1145,6130,DISTANT
6936,3600,7148,CLOSE
6937,444,970,CASUAL
6938,3840,2114,DISTANT
6939,6884,8121,CLOSE
6940,1752,2322,DISTANT
6941,2769,8109,CLOSE
6942,9674,3500,CASUAL
6943,6086,4784,CASUAL
6944,8955,4845,CASUAL
6945,9830,7917,CLOSE
6946,5967,1794,DISTANT
6947,6800,8259,CASUAL
6948,2157,6394,DISTANT
6949,3746,3610,CLOSE
6950,13,3552,CLOSE
6951,2529,3197,CLOSE
6952,4218,5647,CLOSE
6953,1517,7109,CASUAL
6954,9956,6442,DISTANT
6955,3758,3633,CASUAL
6956,539,1424,CASUAL
6957,4905,7957,DISTANT
6958,2145,6177,CASUAL
6959,5524,4846,CLOSE
6960,111,8617,DISTANT
6961,6248,2089,CASUAL
6962,8409,9781,CASUAL
6963,4104,3277,DISTANT
6964,6149,7096,CLOSE
6965,3216,5997,CLOSE
6966,2663,420,DISTANT
6967,17,7995,CLOSE
6968,2727,5886,CASUAL
6969,5344,9133,CLOSE
6970,5895,5074,DISTANT
6971,1670,513,DISTANT
6972,8414,6782,CASUAL
6973,6299,9328,CASUAL
6974,6185,9566,CLOSE
6975,6575,3274,CASUAL
6976,6761,7945,CASUAL
6977,4619,2620,DISTANT
6978,458,4703,DISTANT
6979,7683,1789,CASUAL
6980,778,1067,CLOSE
6981,8068,7180,DISTANT
6982,2300,2763,CLOSE
6983,3944,8457,CASUAL
6984,3215,2197,CLOSE
6985,8271,3166,DISTANT
6986,9203,593,DISTANT
6987,5351,5653,CASUAL
6988,6449,5235,CLOSE
6989,7500,2596,CLOSE
6990,245,528,DISTANT
6991,8292,1912,DISTANT
6992,2438,9497,CASUAL
6993,5735,6347,CLOSE
6994,3353,6629,DISTANT
6995,5967,7893,CLOSE
6996,8032,6441,CASUAL
6997,6692,356,DISTANT
6998,2237,5972,CLOSE
6999,3900,7261,CLOSE
7000,2001,6730,CLOSE
7001,2893,51,CLOSE
7002,5008,4878,CLOSE
7003,1833,1048,DISTANT
7004,457,3008,CASUAL
7005,8346,5620,CLOSE
7006,2425,4674,CASUAL
7007,481,369,CASUAL
7008,8195,2640,DISTANT
7009,319,6637,DISTANT
7010,9122,1886,DISTANT
7011,3893,425,CLOSE
7012,6866,7323,CASUAL
7013,8065,5523,CLOSE
7014,7375,2256,DISTANT
7015,6694,1870,DISTANT
7016,603,3100,CLOSE
7017,5869,9751,DISTANT
7018,6565,4381,CASUAL
7019,5607,4575,CASUAL
7020,6286,9387,CASUAL
7021,3200,6611,CLOSE
7022,5376,1265,DISTANT
7023,8297,34,CASUAL
7024,7198,9476,CASUAL
7025,4892,2120,CLOSE
7026,646,2461,CLOSE
7027,4130,7050,DISTANT
7028,9672,2743,CASUAL
7029,3448,6797,CLOSE
7030,2637,8876,CASUAL
7031,3484,2935,CASUAL
7032,3036,4899,CLOSE
7033,8265,2200,DISTANT
7034,3766,6297,CLOSE
7035,6395,3542,CLOSE
7036,7366,4459,DISTANT
7037,1882,1751,CASUAL
7038,3586,6875,CLOSE
7039,640,8720,DISTANT
7040,239,3968,CLOSE
7041,1936,7457,DISTANT
7042,1700,7550,CLOSE
7043,5213,9876,DISTANT
7044,8237,3085,CASUAL
7045,8947,6960,CLOSE
7046,9666,972,DISTANT
7047,6542,5493,CASUAL
7048,9148,9129,DISTANT
7049,2634,4772,CLOSE
7050,6736,6182,CASUAL
7051,8577,8597,CLOSE
7052,9332,7550,CASUAL
7053,1375,2548,CLOSE
7054,4617,5126,DISTANT
7055,3574,2541,DISTANT
7056,7431,6133,CASUAL
7057,7548,1719,CLOSE
7058,3906,7893,CASUAL
7059,7828,314,CASUAL
7060,6973,3895,DISTANT
7061,1915,8393,CLOSE
7062,1489,1784,DISTANT
7063,3268,5224,CLOSE
7064,7977,3693,DISTANT
7065,5033,571,CASUAL
7066,2223,9955,DISTANT
7067,9812,8351,CASUAL
7068,7437,2401,CLOSE
7069,343,6881,CLOSE
7070,655,7518,CASUAL
7071,3526,4495,CASUAL
7072,1721,9402,CLOSE
7073,5139,875,CLOSE
7074,3110,7181,CLOSE
7075,6314,7470,CLOSE
7076,6392,2108,CASUAL
7077,7103,9209,CASUAL
7078,2333,4718,DISTANT
7079,2704,5478,DISTANT
7080,9720,3614,CASUAL
7081,3666,2029,CLOSE
7082,9754,809,DISTANT
7083,9065,3330,CASUAL
7084,7682,4922,CLOSE
7085,9475,1,CLOSE
7086,4974,2101,DISTANT
7087,5892,1438,DISTANT
7088,3058,2316,CASUAL
7089,4525,1776,CLOSE
7090,4047,5079,CASUAL
7091,7972,9992,CLOSE
7092,4104,8544,DISTANT
7093,5413,6816,CASUAL
7094,9873,3052,DISTANT
7095,4578,117,CLOSE
7096,2109,8723,CASUAL
7097,9750,9144,CLOSE
7098,2503,5607,CASUAL
7099,5728,604,CASUAL
7100,1534,7616,DISTANT
7101,3531,3452,DISTANT
7102,2517,5716,CLOSE
7103,1586,2897,DISTANT
7104,9836,8448,DISTANT
7105,3278,6822,DISTANT
7106,6967,9213,DISTANT
7107,8800,6408,CASUAL
7108,8478,4954,CLOSE
7109,7364,5769,DISTANT
7110,7026,2130,CLOSE
7111,4381,2433,CLOSE
7112,7760,9663,DISTANT
7113,5539,7904,DISTANT
7114,5382,1786,CLOSE
7115,3287,8567,CASUAL
7116,2699,851,DISTANT
7117,6550,3342,DISTANT
7118,5697,7209,CLOSE
7119,4422,4825,DISTANT
7120,6005,2225,CLOSE
7121,9189,7879,CLOSE
7122,2150,5043,CASUAL
7123,9483,6072,DISTANT
7124,756,9753,DISTANT
7125,380,2606,CLOSE
7126,8532,8979,CASUAL
7127,3825,7194,DISTANT
7128,8725,7150,CLOSE
7129,7515,5102,CLOSE
7130,1979,8654,CLOSE
7131,9800,7522,DISTANT
7132,9271,5117,DISTANT
7133,5227,4986,CLOSE
7134,8261,617,CASUAL
7135,7791,4086,CASUAL
7136,3777,4279,DISTANT
7137,8622,2285,CASUAL
7138,6905,1704,DISTANT
7139,79,6490,CASUAL
7140,1680,3220,DISTANT
7141,5480,5409,CASUAL
7142,856,3717,DISTANT
7143,3076,1962,CASUAL
7144,3790,9795,CLOSE
7145,3950,2744,DISTANT
7146,5572,6702,DISTANT
7147,2879,248,DISTANT
7148,1008,259,CASUAL
7149,9949,4605,DISTANT
7150,7728,1248,CLOSE
7151,1530,2371,CLOSE
7152,721,2286,CASUAL
7153,4745,5369,CLOSE
7154,6362,6090,CLOSE
7155,3426,6616,CLOSE
7156,5820,3841,DISTANT
7157,1924,1140,CLOSE
7158,530,3096,CLOSE
7159,4051,1674,CLOSE
7160,1433,6013,DISTANT
7161,1353,6657,DISTANT
7162,9982,6848,DISTANT
7163,3508,1635,CASUAL
7164,5532,4052,DISTANT
7165,1777,8566,DISTANT
7166,4779,4587,CASUAL
7167,8085,3637,CLOSE
7168,6442,9477,DISTANT
7169,4229,8060,CASUAL
7170,9773,5772,CASUAL
7171,7832,3309,CASUAL
7172,3412,6034,CLOSE
7173,4139,4910,DISTANT
7174,8104,3879,DISTANT
7175,162,5643,CASUAL
7176,6036,9941,CLOSE
7177,9695,8401,CASUAL
7178,4870,1293,CASUAL
7179,5014,6226,CASUAL
7180,6771,5399,CASUAL
7181,6836,4404,CLOSE
7182,3767,745,DISTANT
7183,9599,1245,CASUAL
7184,6504,311,CASUAL
7185,1470,9372,CLOSE
7186,8870,9956,CLOSE
7187,9386,4516,DISTANT
7188,4429,7185,CLOSE
7189,1341,9466,CLOSE
7190,5639,2189,CASUAL
7191,4564,727,DISTANT
7192,2202,5295,CLOSE
7193,2275,9399,CLOSE
7194,5283,9404,DISTANT
7195,7499,6011,CASUAL
7196,5361,2770,CLOSE
7197,1431,1524,CASUAL
7198,708,333,CASUAL
7199,8862,7702,DISTANT
7200,2100,4655,CASUAL
7201,7447,8668,CLOSE
7202,3142,2206,DISTANT
7203,7582,3824,CASUAL
7204,5857,6404,DISTANT
7205,4503,527,CLOSE
7206,8720,6757,CLOSE
7207,4829,516,DISTANT
7208,6449,9674,CLOSE
7209,1935,219,DISTANT
7210,7914,5228,CLOSE
7211,6506,7542,DISTANT
7212,5539,4209,CLOSE
7213,480,9653,DISTANT
7214,1655,766,CLOSE
7215,2932,6751,DISTANT
7216,9891,6826,CLOSE
7217,9394,345,DISTANT
7218,5219,6824,DISTANT
7219,8138,8058,CASUAL
7220,5070,1846,DISTANT
7221,4681,9297,CLOSE
7222,93,1325,CLOSE
7223,2377,1586,DISTANT
7224,690,7879,DISTANT
7225,7624,4571,CLOSE
7226,3614,8561,DISTANT
7227,4973,3671,CASUAL
7228,4471,5115,DISTANT
7229,111,1825,CASUAL
7230,2193,9743,DISTANT
7231,7831,5036,CLOSE
7232,5926,1059,DISTANT
7233,8183,4035,DISTANT
7234,3540,6836,DISTANT
7235,5124,3131,CLOSE
7236,9518,1841,CASUAL
7237,2485,584,DISTANT
7238,6543,8640,CASUAL
7239,953,4540,CASUAL
7240,7956,790,CLOSE
7241,2587,9567,DISTANT
7242,162,1438,CLOSE
7243,4204,9110,CLOSE
7244,9878,9809,CLOSE
7245,665,8286,DISTANT
7246,5533,7103,CLOSE
7247,9461,1,CASUAL
7248,8275,6279,DISTANT
7249,3121,7087,CASUAL
7250,9255,7428,DISTANT
7251,6646,2289,CASUAL
7252,5706,1144,DISTANT
7253,1275,3238,CASUAL
7254,1199,5641,CLOSE
7255,6967,3867,CASUAL
7256,4995,5548,CLOSE
7257,5022,1889,CASUAL
7258,4836,5338,CASUAL
7259,3832,6692,CASUAL
7260,465,7390,DISTANT
7261,3763,6712,DISTANT
7262,4821,9280,CASUAL
7263,4741,3727,CLOSE
7264,3200,1534,CASUAL
7265,3939,1957,DISTANT
7266,5200,2022,CASUAL
7267,7716,3247,CLOSE
7268,5025,4865,CLOSE
7269,6073,1123,CASUAL
7270,7300,9966,CLOSE
7271,1259,6818,CLOSE
7272,515,7512,CASUAL
7273,2059,6991,CLOSE
7274,7973,4121,CLOSE
7275,7116,770,DISTANT
7276,9823,2960,CASUAL
7277,1640,9738,CASUAL
7278,7273,9978,DISTANT
7279,5752,5264,CASUAL
7280,8441,6566,DISTANT
7281,4806,329,CASUAL
7282,7004,9531,DISTANT
7283,8598,5301,CASUAL
7284,4003,845,DISTANT
7285,1093,7330,DISTANT
7286,9411,6861,DISTANT
7287,2744,771,DISTANT
7288,7355,5569,DISTANT
7289,1000,1512,CASUAL
7290,9322,2702,CLOSE
7291,2454,1060,CASUAL
7292,8381,676,CLOSE
7293,9644,8730,DISTANT
7294,8445,1015,CASUAL
7295,4418,906,CLOSE
7296,4568,3349,CLOSE
7297,8767,4322,CASUAL
7298,9148,4405,CLOSE
7299,1556,6725,CLOSE
7300,1022,9206,DISTANT
7301,1051,4956,CASUAL
7302,4347,3660,DISTANT
7303,3251,9808,CLOSE
7304,1066,338,CASUAL
7305,2807,4966,CASUAL
7306,3291,289,CLOSE
7307,3822,5522,CASUAL
7308,2786,6885,CASUAL
7309,3577,3915,DISTANT
7310,9384,4322,DISTANT
7311,2595,2869,CASUAL
7312,8070,485,CASUAL
7313,7833,2083,CASUAL
7314,8735,5555,CASUAL
7315,4164,8330,DISTANT
7316,7408,1155,DISTANT
7317,7014,5030,CASUAL
7318,5299,2661,CASUAL
7319,8310,5625,DISTANT
7320,4103,5763,DISTANT
7321,7518,5857,DISTANT
7322,8405,938,CASUAL
7323,8041,5207,CLOSE
7324,6484,4528,DISTANT
7325,5252,1226,CLOSE
7326,3717,5638,DISTANT
7327,372,5207,DISTANT
7328,6865,6565,CLOSE
7329,3273,8064,CLOSE
7330,5463,6622,CASUAL
7331,7727,8734,DISTANT
7332,6319,5739,DISTANT
7333,4099,8771,CASUAL
7334,335,3579,CLOSE
7335,6522,2440,DISTANT
7336,7607,7198,CLOSE
7337,5076,3487,DISTANT
7338,5177,5716,DISTANT
7339,4574,3286,CLOSE
7340,6831,8420,CLOSE
7341,367,4657,DISTANT
7342,590,8958,DISTANT
7343,5406,8876,CLOSE
7344,8869,8227,CLOSE
7345,4592,2585,CASUAL
7346,676,6831,CLOSE
7347,1163,3818,CASUAL
7348,7604,1777,CASUAL
7349,9794,5666,CLOSE
7350,6614,8664,CASUAL
7351,8185,5194,CASUAL
7352,8104,2774,CASUAL
7353,4653,6161,CLOSE
7354,1338,5255,CASUAL
7355,3233,8326,CASUAL
7356,2322,2570,CLOSE
7357,20,697,DISTANT
7358,5718,1626,CASUAL
7359,1562,9389,DISTANT
7360,9627,6036,CASUAL
7361,8506,975,CLOSE
7362,4100,4091,CLOSE
7363,9626,1840,CASUAL
7364,3861,8802,CASUAL
7365,1040,5495,CLOSE
7366,6818,6961,DISTANT
7367,461,2073,DISTANT
7368,9532,8556,CASUAL
7369,7942,7477,CASUAL
7370,2468,9883,CLOSE
7371,8912,2598,CASUAL
7372,198,3838,DISTANT
7373,3973,3536,CASUAL
7374,1746,1433,CASUAL
7375,3374,9605,DISTANT
7376,3963,5462,CLOSE
7377,5447,7882,CLOSE
7378,3338,2171,CASUAL
7379,2957,9473,CASUAL
7380,8450,2578,CLOSE
7381,2849,8041,CASUAL
7382,6821,1662,DISTANT
7383,2695,6598,CLOSE
7384,9896,3175,DISTANT
7385,7271,4068,DISTANT
7386,2547,2275,DISTANT
7387,5923,1207,CASUAL
7388,6137,7737,CASUAL
7389,7356,8987,CLOSE
7390,5860,8596,CLOSE
7391,3,8796,CLOSE
7392,974,3777,CASUAL
7393,5341,701,CLOSE
7394,4824,5442,DISTANT
7395,8317,3619,CASUAL
7396,2517,8492,DISTANT
7397,485,5327,CASUAL
7398,2819,8562,CASUAL
7399,3499,3957,DISTANT
7400,3924,3479,CLOSE
7401,8232,1463,CASUAL
7402,4752,8234,CLOSE
7403,6369,5435,CASUAL
7404,1573,6259,CLOSE
7405,8166,148,CLOSE
7406,9103,3104,DISTANT
7407,1064,8154,CLOSE
7408,7661,3596,CASUAL
7409,6331,3374,CLOSE
7410,7301,1802,CASUAL
7411,6421,3055,CASUAL
7412,4429,1925,DISTANT
7413,6,9837,CASUAL
7414,6039,7011,DISTANT
7415,6148,6106,DISTANT
7416,3605,6240,CLOSE
7417,3707,4482,CLOSE
7418,6132,6635,CASUAL
7419,6330,2099,CASUAL
7420,8722,4118,CLOSE
7421,8713,6067,CASUAL
7422,6432,1495,CASUAL
7423,3028,9238,DISTANT
7424,7880,1610,CLOSE
7425,4802,2817,CASUAL
7426,1318,2406,CLOSE
7427,2710,1429,CLOSE
7428,1801,7123,CASUAL
7429,4254,3199,DISTANT
7430,3588,9756,CLOSE
7431,1399,3453,CASUAL
7432,2080,4275,CASUAL
7433,1091,9917,CASUAL
7434,4210,7429,CASUAL
7435,3726,9062,CASUAL
7436,5744,262,DISTANT
7437,6750,3493,CLOSE
7438,2165,1896,CASUAL
7439,1530,9022,CLOSE
7440,7337,6233,DISTANT
7441,2237,8716,DISTANT
7442,5022,806,CLOSE
7443,5322,4025,DISTANT
7444,4044,5361,CASUAL
7445,4647,3598,CASUAL
7446,2679,9221,DISTANT
7447,1310,2228,CLOSE
7448,3911,7806,CLOSE
7449,3524,9246,DISTANT
7450,711,9444,CASUAL
7451,9917,6682,CASUAL
7452,8699,364,CLOSE
7453,8790,2309,CASUAL
7454,2042,6941,CLOSE
7455,1180,5824,DISTANT
7456,4277,3329,DISTANT
7457,847,8860,DISTANT
7458,2926,386,DISTANT
7459,4718,2244,DISTANT
7460,6203,8019,CLOSE
7461,1575,8433,CLOSE
7462,6224,5888,CLOSE
7463,8220,3904,CLOSE
7464,1120,2684,CASUAL
7465,2162,6727,CLOSE
7466,8991,6364,CLOSE
7467,676,3934,CASUAL
7468,5469,8812,CLOSE
7469,7849,3808,DISTANT
7470,828,8388,CLOSE
7471,5750,4927,CLOSE
7472,8064,4209,DISTANT
7473,7815,5092,CASUAL
7474,5104,2751,CASUAL
7475,3159,8265,DISTANT
7476,1242,3699,CASUAL
7477,452,1520,CASUAL
7478,2238,3757,DISTANT
7479,9369,8557,CLOSE
7480,984,41,DISTANT
7481,9793,2697,DISTANT
7482,1438,5253,DISTANT
7483,2615,3905,DISTANT
7484,7874,8094,DISTANT
7485,8616,7873,CLOSE
7486,5031,235,CASUAL
7487,7573,2476,DISTANT
7488,1918,8135,CASUAL
7489,7403,8800,DISTANT
7490,2481,6797,CLOSE
7491,4978,7926,CLOSE
7492,5638,5604,DISTANT
7493,4331,1384,CASUAL
7494,1253,1640,CASUAL
7495,1055,549,CLOSE
7496,6359,4843,DISTANT
7497,1454,148,CASUAL
7498,2564,8417,CASUAL
7499,9198,4561,CASUAL
7500,6811,6881,CLOSE
7501,9365,1763,CLOSE
7502,3249,9043,CLOSE
7503,3503,7892,CASUAL
7504,2361,6681,CLOSE
7505,9522,751,CLOSE
7506,3824,6763,CASUAL
7507,7043,117,CASUAL
7508,7937,7284,DISTANT
7509,8326,8554,DISTANT
7510,4517,9051,CLOSE
7511,4902,4868,DISTANT
7512,213,5403,CLOSE
7513,1507,8855,CLOSE
7514,9753,3788,CLOSE
7515,4114,7345,DISTANT
7516,9613,4109,DISTANT
7517,1238,3107,CLOSE
7518,7237,5090,DISTANT
7519,6333,4590,CLOSE
7520,2606,2215,CASUAL
7521,6036,824,DISTANT
7522,9318,8648,DISTANT
7523,4306,9002,CLOSE
7524,6366,5270,CLOSE
7525,4979,4594,CASUAL
7526,8180,5857,DISTANT
7527,3561,4009,CASUAL
7528,4196,3583,CLOSE
7529,5004,436,CLOSE
7530,1265,7163,DISTANT
7531,8271,7192,CASUAL
7532,3561,271,CASUAL
7533,7928,5051,DISTANT
7534,1842,4951,CASUAL
7535,7788,5394,CLOSE
7536,857,5003,CASUAL
7537,6470,950,CLOSE
7538,211,3659,DISTANT
7539,4776,6351,CASUAL
7540,295,7266,DISTANT
7541,4679,7667,CLOSE
7542,2093,9408,CASUAL
7543,665,6460,CASUAL
7544,9996,2491,CLOSE
7545,6036,8145,CASUAL
7546,957,2786,DISTANT
7547,6750,648,CLOSE
7548,2534,8865,CLOSE
7549,8404,3153,DISTANT
7550,1881,9496,CLOSE
7551,9166,5295,DISTANT
7552,6280,6255,CLOSE
7553,7271,4236,CASUAL
7554,5618,5494,CLOSE
7555,9754,3124,CLOSE
7556,416,5559,DISTANT
7557,3912,4590,CASUAL
7558,9020,4362,DISTANT
7559,1213,9352,CLOSE
7560,6961,1643,DISTANT
7561,122,5644,DISTANT
7562,9254,9213,CASUAL
7563,3671,2219,CASUAL
7564,9592,3826,CASUAL
7565,8471,9093,CASUAL
7566,7708,9123,CASUAL
7567,7547,410,CLOSE
7568,8588,7147,CASUAL
7569,7596,9768,CLOSE
7570,3586,2683,DISTANT
7571,7496,3335,CLOSE
7572,9600,3160,DISTANT
7573,2073,5550,DISTANT
7574,9772,1141,DISTANT
7575,6943,6651,CASUAL
7576,1638,6902,CASUAL
7577,7415,6750,CLOSE
7578,6878,3445,DISTANT
7579,355,1311,DISTANT
7580,5072,4993,DISTANT
7581,7012,1753,DISTANT
7582,1516,9969,CASUAL
7583,955,9502,CLOSE
7584,5781,3492,CASUAL
7585,269,6965,CLOSE
7586,9848,4419,CLOSE
7587,1655,147,DISTANT
7588,7251,1370,CASUAL
7589,5958,7833,CASUAL
7590,7040,6718,CASUAL
7591,2518,4577,CLOSE
7592,3764,7820,CLOSE
7593,8055,9907,CASUAL
7594,2883,1499,DISTANT
7595,353,1728,CASUAL
7596,6072,4380,CLOSE
7597,2358,1655,CLOSE
7598,8314,1735,CLOSE
7599,8878,7773,DISTANT
7600,3722,310,CLOSE
7601,2019,491,DISTANT
7602,5308,6949,CASUAL
7603,2711,2949,CASUAL
7604,4799,6049,DISTANT
7605,5441,2723,CASUAL
7606,2058,5962,DISTANT
7607,2013,2923,CLOSE
7608,4418,6651,DISTANT
7609,4133,2950,DISTANT
7610,4989,4664,CASUAL
7611,9933,6101,CLOSE
7612,7312,8749,CASUAL
7613,2554,5251,DISTANT
7614,727,2684,CLOSE
7615,257,9579,DISTANT
7616,8770,7598,CASUAL
7617,1006,5755,CLOSE
7618,2946,2674,CLOSE
7619,7109,5292,DISTANT
7620,7566,5242,DISTANT
7621,6775,1668,CLOSE
7622,7920,4174,CASUAL
7623,3880,120,DISTANT
7624,8252,7632,DISTANT
7625,1552,8170,CLOSE
7626,5069,9284,CLOSE
7627,6621,2029,CASUAL
7628,8895,8288,CLOSE
7629,3833,7023,DISTANT
7630,4576,1514,DISTANT
7631,5838,9345,CLOSE
7632,8460,5886,CASUAL
7633,6015,827,CASUAL
7634,1332,2939,CLOSE
7635,9533,6878,CLOSE
7636,3155,7914,CASUAL
7637,9138,1977,CLOSE
7638,6137,6051,DISTANT
7639,3178,436,DISTANT
7640,5509,2450,DISTANT
7641,4856,1138,DISTANT
7642,6053,666,CASUAL
7643,7907,633,CLOSE
7644,5080,7253,CASUAL
7645,6229,3573,DISTANT
7646,1475,586,DISTANT
7647,2531,4528,CASUAL
7648,2349,6882,CLOSE
7649,7029,2063,DISTANT
7650,5671,2293,CASUAL
7651,3059,1780,CASUAL
7652,327,2493,CASUAL
7653,593,6723,DISTANT
7654,8310,131,DISTANT
7655,6495,5850,CLOSE
7656,7700,4482,CASUAL
7657,9746,6338,CASUAL
7658,5025,697,CASUAL
7659,7060,8805,CLOSE
7660,4881,579,CLOSE
7661,8175,9789,DISTANT
7662,6719,105,CLOSE
7663,422,2428,CASUAL
7664,6148,4242,CLOSE
7665,6855,653,CLOSE
7666,9000,9189,DISTANT
7667,5830,735,CLOSE
7668,3455,4387,CASUAL
7669,6630,6036,DISTANT
7670,2151,6198,CLOSE
7671,6593,3885,CASUAL
7672,9847,7291,CASUAL
7673,7741,1458,CASUAL
7674,4426,168,CLOSE
7675,4510,3514,CLOSE
7676,6670,8194,CASUAL
7677,7771,4163,DISTANT
7678,2640,7979,DISTANT
7679,6020,3978,CLOSE
7680,2932,5715,CASUAL
7681,814,8382,CASUAL
7682,301,9932,CLOSE
7683,844,687,CLOSE
7684,2956,4144,CASUAL
7685,9823,9777,CLOSE
7686,8734,9289,CASUAL
7687,9566,5881,DISTANT
7688,7709,2856,DISTANT
7689,9795,4738,CLOSE
7690,2218,189,CLOSE
7691,6689,4287,CLOSE
7692,9375,1794,CASUAL
7693,7483,4757,DISTANT
7694,7339,7684,DISTANT
7695,1175,4793,CLOSE
7696,6447,2298,CASUAL
7697,5626,1719,CASUAL
7698,5227,5542,DISTANT
7699,56,8174,DISTANT
7700,4596,1239,DISTANT
7701,7602,7530,CLOSE
7702,7832,2573,CLOSE
7703,1662,3933,CLOSE
7704,5785,727,CASUAL
7705,7972,4170,CLOSE
7706,4877,1172,CLOSE
7707,5929,9433,DISTANT
7708,3955,7270,DISTANT
7709,4441,8695,CLOSE
7710,6285,8309,CASUAL
7711,75,9750,CLOSE
7712,3422,299,CASUAL
7713,6344,8516,CLOSE
7714,8092,5304,CASUAL
7715,2161,5126,CASUAL
7716,2578,6828,CLOSE
7717,906,2900,CASUAL
7718,4679,9367,CASUAL
7719,3732,5573,CLOSE
7720,8289,6334,CASUAL
7721,6327,1695,CASUAL
7722,7012,3205,CLOSE
7723,3426,6024,DISTANT
7724,9506,8548,CLOSE
7725,7474,191,CASUAL
7726,4848,9509,CLOSE
7727,1637,6321,DISTANT
7728,4873,1823,DISTANT
7729,5559,4460,CLOSE
7730,7762,6706,CLOSE
7731,9457,3973,DISTANT
7732,9360,7342,CASUAL
7733,9614,2054,DISTANT
7734,7932,1857,CASUAL
7735,1718,4099,CASUAL
7736,895,1354,CASUAL
7737,1707,6802,CLOSE
7738,8058,1180,DISTANT
7739,1474,5557,CLOSE
7740,5021,702,DISTANT
7741,2145,7643,CLOSE
7742,6900,8491,CASUAL
7743,5614,6216,CASUAL
7744,4517,9495,CASUAL
7745,9440,3609,CASUAL
7746,5185,9114,DISTANT
7747,2313,6700,CASUAL
7748,8803,6714,DISTANT
7749,3194,7930,CASUAL
7750,3222,7481,DISTANT
7751,1844,9363,CASUAL
7752,1157,2165,CASUAL
7753,8076,2330,CLOSE
7754,4216,8947,DISTANT
7755,5551,1872,DISTANT
7756,9468,1479,CASUAL
7757,3828,5014,CASUAL
7758,910,9844,CLOSE
7759,2427,8464,DISTANT
7760,6952,7092,DISTANT
7761,2522,7956,CLOSE
7762,6411,6655,CASUAL
7763,3020,3384,DISTANT
7764,76,193,CLOSE
7765,2181,6006,CLOSE
7766,4745,6098,CLOSE
7767,3603,287,CLOSE
7768,6877,3198,CASUAL
7769,8154,1095,DISTANT
7770,4634,9964,DISTANT
7771,2455,6654,CLOSE
7772,3030,1985,DISTANT
7773,9839,5011,CASUAL
7774,8938,5830,CLOSE
7775,8123,2893,DISTANT
7776,4092,3530,DISTANT
7777,1345,886,DISTANT
7778,9684,6256,CLOSE
7779,4722,3289,CASUAL
7780,8819,7269,DISTANT
7781,219,2547,DISTANT
7782,8545,422,DISTANT
7783,7756,2147,DISTANT
7784,3357,58,DISTANT
7785,9535,4773,CLOSE
7786,1391,3492,DISTANT
7787,2974,2141,DISTANT
7788,5354,7097,CLOSE
7789,5745,8927,CASUAL
7790,4288,6677,CASUAL
7791,4150,191,CLOSE
7792,2960,578,CASUAL
7793,624,5351,CLOSE
7794,4724,7093,DISTANT
7795,8524,2468,DISTANT
7796,2059,7591,CASUAL
7797,9019,4262,CASUAL
7798,333,2971,CASUAL
7799,4127,9621,DISTANT
7800,7654,1261,CLOSE
7801,7876,4257,DISTANT
7802,9197,5244,CLOSE
7803,473,4371,CASUAL
7804,175,771,CLOSE
7805,6179,8760,DISTANT
7806,3982,7653,CLOSE
7807,8802,6089,CLOSE
7808,8831,9667,CASUAL
7809,8303,1127,DISTANT
7810,5540,3152,CASUAL
7811,3587,4388,CLOSE
7812,4790,2787,CLOSE
7813,9935,4570,CASUAL
7814,5440,4818,CASUAL
7815,3558,6538,CASUAL
7816,5909,4265,CASUAL
7817,3704,3154,CASUAL
7818,7539,5304,DISTANT
7819,6751,1119,CLOSE
7820,1520,3209,DISTANT
7821,4888,5429,CLOSE
7822,398,6040,CLOSE
7823,3251,5000,CLOSE
7824,1305,887,DISTANT
7825,7279,1019,CLOSE
7826,8838,6275,CLOSE
7827,9714,1011,DISTANT
7828,4347,6586,CLOSE
7829,2813,4345,CASUAL
7830,78,83,DISTANT
7831,3890,3344,CLOSE
7832,3213,7206,DISTANT
7833,9867,7167,CASUAL
7834,1026,7509,CASUAL
7835,8541,3939,DISTANT
7836,7180,7242,CASUAL
7837,6952,4524,CLOSE
7838,3386,4813,CLOSE
7839,7419,8970,CLOSE
7840,7111,7566,CASUAL
7841,3804,4268,CLOSE
7842,6721,9602,CLOSE
7843,1834,9993,DISTANT
7844,4065,4957,CLOSE
7845,4111,1506,CLOSE
7846,5219,7525,DISTANT
7847,8040,5005,CLOSE
7848,2035,4109,CLOSE
7849,2919,4440,CASUAL
7850,6269,6667,CLOSE
7851,3943,4168,CLOSE
7852,6884,1966,CASUAL
7853,2889,6532,CLOSE
7854,4560,7753,CLOSE
7855,2559,4226,CLOSE
7856,3837,9553,CASUAL
7857,9926,2343,DISTANT
7858,8943,9856,CASUAL
7859,8685,5539,CASUAL
7860,7948,4416,DISTANT
7861,4988,2807,CASUAL
7862,6898,3926,CLOSE
7863,3248,1474,CASUAL
7864,2625,5981,DISTANT
7865,4076,9174,CASUAL
7866,2903,1773,DISTANT
7867,5361,6655,CASUAL
7868,6375,8683,CLOSE
7869,8078,1180,CASUAL
7870,3028,7357,DISTANT
7871,626,7394,CASUAL
7872,5032,9652,DISTANT
7873,2044,1254,CASUAL
7874,1398,7097,CLOSE
7875,6674,5356,CLOSE
7876,3197,6932,DISTANT
7877,451,5182,DISTANT
7878,9320,87,CLOSE
7879,7879,5979,DISTANT
7880,7472,1571,DISTANT
7881,6361,5338,CLOSE
7882,4517,1818,DISTANT
7883,8689,6237,DISTANT
7884,2506,594,CASUAL
7885,5301,8313,DISTANT
7886,7259,3469,CASUAL
7887,37,5772,CLOSE
7888,6681,8867,CASUAL
7889,5012,9748,DISTANT
7890,9314,7613,DISTANT
7891,6643,4788,CASUAL
7892,6492,8308,CLOSE
7893,6547,8084,CLOSE
7894,9171,1646,CASUAL
7895,2414,2807,CASUAL
7896,5996,4696,CASUAL
7897,6599,143,DISTANT
7898,573,7270,DISTANT
7899,6707,1712,CASUAL
7900,209,2650,DISTANT
7901,9340,2129,CLOSE
7902,9034,2582,DISTANT
7903,1791,2210,DISTANT
7904,4598,1888,CASUAL
7905,438,7787,DISTANT
7906,7593,5556,CLOSE
7907,4791,3863,DISTANT
7908,6342,9413,CLOSE
7909,2016,9322,DISTANT
7910,8232,3453,DISTANT
7911,9863,710,CLOSE
7912,3837,8445,DISTANT
7913,8913,1949,CASUAL
7914,7485,8633,CASUAL
7915,4135,5096,DISTANT
7916,7643,4375,CASUAL
7917,5778,7611,CASUAL
7918,4785,5728,CASUAL
7919,1921,8372,CASUAL
7920,4156,1038,DISTANT
7921,133,8059,CASUAL
7922,4843,466,DISTANT
7923,1558,2249,CLOSE
7924,8096,4420,CLOSE
7925,382,1653,CASUAL
7926,5986,3950,DISTANT
7927,2611,395,CASUAL
7928,4942,5689,CASUAL
7929,562,3701,DISTANT
7930,9091,1402,DISTANT
7931,6794,1857,CLOSE
7932,5882,597,CASUAL
7933,3238,2103,CASUAL
7934,9562,5148,CLOSE
7935,7508,1896,DISTANT
7936,1607,2967,CLOSE
7937,6866,452,CASUAL
7938,6858,5985,DISTANT
7939,3571,7240,CLOSE
7940,4513,733,CLOSE
7941,8412,9524,CASUAL
7942,5374,239,CLOSE
7943,1158,1670,DISTANT
7944,1457,3236,CLOSE
7945,1530,4473,DISTANT
7946,6557,3491,DISTANT
7947,5484,8446,CLOSE
7948,9772,7142,DISTANT
7949,8373,8948,CASUAL
7950,9201,7590,DISTANT
7951,8323,8780,DISTANT
7952,2476,4492,CLOSE
7953,7732,6000,CASUAL
7954,4032,6267,CLOSE
7955,8843,6760,DISTANT
7956,5735,6345,DISTANT
7957,1124,6681,CLOSE
7958,9454,4071,CASUAL
7959,7672,8121,CASUAL
7960,5185,677,DISTANT
7961,4524,1431,CLOSE
7962,7991,9957,CASUAL
7963,815,5742,DISTANT
7964,2351,9303,DISTANT
7965,1498,6149,DISTANT
7966,368,1007,CLOSE
7967,8948,9549,CLOSE
7968,2603,8448,CLOSE
7969,4176,409,CLOSE
7970,4920,3892,CASUAL
7971,1453,2270,DISTANT
7972,1026,9590,CASUAL
7973,2526,4192,CASUAL
7974,5168,3780,CASUAL
7975,1998,8263,CLOSE
7976,2966,8707,CASUAL
7977,7955,7962,DISTANT
7978,1510,6853,DISTANT
7979,9902,801,CLOSE
7980,6087,7933,CASUAL
7981,5532,9216,CASUAL
7982,5171,5571,DISTANT
7983,1627,322,CASUAL
7984,2442,8098,CASUAL
7985,2789,3522,DISTANT
7986,7596,8876,CASUAL
7987,3056,2774,DISTANT
7988,8742,8432,DISTANT
7989,3599,9991,DISTANT
7990,2069,1039,CLOSE
7991,4562,9748,DISTANT
7992,9904,8729,CASUAL
7993,9711,2848,DISTANT
7994,3968,2077,CASUAL
7995,6781,8690,DISTANT
7996,344,920,CLOSE
7997,4302,8160,DISTANT
7998,8778,8206,CASUAL
7999,6743,2135,CASUAL
8000,5352,6456,CASUAL
8001,4907,6118,CASUAL
8002,5186,5946,CLOSE
8003,2286,134,DISTANT
8004,6991,4182,CASUAL
8005,3023,1239,CASUAL
8006,1925,9307,CLOSE
8007,9495,1313,DISTANT
8008,3004,2308,CASUAL
8009,3371,2067,DISTANT
8010,3859,8420,CLOSE
8011,7721,149,DISTANT
8012,9672,7030,CLOSE
8013,3530,3302,CASUAL
8014,3075,6296,CASUAL
8015,9516,4011,CLOSE
8016,2038,1514,CASUAL
8017,9001,8078,DISTANT
8018,8424,1897,CLOSE
8019,5377,9919,DISTANT
8020,6590,2204,CLOSE
8021,55,8991,CLOSE
8022,1576,5981,DISTANT
8023,8102,5748,CASUAL
8024,3017,6270,CLOSE
8025,2064,72,CASUAL
8026,6177,7188,DISTANT
8027,7384,3281,DISTANT
8028,4384,5747,DISTANT
8029,5389,3937,CLOSE
8030,3768,7865,CASUAL
8031,8301,1255,DISTANT
8032,4914,7827,DISTANT
8033,9485,8827,DISTANT
8034,9081,2896,CLOSE
8035,7230,4815,CLOSE
8036,7757,19,CLOSE
8037,3468,2017,CLOSE
8038,5855,9372,CLOSE
8039,4341,8415,DISTANT
8040,6783,6269,DISTANT
8041,5329,4931,CLOSE
8042,8600,6289,CASUAL
8043,6409,1915,DISTANT
8044,6596,285,CASUAL
8045,310,1584,DISTANT
8046,9241,9723,CLOSE
8047,629,3179,DISTANT
8048,8029,4954,DISTANT
8049,1470,3131,CASUAL
8050,8673,929,CLOSE
8051,1832,4590,CLOSE
8052,7593,231,DISTANT
8053,9306,5928,CASUAL
8054,4100,1847,DISTANT
8055,4166,3700,CLOSE
8056,3990,7099,CASUAL
8057,121,7617,CASUAL
8058,9313,8217,DISTANT
8059,8045,507,CLOSE
8060,7877,726,CLOSE
8061,5328,754,CASUAL
8062,5120,9234,CASUAL
8063,4517,5076,CLOSE
8064,8606,493,CLOSE
8065,3509,2126,DISTANT
8066,6331,4099,DISTANT
8067,5395,7290,CLOSE
8068,2299,6106,CLOSE
8069,7348,9766,CLOSE
8070,1514,1341,CASUAL
8071,2787,7768,CLOSE
8072,4732,342,CLOSE
8073,6715,2974,CLOSE
8074,4221,4809,CASUAL
8075,3351,7654,CLOSE
8076,4041,1010,CLOSE
8077,856,681,CASUAL
8078,4303,6839,DISTANT
8079,3884,8087,DISTANT
8080,1592,6583,DISTANT
8081,1224,3579,DISTANT
8082,5542,8482,DISTANT
8083,240,940,DISTANT
8084,2033,8851,DISTANT
8085,8000,5687,DISTANT
8086,9444,6650,CASUAL
8087,2641,6514,DISTANT
8088,6765,886,CLOSE
8089,7401,96,CLOSE
8090,4656,9594,CASUAL
8091,4375,6143,CLOSE
8092,297,1211,CLOSE
8093,4958,7270,CLOSE
8094,9404,4643,CASUAL
8095,254,3446,CASUAL
8096,3431,9090,CASUAL
8097,4795,3578,DISTANT
8098,5037,2664,CLOSE
8099,4938,563,CLOSE
8100,3130,2324,CASUAL
8101,702,9348,DISTANT
8102,2315,4405,CASUAL
8103,8296,4498,CLOSE
8104,6742,7130,CASUAL
8105,7804,9117,CASUAL
8106,4815,3645,DISTANT
8107,9993,8237,CASUAL
8108,4788,4303,DISTANT
8109,8796,1171,CLOSE
8110,1406,9553,CASUAL
8111,4765,4850,DISTANT
8112,272,9303,DISTANT
8113,3846,3176,DISTANT
8114,3068,6514,CLOSE
8115,9996,1688,CASUAL
8116,587,3491,CASUAL
8117,5869,7904,CASUAL
8118,7234,2364,CASUAL
8119,7513,3821,CLOSE
8120,8738,3959,DISTANT
8121,3711,2771,CLOSE
8122,8472,5619,CLOSE
8123,1325,564,CASUAL
8124,8474,5221,CLOSE
8125,7669,878,CLOSE
8126,1917,4778,CASUAL
8127,4751,9391,DISTANT
8128,5002,6764,CASUAL
8129,5931,5444,CASUAL
8130,608,5036,CLOSE
8131,506,2598,CASUAL
8132,7871,1030,DISTANT
8133,2398,9903,CLOSE
8134,3659,1135,DISTANT
8135,3105,8909,CASUAL
8136,3012,7110,CLOSE
8137,7895,1844,DISTANT
8138,4246,2539,CLOSE
8139,9183,5507,CASUAL
8140,9599,473,CLOSE
8141,6873,5765,CLOSE
8142,7062,7574,DISTANT
8143,7348,4470,CLOSE
8144,1079,8840,DISTANT
8145,1363,3587,DISTANT
8146,72,4857,DISTANT
8147,625,1627,CASUAL
8148,5808,4724,CASUAL
8149,1233,4812,CASUAL
8150,637,7803,DISTANT
8151,5436,7896,DISTANT
8152,9379,5468,CLOSE
8153,3149,8760,CLOSE
8154,2830,642,CASUAL
8155,6166,4197,DISTANT
8156,778,89,CLOSE
8157,6043,6493,CLOSE
8158,5562,5730,CLOSE
8159,2248,9492,DISTANT
8160,824,5711,CASUAL
8161,8936,313,DISTANT
8162,3214,4931,CASUAL
8163,7766,7442,DISTANT
8164,4550,5968,CASUAL
8165,4267,3219,DISTANT
8166,9305,9748,CLOSE
8167,2585,2025,CASUAL
8168,1278,9376,CLOSE
8169,3812,5958,DISTANT
8170,1820,5695,CASUAL
8171,9931,8024,CASUAL
8172,4204,5263,CLOSE
8173,5926,1071,CASUAL
8174,4394,1201,CLOSE
8175,8135,6218,CASUAL
8176,6838,2286,CASUAL
8177,5014,1559,CLOSE
8178,2554,2906,DISTANT
8179,2867,207,CLOSE
8180,5571,3112,DISTANT
8181,5394,2312,CLOSE
8182,9479,8332,DISTANT
8183,5293,7937,DISTANT
8184,5437,3050,CLOSE
8185,202,8595,CASUAL
8186,8416,3652,CASUAL
8187,4849,1907,CASUAL
8188,7742,930,CLOSE
8189,3051,2833,CLOSE
8190,2474,8437,DISTANT
8191,5222,3969,CLOSE
8192,6344,9693,DISTANT
8193,3860,9547,DISTANT
8194,5637,9998,CLOSE
8195,3187,731,DISTANT
8196,38,5003,CLOSE
8197,895,2779,DISTANT
8198,3736,9789,DISTANT
8199,9420,8509,CLOSE
8200,8415,8061,DISTANT
8201,6551,8278,DISTANT
8202,9784,5396,CASUAL
8203,733,5227,CLOSE
8204,2541,1107,DISTANT
8205,4272,9076,DISTANT
8206,9225,2431,CASUAL
8207,8598,6584,CASUAL
8208,5145,6927,DISTANT
8209,2971,6621,CLOSE
8210,2698,2445,CLOSE
8211,180,9387,CASUAL
8212,4702,3348,CLOSE
8213,973,3687,DISTANT
8214,6947,3314,CASUAL
8215,9338,796,CLOSE
8216,2105,3103,CLOSE
8217,5298,669,CASUAL
8218,4765,5434,DISTANT
8219,2257,691,DISTANT
8220,3405,5996,CASUAL
8221,5469,730,DISTANT
8222,4646,1406,DISTANT
8223,8434,8266,CLOSE
8224,2151,3018,CLOSE
8225,3309,3778,CLOSE
8226,983,9679,CASUAL
8227,6432,4485,CLOSE
8228,3316,9365,CASUAL
8229,5513,6105,CLOSE
8230,5640,909,DISTANT
8231,2042,4071,CLOSE
8232,5021,1846,CASUAL
8233,7339,8864,DISTANT
8234,5786,5370,DISTANT
8235,1700,2757,CLOSE
8236,542,5784,DISTANT
8237,9765,1546,DISTANT
8238,4715,3189,CASUAL
8239,1284,1980,CASUAL
8240,2138,2096,CASUAL
8241,3984,1842,CASUAL
8242,2821,1847,CLOSE
8243,2228,4949,CLOSE
8244,8437,8956,DISTANT
8245,9422,3851,CLOSE
8246,8115,3701,DISTANT
8247,8503,1590,DISTANT
8248,5368,5074,CLOSE
8249,758,6998,CLOSE
8250,195,8438,DISTANT
8251,1601,7772,CASUAL
8252,9560,1161,CLOSE
8253,1930,6097,CLOSE
8254,8868,6328,CASUAL
8255,2992,5378,CASUAL
8256,2029,9924,DISTANT
8257,4033,7100,DISTANT
8258,7990,501,DISTANT
8259,5734,6098,CASUAL
8260,3139,282,DISTANT
8261,4110,9307,DISTANT
8262,7628,2248,DISTANT
8263,3899,5981,CLOSE
8264,692,119,CLOSE
8265,1294,6692,CASUAL
8266,8485,25,CLOSE
8267,6631,2032,DISTANT
8268,7702,6620,CLOSE
8269,3332,450,CASUAL
8270,7229,7143,DISTANT
8271,9674,1325,CLOSE
8272,1933,6823,CASUAL
8273,9426,6611,DISTANT
8274,1914,9651,DISTANT
8275,4263,9638,DISTANT
8276,3314,7447,DISTANT
8277,9444,2667,DISTANT
8278,2693,214,CASUAL
8279,4908,2134,CLOSE
8280,3417,8723,CLOSE
8281,4184,779,CLOSE
8282,12,7160,DISTANT
8283,9640,33,CLOSE
8284,5725,4473,CLOSE
8285,6765,5234,CASUAL
8286,988,1153,CLOSE
8287,8751,4896,CASUAL
8288,6091,7502,CASUAL
8289,7976,3079,CASUAL
8290,3106,2536,CLOSE
8291,5440,3744,DISTANT
8292,39,9624,CASUAL
8293,7639,8872,DISTANT
8294,4070,1492,DISTANT
8295,100,3004,CASUAL
8296,2085,4772,CASUAL
8297,9911,5792,CLOSE
8298,8329,9000,CASUAL
8299,2758,3284,CLOSE
8300,3977,870,CASUAL
8301,8184,8494,CASUAL
8302,7724,5126,CASUAL
8303,8208,1294,CLOSE
8304,9373,2885,DISTANT
8305,4792,8055,CASUAL
8306,4953,9356,CLOSE
8307,3318,884,CLOSE
8308,5149,5501,CASUAL
8309,2167,934,CLOSE
8310,5589,8348,CLOSE
8311,9561,2840,CLOSE
8312,3685,909,DISTANT
8313,319,6437,CLOSE
8314,9392,580,CASUAL
8315,7917,5190,DISTANT
8316,7197,2404,CASUAL
8317,4691,3957,CLOSE
8318,9805,3584,DISTANT
8319,9669,1391,CASUAL
8320,3847,6626,CLOSE
8321,1702,5364,CLOSE
8322,2868,8323,DISTANT
8323,5928,9669,CLOSE
8324,855,4018,CLOSE
8325,7334,7068,CASUAL
8326,5118,7196,DISTANT
8327,6476,7486,CLOSE
8328,5732,9458,CLOSE
8329,416,203,CLOSE
8330,5076,8903,CASUAL
8331,830,3157,CASUAL
8332,547,1243,DISTANT
8333,1921,3332,DISTANT
8334,8526,5837,CLOSE
8335,8520,1907,CLOSE
8336,6233,6295,CASUAL
8337,4844,5590,CASUAL
8338,755,4633,CASUAL
8339,9771,8914,CASUAL
8340,6658,4835,CLOSE
8341,3391,1543,CASUAL
8342,2877,8528,CASUAL
8343,385,8057,CASUAL
8344,5778,5077,DISTANT
8345,5058,4586,CLOSE
8346,1374,9908,DISTANT
8347,5899,5408,DISTANT
8348,9709,1172,DISTANT
8349,4019,1752,CASUAL
8350,4366,9880,CASUAL
8351,0,9482,DISTANT
8352,9779,5719,DISTANT
8353,7613,1368,CLOSE
8354,6164,4642,CLOSE
8355,730,8304,DISTANT
8356,4298,701,CLOSE
8357,9439,4540,CLOSE
8358,5716,9778,DISTANT
8359,5342,1360,DISTANT
8360,4331,4500,CASUAL
8361,3107,6638,CLOSE
8362,2757,2587,CLOSE
8363,1860,7009,CASUAL
8364,72,3614,CLOSE
8365,5006,5757,DISTANT
8366,2423,315,CASUAL
8367,3484,6747,DISTANT
8368,87,4319,CLOSE
8369,1950,7181,DISTANT
8370,4816,5600,DISTANT
8371,9611,3533,CASUAL
8372,7512,6374,CLOSE
8373,9176,499,CLOSE
8374,8932,8638,DISTANT
8375,8373,4071,DISTANT
8376,6141,5648,DISTANT
8377,5989,8158,DISTANT
8378,5358,9583,DISTANT
8379,3328,6873,CLOSE
8380,3866,9763,CASUAL
8381,8959,7699,CLOSE
8382,3239,4128,CLOSE
8383,9898,1371,DISTANT
8384,8669,3229,CLOSE
8385,1862,1858,DISTANT
8386,6668,6424,CLOSE
8387,5380,7154,CASUAL
8388,3397,206,DISTANT
8389,9643,7498,DISTANT
8390,1107,7367,DISTANT
8391,5840,4040,CLOSE
8392,6823,7515,CASUAL
8393,49,8292,CLOSE
8394,6139,8887,DISTANT
8395,4499,2338,CASUAL
8396,1597,1671,DISTANT
8397,5860,8871,CLOSE
8398,8058,5357,CASUAL
8399,3606,2070,CLOSE
8400,7866,6566,DISTANT
8401,9336,5883,CLOSE
8402,9663,89,DISTANT
8403,4987,3222,CLOSE
8404,7599,981,DISTANT
8405,1171,8473,DISTANT
8406,2825,7188,CLOSE
8407,2448,7592,CASUAL
8408,3062,7216,DISTANT
8409,7193,4032,CLOSE
8410,7193,5285,CASUAL
8411,2802,6669,DISTANT
8412,7977,3014,CASUAL
8413,9105,2632,CASUAL
8414,9517,7355,CLOSE
8415,6312,6508,DISTANT
8416,2353,9313,CASUAL
8417,1699,4006,CLOSE
8418,3053,6972,DISTANT
8419,9473,6946,CASUAL
8420,8583,9750,CASUAL
8421,5788,749,DISTANT
8422,9912,7482,DISTANT
8423,1465,1042,CASUAL
8424,7944,6353,DISTANT
8425,6282,2427,CLOSE
8426,8682,9002,CLOSE
8427,9048,9038,CLOSE
8428,4987,733,DISTANT
8429,6128,3589,CASUAL
8430,2522,4629,CASUAL
8431,8641,6527,CLOSE
8432,8893,4284,DISTANT
8433,3896,4339,CLOSE
8434,606,4964,CLOSE
8435,8745,2790,CASUAL
8436,5932,2729,DISTANT
8437,5928,4920,CLOSE
8438,7920,3696,DISTANT
8439,1,8434,CLOSE
8440,785,6210,CASUAL
8441,8173,6909,CLOSE
8442,9745,3428,DISTANT
8443,7710,2292,CLOSE
8444,4841,9064,CLOSE
8445,2648,7519,CLOSE
8446,8598,1080,DISTANT
8447,8954,1183,DISTANT
8448,890,6353,CASUAL
8449,9481,6459,DISTANT
8450,5042,3939,DISTANT
8451,4023,3796,CASUAL
8452,3722,2353,CASUAL
8453,1826,3518,CLOSE
8454,5367,9613,DISTANT
8455,37,2193,CLOSE
8456,1500,6133,CASUAL
8457,9160,5602,CLOSE
8458,9579,7197,DISTANT
8459,2260,3011,CASUAL
8460,4193,9235,CLOSE
8461,3946,7424,CLOSE
8462,7007,2055,CLOSE
8463,5458,7001,CLOSE
8464,6066,4088,DISTANT
8465,2836,7045,CASUAL
8466,6831,4820,DISTANT
8467,632,6972,CLOSE
8468,4690,1182,CASUAL
8469,8296,264,CLOSE
8470,1613,6311,CASUAL
8471,3367,374,CASUAL
8472,7063,4315,DISTANT
8473,8069,7542,CLOSE
8474,3604,2506,CASUAL
8475,1013,6351,CLOSE
8476,9740,5540,CLOSE
8477,7461,5411,DISTANT
8478,2252,1276,DISTANT
8479,205,5910,CLOSE
8480,4055,7095,CASUAL
8481,2808,278,CLOSE
8482,4406,3924,DISTANT
8483,6805,3953,CASUAL
8484,869,1545,CASUAL
8485,9704,4413,DISTANT
8486,1424,1167,DISTANT
8487,31,3471,DISTANT
8488,2539,931,CLOSE
8489,8716,7329,CASUAL
8490,9295,9559,CASUAL
8491,898,9080,CLOSE
8492,3417,9622,CLOSE
8493,104,5461,DISTANT
8494,1547,1489,CLOSE
8495,4136,7956,DISTANT
8496,3202,3107,DISTANT
8497,6251,1442,DISTANT
8498,4031,6092,CASUAL
8499,3843,9750,CLOSE
8500,5271,3583,CASUAL
8501,4456,1594,CLOSE
8502,5947,6252,CLOSE
8503,9495,8287,DISTANT
8504,2050,6414,CASUAL
8505,6440,4047,CLOSE
8506,6841,9943,CLOSE
8507,1356,8978,CLOSE
8508,8993,8258,DISTANT
8509,3333,9251,CASUAL
8510,4924,6007,CASUAL
8511,1716,1954,CLOSE
8512,6110,6591,CASUAL
8513,6860,1690,CASUAL
8514,6204,468,CLOSE
8515,4011,6384,CLOSE
8516,6908,8911,DISTANT
8517,4862,5925,CLOSE
8518,6912,2475,CASUAL
8519,7081,817,CLOSE
8520,6045,4036,DISTANT
8521,3130,6499,DISTANT
8522,2626,5381,DISTANT
8523,7922,5858,CLOSE
8524,3449,4947,CLOSE
8525,9060,4781,CASUAL
8526,7057,8297,CLOSE
8527,8580,1953,CASUAL
8528,3150,5259,CLOSE
8529,8362,2193,CASUAL
8530,5048,4630,CLOSE
8531,2953,3447,DISTANT
8532,9921,9952,DISTANT
8533,1141,904,DISTANT
8534,7870,8301,CLOSE
8535,9402,3363,CLOSE
8536,5920,7916,CLOSE
8537,4202,63,CASUAL
8538,6494,9018,CLOSE
8539,5184,9099,CLOSE
8540,8651,6696,CLOSE
8541,3245,1352,DISTANT
8542,7124,6052,CASUAL
8543,8292,1929,DISTANT
8544,9283,7590,DISTANT
8545,9595,2209,CASUAL
8546,2920,86,CASUAL
8547,3747,5655,CASUAL
8548,7527,6815,DISTANT
8549,4500,82,DISTANT
8550,3830,6343,CASUAL
8551,1063,9146,DISTANT
8552,3493,504,CLOSE
8553,2503,2710,CLOSE
8554,2810,3637,DISTANT
8555,2281,2123,CASUAL
8556,3716,3749,CASUAL
8557,1314,2259,DISTANT
8558,1456,8404,DISTANT
8559,9808,7078,CASUAL
8560,4727,207,CASUAL
8561,1663,6967,DISTANT
8562,510,8772,DISTANT
8563,2836,471,DISTANT
8564,9510,7841,CLOSE
8565,7844,5720,DISTANT
8566,9387,7378,CLOSE
8567,2837,9860,CLOSE
8568,4268,6945,CLOSE
8569,8667,471,DISTANT
8570,301,5226,DISTANT
8571,4241,842,DISTANT
8572,4590,9399,CASUAL
8573,1482,1120,DISTANT
8574,2870,5608,CASUAL
8575,8176,3396,DISTANT
8576,7732,4173,DISTANT
8577,838,6630,DISTANT
8578,1393,3613,CLOSE
8579,8375,4070,CASUAL
8580,1080,2426,CASUAL
8581,3182,5723,DISTANT
8582,4385,19,DISTANT
8583,3388,6926,CASUAL
8584,1159,2921,CASUAL
8585,4369,1018,CASUAL
8586,3586,9261,CASUAL
8587,1601,4522,CASUAL
8588,5716,861,CASUAL
8589,2893,273,CASUAL
8590,7970,732,CASUAL
8591,2629,5589,DISTANT
8592,5445,2245,CLOSE
8593,2409,6095,CASUAL
8594,7925,266,CLOSE
8595,6125,7130,DISTANT
8596,3519,9272,CLOSE
8597,8484,402,CASUAL
8598,2399,9074,CLOSE
8599,8005,5390,CLOSE
8600,5744,9946,DISTANT
8601,7792,5584,DISTANT
8602,9404,130,DISTANT
8603,9726,4313,CLOSE
8604,6504,8280,CLOSE
8605,7360,8255,DISTANT
8606,4774,9194,DISTANT
8607,7624,7560,CLOSE
8608,1345,8843,CASUAL
8609,4958,2097,DISTANT
8610,9904,3571,CLOSE
8611,641,3421,CLOSE
8612,7045,4716,CLOSE
8613,9911,9591,CASUAL
8614,823,6676,CLOSE
8615,43,8500,CASUAL
8616,8913,4245,CLOSE
8617,3628,7261,CLOSE
8618,37,9737,DISTANT
8619,4884,301,DISTANT
8620,9508,1429,CASUAL
8621,9695,8732,CLOSE
8622,8270,3471,CASUAL
8623,3129,7419,CASUAL
8624,1117,8448,DISTANT
8625,2676,8567,CASUAL
8626,9110,8542,DISTANT
8627,9604,1249,CLOSE
8628,6040,6976,CASUAL
8629,1761,5968,CLOSE
8630,5637,6265,CASUAL
8631,5173,7289,CLOSE
8632,7245,2451,CLOSE
8633,4991,9279,DISTANT
8634,5282,8470,CLOSE
8635,8046,9310,CASUAL
8636,7947,3061,DISTANT
8637,4018,5170,DISTANT
8638,6803,1264,CASUAL
8639,1131,8754,CLOSE
8640,2915,5016,DISTANT
8641,1236,8088,CLOSE
8642,2382,3400,CASUAL
8643,876,3742,DISTANT
8644,4982,1408,CASUAL
8645,5193,6154,CASUAL
8646,2352,5816,CASUAL
8647,5874,9300,CLOSE
8648,7016,1449,CASUAL
8649,5454,5484,DISTANT
8650,5953,7623,CASUAL
8651,6914,8669,CLOSE
8652,2450,4822,CASUAL
8653,2761,7908,CLOSE
8654,918,531,DISTANT
8655,6945,581,CLOSE
8656,8562,1266,CASUAL
8657,8,7876,DISTANT
8658,8487,4007,DISTANT
8659,9765,4925,CASUAL
8660,2005,2626,CASUAL
8661,9974,5130,CASUAL
8662,8552,3014,CLOSE
8663,3837,5045,DISTANT
8664,8411,9084,CLOSE
8665,5452,3272,DISTANT
8666,3897,1803,CLOSE
8667,7629,4706,DISTANT
8668,8125,9360,DISTANT
8669,4075,1817,CLOSE
8670,2556,1561,DISTANT
8671,8212,9222,DISTANT
8672,8307,7659,DISTANT
8673,1829,8204,CASUAL
8674,4714,5893,CASUAL
8675,9459,3957,CLOSE
8676,2554,7613,DISTANT
8677,1004,1098,DISTANT
8678,4783,7522,DISTANT
8679,5092,191,CLOSE
8680,5376,8797,DISTANT
8681,3618,5068,CLOSE
8682,9086,643,CLOSE
8683,536,7932,CLOSE
8684,232,6388,DISTANT
8685,8164,5406,DISTANT
8686,1157,8872,CLOSE
8687,6477,8592,CLOSE
8688,5608,4245,CASUAL
8689,2860,2226,DISTANT
8690,1487,2604,DISTANT
8691,5025,6394,DISTANT
8692,6043,963,DISTANT
8693,738,3729,CASUAL
8694,2392,3226,DISTANT
8695,170,885,CASUAL
8696,7326,1155,CASUAL
8697,5653,8015,CLOSE
8698,2791,9328,CASUAL
8699,7333,4804,CASUAL
8700,9164,2601,CASUAL
8701,7112,5529,CASUAL
8702,1072,4235,CASUAL
8703,8532,1277,CASUAL
8704,8190,6950,CLOSE
8705,2218,871,CLOSE
8706,116,2582,CASUAL
8707,480,7301,CASUAL
8708,4182,2670,DISTANT
8709,5441,5760,DISTANT
8710,2545,3649,CLOSE
8711,2567,4049,CLOSE
8712,2765,1761,CLOSE
8713,4744,7473,CASUAL
8714,4736,8117,DISTANT
8715,9568,7388,CASUAL
8716,1408,5909,DISTANT
8717,2211,7329,DISTANT
8718,2330,8939,CASUAL
8719,7804,5144,CLOSE
8720,3522,8682,CASUAL
8721,292,7731,CLOSE
8722,6228,4557,CLOSE
8723,2359,1297,CASUAL
8724,3883,7037,DISTANT
8725,7619,8708,CLOSE
8726,2147,3479,CASUAL
8727,4215,7311,CASUAL
8728,6972,1832,CASUAL
8729,2612,2850,DISTANT
8730,4581,7951,DISTANT
8731,7303,7299,DISTANT
8732,5078,7800,CASUAL
8733,3062,7172,CASUAL
8734,8091,1639,CASUAL
8735,1501,480,CASUAL
8736,7355,2964,DISTANT
8737,7411,5530,CASUAL
8738,3140,9453,CASUAL
8739,3902,7197,CLOSE
8740,4413,3710,CLOSE
8741,4446,9831,DISTANT
8742,2420,8536,CLOSE
8743,8686,5964,DISTANT
8744,2665,8636,DISTANT
8745,6208,7800,DISTANT
8746,1605,9733,CASUAL
8747,5758,611,CASUAL
8748,7720,4298,CLOSE
8749,9283,5687,CLOSE
8750,5822,8113,CLOSE
8751,1316,8106,CASUAL
8752,9488,4276,DISTANT
8753,8242,1141,DISTANT
8754,886,2983,CASUAL
8755,9494,3060,CASUAL
8756,7681,3429,CASUAL
8757,2237,8542,CLOSE
8758,6724,6268,CLOSE
8759,1891,9396,DISTANT
8760,3939,1759,DISTANT
8761,9178,3252,CLOSE
8762,8634,6246,CASUAL
8763,3916,5534,CASUAL
8764,2326,1405,CLOSE
8765,806,2046,DISTANT
8766,2476,6931,CLOSE
8767,4563,8590,CLOSE
8768,5594,9816,CASUAL
8769,8047,4690,CLOSE
8770,6501,5322,CASUAL
8771,874,6834,DISTANT
8772,2852,6202,DISTANT
8773,7880,2449,DISTANT
8774,2330,6986,DISTANT
8775,2069,6339,CLOSE
8776,7070,6247,CLOSE
8777,5679,6172,CASUAL
8778,4611,4624,CASUAL
8779,354,3618,CASUAL
8780,5490,1896,CASUAL
8781,5836,5728,CLOSE
8782,3268,3099,CLOSE
8783,7501,2294,DISTANT
8784,7348,328,CLOSE
8785,7573,5957,DISTANT
8786,7843,8223,CLOSE
8787,7195,4844,CLOSE
8788,4709,3703,CLOSE
8789,57,209,DISTANT
8790,6077,7212,DISTANT
8791,4841,6972,DISTANT
8792,3105,1255,CLOSE
8793,2855,6088,CASUAL
8794,6068,3358,CASUAL
8795,6783,7101,CASUAL
8796,9292,8721,DISTANT
8797,2682,320,DISTANT
8798,8625,1744,CLOSE
8799,4884,1526,DISTANT
8800,8078,8349,DISTANT
8801,1801,5527,DISTANT
8802,4972,6548,DISTANT
8803,6266,3267,CLOSE
8804,4746,4465,CASUAL
8805,5314,7928,DISTANT
8806,8015,6942,DISTANT
8807,2610,4587,CLOSE
8808,7509,8662,CASUAL
8809,2913,1691,DISTANT
8810,8844,4984,CASUAL
8811,6561,8877,CLOSE
8812,5841,8569,DISTANT
8813,3731,738,DISTANT
8814,1343,3227,DISTANT
8815,2462,4133,DISTANT
8816,4324,7598,DISTANT
8817,262,641,CASUAL
8818,5214,5183,CASUAL
8819,5977,6401,CASUAL
8820,3171,1286,CLOSE
8821,8870,7332,CLOSE
8822,6638,519,CASUAL
8823,4404,5940,DISTANT
8824,9380,9841,DISTANT
8825,2439,3173,DISTANT
8826,5850,8291,DISTANT
8827,8409,8933,CASUAL
8828,7293,7561,CLOSE
8829,2639,4328,CASUAL
8830,4133,5749,CASUAL
8831,9389,6781,CLOSE
8832,3376,1097,CASUAL
8833,7082,5198,DISTANT
8834,126,5406,CASUAL
8835,2191,2572,CLOSE
8836,775,6826,CLOSE
8837,3314,8145,CLOSE
8838,1278,8596,CASUAL
8839,7882,8786,CLOSE
8840,8621,6070,DISTANT
8841,6497,362,CASUAL
8842,9570,8201,DISTANT
8843,1086,2800,CLOSE
8844,6911,9551,CASUAL
8845,3427,3720,CLOSE
8846,8309,7237,CASUAL
8847,9499,5633,CASUAL
8848,3874,2461,DISTANT
8849,1157,340,CLOSE
8850,9614,9035,CASUAL
8851,8125,690,CASUAL
8852,2372,305,CLOSE
8853,4171,8258,CLOSE
8854,2665,1663,CASUAL
8855,9331,1265,DISTANT
8856,3108,6029,DISTANT
8857,411,2440,CLOSE
8858,6514,4177,CLOSE
8859,3527,4548,CASUAL
8860,2616,127,DISTANT
8861,3485,3662,CLOSE
8862,9282,1358,DISTANT
8863,3250,4321,CASUAL
8864,3612,5889,CLOSE
8865,5087,4761,DISTANT
8866,7483,8266,CASUAL
8867,1678,2605,DISTANT
8868,4022,2792,DISTANT
8869,4410,5850,CLOSE
8870,2581,5572,DISTANT
8871,3006,4225,CASUAL
8872,1621,2804,CLOSE
8873,7504,2671,CLOSE
8874,7560,1348,DISTANT
8875,9918,3770,DISTANT
8876,9530,8292,DISTANT
8877,4549,645,DISTANT
8878,2570,8959,CASUAL
8879,9816,2663,CLOSE
8880,4113,1337,CLOSE
8881,4904,7104,DISTANT
8882,2951,7450,DISTANT
8883,6511,2050,DISTANT
8884,7789,7315,DISTANT
8885,2648,7099,CLOSE
8886,2917,3111,CLOSE
8887,9693,1579,CASUAL
8888,6986,9661,CLOSE
8889,5124,9149,DISTANT
8890,8170,1971,CASUAL
8891,6382,203,CLOSE
8892,3926,6384,DISTANT
8893,523,8289,CASUAL
8894,28,8113,DISTANT
8895,2112,7314,CASUAL
8896,7856,5014,CLOSE
8897,7843,6878,CLOSE
8898,5047,8384,CLOSE
8899,2521,4965,DISTANT
8900,9400,3642,DISTANT
8901,9119,9542,CASUAL
8902,1595,6283,CASUAL
8903,9603,4391,CLOSE
8904,9935,15,CASUAL
8905,3500,4600,CLOSE
8906,1555,5218,DISTANT
8907,3502,3236,CASUAL
8908,8799,1107,CLOSE
8909,2779,4104,CLOSE
8910,4608,3425,CASUAL
8911,6776,4950,CLOSE
8912,4593,6519,CASUAL
8913,7608,5022,DISTANT
8914,425,6968,CLOSE
8915,3432,8663,CASUAL
8916,2156,1085,DISTANT
8917,6227,2947,CASUAL
8918,3996,3411,CLOSE
8919,6068,4670,CLOSE
8920,9228,8138,CASUAL
8921,3657,1965,CASUAL
8922,5542,9774,CLOSE
8923,4895,3401,CLOSE
8924,3402,6964,CLOSE
8925,4095,2124,DISTANT
8926,9727,2381,DISTANT
8927,3386,7075,CASUAL
8928,6263,5947,DISTANT
8929,2315,7127,CASUAL
8930,4813,8902,CLOSE
8931,5333,4287,DISTANT
8932,7060,1631,CASUAL
8933,4608,9428,DISTANT
8934,6181,7555,CLOSE
8935,4037,5627,DISTANT
8936,5659,1171,CASUAL
8937,1152,1835,CLOSE
8938,5,5095,CLOSE
8939,6774,6234,CLOSE
8940,701,278,DISTANT
8941,8583,7597,CLOSE
8942,5855,180,CLOSE
8943,1292,2618,DISTANT
8944,7563,3055,CLOSE
8945,3290,3104,CASUAL
8946,6634,5223,CASUAL
8947,4462,8769,DISTANT
8948,1867,1454,CASUAL
8949,8260,650,CLOSE
8950,1155,9734,DISTANT
8951,3000,1434,CASUAL
8952,9868,1658,CLOSE
8953,2695,4822,DISTANT
8954,6217,9528,DISTANT
8955,740,7361,DISTANT
8956,9989,3588,CASUAL
8957,1217,1040,CLOSE
8958,4891,8889,DISTANT
8959,6842,1359,CASUAL
8960,3224,6227,CASUAL
8961,5942,7839,DISTANT
8962,2065,7793,DISTANT
8963,5944,4977,CASUAL
8964,9322,7794,CLOSE
8965,7979,6914,CASUAL
8966,666,5701,CASUAL
8967,3650,8522,CASUAL
8968,4633,1114,DISTANT
8969,6099,190,DISTANT
8970,1435,4010,DISTANT
8971,9438,2195,DISTANT
8972,1464,6309,CLOSE
8973,4112,3101,CASUAL
8974,5879,9534,DISTANT
8975,5846,6156,DISTANT
8976,8613,6885,CLOSE
8977,1306,881,CLOSE
8978,7343,1634,CASUAL
8979,3787,8553,CASUAL
8980,8464,3558,CLOSE
8981,4403,4134,DISTANT
8982,2409,4503,CASUAL
8983,3455,9957,CLOSE
8984,7614,7771,CLOSE
8985,7294,6694,DISTANT
8986,745,6925,CLOSE
8987,9437,3546,DISTANT
8988,2549,891,CLOSE
8989,494,8869,CLOSE
8990,7145,6752,CASUAL
8991,8351,7180,CLOSE
8992,44,5332,CLOSE
8993,9198,3959,CASUAL
8994,4265,8032,CASUAL
8995,8930,1409,DISTANT
8996,6104,4802,CASUAL
8997,703,3977,CLOSE
8998,3396,5533,CASUAL
8999,1417,9049,DISTANT
9000,3022,8814,CASUAL
9001,2263,5273,DISTANT
9002,8327,3739,DISTANT
9003,5871,6819,DISTANT
9004,9796,9029,CLOSE
9005,7648,9430,CASUAL
9006,4582,2653,DISTANT
9007,7528,8395,CLOSE
9008,4914,7243,CLOSE
9009,168,1198,CLOSE
9010,7896,4813,CLOSE
9011,5954,7139,CASUAL
9012,4040,6073,DISTANT
9013,3888,3616,CASUAL
9014,6519,7035,CASUAL
9015,7147,2003,DISTANT
9016,8067,3854,CASUAL
9017,679,2713,CLOSE
9018,4714,9284,CASUAL
9019,6272,3765,DISTANT
9020,29,7217,DISTANT
9021,80,393,CASUAL
9022,7241,503,DISTANT
9023,1569,1714,CASUAL
9024,9225,5919,DISTANT
9025,4897,4848,CASUAL
9026,2937,5443,CLOSE
9027,681,2476,DISTANT
9028,2189,9872,CLOSE
9029,1303,8266,CLOSE
9030,7065,4827,DISTANT
9031,7103,7122,DISTANT
9032,7107,5992,CASUAL
9033,642,868,CASUAL
9034,5143,8929,CASUAL
9035,8721,8975,CLOSE
9036,4866,2244,DISTANT
9037,661,1075,CASUAL
9038,2001,9639,CLOSE
9039,5201,5580,DISTANT
9040,5158,170,CLOSE
9041,1110,2906,CASUAL
9042,6047,8162,CASUAL
9043,981,5784,CASUAL
9044,2468,8963,DISTANT
9045,5578,5458,CLOSE
9046,161,473,CASUAL
9047,2634,7934,CLOSE
9048,915,1930,CLOSE
9049,5813,2135,CASUAL
9050,310,8234,DISTANT
9051,8848,5495,CLOSE
9052,4080,7218,CLOSE
9053,5100,6265,CLOSE
9054,7319,4146,DISTANT
9055,2620,2394,CASUAL
9056,8479,657,DISTANT
9057,7766,7007,CASUAL
9058,8471,2890,CASUAL
9059,3362,2081,DISTANT
9060,2795,2777,CLOSE
9061,1690,6585,DISTANT
9062,9306,415,CASUAL
9063,9174,5243,DISTANT
9064,1609,2879,CLOSE
9065,5623,1762,CLOSE
9066,7219,5721,DISTANT
9067,8156,784,CLOSE
9068,2481,7095,DISTANT
9069,3285,6488,CASUAL
9070,8442,9771,CASUAL
9071,8333,7221,CLOSE
9072,6890,4199,CLOSE
9073,578,1733,DISTANT
9074,7824,7275,CLOSE
9075,3793,4628,DISTANT
9076,3692,9819,CLOSE
9077,9112,3608,CASUAL
9078,5254,7359,DISTANT
9079,7673,2474,CLOSE
9080,6078,2435,DISTANT
9081,5756,3124,CASUAL
9082,9110,222,CLOSE
9083,5729,3829,DISTANT
9084,5920,2478,CASUAL
9085,7569,2739,DISTANT
9086,5857,749,CASUAL
9087,9029,6102,CASUAL
9088,1214,241,DISTANT
9089,3260,1618,CASUAL
9090,1411,6073,CASUAL
9091,1527,8908,CASUAL
9092,5028,1472,CASUAL
9093,284,9394,DISTANT
9094,8403,5074,CLOSE
9095,7383,7861,DISTANT
9096,9381,5982,DISTANT
9097,6428,1282,DISTANT
9098,5471,2488,CASUAL
9099,2969,7802,CASUAL
9100,6595,9260,DISTANT
9101,4646,7865,DISTANT
9102,2878,2410,DISTANT
9103,150,3890,CLOSE
9104,3078,645,CLOSE
9105,3116,5363,CLOSE
9106,2693,6044,DISTANT
9107,6127,9541,DISTANT
9108,527,3127,CLOSE
9109,4845,9863,DISTANT
9110,9159,961,CASUAL
9111,6587,487,CLOSE
9112,5140,6489,CLOSE
9113,2135,7206,DISTANT
9114,8906,5856,DISTANT
9115,9617,801,CLOSE
9116,599,6217,CASUAL
9117,6451,5547,DISTANT
9118,9370,3901,CASUAL
9119,244,3027,CASUAL
9120,5488,94,CLOSE
9121,9097,231,DISTANT
9122,3924,6926,DISTANT
9123,7037,3566,CLOSE
9124,5015,6904,CASUAL
9125,8069,3873,CASUAL
9126,9965,969,CLOSE
9127,15,8135,CASUAL
9128,6577,9787,DISTANT
9129,9645,6989,CLOSE
9130,9480,4734,DISTANT
9131,3366,1680,CLOSE
9132,6190,9757,CASUAL
9133,891,5130,CASUAL
9134,4942,83,CASUAL
9135,1462,5445,DISTANT
9136,5439,9873,CASUAL
9137,717,9342,DISTANT
9138,3347,6756,CASUAL
9139,2124,1415,DISTANT
9140,9923,6450,DISTANT
9141,5150,3034,CLOSE
9142,1659,1666,DISTANT
9143,5704,8104,CLOSE
9144,7582,7870,DISTANT
9145,7002,1998,CLOSE
9146,3447,9402,CASUAL
9147,9384,5864,DISTANT
9148,7589,4057,CASUAL
9149,9259,9284,CLOSE
9150,364,5919,CLOSE
9151,1780,9441,CASUAL
9152,7253,8146,DISTANT
9153,8979,3476,DISTANT
9154,2836,6970,DISTANT
9155,6430,8967,CLOSE
9156,7745,542,DISTANT
9157,1865,3594,CLOSE
9158,2165,3248,DISTANT
9159,2865,3379,CASUAL
9160,8389,2385,DISTANT
9161,9711,9683,DISTANT
9162,5974,1141,DISTANT
9163,3835,9939,CASUAL
9164,8146,2107,DISTANT
9165,9697,4994,CASUAL
9166,3959,2687,CASUAL
9167,2155,4896,CASUAL
9168,982,6670,DISTANT
9169,7482,9560,DISTANT
9170,5333,3361,DISTANT
9171,7396,1551,CLOSE
9172,5353,9288,CLOSE
9173,731,2723,DISTANT
9174,4886,5334,DISTANT
9175,2298,8513,CLOSE
9176,5860,9032,CASUAL
9177,7811,2997,CASUAL
9178,8840,8009,CLOSE
9179,3639,9960,DISTANT
9180,7044,578,CLOSE
9181,7269,2680,DISTANT
9182,113,7944,CASUAL
9183,3635,6451,CASUAL
9184,564,829,CASUAL
9185,590,4901,DISTANT
9186,1994,2331,CASUAL
9187,7296,7463,CASUAL
9188,7239,7030,DISTANT
9189,5398,184,CLOSE
9190,6698,8057,CASUAL
9191,6056,9952,DISTANT
9192,4349,5222,DISTANT
9193,6221,6962,CASUAL
9194,7258,2684,CASUAL
9195,8873,3457,CASUAL
9196,132,4358,CASUAL
9197,160,4867,CASUAL
9198,4539,9796,CLOSE
9199,2256,1150,DISTANT
9200,4756,3439,CASUAL
9201,4393,7225,CLOSE
9202,707,4323,CASUAL
9203,9728,4398,DISTANT
9204,1630,5145,CASUAL
9205,7353,618,CASUAL
9206,362,5249,CLOSE
9207,7539,4658,CASUAL
9208,1315,8483,DISTANT
9209,3323,1047,DISTANT
9210,6856,6489,CASUAL
9211,2076,5091,CLOSE
9212,2746,9450,CASUAL
9213,5952,4955,CLOSE
9214,5546,2626,CASUAL
9215,6176,3617,CLOSE
9216,4335,2078,CLOSE
9217,7675,8106,DISTANT
9218,6380,1017,CLOSE
9219,2389,3938,DISTANT
9220,683,5709,DISTANT
9221,9545,9161,CLOSE
9222,1045,8613,DISTANT
9223,2319,3497,CLOSE
9224,8043,7277,CASUAL
9225,8433,1670,CLOSE
9226,3150,7218,CASUAL
9227,9243,7039,CASUAL
9228,8762,492,CLOSE
9229,958,6722,CASUAL
9230,9448,8841,DISTANT
9231,7979,6561,DISTANT
9232,2447,856,CASUAL
9233,3152,8554,DISTANT
9234,6558,1743,CLOSE
9235,1865,7887,CLOSE
9236,3512,3148,CLOSE
9237,5759,326,CLOSE
9238,4316,4744,CLOSE
9239,937,847,DISTANT
9240,7465,3824,CLOSE
9241,63,8852,DISTANT
9242,9517,9193,CLOSE
9243,9169,4251,DISTANT
9244,7006,230,CASUAL
9245,3738,7840,DISTANT
9246,3639,3780,CLOSE
9247,9033,4245,CASUAL
9248,7765,1057,DISTANT
9249,4407,3725,CLOSE
9250,9430,4941,CLOSE
9251,7870,3891,CLOSE
9252,4324,7926,CLOSE
9253,7509,9538,CASUAL
9254,6179,940,DISTANT
9255,4864,4201,CASUAL
9256,9753,5925,CLOSE
9257,7812,5224,CLOSE
9258,253,2676,DISTANT
9259,9535,3503,DISTANT
9260,3399,1775,CASUAL
9261,3214,6088,CASUAL
9262,5418,7268,CLOSE
9263,9974,5870,CLOSE
9264,303,9610,CASUAL
9265,2702,6043,CASUAL
9266,9871,2722,CLOSE
9267,16,3325,CASUAL
9268,7060,9669,CASUAL
9269,6473,9299,CASUAL
9270,2033,9071,CLOSE
9271,1866,9391,DISTANT
9272,837,3978,DISTANT
9273,6941,4800,DISTANT
9274,9346,6309,DISTANT
9275,4872,990,CLOSE
9276,1491,7381,CLOSE
9277,5001,7690,CLOSE
9278,8214,2342,CASUAL
9279,1489,9674,DISTANT
9280,8136,8963,DISTANT
9281,510,6774,CLOSE
9282,2332,6574,CLOSE
9283,6224,8950,CASUAL
9284,4760,1600,CASUAL
9285,1464,410,DISTANT
9286,4809,8595,CLOSE
9287,6327,3985,CLOSE
9288,1246,1740,CLOSE
9289,9492,9782,DISTANT
9290,9079,7116,CLOSE
9291,3443,3177,CASUAL
9292,6940,67,CLOSE
9293,3161,483,CLOSE
9294,1974,7331,CLOSE
9295,5717,6711,CLOSE
9296,2992,2124,CLOSE
9297,8117,4333,DISTANT
9298,7224,6043,DISTANT
9299,8023,4883,CASUAL
9300,1085,3752,CLOSE
9301,4043,850,CASUAL
9302,8004,6040,DISTANT
9303,131,9825,CLOSE
9304,110,9059,CASUAL
9305,314,8421,DISTANT
9306,8306,8430,CLOSE
9307,7067,5671,CLOSE
9308,7581,7746,CASUAL
9309,8046,2037,CLOSE
9310,7945,3119,CASUAL
9311,3271,9653,CLOSE
9312,9721,5400,CASUAL
9313,6411,8918,CLOSE
9314,5970,1926,CASUAL
9315,1905,997,CLOSE
9316,6286,1662,DISTANT
9317,575,5881,CLOSE
9318,6532,7402,DISTANT
9319,9165,449,DISTANT
9320,8294,6401,CASUAL
9321,7000,8340,CLOSE
9322,6568,7804,DISTANT
9323,1238,3211,CASUAL
9324,6777,5957,DISTANT
9325,4795,2981,CASUAL
9326,6236,4549,DISTANT
9327,1432,7707,CLOSE
9328,2198,9960,CASUAL
9329,4226,4175,CLOSE
9330,2924,4829,CASUAL
9331,6178,9799,CASUAL
9332,4923,8564,CASUAL
9333,1124,3452,DISTANT
9334,1698,1254,CASUAL
9335,8393,7307,CASUAL
9336,6863,9634,CASUAL
9337,8201,9240,DISTANT
9338,1320,3917,DISTANT
9339,1899,8658,DISTANT
9340,4616,4847,CASUAL
9341,9269,7656,CASUAL
9342,4774,519,CASUAL
9343,3453,8748,DISTANT
9344,931,3010,CLOSE
9345,9853,9833,CLOSE
9346,1847,2495,DISTANT
9347,2572,1981,DISTANT
9348,1242,7795,CLOSE
9349,8283,4135,DISTANT
9350,415,2923,DISTANT
9351,2162,7980,DISTANT
9352,8899,5878,CASUAL
9353,9559,9315,CLOSE
9354,3451,1772,DISTANT
9355,1927,5735,CASUAL
9356,5557,5663,DISTANT
9357,5149,2895,DISTANT
9358,1971,9258,DISTANT
9359,843,7828,DISTANT
9360,5838,8988,DISTANT
9361,6899,2919,CLOSE
9362,7170,5802,DISTANT
9363,9454,6817,CLOSE
9364,2351,9988,CASUAL
9365,1066,5411,DISTANT
9366,4184,9532,CASUAL
9367,4124,7864,CLOSE
9368,2347,3364,CLOSE
9369,707,5545,DISTANT
9370,7400,4282,CLOSE
9371,7838,5945,CASUAL
9372,3551,306,CASUAL
9373,8882,1210,CASUAL
9374,7136,6910,DISTANT
9375,2550,3827,DISTANT
9376,8956,4757,DISTANT
9377,2037,5286,DISTANT
9378,9037,7448,CLOSE
9379,1135,6759,CASUAL
9380,5498,4097,CASUAL
9381,4616,6137,DISTANT
9382,5834,8982,CLOSE
9383,6399,133,CASUAL
9384,734,7318,CASUAL
9385,73,5166,CLOSE
9386,7745,6824,CASUAL
9387,6997,7717,CASUAL
9388,1310,9899,DISTANT
9389,4374,4089,CLOSE
9390,4997,2588,CLOSE
9391,2335,2069,CLOSE
9392,4496,1596,CLOSE
9393,6904,7349,DISTANT
9394,9984,6587,CASUAL
9395,323,3466,CLOSE
9396,2870,4571,CASUAL
9397,8959,8497,CASUAL
9398,9039,2064,CLOSE
9399,4580,1917,CLOSE
9400,9466,2720,CASUAL
9401,3226,7147,CASUAL
9402,4614,3352,CLOSE
9403,4416,3842,CLOSE
9404,5457,2961,CASUAL
9405,2488,1990,CASUAL
9406,310,4494,DISTANT
9407,4777,9997,CLOSE
9408,8318,5646,DISTANT
9409,833,7511,DISTANT
9410,1752,9913,DISTANT
9411,1386,1313,DISTANT
9412,9747,3648,CLOSE
9413,2945,5441,CLOSE
9414,7768,8838,CASUAL
9415,8530,9692,CLOSE
9416,945,3472,DISTANT
9417,9741,5412,CASUAL
9418,1251,3794,DISTANT
9419,5474,5406,DISTANT
9420,4186,3263,DISTANT
9421,6021,5273,CLOSE
9422,8858,2688,CASUAL
9423,223,4654,DISTANT
9424,4609,3524,CLOSE
9425,8267,369,CLOSE
9426,2610,3244,CLOSE
9427,3800,1834,DISTANT
9428,4303,1427,CLOSE
9429,8319,3737,DISTANT
9430,7461,88,CASUAL
9431,598,5083,DISTANT
9432,1572,8050,CLOSE
9433,7925,2807,CASUAL
9434,6329,353,CLOSE
9435,7156,9336,CLOSE
9436,2420,691,DISTANT
9437,8948,7665,CASUAL
9438,5755,2292,CLOSE
9439,7478,3836,CASUAL
9440,763,6486,DISTANT
9441,8767,4609,CLOSE
9442,8013,4710,DISTANT
9443,259,2184,CLOSE
9444,979,1915,CASUAL
9445,7749,7217,CASUAL
9446,9467,3677,CASUAL
9447,3136,9474,CASUAL
9448,9561,3856,DISTANT
9449,2886,4266,CLOSE
9450,5132,571,CASUAL
9451,8479,9457,CLOSE
9452,3817,4617,CLOSE
9453,8389,2558,CLOSE
9454,9609,8092,DISTANT
9455,2766,3893,DISTANT
9456,1607,7089,CLOSE
9457,3023,8217,CLOSE
9458,4969,8852,CASUAL
9459,8415,2381,DISTANT
9460,793,4988,CLOSE
9461,2242,4447,CASUAL
9462,2534,868,CLOSE
9463,8912,6658,CASUAL
9464,4415,8948,CLOSE
9465,6152,8166,CASUAL
9466,5319,9149,CLOSE
9467,8708,9054,CASUAL
9468,9675,9696,CASUAL
9469,8532,7813,DISTANT
9470,6257,3602,CASUAL
9471,5529,7290,CASUAL
9472,5948,2181,CASUAL
9473,3050,2820,DISTANT
9474,7149,3374,CLOSE
9475,6134,4729,CASUAL
9476,3513,1020,CASUAL
9477,1930,9248,CASUAL
9478,7067,1204,CASUAL
9479,9835,8285,CLOSE
9480,8080,407,CLOSE
9481,258,7319,CLOSE
9482,1282,5165,DISTANT
9483,6207,2148,CASUAL
9484,2121,7543,DISTANT
9485,2934,3206,CASUAL
9486,8423,8823,CLOSE
9487,6786,3198,CLOSE
9488,9237,8429,CASUAL
9489,4056,8572,DISTANT
9490,842,6248,CASUAL
9491,5119,5244,DISTANT
9492,3009,1420,CLOSE
9493,8610,9424,DISTANT
9494,7905,608,CLOSE
9495,747,6434,DISTANT
9496,6305,3437,CLOSE
9497,3897,7650,CLOSE
9498,9601,8474,DISTANT
9499,2243,7328,DISTANT
9500,7838,2963,CLOSE
9501,8434,6048,DISTANT
9502,8178,2970,CLOSE
9503,7588,2455,CASUAL
9504,1390,3910,DISTANT
9505,8161,9590,CLOSE
9506,984,9766,CASUAL
9507,1945,6434,CASUAL
9508,1958,7318,CLOSE
9509,9778,2066,CASUAL
9510,9684,7508,CASUAL
9511,6768,3896,CASUAL
9512,8412,3022,CASUAL
9513,852,1394,DISTANT
9514,2432,9219,CASUAL
9515,7654,6059,CLOSE
9516,9085,2171,CASUAL
9517,7494,6255,CASUAL
9518,2172,9763,CLOSE
9519,2361,8066,CASUAL
9520,2731,3701,CASUAL
9521,2411,8726,CASUAL
9522,3889,6031,CASUAL
9523,6662,1107,CASUAL
9524,6662,3177,DISTANT
9525,6051,603,DISTANT
9526,5572,196,CLOSE
9527,7688,9825,CASUAL
9528,6417,2128,DISTANT
9529,6670,3271,CLOSE
9530,8380,2786,CLOSE
9531,7378,6820,CASUAL
9532,6732,7018,CLOSE
9533,570,3653,CASUAL
9534,3835,6791,CASUAL
9535,8283,8871,CLOSE
9536,8755,5949,DISTANT
9537,6664,3094,CASUAL
9538,3175,6796,CASUAL
9539,9165,3928,DISTANT
9540,1706,3723,CLOSE
9541,4799,8587,CASUAL
9542,358,467,CLOSE
9543,9560,314,DISTANT
9544,3066,8791,DISTANT
9545,8480,1162,DISTANT
9546,9869,1150,CASUAL
9547,4813,3294,CASUAL
9548,4890,3335,CLOSE
9549,6633,5041,CLOSE
9550,5560,9770,DISTANT
9551,8290,686,CLOSE
9552,87,6887,DISTANT
9553,608,7030,CASUAL
9554,8170,2396,DISTANT
9555,6265,3665,CLOSE
9556,398,7256,CLOSE
9557,5480,605,CASUAL
9558,5175,7924,DISTANT
9559,2422,6566,DISTANT
9560,5519,7398,CASUAL
9561,4657,9284,CLOSE
9562,9804,2021,DISTANT
9563,4947,6892,CASUAL
9564,6286,7757,DISTANT
9565,9034,5100,CLOSE
9566,4975,5597,CLOSE
9567,8329,7326,CLOSE
9568,3293,6178,DISTANT
9569,2371,4911,DISTANT
9570,2404,5375,CLOSE
9571,9873,9202,DISTANT
9572,3133,8876,CASUAL
9573,8824,5700,CLOSE
9574,1678,2705,CLOSE
9575,4032,5418,DISTANT
9576,6061,9508,CASUAL
9577,993,6190,DISTANT
9578,6836,6797,CASUAL
9579,2770,3712,CLOSE
9580,3568,1768,CASUAL
9581,989,5346,CLOSE
9582,208,4009,DISTANT
9583,2689,8368,DISTANT
9584,5844,3008,CASUAL
9585,1142,5145,DISTANT
9586,208,997,CASUAL
9587,2808,3265,CLOSE
9588,266,1249,CASUAL
9589,1806,8227,DISTANT
9590,2907,3676,DISTANT
9591,6006,5705,CLOSE
9592,6105,2762,DISTANT
9593,2574,8856,CASUAL
9594,2180,2307,DISTANT
9595,3725,500,CLOSE
9596,8219,7693,DISTANT
9597,1868,2898,CASUAL
9598,9631,2343,CASUAL
9599,8351,5313,CASUAL
9600,1045,6667,CLOSE
9601,47,5843,DISTANT
9602,2629,6074,CASUAL
9603,8812,7000,CLOSE
9604,3750,6447,CLOSE
9605,9557,8856,CASUAL
9606,2731,1822,DISTANT
9607,751,7017,DISTANT
9608,3902,3989,DISTANT
9609,4918,9257,CASUAL
9610,7020,9762,CLOSE
9611,1149,5884,CLOSE
9612,2721,3938,DISTANT
9613,3332,9228,DISTANT
9614,1530,3697,CASUAL
9615,8593,1829,CLOSE
9616,2349,8640,CLOSE
9617,1205,7976,CASUAL
9618,2841,1296,CASUAL
9619,6945,7825,DISTANT
9620,3339,5497,CASUAL
9621,6482,4147,CLOSE
9622,6143,9701,CASUAL
9623,2848,8884,CLOSE
9624,5153,5706,DISTANT
9625,1904,2272,DISTANT
9626,815,6534,DISTANT
9627,5551,3362,DISTANT
9628,9927,1628,DISTANT
9629,638,5168,DISTANT
9630,551,5463,CLOSE
9631,4903,4261,CLOSE
9632,5066,3101,CLOSE
9633,3763,2891,DISTANT
9634,4420,5266,CLOSE
9635,3016,286,CASUAL
9636,6183,2668,CASUAL
9637,437,4726,CLOSE
9638,2924,7041,DISTANT
9639,7765,238,CLOSE
9640,7729,3060,DISTANT
9641,758,1256,DISTANT
9642,5904,1672,CASUAL
9643,6967,852,CASUAL
9644,8036,4080,CLOSE
9645,2106,9136,CASUAL
9646,3443,5637,DISTANT
9647,9097,4957,CASUAL
9648,8643,8249,DISTANT
9649,9819,6096,DISTANT
9650,2996,2932,CASUAL
9651,3512,6050,CASUAL
9652,605,8667,DISTANT
9653,7631,1613,CLOSE
9654,5531,3373,CLOSE
9655,7375,4532,CASUAL
9656,2866,3916,CASUAL
9657,4091,8460,CASUAL
9658,7457,5732,CLOSE
9659,9422,1501,DISTANT
9660,9447,7196,CLOSE
9661,4299,1768,CASUAL
9662,9183,6484,CLOSE
9663,2118,2840,DISTANT
9664,4353,8063,CASUAL
9665,6999,2458,CASUAL
9666,3888,2080,CASUAL
9667,4641,5997,CLOSE
9668,3112,5204,CLOSE
9669,5719,9332,CLOSE
9670,3185,4648,CLOSE
9671,2568,9592,CLOSE
9672,9256,428,CASUAL
9673,8798,1999,CLOSE
9674,7351,7439,DISTANT
9675,1171,4561,CASUAL
9676,3069,3007,CLOSE
9677,5991,1032,CLOSE
9678,5260,6428,DISTANT
9679,5566,2623,CLOSE
9680,5611,9644,CLOSE
9681,3718,1174,DISTANT
9682,1885,3607,CASUAL
9683,3392,608,CASUAL
9684,8104,8636,DISTANT
9685,9447,1344,DISTANT
9686,1088,7159,DISTANT
9687,7005,9274,CLOSE
9688,1023,7665,CLOSE
9689,876,6043,DISTANT
9690,9243,3021,CASUAL
9691,3739,3140,DISTANT
9692,4201,894,CASUAL
9693,6533,2935,CLOSE
9694,7817,8500,CLOSE
9695,3132,3805,DISTANT
9696,6800,272,CLOSE
9697,7001,2838,CASUAL
9698,767,6165,CASUAL
9699,1038,4205,DISTANT
9700,5956,6825,CLOSE
9701,3535,3801,CLOSE
9702,9793,7487,CLOSE
9703,2092,8160,DISTANT
9704,5816,3053,CASUAL
9705,1179,1695,CASUAL
9706,6271,9385,CASUAL
9707,8236,5260,CLOSE
9708,4246,3015,CASUAL
9709,3054,8568,DISTANT
9710,2639,9158,CLOSE
9711,7527,8356,CASUAL
9712,6781,9138,DISTANT
9713,8724,9011,CLOSE
9714,3988,384,DISTANT
9715,5231,5428,DISTANT
9716,8012,5240,DISTANT
9717,7358,2725,CLOSE
9718,7683,6010,DISTANT
9719,5850,2137,DISTANT
9720,1539,6630,CLOSE
9721,9638,7021,CLOSE
9722,9755,4657,CASUAL
9723,8438,9322,CASUAL
9724,9764,9549,CLOSE
9725,3576,4685,CASUAL
9726,4415,3086,CASUAL
9727,9275,822,CLOSE
9728,7248,8730,CLOSE
9729,680,7579,CASUAL
9730,2832,6587,CASUAL
9731,5373,8589,DISTANT
9732,5653,1227,CLOSE
9733,9981,1557,CASUAL
9734,1298,3944,DISTANT
9735,842,646,CLOSE
9736,9273,8067,CLOSE
9737,6872,179,CLOSE
9738,7372,6563,CASUAL
9739,5228,1029,DISTANT
9740,8728,9043,CLOSE
9741,9762,2687,DISTANT
9742,4729,7932,CLOSE
9743,3398,6687,CLOSE
9744,9587,7404,CLOSE
9745,642,293,DISTANT
9746,8795,8154,DISTANT
9747,3319,4955,CLOSE
9748,3242,8467,DISTANT
9749,5477,9168,CLOSE
9750,9063,8858,DISTANT
9751,388,5652,DISTANT
9752,4910,5229,DISTANT
9753,2037,302,DISTANT
9754,2936,4120,DISTANT
9755,4028,4741,CASUAL
9756,9436,4452,DISTANT
9757,9904,3741,CASUAL
9758,52,5798,DISTANT
9759,2183,811,DISTANT
9760,2617,7139,CASUAL
9761,2368,1443,CASUAL
9762,648,8026,CLOSE
9763,4570,4536,CLOSE
9764,1231,3031,CASUAL
9765,9737,3208,DISTANT
9766,8017,2353,CLOSE
9767,3366,8889,DISTANT
9768,6422,1586,CASUAL
9769,8574,6736,CASUAL
9770,9168,6565,DISTANT
9771,208,6408,DISTANT
9772,878,6793,CLOSE
9773,2485,5271,CASUAL
9774,2060,4723,DISTANT
9775,3908,4828,DISTANT
9776,4606,8737,CLOSE
9777,8994,664,CASUAL
9778,7193,8721,CASUAL
9779,8259,339,CASUAL
9780,826,4989,CASUAL
9781,5487,9440,DISTANT
9782,2285,6475,CLOSE
9783,8254,572,CASUAL
9784,1272,4970,DISTANT
9785,6640,9150,CLOSE
9786,4151,703,DISTANT
9787,6629,7781,CLOSE
9788,1319,2852,CLOSE
9789,2599,5221,CASUAL
9790,6297,352,DISTANT
9791,495,3404,CASUAL
9792,2956,8308,DISTANT
9793,1815,772,DISTANT
9794,8255,3258,CLOSE
9795,1939,8951,CASUAL
9796,98,4816,CLOSE
9797,8183,372,CLOSE
9798,7707,1149,CASUAL
9799,7019,6550,CASUAL
9800,7995,6412,DISTANT
9801,2960,8772,CLOSE
9802,959,522,CASUAL
9803,6280,8273,DISTANT
9804,3157,8049,CASUAL
9805,7549,9957,DISTANT
9806,7224,5557,DISTANT
9807,5285,8163,CASUAL
9808,9556,641,DISTANT
9809,521,8403,CASUAL
9810,9782,167,CASUAL
9811,3730,7176,CLOSE
9812,9216,2266,CASUAL
9813,7519,5723,CLOSE
9814,7789,4166,CASUAL
9815,9719,8171,DISTANT
9816,912,2211,CLOSE
9817,4545,1573,DISTANT
9818,4624,9811,CLOSE
9819,743,6130,CASUAL
9820,2725,3209,DISTANT
9821,1337,6937,DISTANT
9822,2946,2274,DISTANT
9823,7807,4729,CLOSE
9824,3144,6445,DISTANT
9825,8311,4027,DISTANT
9826,7511,6986,DISTANT
9827,1127,4405,DISTANT
9828,5112,2467,DISTANT
9829,5347,6670,CLOSE
9830,9571,2085,DISTANT
9831,5817,6848,DISTANT
9832,894,988,DISTANT
9833,8244,8203,CLOSE
9834,4479,4082,CASUAL
9835,5269,3453,CASUAL
9836,7470,8131,CLOSE
9837,9673,7880,CASUAL
9838,9731,8738,DISTANT
9839,1593,9421,CASUAL
9840,5586,9716,CASUAL
9841,5567,3751,CASUAL
9842,615,4136,CLOSE
9843,8407,5478,DISTANT
9844,8634,9078,CASUAL
9845,7999,6988,CASUAL
9846,3395,1242,CLOSE
9847,2521,4572,CASUAL
9848,1767,5873,CASUAL
9849,1303,6490,CASUAL
9850,5319,4971,DISTANT
9851,3655,5614,CASUAL
9852,4240,8135,CASUAL
9853,1581,1265,CASUAL
9854,404,4546,CLOSE
9855,8253,27,CASUAL
9856,3689,7041,CLOSE
9857,4277,8238,CLOSE
9858,7886,1625,DISTANT
9859,983,1724,DISTANT
9860,6070,3772,CLOSE
9861,5585,9569,CASUAL
9862,8715,1450,CASUAL
9863,4372,5755,CLOSE
9864,9719,2737,CASUAL
9865,6838,5052,CLOSE
9866,3728,1889,CLOSE
9867,7220,7149,CASUAL
9868,4444,2364,DISTANT
9869,4580,8506,DISTANT
9870,3099,2994,CLOSE
9871,2672,2860,CASUAL
9872,5760,6393,CLOSE
9873,8907,198,CASUAL
9874,4389,9135,DISTANT
9875,2479,7058,CLOSE
9876,1143,1102,DISTANT
9877,6558,413,CLOSE
9878,5542,1655,CASUAL
9879,6678,4434,CLOSE
9880,8336,5430,DISTANT
9881,5616,2112,CASUAL
9882,9209,346,CLOSE
9883,6673,5722,CASUAL
9884,9595,3727,CASUAL
9885,197,1232,CLOSE
9886,2281,2383,CLOSE
9887,5662,7767,CASUAL
9888,6609,3574,CLOSE
9889,9058,1884,DISTANT
9890,6053,9165,CASUAL
9891,8730,9302,DISTANT
9892,5217,9734,CASUAL
9893,5049,979,DISTANT
9894,3848,7444,DISTANT
9895,4707,4708,CASUAL
9896,835,7212,DISTANT
9897,988,8784,CLOSE
9898,3710,6913,CASUAL
9899,2587,1695,CLOSE
9900,3993,6304,CASUAL
9901,4724,2059,CASUAL
9902,2250,6,CASUAL
9903,7079,3037,CLOSE
9904,538,8595,CLOSE
9905,8901,7515,CLOSE
9906,6071,1987,CLOSE
9907,8605,2913,DISTANT
9908,3334,4822,CLOSE
9909,3825,8916,CASUAL
9910,6086,2732,DISTANT
9911,2269,2428,CLOSE
9912,1403,3326,CLOSE
9913,7981,6643,CLOSE
9914,6306,4075,DISTANT
9915,3590,1268,DISTANT
9916,5563,8150,CASUAL
9917,2919,8443,CASUAL
9918,7984,5515,DISTANT
9919,4197,6204,CLOSE
9920,3867,2042,DISTANT
9921,3025,936,DISTANT
9922,3110,6159,CASUAL
9923,8119,1128,DISTANT
9924,1844,806,DISTANT
9925,1853,5068,CASUAL
9926,6009,1011,CLOSE
9927,2561,470,DISTANT
9928,6827,7770,CLOSE
9929,2292,8140,CASUAL
9930,2849,6108,CLOSE
9931,6064,7057,DISTANT
9932,7279,3823,CASUAL
9933,6894,7629,CLOSE
9934,377,2068,DISTANT
9935,6586,6961,DISTANT
9936,1231,1180,CASUAL
9937,9128,1446,CLOSE
9938,1653,2731,DISTANT
9939,548,4296,DISTANT
9940,8464,1043,CASUAL
9941,2784,5375,CASUAL
9942,7825,3812,CASUAL
9943,5355,8563,CLOSE
9944,7264,957,CLOSE
9945,7179,708,DISTANT
9946,7617,4141,DISTANT
9947,3894,1864,CASUAL
9948,555,5969,CLOSE
9949,3202,9554,CASUAL
9950,2227,1232,CASUAL
9951,5623,5787,CLOSE
9952,3539,5554,DISTANT
9953,1898,5586,CASUAL
9954,2383,3233,CLOSE
9955,1554,3557,CASUAL
9956,2707,7596,CLOSE
9957,7048,2120,CLOSE
9958,7200,8556,CLOSE
9959,3014,6916,DISTANT
9960,3507,7798,DISTANT
9961,7666,4639,DISTANT
9962,9077,3951,DISTANT
9963,8317,4175,DISTANT
9964,6479,4428,CASUAL
9965,3483,873,DISTANT
9966,3876,6637,CLOSE
9967,9591,2003,CASUAL
9968,9007,3199,CASUAL
9969,2010,3451,DISTANT
9970,781,1621,CASUAL
9971,5268,6646,CLOSE
9972,7899,1121,CASUAL
9973,9148,7272,DISTANT
9974,1540,9728,CASUAL
9975,5793,4526,DISTANT
9976,1518,4282,DISTANT
9977,4350,2953,DISTANT
9978,2236,9540,DISTANT
9979,1283,1765,CLOSE
9980,1719,9009,CLOSE
9981,535,8812,CASUAL
9982,1250,3640,DISTANT
9983,6850,3096,CLOSE
9984,7539,3676,DISTANT
9985,7632,5361,CASUAL
9986,7942,785,CASUAL
9987,7349,6975,CASUAL
9988,5899,6681,DISTANT
9989,2423,1852,CLOSE
9990,1765,1075,CASUAL
9991,295,9154,CLOSE
9992,2687,6247,DISTANT
9993,9107,8474,CLOSE
9994,4598,4822,DISTANT
9995,3717,4954,CLOSE
9996,7002,8047,CLOSE
9997,3520,8009,CLOSE
9998,2175,4515,DISTANT
9999,2569,5234,CLOSE
10000,7305,1016,CASUAL
10001,3089,306,DISTANT
10002,1934,7684,CLOSE
10003,3061,9132,CLOSE
10004,2264,5668,CASUAL
10005,9402,9824,CASUAL
10006,7099,3210,CLOSE
10007,8911,3062,CASUAL
10008,8673,6252,DISTANT
10009,2545,8412,CLOSE
10010,1228,9623,CLOSE
10011,294,3381,CLOSE
10012,7846,1576,CLOSE
10013,706,7458,CASUAL
10014,2314,928,CASUAL
10015,8768,2272,CASUAL
10016,6182,5866,CASUAL
10017,6122,7337,DISTANT
10018,4559,944,CASUAL
10019,1404,5019,DISTANT
10020,2147,7684,DISTANT
10021,3963,9249,DISTANT
10022,4042,5887,CLOSE
10023,5091,8332,CLOSE
10024,2832,553,DISTANT
10025,5326,8392,CASUAL
10026,9466,9762,CLOSE
10027,2439,5363,DISTANT
10028,7739,2659,DISTANT
10029,8915,5176,DISTANT
10030,3086,5682,CASUAL
10031,4331,150,CASUAL
10032,2346,8584,CLOSE
10033,1659,8714,CLOSE
10034,219,7050,CASUAL
10035,7826,1709,CASUAL
10036,4685,3143,CLOSE
10037,5871,2498,DISTANT
10038,8963,1695,DISTANT
10039,3698,9166,CASUAL
10040,7172,904,CLOSE
10041,6173,2728,DISTANT
10042,6097,9523,CASUAL
10043,3587,5160,CASUAL
10044,4551,527,CASUAL
10045,1535,7161,CASUAL
10046,3737,3860,DISTANT
10047,1317,7769,DISTANT
10048,490,7102,DISTANT
10049,966,8295,CASUAL
10050,1118,5232,CASUAL
10051,3556,9929,CASUAL
10052,534,5877,CLOSE
10053,6977,3533,DISTANT
10054,2790,6528,DISTANT
10055,1376,8153,CLOSE
10056,4820,641,DISTANT
10057,6471,8547,DISTANT
10058,4300,8068,CASUAL
10059,609,7583,DISTANT
10060,7218,3640,CLOSE
10061,1115,4444,CLOSE
10062,4163,13,CLOSE
10063,3336,5372,CASUAL
10064,987,6926,CASUAL
10065,7336,578,CASUAL
10066,4208,6722,CASUAL
10067,3920,1204,CASUAL
10068,6013,4686,CASUAL
10069,7845,4557,DISTANT
10070,1173,7597,CLOSE
10071,9059,5988,CASUAL
10072,2212,6944,CLOSE
10073,9731,895,CASUAL
10074,2115,6130,CLOSE
10075,8644,3625,CLOSE
10076,6660,1063,DISTANT
10077,3816,894,CLOSE
10078,1416,976,DISTANT
10079,5037,3268,CLOSE
10080,3212,4328,DISTANT
10081,4201,5588,CASUAL
10082,671,9545,CASUAL
10083,346,9957,CASUAL
10084,7792,8128,CLOSE
10085,2421,6686,DISTANT
10086,9206,5559,CASUAL
10087,5552,8702,DISTANT
10088,5138,935,CLOSE
10089,7828,3012,CASUAL
10090,3487,4147,CLOSE
10091,8154,2186,CASUAL
10092,4317,6994,CLOSE
10093,8433,2514,CLOSE
10094,9149,1065,DISTANT
10095,1887,4422,DISTANT
10096,523,49,DISTANT
10097,184,1364,CLOSE
10098,7406,4063,DISTANT
10099,9982,3829,CASUAL
10100,9768,1092,CLOSE
10101,1705,3155,CLOSE
10102,6598,1729,CASUAL
10103,5552,7834,CASUAL
10104,3805,7648,DISTANT
10105,2035,2482,CASUAL
10106,9033,5372,CASUAL
10107,9638,9508,CASUAL
10108,9385,5827,CASUAL
10109,3960,4056,DISTANT
10110,3675,6157,CASUAL
10111,6585,9125,CASUAL
10112,4165,8611,CASUAL
10113,956,6275,CASUAL
10114,5581,9042,CLOSE
10115,9618,4324,CLOSE
10116,4435,2113,CLOSE
10117,2645,4739,DISTANT
10118,2013,4883,CLOSE
10119,4862,7187,CASUAL
10120,1851,9034,CASUAL
10121,5820,5004,DISTANT
10122,2158,5322,DISTANT
10123,7827,4140,CASUAL
10124,36,6915,CLOSE
10125,1243,170,DISTANT
10126,2724,3624,DISTANT
10127,1154,6252,DISTANT
10128,4068,8169,CASUAL
10129,6208,3431,DISTANT
10130,5433,3673,CASUAL
10131,6910,5169,DISTANT
10132,5438,7871,DISTANT
10133,3936,9034,DISTANT
10134,434,1555,CLOSE
10135,1082,2168,CLOSE
10136,7051,5903,CASUAL
10137,1342,3109,CASUAL
10138,8989,2198,CASUAL
10139,1573,9514,DISTANT
10140,8710,7600,CASUAL
10141,853,4404,DISTANT
10142,9529,6829,DISTANT
10143,2200,6172,CASUAL
10144,7779,1518,CLOSE
10145,1045,5706,CASUAL
10146,3142,85,CASUAL
10147,508,1940,DISTANT
10148,396,4622,CLOSE
10149,9080,3351,CLOSE
10150,1057,2608,CASUAL
10151,4943,5789,CLOSE
10152,5309,796,DISTANT
10153,4216,7602,CLOSE
10154,682,4033,CASUAL
10155,5873,3073,CASUAL
10156,5035,1804,CLOSE
10157,4869,9212,DISTANT
10158,7196,4241,CASUAL
10159,494,9027,DISTANT
10160,6590,1460,CLOSE
10161,6305,4826,CLOSE
10162,7377,3559,CASUAL
10163,8653,3166,CLOSE
10164,8525,4991,CASUAL
10165,5994,3403,CASUAL
10166,5922,4811,CLOSE
10167,7174,3729,CLOSE
10168,1515,3217,CASUAL
10169,6906,6718,CASUAL
10170,48,721,CLOSE
10171,9115,6473,CLOSE
10172,624,2667,CASUAL
10173,5849,558,CLOSE
10174,2934,7461,DISTANT
10175,5755,4289,DISTANT
10176,6788,6522,CASUAL
10177,326,7695,DISTANT
10178,2480,3026,DISTANT
10179,1887,9037,DISTANT
10180,8870,1598,CASUAL
10181,6980,9633,CLOSE
10182,4970,7060,CASUAL
10183,2982,6681,DISTANT
10184,4988,1997,CASUAL
10185,7409,4550,CASUAL
10186,2687,6647,DISTANT
10187,5842,669,DISTANT
10188,5889,909,DISTANT
10189,7865,1613,CASUAL
10190,9767,8487,CLOSE
10191,9543,9514,CASUAL
10192,8633,7962,CASUAL
10193,1401,310,CASUAL
10194,9429,3211,DISTANT
10195,2056,8740,CLOSE
10196,7366,2740,DISTANT
10197,775,4544,CASUAL
10198,3033,4843,CASUAL
10199,9066,6429,CASUAL
10200,2680,6216,CASUAL
10201,7673,263,CASUAL
10202,1111,5530,CASUAL
10203,7580,9656,DISTANT
10204,6162,6594,CASUAL
10205,193,6710,CLOSE
10206,7852,2569,CLOSE
10207,9579,3925,CLOSE
10208,520,5454,DISTANT
10209,7364,8307,DISTANT
10210,9031,5636,CASUAL
10211,4009,508,CASUAL
10212,2086,3689,CASUAL
10213,3756,1536,DISTANT
10214,801,5383,DISTANT
10215,6704,7035,CLOSE
10216,9922,7020,DISTANT
10217,7075,6352,DISTANT
10218,7695,9668,CLOSE
10219,4857,3189,CASUAL
10220,7402,2054,CASUAL
10221,8375,5194,CASUAL
10222,6511,5826,CASUAL
10223,4657,6687,DISTANT
10224,5503,230,DISTANT
10225,1405,4510,CASUAL
10226,8477,4134,CASUAL
10227,3149,2940,CLOSE
10228,4089,1671,CASUAL
10229,9993,6985,CASUAL
10230,8568,7281,CLOSE
10231,8953,2982,CLOSE
10232,6631,4479,DISTANT
10233,3780,2856,CASUAL
10234,7782,7110,DISTANT
10235,4324,1928,CLOSE
10236,812,2307,CLOSE
10237,6370,3905,DISTANT
10238,6234,2770,DISTANT
10239,6810,3980,CLOSE
10240,5405,1561,CASUAL
10241,975,9115,CASUAL
10242,6875,2650,CLOSE
10243,2422,9841,CASUAL
10244,884,5331,DISTANT
10245,4238,5944,CLOSE
10246,7458,1938,DISTANT
10247,3914,224,DISTANT
10248,8908,7437,DISTANT
10249,3155,2998,DISTANT
10250,8618,6900,DISTANT
10251,2621,3405,CASUAL
10252,49,839,DISTANT
10253,4875,7767,CLOSE
10254,4737,8487,CASUAL
10255,6818,7473,CLOSE
10256,2890,3525,CLOSE
10257,8616,4672,CASUAL
10258,1958,8378,CASUAL
10259,5574,9575,CASUAL
10260,1485,4624,DISTANT
10261,774,9551,CLOSE
10262,6862,8429,CLOSE
10263,1805,6949,DISTANT
10264,2830,9098,CLOSE
10265,2696,720,DISTANT
10266,8631,3420,CASUAL
10267,7395,7838,DISTANT
10268,2915,3684,CASUAL
10269,2202,3069,DISTANT
10270,1174,9460,CASUAL
10271,3515,9789,CLOSE
10272,5622,9400,CASUAL
10273,6296,7802,CLOSE
10274,4937,3898,DISTANT
10275,932,4937,DISTANT
10276,679,7865,CLOSE
10277,8828,9855,DISTANT
10278,8793,3377,CLOSE
10279,5791,35,CLOSE
10280,7776,2309,DISTANT
10281,2888,7987,CLOSE
10282,9158,2718,CASUAL
10283,2663,3292,CASUAL
10284,8644,8680,DISTANT
10285,7410,1182,CASUAL
10286,7350,1244,DISTANT
10287,6212,2055,CLOSE
10288,9051,4489,CLOSE
10289,6196,8117,CLOSE
10290,5581,1755,DISTANT
10291,9468,7472,CLOSE
10292,5769,3024,CASUAL
10293,1866,3441,CASUAL
10294,4106,154,CLOSE
10295,251,6962,CASUAL
10296,6790,2089,CLOSE
10297,3270,1102,CASUAL
10298,3092,1357,CLOSE
10299,3670,530,CASUAL
10300,9742,2170,DISTANT
10301,6184,8524,CASUAL
10302,4810,4214,CASUAL
10303,8204,8408,CLOSE
10304,3681,1420,CLOSE
10305,9990,4500,CASUAL
10306,3333,9663,DISTANT
10307,1010,6459,CASUAL
10308,9496,645,CASUAL
10309,1765,4756,DISTANT
10310,9755,8168,CLOSE
10311,8033,2500,CLOSE
10312,8565,3321,DISTANT
10313,512,5139,CLOSE
10314,8328,8590,CLOSE
10315,8536,2349,CLOSE
10316,3746,2822,CASUAL
10317,5632,2907,CLOSE
10318,4441,8420,DISTANT
10319,6589,1191,CASUAL
10320,7902,419,DISTANT
10321,7571,6920,DISTANT
10322,6453,9522,DISTANT
10323,5784,7617,CLOSE
10324,2196,5300,DISTANT
10325,9462,9933,CASUAL
10326,7009,5338,DISTANT
10327,8559,2325,CASUAL
10328,6893,9714,CLOSE
10329,6732,2642,CASUAL
10330,7846,9905,CASUAL
10331,50,1652,CLOSE
10332,8832,3011,CLOSE
10333,1277,7128,CASUAL
10334,4110,8540,DISTANT
10335,4860,1574,CASUAL
10336,4989,7902,CLOSE
10337,5733,8284,CLOSE
10338,2625,8029,CLOSE
10339,7330,7995,CLOSE
10340,9161,5818,CLOSE
10341,9978,1506,DISTANT
10342,7865,6087,CASUAL
10343,1560,9726,CLOSE
10344,7442,1219,CASUAL
10345,9610,4773,DISTANT
10346,1949,4417,CLOSE
10347,3605,4824,CLOSE
10348,5371,836,CLOSE
10349,279,3920,DISTANT
10350,38,7762,CASUAL
10351,8421,784,CASUAL
10352,576,7967,CASUAL
10353,2314,2316,DISTANT
10354,4141,4347,DISTANT
10355,4601,8101,CLOSE
10356,8622,7784,CASUAL
10357,8172,2594,DISTANT
10358,9281,8539,CASUAL
10359,3903,9403,CASUAL
10360,988,6808,DISTANT
10361,7976,5274,CLOSE
10362,5195,4356,CLOSE
10363,1198,7372,CASUAL
10364,59,7634,CLOSE
10365,3002,1377,CLOSE
10366,9875,8813,CLOSE
10367,9803,9472,CASUAL
10368,1152,8013,DISTANT
10369,8477,761,CLOSE
10370,8980,3007,DISTANT
10371,9324,1368,DISTANT
10372,9169,3314,CASUAL
10373,4042,603,DISTANT
10374,6269,6183,CASUAL
10375,2237,5407,DISTANT
10376,6947,8433,CASUAL
10377,1684,6468,DISTANT
10378,6426,1437,DISTANT
10379,837,507,DISTANT
10380,5040,2652,CLOSE
10381,518,6857,CLOSE
10382,7192,8631,CASUAL
10383,9424,3535,DISTANT
10384,613,1102,CASUAL
10385,940,9586,DISTANT
10386,8779,3030,DISTANT
10387,3784,9082,CLOSE
10388,3161,152,CASUAL
10389,3971,4404,CLOSE
10390,8620,4276,CASUAL
10391,3284,5110,CLOSE
10392,3608,2609,DISTANT
10393,8165,5013,DISTANT
10394,5023,7458,DISTANT
10395,5131,5528,DISTANT
10396,1057,7006,DISTANT
10397,6970,8142,CASUAL
10398,1349,234,CASUAL
10399,699,4271,DISTANT
10400,917,3820,CLOSE
10401,428,4033,DISTANT
10402,1821,4550,CLOSE
10403,5039,475,CLOSE
10404,6923,2447,DISTANT
10405,891,2778,CASUAL
10406,9779,5816,CLOSE
10407,4077,7517,DISTANT
10408,254,7489,CASUAL
10409,4306,2044,DISTANT
10410,813,3157,CASUAL
10411,740,1214,DISTANT
10412,5568,1671,DISTANT
10413,7774,280,CLOSE
10414,5556,2622,CASUAL
10415,9724,6293,CLOSE
10416,9785,4585,CASUAL
10417,3270,7826,CASUAL
10418,60,2872,CLOSE
10419,2860,2240,CLOSE
10420,5380,5687,DISTANT
10421,7176,3023,DISTANT
10422,1977,9795,DISTANT
10423,5730,3106,DISTANT
10424,4161,1989,DISTANT
10425,9969,7103,DISTANT
10426,7086,8741,CLOSE
10427,3971,2901,CLOSE
10428,3098,1801,CASUAL
10429,5915,584,CLOSE
10430,1835,8370,CASUAL
10431,2002,8790,CLOSE
10432,3167,6195,CASUAL
10433,4485,1064,DISTANT
10434,7183,3982,CASUAL
10435,5589,7804,CLOSE
10436,708,834,CASUAL
10437,5686,2241,DISTANT
10438,8439,9274,DISTANT
10439,3557,7632,DISTANT
10440,7438,9319,DISTANT
10441,733,1032,CASUAL
10442,120,5836,DISTANT
10443,4973,8744,DISTANT
10444,5527,3467,CLOSE
10445,9758,9702,CASUAL
10446,5443,2422,CASUAL
10447,6168,1928,DISTANT
10448,7286,3379,CLOSE
10449,3119,5942,CASUAL
10450,8829,383,DISTANT
10451,9335,2875,CLOSE
10452,4967,2499,CASUAL
10453,9564,6936,DISTANT
10454,6653,1930,CASUAL
10455,7280,3899,CASUAL
10456,6658,1888,DISTANT
10457,7776,3296,DISTANT
10458,8856,7423,CASUAL
10459,1444,1307,CLOSE
10460,1675,7488,CLOSE
10461,1579,3563,CASUAL
10462,9742,7230,DISTANT
10463,3768,4987,CASUAL
10464,2999,3025,CLOSE
10465,35,2358,CASUAL
10466,6074,2133,CASUAL
10467,664,3906,DISTANT
10468,8234,1474,CLOSE
10469,4331,5972,CLOSE
10470,1829,4409,CLOSE
10471,4922,8679,CASUAL
10472,9359,7189,CASUAL
10473,4851,4009,DISTANT
10474,1010,3282,CLOSE
10475,2471,2992,CLOSE
10476,1901,4293,DISTANT
10477,4411,403,CLOSE
10478,6925,8789,DISTANT
10479,2015,4023,DISTANT
10480,8178,9540,CLOSE
10481,7444,3293,DISTANT
10482,5355,4174,CASUAL
10483,7608,8291,DISTANT
10484,5048,3474,CASUAL
10485,5445,7141,CLOSE
10486,8660,8329,DISTANT
10487,9951,9209,DISTANT
10488,4657,1179,DISTANT
10489,1328,4625,CASUAL
10490,3609,5158,DISTANT
10491,1522,4280,CLOSE
10492,9875,6570,CASUAL
10493,2519,170,CASUAL
10494,3071,7906,CASUAL
10495,7861,160,DISTANT
10496,267,5569,CLOSE
10497,8031,7108,DISTANT
10498,3392,1367,DISTANT
10499,8209,4059,CLOSE
10500,6105,4427,CASUAL
10501,8880,6378,DISTANT
10502,541,2505,CASUAL
10503,2032,9724,CLOSE
10504,9108,2151,CLOSE
10505,3106,6097,CASUAL
10506,8099,8446,CLOSE
10507,5972,361,CLOSE
10508,2350,6397,CLOSE
10509,5816,1041,DISTANT
10510,4697,4725,CASUAL
10511,6517,9244,DISTANT
10512,3076,3067,CLOSE
10513,5027,1055,DISTANT
10514,1460,9302,CLOSE
10515,6396,3196,DISTANT
10516,5744,4705,DISTANT
10517,144,8066,CLOSE
10518,7145,6838,DISTANT
10519,7020,2531,CASUAL
10520,9183,235,CASUAL
10521,2531,6951,DISTANT
10522,6767,1511,DISTANT
10523,1800,7389,CLOSE
10524,7123,6141,CASUAL
10525,2367,6193,DISTANT
10526,8809,9153,DISTANT
10527,6138,1107,CASUAL
10528,4066,2415,CLOSE
10529,4191,2552,DISTANT
10530,2721,6328,CASUAL
10531,3861,5981,CASUAL
10532,8415,8371,DISTANT
10533,8077,569,CLOSE
10534,3590,6557,CASUAL
10535,2570,1962,DISTANT
10536,1205,9224,CLOSE
10537,123,9577,CLOSE
10538,7384,827,DISTANT
10539,3930,8264,CLOSE
10540,4481,2520,CLOSE
10541,123,7885,CASUAL
10542,3753,5897,CASUAL
10543,8253,9828,CASUAL
10544,8229,2965,DISTANT
10545,6012,6300,CASUAL
10546,5657,8649,CASUAL
10547,2304,3076,DISTANT
10548,9421,4807,CLOSE
10549,2298,4538,CLOSE
10550,3968,1059,DISTANT
10551,9054,3493,DISTANT
10552,1675,7684,CASUAL
10553,7956,9288,CLOSE
10554,3619,1783,CASUAL
10555,7064,7073,CLOSE
10556,3062,3326,DISTANT
10557,8514,492,CLOSE
10558,8467,791,CLOSE
10559,5785,5997,CLOSE
10560,3296,6594,CASUAL
10561,3097,452,CLOSE
10562,8110,5481,CLOSE
10563,2966,5705,CLOSE
10564,6521,1422,CLOSE
10565,180,2957,DISTANT
10566,4520,9230,CASUAL
10567,255,7905,CASUAL
10568,4316,5579,CASUAL
10569,6185,2883,DISTANT
10570,2907,6648,CLOSE
10571,1183,6928,CLOSE
10572,8631,7815,DISTANT
10573,9702,8498,CLOSE
10574,7737,1843,CASUAL
10575,7515,1559,CLOSE
10576,4583,2012,CASUAL
10577,6146,4482,DISTANT
10578,8713,7201,CLOSE
10579,6509,5218,CASUAL
10580,978,9871,CLOSE
10581,1843,2850,CLOSE
10582,1242,4476,CLOSE
10583,1566,2871,DISTANT
10584,1599,8012,DISTANT
10585,2756,3556,CASUAL
10586,2213,1068,CLOSE
10587,4147,889,CLOSE
10588,5393,3032,CLOSE
10589,110,1519,CLOSE
10590,7949,8862,CASUAL
10591,2803,4183,DISTANT
10592,4682,9227,CASUAL
10593,2148,9368,DISTANT
10594,9977,8849,CLOSE
10595,9008,31,CASUAL
10596,1132,7019,DISTANT
10597,696,5340,DISTANT
10598,5079,4276,DISTANT
10599,1796,5051,DISTANT
10600,1170,4915,CLOSE
10601,9021,9744,CASUAL
10602,454,5875,CLOSE
10603,650,430,CASUAL
10604,9808,8381,DISTANT
10605,6069,3906,CLOSE
10606,333,656,CLOSE
10607,2860,5308,CLOSE
10608,1135,4949,CASUAL
10609,3005,2047,DISTANT
10610,6419,6857,CASUAL
10611,2055,7336,DISTANT
10612,4775,2150,CLOSE
10613,4000,3472,CASUAL
10614,3849,5776,CASUAL
10615,5868,5777,CASUAL
10616,4361,8408,CLOSE
10617,2935,6676,CLOSE
10618,8975,6379,CLOSE
10619,6630,2660,CLOSE
10620,3492,9476,DISTANT
10621,9876,6127,DISTANT
10622,8020,1529,CASUAL
10623,2491,857,DISTANT
10624,8530,738,CASUAL
10625,9695,3244,CASUAL
10626,6226,1323,DISTANT
10627,3468,4235,CLOSE
10628,1170,1861,DISTANT
10629,1928,5061,CLOSE
10630,4609,9737,CASUAL
10631,3874,6564,CLOSE
10632,7388,6437,CLOSE
10633,4332,6751,CLOSE
10634,9397,9184,DISTANT
10635,6093,5286,CLOSE
10636,3175,897,CASUAL
10637,5876,5053,CLOSE
10638,1703,3175,CASUAL
10639,6360,7387,CASUAL
10640,7163,7694,DISTANT
10641,2248,1626,CASUAL
10642,1068,425,CASUAL
10643,6115,1249,CLOSE
10644,7610,7965,DISTANT
10645,4420,1965,CASUAL
10646,1807,1855,CASUAL
10647,1747,4697,DISTANT
10648,9795,8462,DISTANT
10649,2368,3953,DISTANT
10650,8160,6202,CASUAL
10651,3062,8557,CLOSE
10652,2867,8975,CASUAL
10653,8242,9198,DISTANT
10654,1515,8846,DISTANT
10655,736,8870,CASUAL
10656,9568,608,CASUAL
10657,2658,7234,CLOSE
10658,7627,2353,DISTANT
10659,184,7770,DISTANT
10660,2711,3156,DISTANT
10661,7774,9226,DISTANT
10662,9888,4705,CASUAL
10663,3306,7762,DISTANT
10664,979,1736,DISTANT
10665,6787,5009,DISTANT
10666,9315,8309,DISTANT
10667,4983,1389,DISTANT
10668,6479,7450,DISTANT
10669,716,5345,CLOSE
10670,7624,9814,DISTANT
10671,6511,7163,CASUAL
10672,3009,3495,DISTANT
10673,3447,9397,DISTANT
10674,5948,7293,CLOSE
10675,7819,1835,CLOSE
10676,5206,8275,DISTANT
10677,8299,4271,CASUAL
10678,5718,5374,CLOSE
10679,2776,3577,DISTANT
10680,625,1968,CASUAL
10681,5624,4150,CLOSE
10682,3421,9678,CASUAL
10683,1752,4012,CASUAL
10684,3297,7858,DISTANT
10685,7867,9014,CLOSE
10686,173,6330,CLOSE
10687,5545,2805,CASUAL
10688,8866,6136,CLOSE
10689,6727,8157,DISTANT
10690,1944,5460,DISTANT
10691,4616,22,CLOSE
10692,7733,2188,CASUAL
10693,1624,1453,CASUAL
10694,3724,8528,DISTANT
10695,5912,7053,CLOSE
10696,8816,1885,CASUAL
10697,3024,3013,DISTANT
10698,7890,6905,DISTANT
10699,3962,4327,CLOSE
10700,1527,6062,CASUAL
10701,8241,3157,CASUAL
10702,3079,1606,DISTANT
10703,4535,589,DISTANT
10704,7352,3018,CLOSE
10705,2566,8719,CASUAL
10706,3099,4021,CLOSE
10707,9484,6444,CLOSE
10708,4850,9796,CLOSE
10709,877,3372,CLOSE
10710,8364,7887,CASUAL
10711,2040,8834,CASUAL
10712,4403,6848,DISTANT
10713,7771,976,CLOSE
10714,4674,4474,DISTANT
10715,7638,911,DISTANT
10716,1260,8535,CLOSE
10717,2933,9910,CLOSE
10718,3567,6374,CASUAL
10719,8889,4270,CASUAL
10720,559,7199,CASUAL
10721,8542,4499,CASUAL
10722,2731,1878,CLOSE
10723,6055,2791,CASUAL
10724,7469,9234,CLOSE
10725,9599,8278,DISTANT
10726,4822,5116,CASUAL
10727,6760,7721,CASUAL
10728,2106,2162,CLOSE
10729,1995,8242,CASUAL
10730,3651,2114,CASUAL
10731,7163,9088,CLOSE
10732,7058,7977,CASUAL
10733,3840,4818,DISTANT
10734,5016,9478,CASUAL
10735,6468,8032,DISTANT
10736,6200,3722,DISTANT
10737,6454,8080,CASUAL
10738,883,1999,CLOSE
10739,2816,3708,DISTANT
10740,7146,7149,DISTANT
10741,7135,7415,CLOSE
10742,9328,4171,DISTANT
10743,1110,5941,CLOSE
10744,9431,4486,DISTANT
10745,8540,6513,CLOSE
10746,8379,1173,CLOSE
10747,9213,8573,DISTANT
10748,6168,43,CLOSE
10749,3113,9874,CASUAL
10750,316,3135,CASUAL
10751,8668,2929,CLOSE
10752,6743,6178,CASUAL
10753,4543,9599,CLOSE
10754,861,8781,DISTANT
10755,3735,211,CLOSE
10756,8566,6278,CASUAL
10757,7059,1738,DISTANT
10758,1750,1334,DISTANT
10759,1707,3963,CASUAL
10760,8510,4509,CLOSE
10761,3488,8409,DISTANT
10762,521,7614,DISTANT
10763,8063,143,DISTANT
10764,8328,6322,CASUAL
10765,4226,2039,CLOSE
10766,2557,7689,CLOSE
10767,5183,9022,CLOSE
10768,4396,6465,CLOSE
10769,5665,5446,CASUAL
10770,8208,6035,CASUAL
10771,3258,8585,DISTANT
10772,6663,7639,DISTANT
10773,3402,9274,CLOSE
10774,8610,4989,DISTANT
10775,9600,7286,CASUAL
10776,8126,9181,CASUAL
10777,9,40,CLOSE
10778,3282,3351,CLOSE
10779,8391,9913,CASUAL
10780,7412,2229,CLOSE
10781,6100,2235,CASUAL
10782,6518,2611,DISTANT
10783,4103,4040,DISTANT
10784,5038,2043,CASUAL
10785,3543,3683,DISTANT
10786,4282,7824,DISTANT
10787,2420,916,DISTANT
10788,4893,1755,DISTANT
10789,5775,4978,CASUAL
10790,523,7561,CLOSE
10791,4222,9525,CLOSE
10792,3018,4369,DISTANT
10793,5622,6639,CASUAL
10794,5661,1429,CLOSE
10795,3154,6155,CASUAL
10796,4671,9628,CASUAL
10797,3858,3705,DISTANT
10798,207,9940,DISTANT
10799,4561,1694,CASUAL
10800,7438,5134,CASUAL
10801,8870,3229,CLOSE
10802,6573,1833,CASUAL
10803,5156,5605,CASUAL
10804,1604,8624,DISTANT
10805,4163,994,DISTANT
10806,3857,6433,CLOSE
10807,576,8104,DISTANT
10808,6792,4479,CASUAL
10809,8859,977,CASUAL
10810,7389,2820,CASUAL
10811,1158,2755,CLOSE
10812,1449,2106,CASUAL
10813,820,9712,DISTANT
10814,1378,9484,CASUAL
10815,6057,9067,DISTANT
10816,4479,5063,CLOSE
10817,8239,6972,CASUAL
10818,4902,8707,CASUAL
10819,4637,9416,CLOSE
10820,7909,9831,CLOSE
10821,8600,8610,CASUAL
10822,7075,2777,CASUAL
10823,5495,2941,DISTANT
10824,3010,8147,DISTANT
10825,9188,1075,CLOSE
10826,8278,9574,CLOSE
10827,2250,7195,DISTANT
10828,4647,4738,CLOSE
10829,8480,911,DISTANT
10830,9284,2168,DISTANT
10831,7593,6090,CLOSE
10832,7542,1644,CASUAL
10833,9984,3100,DISTANT
10834,3600,9133,DISTANT
10835,4649,2318,DISTANT
10836,9772,8441,CASUAL
10837,8451,6485,CASUAL
10838,3112,6861,DISTANT
10839,3104,620,CLOSE
10840,6259,2229,DISTANT
10841,1068,9659,CLOSE
10842,4530,8370,CASUAL
10843,2603,1226,DISTANT
10844,6140,3481,DISTANT
10845,269,502,DISTANT
10846,8495,9710,DISTANT
10847,7573,5675,CASUAL
10848,8932,1369,CASUAL
10849,7900,1082,CASUAL
10850,4462,9241,CASUAL
10851,8818,703,CLOSE
10852,7048,1838,CLOSE
10853,1780,3911,CLOSE
10854,7690,3375,CASUAL
10855,6686,3946,DISTANT
10856,8884,6953,CASUAL
10857,1109,5006,CASUAL
10858,1099,356,CASUAL
10859,2879,5437,CASUAL
10860,2534,1448,CASUAL
10861,3588,2797,CLOSE
10862,6296,2336,CLOSE
10863,5379,879,CASUAL
10864,5730,873,DISTANT
10865,3572,9018,DISTANT
10866,8944,5892,DISTANT
10867,510,8778,CASUAL
10868,1873,1094,CASUAL
10869,431,6853,CLOSE
10870,5193,2129,DISTANT
10871,821,1092,DISTANT
10872,2880,9861,CASUAL
10873,7116,5413,DISTANT
10874,1305,9462,CLOSE
10875,5654,8694,CLOSE
10876,1752,3002,DISTANT
10877,3109,6899,CASUAL
10878,9642,1995,CASUAL
10879,2262,5426,DISTANT
10880,4372,1124,CASUAL
10881,7175,9704,DISTANT
10882,6795,8619,CASUAL
10883,3775,3290,CASUAL
10884,8017,6213,CASUAL
10885,414,4913,CLOSE
10886,7477,8086,CLOSE
10887,9858,8806,CLOSE
10888,4811,2673,CLOSE
10889,6772,6268,DISTANT
10890,9028,1849,CASUAL
10891,9251,9450,CLOSE
10892,2499,7380,CASUAL
10893,2580,8741,DISTANT
10894,8803,1746,DISTANT
10895,477,9321,DISTANT
10896,8913,3972,DISTANT
10897,6759,9031,DISTANT
10898,4184,2460,CASUAL
10899,3252,1662,CASUAL
10900,4542,5519,CLOSE
10901,2930,3265,DISTANT
10902,1288,224,DISTANT
10903,2562,3029,DISTANT
10904,2368,1212,DISTANT
10905,1335,3441,CASUAL
10906,7523,5055,CLOSE
10907,7468,6786,CASUAL
10908,9239,1329,CLOSE
10909,278,3861,CLOSE
10910,6833,3977,CASUAL
10911,2926,9329,CASUAL
10912,1297,9490,DISTANT
10913,4164,1938,CLOSE
10914,7292,8405,CLOSE
10915,7545,6312,DISTANT
10916,9786,2351,CLOSE
10917,5233,7486,CASUAL
10918,6868,3536,CLOSE
10919,8444,3988,CLOSE
10920,9706,1573,DISTANT
10921,9533,6203,CASUAL
10922,3993,9436,DISTANT
10923,837,4449,CLOSE
10924,9056,3929,CASUAL
10925,3303,9500,CLOSE
10926,7738,7400,CASUAL
10927,8955,4352,DISTANT
10928,7432,100,DISTANT
10929,9811,5485,DISTANT
10930,1189,9300,CASUAL
10931,7246,4160,DISTANT
10932,4913,3056,CASUAL
10933,6007,2009,CLOSE
10934,9299,2578,DISTANT
10935,6616,457,DISTANT
10936,2067,5524,CASUAL
10937,2985,2508,CLOSE
10938,6135,1495,CASUAL
10939,1213,4182,CLOSE
10940,320,22,CASUAL
10941,213,6800,CASUAL
10942,9683,8026,DISTANT
10943,3254,9392,CASUAL
10944,8570,3861,DISTANT
10945,2837,3857,CLOSE
10946,7540,8451,DISTANT
10947,8726,865,CASUAL
10948,3772,2994,CASUAL
10949,6019,6298,CLOSE
10950,5881,127,CLOSE
10951,6712,4912,CLOSE
10952,2086,4830,CLOSE
10953,8329,2446,CLOSE
10954,825,6645,DISTANT
10955,1421,6069,DISTANT
10956,5753,9332,CLOSE
10957,787,8889,CLOSE
10958,7824,9806,CLOSE
10959,896,2793,DISTANT
10960,5599,6355,CASUAL
10961,6594,629,CLOSE
10962,8017,5042,CASUAL
10963,9728,2626,DISTANT
10964,6020,3660,DISTANT
10965,6470,1508,CLOSE
10966,947,254,CLOSE
10967,4172,8003,CASUAL
10968,6671,5875,CLOSE
10969,6683,8129,CLOSE
10970,1000,8442,DISTANT
10971,5104,9721,CASUAL
10972,4986,7917,DISTANT
10973,4429,4066,CLOSE
10974,1150,1329,CASUAL
10975,75,777,CLOSE
10976,4135,9970,DISTANT
10977,4032,3948,DISTANT
10978,5575,2942,DISTANT
10979,1446,2184,CASUAL
10980,7108,4401,CLOSE
10981,7712,7801,CASUAL
10982,1764,8641,CASUAL
10983,1055,5917,CLOSE
10984,4629,3791,DISTANT
10985,538,4704,CLOSE
10986,6026,5865,CLOSE
10987,8422,3311,CLOSE
10988,4773,8484,CASUAL
10989,4409,3278,CLOSE
10990,8670,1335,CLOSE
10991,4623,3489,CLOSE
10992,4458,5050,CLOSE
10993,1325,6203,DISTANT
10994,5746,5911,CLOSE
10995,4966,4591,DISTANT
10996,7640,4014,CASUAL
10997,7992,6123,DISTANT
10998,7443,665,CLOSE
10999,9941,8868,CLOSE
11000,7171,7094,CASUAL
11001,5348,7391,DISTANT
11002,5651,4043,CLOSE
11003,7697,7873,CLOSE
11004,4571,8729,DISTANT
11005,4174,516,CASUAL
11006,5498,3514,CASUAL
11007,4851,2597,CASUAL
11008,7275,900,CLOSE
11009,1321,3931,DISTANT
11010,9964,3102,DISTANT
11011,9574,9874,DISTANT
11012,7853,7686,CASUAL
11013,21,1772,CASUAL
11014,4225,5852,DISTANT
11015,1010,7284,DISTANT
11016,6505,4085,DISTANT
11017,4489,5397,CASUAL
11018,7076,1570,DISTANT
11019,4219,4522,DISTANT
11020,8500,5194,CASUAL
11021,9210,6050,CASUAL
11022,2827,8454,CLOSE
11023,9360,8895,CASUAL
11024,3668,1333,CASUAL
11025,6873,5693,DISTANT
11026,4046,1407,DISTANT
11027,8879,4750,CLOSE
11028,8833,6142,CASUAL
11029,2390,7712,DISTANT
11030,7205,7329,CLOSE
11031,5479,6748,CASUAL
11032,916,5609,DISTANT
11033,3081,3183,DISTANT
11034,1341,5438,CLOSE
11035,4925,6967,CASUAL
11036,4222,4487,CASUAL
11037,2528,4989,CASUAL
11038,9438,7595,CASUAL
11039,7453,363,CLOSE
11040,7843,836,CLOSE
11041,6030,9545,CASUAL
11042,6769,9873,CLOSE
11043,7425,6141,CLOSE
11044,3942,3434,DISTANT
11045,9405,7205,DISTANT
11046,4439,2091,DISTANT
11047,4875,4567,DISTANT
11048,1306,138,CASUAL
11049,650,1500,CASUAL
11050,6922,8978,CASUAL
11051,3132,6883,CASUAL
11052,2631,9666,CASUAL
11053,3639,3905,CASUAL
11054,8611,7968,CASUAL
11055,9410,3226,CLOSE
11056,2176,544,DISTANT
11057,802,5544,CASUAL
11058,9691,1901,CLOSE
11059,6617,4973,CLOSE
11060,4206,695,CLOSE
11061,1677,6370,DISTANT
11062,5609,7726,CASUAL
11063,1775,8817,DISTANT
11064,2286,2851,CASUAL
11065,2466,1733,DISTANT
11066,6176,6677,CASUAL
11067,3220,8962,DISTANT
11068,7876,1829,CASUAL
11069,4270,8099,CLOSE
11070,9441,4376,CLOSE
11071,1954,9586,CLOSE
11072,6459,3777,CASUAL
11073,7325,2016,CASUAL
11074,3124,8378,CASUAL
11075,3283,2813,CASUAL
11076,8540,8883,DISTANT
11077,6339,9003,CASUAL
11078,1221,5455,CLOSE
11079,4909,5355,CASUAL
11080,2739,8485,CLOSE
11081,9975,4518,DISTANT
11082,844,7286,CLOSE
11083,2588,9945,DISTANT
11084,5379,2444,DISTANT
11085,8765,8660,DISTANT
11086,6715,5043,CASUAL
11087,357,3610,CASUAL
11088,414,2217,CLOSE
11089,7250,8769,CLOSE
11090,8478,1743,DISTANT
11091,7317,5591,DISTANT
11092,638,3908,CLOSE
11093,8417,3228,CLOSE
11094,3735,7685,DISTANT
11095,4118,954,DISTANT
11096,7623,348,DISTANT
11097,130,1182,CLOSE
11098,6562,4057,DISTANT
11099,15,1272,CASUAL
11100,7151,548,CLOSE
11101,6919,9176,CLOSE
11102,2435,6349,CASUAL
11103,4613,2289,CLOSE
11104,2189,3966,CLOSE
11105,9043,8100,CLOSE
11106,4231,2384,DISTANT
11107,3573,3727,DISTANT
11108,2982,7181,CLOSE
11109,7391,6520,DISTANT
11110,6549,6522,DISTANT
11111,4949,1149,CLOSE
11112,7580,3474,CASUAL
11113,8094,1323,CLOSE
11114,1674,9909,CLOSE
11115,5172,488,DISTANT
11116,3731,9561,CLOSE
11117,1971,4898,CLOSE
11118,1572,3766,CLOSE
11119,2380,4774,CASUAL
11120,4968,6036,CASUAL
11121,9713,1401,CLOSE
11122,7158,6356,CLOSE
11123,9823,382,CASUAL
11124,6355,5528,DISTANT
11125,6838,6275,CLOSE
11126,1376,2590,CLOSE
11127,4353,4387,DISTANT
11128,3023,1910,CLOSE
11129,3437,4380,CLOSE
11130,6428,7632,CLOSE
11131,2962,368,CLOSE
11132,7925,8157,CLOSE
11133,326,9262,CLOSE
11134,341,6254,CASUAL
11135,3703,811,DISTANT
11136,9752,2566,CLOSE
11137,9908,8134,CASUAL
11138,5641,6017,DISTANT
11139,2293,1199,CLOSE
11140,9320,8632,CASUAL
11141,5200,5643,DISTANT
11142,2782,1096,DISTANT
11143,1482,7497,DISTANT
11144,1625,2864,CASUAL
11145,182,5137,DISTANT
11146,8629,1537,CLOSE
11147,3993,1022,DISTANT
11148,5209,4972,CASUAL
11149,9206,9529,CLOSE
11150,7820,8582,DISTANT
11151,9003,1716,DISTANT
11152,7331,151,DISTANT
11153,6454,1531,DISTANT
11154,4880,1378,CLOSE
11155,5905,3161,DISTANT
11156,6031,8825,CLOSE
11157,5915,1522,CASUAL
11158,5381,7186,DISTANT
11159,1212,6151,DISTANT
11160,7054,7662,CASUAL
11161,9127,8016,CASUAL
11162,4735,7425,DISTANT
11163,9631,7543,CASUAL
11164,531,698,DISTANT
11165,3044,4322,DISTANT
11166,3551,5458,DISTANT
11167,1760,3610,CLOSE
11168,5095,8630,CASUAL
11169,8664,378,CASUAL
11170,3301,3102,CASUAL
11171,1464,7080,CASUAL
11172,9472,294,DISTANT
11173,7519,8361,CLOSE
11174,6545,9835,CLOSE
11175,8060,2074,CASUAL
11176,8224,1985,CASUAL
11177,2446,9555,DISTANT
11178,5927,364,CLOSE
11179,9974,3298,CLOSE
11180,6620,7586,CASUAL
11181,8590,5053,CASUAL
11182,3759,9133,CASUAL
11183,6474,8783,CASUAL
11184,3324,8772,DISTANT
11185,5154,95,CASUAL
11186,3394,4635,CLOSE
11187,4633,4836,CLOSE
11188,1712,1462,CLOSE
11189,1587,3003,DISTANT
11190,9806,2003,CASUAL
11191,8378,894,DISTANT
11192,2218,9937,DISTANT
11193,1103,8020,CLOSE
11194,3230,2133,CASUAL
11195,1798,3992,DISTANT
11196,5598,1962,CLOSE
11197,4800,3290,CLOSE
11198,2760,3471,DISTANT
11199,2290,3942,CLOSE
11200,5312,1470,CASUAL
11201,7732,1021,DISTANT
11202,8783,4139,DISTANT
11203,2823,7309,DISTANT
11204,1964,8479,CLOSE
11205,3071,7313,CLOSE
11206,13,5026,CLOSE
11207,3518,7601,CLOSE
11208,5745,8770,CASUAL
11209,6461,9414,CLOSE
11210,1681,256,DISTANT
11211,2921,4682,DISTANT
11212,8718,1854,DISTANT
11213,5782,431,CASUAL
11214,5497,8818,CASUAL
11215,8751,7489,DISTANT
11216,9163,4991,CASUAL
11217,7488,2645,DISTANT
11218,5724,656,CLOSE
11219,4736,4258,DISTANT
11220,8390,8456,DISTANT
11221,4463,2159,CLOSE
11222,1435,1940,DISTANT
11223,14,8698,CLOSE
11224,3876,8029,DISTANT
11225,2237,2601,DISTANT
11226,2585,7293,DISTANT
11227,2870,9407,CLOSE
11228,9854,1901,DISTANT
11229,7329,1095,DISTANT
11230,2410,4949,CLOSE
11231,7871,9279,CASUAL
11232,6298,9290,CLOSE
11233,7226,9519,DISTANT
11234,6766,7992,CASUAL
11235,5045,5599,CLOSE
11236,9094,4120,CLOSE
11237,2616,3085,DISTANT
11238,6633,3722,DISTANT
11239,1329,2036,CASUAL
11240,2868,2801,CASUAL
11241,4034,4562,CLOSE
11242,4261,7279,CLOSE
11243,2635,4603,CLOSE
11244,4299,8097,CLOSE
11245,2569,7921,CASUAL
11246,6065,979,CLOSE
11247,1368,5519,CASUAL
11248,4234,792,CASUAL
11249,292,4570,DISTANT
11250,8992,4224,DISTANT
11251,2385,2641,CLOSE
11252,5487,3713,CLOSE
11253,2766,9593,CLOSE
11254,2615,8439,CASUAL
11255,8345,5524,CASUAL
11256,4478,5196,CASUAL
11257,1096,3675,CASUAL
11258,9125,390,DISTANT
11259,6634,3423,CASUAL
11260,9628,5262,CLOSE
11261,302,4899,DISTANT
11262,8215,8179,CASUAL
11263,6514,8206,CLOSE
11264,810,7123,CLOSE
11265,592,8489,CASUAL
11266,3983,2994,CLOSE
11267,4825,338,DISTANT
11268,3555,4569,CASUAL
11269,6736,9985,DISTANT
11270,247,8243,CASUAL
11271,8225,5529,DISTANT
11272,5647,4179,DISTANT
11273,5929,7153,CLOSE
11274,6752,3158,DISTANT
11275,6263,7010,CASUAL
11276,8336,3920,DISTANT
11277,4550,9654,DISTANT
11278,4305,6023,CLOSE
11279,6768,3466,DISTANT
11280,710,7396,CLOSE
11281,4758,7073,CLOSE
11282,9254,9821,CLOSE
11283,7510,3798,CLOSE
11284,7698,9385,CASUAL
11285,8423,3230,CLOSE
11286,281,8405,CLOSE
11287,1662,2649,CLOSE
11288,7433,8686,CLOSE
11289,8763,7933,DISTANT
11290,3171,5644,CASUAL
11291,1529,4687,CASUAL
11292,5692,5875,CASUAL
11293,1,2173,CASUAL
11294,5180,9886,CASUAL
11295,8463,5351,DISTANT
11296,7360,4339,CASUAL
11297,6721,4232,DISTANT
11298,7871,8312,CASUAL
11299,5610,8104,CLOSE
11300,6867,996,CLOSE
11301,630,6178,DISTANT
11302,6165,8236,DISTANT
11303,4939,9546,CLOSE
11304,3323,6204,CLOSE
11305,1378,4680,CASUAL
11306,2777,8464,CLOSE
11307,4310,9858,CASUAL
11308,2568,5754,CASUAL
11309,2199,2423,CLOSE
11310,3517,7046,CLOSE
11311,3612,6769,CASUAL
11312,9185,7790,CASUAL
11313,272,9513,CLOSE
11314,7089,7520,DISTANT
11315,6719,1146,DISTANT
11316,3649,2900,CLOSE
11317,6654,2939,CASUAL
11318,6790,3212,DISTANT
11319,1611,9024,CASUAL
11320,5183,9013,DISTANT
11321,4924,3552,DISTANT
11322,9358,3964,DISTANT
11323,7234,5318,DISTANT
11324,5791,7420,CASUAL
11325,3602,8306,CASUAL
11326,2383,884,DISTANT
11327,2580,6720,CASUAL
11328,6029,3789,DISTANT
11329,3834,3164,DISTANT
11330,9093,3314,DISTANT
11331,1417,1379,CASUAL
11332,5497,6454,DISTANT
11333,2788,5414,CASUAL
11334,7448,6440,DISTANT
11335,3444,6835,DISTANT
11336,8318,5958,CASUAL
11337,8959,5302,DISTANT
11338,9545,8967,CASUAL
11339,3580,6043,CLOSE
11340,8447,7808,CASUAL
11341,6232,1099,CLOSE
11342,4998,5436,DISTANT
11343,6243,8473,DISTANT
11344,2092,4507,DISTANT
11345,1918,4123,CASUAL
11346,6348,5590,DISTANT
11347,2150,5297,CLOSE
11348,6770,2010,DISTANT
11349,6292,4551,DISTANT
11350,2625,6969,CASUAL
11351,1073,3368,CLOSE
11352,2226,8382,DISTANT
11353,9278,5452,DISTANT
11354,2612,2675,CLOSE
11355,6984,4442,DISTANT
11356,9099,2122,CASUAL
11357,3996,7160,DISTANT
11358,1769,8084,DISTANT
11359,26,541,DISTANT
11360,7677,8169,CLOSE
11361,499,4558,CLOSE
11362,8573,3897,CLOSE
11363,1062,8744,CLOSE
11364,349,5882,CLOSE
11365,2994,3143,CLOSE
11366,6831,5466,CASUAL
11367,1066,5493,CASUAL
11368,942,5916,DISTANT
11369,2473,5018,CASUAL
11370,1946,3019,CASUAL
11371,1621,4722,CLOSE
11372,5336,8131,CLOSE
11373,7935,8103,DISTANT
11374,8437,2107,DISTANT
11375,6598,2930,CLOSE
11376,6691,6609,CLOSE
11377,2091,7484,DISTANT
11378,6153,6804,DISTANT
11379,9932,8628,CASUAL
11380,661,5479,DISTANT
11381,3452,1230,CASUAL
11382,6207,769,CLOSE
11383,9696,8711,CASUAL
11384,8077,6252,DISTANT
11385,6920,9152,CLOSE
11386,5845,6673,DISTANT
11387,9629,9850,CLOSE
11388,6712,7377,CLOSE
11389,9088,4664,DISTANT
11390,9928,6737,CLOSE
11391,8349,5002,DISTANT
11392,5586,7120,CLOSE
11393,4461,4264,DISTANT
11394,6116,9448,DISTANT
11395,232,473,DISTANT
11396,3914,8642,CLOSE
11397,2337,4357,DISTANT
11398,8292,3078,CLOSE
11399,5740,3766,DISTANT
11400,7205,2424,DISTANT
11401,1594,3107,DISTANT
11402,6069,5589,CLOSE
11403,9639,1366,CLOSE
11404,8227,6337,CASUAL
11405,6531,3684,CASUAL
11406,3701,2045,CASUAL
11407,8113,4933,CLOSE
11408,9316,7630,CASUAL
11409,3108,6421,CLOSE
11410,8388,3971,CLOSE
11411,84,7502,CLOSE
11412,3250,9594,CLOSE
11413,9459,2586,CASUAL
11414,5775,2875,DISTANT
11415,4934,1458,CASUAL
11416,9096,5716,DISTANT
11417,2838,3612,CLOSE
11418,8707,4169,DISTANT
11419,9869,9508,CASUAL
11420,1078,3167,DISTANT
11421,4877,5475,CLOSE
11422,1348,519,CASUAL
11423,8852,356,DISTANT
11424,7776,9466,DISTANT
11425,9982,3493,DISTANT
11426,5690,5634,CASUAL
11427,3188,8312,CLOSE
11428,6405,7113,CLOSE
11429,2447,8953,CLOSE
11430,8211,5612,CASUAL
11431,9040,9216,CASUAL
11432,9171,5738,CASUAL
11433,2330,4006,CLOSE
11434,3884,3627,DISTANT
11435,1151,4078,DISTANT
11436,8824,134,CLOSE
11437,140,3200,DISTANT
11438,3905,7645,CASUAL
11439,6789,9072,DISTANT
11440,5708,9072,CLOSE
11441,5618,1933,DISTANT
11442,9297,5179,DISTANT
11443,2923,2749,DISTANT
11444,9333,7176,DISTANT
11445,6101,4261,CLOSE
11446,9315,4554,CASUAL
11447,6022,5064,DISTANT
11448,7700,8153,DISTANT
11449,846,1362,DISTANT
11450,7951,4090,CLOSE
11451,6006,342,CLOSE
11452,8266,6492,CASUAL
11453,7659,4039,DISTANT
11454,9744,1857,CLOSE
11455,7549,9619,CLOSE
11456,5817,5695,CLOSE
11457,7865,2589,CLOSE
11458,9343,2945,DISTANT
11459,2362,3044,CLOSE
11460,592,7017,CLOSE
11461,2684,9801,CASUAL
11462,8648,5904,CLOSE
11463,5880,9248,CASUAL
11464,1143,1546,CASUAL
11465,9919,7196,CLOSE
11466,6885,4256,DISTANT
11467,4371,8359,DISTANT
11468,5140,7127,DISTANT
11469,6626,2004,CLOSE
11470,5632,615,CASUAL
11471,4517,7256,CASUAL
11472,4843,5140,DISTANT
11473,7141,430,CLOSE
11474,2081,8499,CLOSE
11475,7410,4102,CASUAL
11476,9776,5746,DISTANT
11477,5510,2611,DISTANT
11478,7291,3259,CLOSE
11479,2908,3036,CASUAL
11480,4041,3121,CLOSE
11481,8529,4839,CASUAL
11482,5670,7733,CLOSE
11483,6331,2280,DISTANT
11484,5401,6345,CLOSE
11485,6002,2761,DISTANT
11486,4022,9295,CLOSE
11487,8365,3569,CASUAL
11488,8747,7535,CASUAL
11489,8593,7238,CLOSE
11490,7229,4524,CLOSE
11491,6002,3044,DISTANT
11492,5185,3307,CLOSE
11493,5009,5495,CASUAL
11494,4975,5747,CASUAL
11495,6763,6970,CLOSE
11496,5738,2889,CLOSE
11497,8976,1208,DISTANT
11498,7450,5987,CLOSE
11499,7108,1129,DISTANT
11500,9416,3272,DISTANT
11501,4121,7678,CASUAL
11502,6302,830,CLOSE
11503,9949,202,CLOSE
11504,5139,8819,CASUAL
11505,8522,9011,CASUAL
11506,826,9177,CASUAL
11507,1022,8949,CLOSE
11508,9740,6601,DISTANT
11509,9911,625,CLOSE
11510,9772,6118,CASUAL
11511,80,8886,CASUAL
11512,17,8185,DISTANT
11513,1622,7370,CLOSE
11514,5152,4063,CASUAL
11515,3428,4715,DISTANT
11516,9841,1662,DISTANT
11517,8477,1722,CASUAL
11518,6596,648,CASUAL
11519,4603,1916,DISTANT
11520,1910,4938,DISTANT
11521,5821,1524,CASUAL
11522,9100,9470,CASUAL
11523,1639,6711,CLOSE
11524,5573,4918,DISTANT
11525,419,8361,DISTANT
11526,5507,9954,CASUAL
11527,9155,7778,CLOSE
11528,2871,9940,CASUAL
11529,5182,3711,DISTANT
11530,9167,3676,CLOSE
11531,6509,2970,CLOSE
11532,8793,397,CLOSE
11533,2182,8562,CASUAL
11534,8012,5468,CASUAL
11535,1488,9469,CLOSE
11536,253,8566,DISTANT
11537,3,3656,CASUAL
11538,2707,4890,CASUAL
11539,1235,3894,CLOSE
11540,4094,4101,DISTANT
11541,4875,1832,CLOSE
11542,2963,2919,CASUAL
11543,1261,4207,DISTANT
11544,9635,5964,CLOSE
11545,9498,9941,CASUAL
11546,9888,6021,DISTANT
11547,7726,6990,DISTANT
11548,5826,3258,CLOSE
11549,4858,9260,DISTANT
11550,5668,2245,DISTANT
11551,6261,3511,CASUAL
11552,8511,5905,CLOSE
11553,247,1078,DISTANT
11554,8305,7536,CASUAL
11555,3800,4201,CLOSE
11556,8262,6686,DISTANT
11557,6784,5984,DISTANT
11558,5443,6547,CLOSE
11559,8425,7900,CLOSE
11560,9990,9713,DISTANT
11561,4403,8179,CASUAL
11562,4941,8776,CASUAL
11563,6551,5487,CASUAL
11564,494,4957,DISTANT
11565,5304,7894,CASUAL
11566,3627,3984,CLOSE
11567,9395,6689,DISTANT
11568,6963,58,CLOSE
11569,1520,928,CLOSE
11570,9303,5039,CASUAL
11571,3121,5401,CASUAL
11572,6505,4764,CLOSE
11573,8677,2385,CASUAL
11574,7174,6603,DISTANT
11575,8930,9786,CASUAL
11576,1237,2887,CASUAL
11577,1795,519,DISTANT
11578,6786,9055,CLOSE
11579,3869,1363,CLOSE
11580,3811,7966,CASUAL
11581,7978,219,CASUAL
11582,5786,7283,CASUAL
11583,7635,9855,DISTANT
11584,8727,1785,DISTANT
11585,353,4257,CLOSE
11586,4156,1078,CLOSE
11587,7932,5896,CLOSE
11588,1124,341,CLOSE
11589,3300,3462,CLOSE
11590,4400,9886,DISTANT
11591,912,5960,DISTANT
11592,4564,191,DISTANT
11593,571,8985,CASUAL
11594,1870,9974,CLOSE
11595,5867,1439,CLOSE
11596,9017,3310,CLOSE
11597,6022,9197,DISTANT
11598,7998,9136,DISTANT
11599,3826,3871,DISTANT
11600,3015,8844,DISTANT
11601,6814,2166,DISTANT
11602,8813,5509,CLOSE
11603,8996,6879,DISTANT
11604,9085,6300,CASUAL
11605,9849,5095,CLOSE
11606,1142,9805,CLOSE
11607,2523,1503,DISTANT
11608,9006,9996,DISTANT
11609,9555,2490,CLOSE
11610,3910,8796,CLOSE
11611,6913,8544,DISTANT
11612,4266,4894,CLOSE
11613,3151,31,DISTANT
11614,2198,2984,CLOSE
11615,6080,9050,DISTANT
11616,3457,7434,CLOSE
11617,803,4176,CLOSE
11618,8006,3642,CASUAL
11619,6445,8713,CASUAL
11620,4899,7038,CASUAL
11621,6868,4397,CLOSE
11622,1476,6711,DISTANT
11623,8881,5543,CLOSE
11624,5717,1653,DISTANT
11625,5972,4825,CLOSE
11626,3706,8099,CLOSE
11627,5395,2061,CLOSE
11628,3471,3533,CASUAL
11629,3893,9401,CASUAL
11630,4805,8059,CASUAL
11631,2051,3797,DISTANT
11632,799,2898,CLOSE
11633,3693,2375,CASUAL
11634,9765,2256,CASUAL
11635,6331,7808,CASUAL
11636,7448,8871,CLOSE
11637,4773,5452,DISTANT
11638,8014,3029,CASUAL
11639,8958,379,CASUAL
11640,3427,3991,CLOSE
11641,2556,2848,CASUAL
11642,6590,1683,CASUAL
11643,219,1632,DISTANT
11644,9045,8886,CASUAL
11645,7266,1023,DISTANT
11646,4870,1537,CASUAL
11647,520,2299,CLOSE
11648,2535,6751,CLOSE
11649,3746,8695,DISTANT
11650,9656,5744,CLOSE
11651,230,6679,CASUAL
11652,5994,2046,CLOSE
11653,7254,3000,CASUAL
11654,9266,5076,CASUAL
11655,7828,4320,DISTANT
11656,6335,1680,CLOSE
11657,5358,9707,DISTANT
11658,9080,4807,CASUAL
11659,7267,4520,CLOSE
11660,6630,1434,CLOSE
11661,5825,7828,CASUAL
11662,371,9560,CLOSE
11663,8947,9111,CASUAL
11664,7164,672,CLOSE
11665,5744,8084,DISTANT
11666,4126,2343,CLOSE
11667,3246,1985,DISTANT
11668,7783,4010,CLOSE
11669,3558,8095,CLOSE
11670,3754,3272,CLOSE
11671,380,3106,CASUAL
11672,4153,8308,CLOSE
11673,4013,5805,CLOSE
11674,2300,1962,CASUAL
11675,1166,3403,DISTANT
11676,2112,9659,CLOSE
11677,2631,2453,DISTANT
11678,8631,8784,DISTANT
11679,1050,8466,DISTANT
11680,8524,8458,CLOSE
11681,9336,709,CLOSE
11682,9061,4526,CASUAL
11683,519,2545,DISTANT
11684,6487,8966,CLOSE
11685,410,2843,CLOSE
11686,6566,7472,CASUAL
11687,7916,4806,DISTANT
11688,6700,5024,CLOSE
11689,7561,1807,CASUAL
11690,6079,243,CLOSE
11691,2871,5971,CASUAL
11692,267,3259,CASUAL
11693,7722,206,CLOSE
11694,1289,8019,CASUAL
11695,2450,4609,CLOSE
11696,3099,7907,DISTANT
11697,5462,1196,DISTANT
11698,7940,9516,CASUAL
11699,5282,2975,CLOSE
11700,1928,5944,CLOSE
11701,4352,2510,CLOSE
11702,1144,8627,CLOSE
11703,194,3633,CASUAL
11704,8928,4292,DISTANT
11705,760,9947,DISTANT
11706,2985,6050,CASUAL
11707,7846,9951,DISTANT
11708,1443,8623,DISTANT
11709,3920,6469,DISTANT
11710,8695,5072,CASUAL
11711,9397,4563,CASUAL
11712,8727,1854,CASUAL
11713,5183,2841,CASUAL
11714,6276,5681,DISTANT
11715,8353,5033,CLOSE
11716,9617,3361,DISTANT
11717,1338,7804,CLOSE
11718,8667,7549,CLOSE
11719,8665,7023,CASUAL
11720,2436,5691,CASUAL
11721,7385,3352,CASUAL
11722,3902,66,DISTANT
11723,9762,2557,CASUAL
11724,7568,3266,CLOSE
11725,6521,3870,DISTANT
11726,6669,7017,CASUAL
11727,6776,3672,CASUAL
11728,9046,3834,CASUAL
11729,874,9907,CASUAL
11730,7032,3702,CASUAL
11731,1549,5502,CASUAL
11732,2168,5265,DISTANT
11733,7178,9522,CLOSE
11734,9144,5746,CLOSE
11735,3979,8922,CASUAL
11736,2978,293,CLOSE
11737,5734,3151,CLOSE
11738,1495,4218,CASUAL
11739,7251,4903,CASUAL
11740,6426,2985,DISTANT
11741,5446,7394,CASUAL
11742,3810,9069,CLOSE
11743,3177,5573,CLOSE
11744,132,1976,CASUAL
11745,2924,9149,DISTANT
11746,2046,7693,DISTANT
11747,7677,6448,CASUAL
11748,4488,2542,CLOSE
11749,294,4991,CASUAL
11750,360,4641,DISTANT
11751,464,9634,DISTANT
11752,5902,911,CLOSE
11753,4090,9943,CASUAL
11754,3027,3841,CASUAL
11755,7216,3956,CASUAL
11756,3751,1144,DISTANT
11757,522,2327,CLOSE
11758,3719,2203,CLOSE
11759,6490,1625,CLOSE
11760,1343,834,DISTANT
11761,9747,290,CLOSE
11762,4520,9637,DISTANT
11763,3725,5506,DISTANT
11764,52,627,DISTANT
11765,5810,8670,CASUAL
11766,8954,5366,CASUAL
11767,6054,367,CLOSE
11768,4158,6099,CLOSE
11769,1424,2957,DISTANT
11770,9584,1146,CLOSE
11771,8485,4361,CASUAL
11772,9310,634,CLOSE
11773,3261,7354,CLOSE
11774,3398,1172,DISTANT
11775,5591,4948,CASUAL
11776,3894,3263,CLOSE
11777,2290,2155,CLOSE
11778,652,9473,DISTANT
11779,5237,3676,CASUAL
11780,8831,5786,CASUAL
11781,5796,7287,CLOSE
11782,5444,6459,CASUAL
11783,4069,1343,DISTANT
11784,6536,5615,CASUAL
11785,625,4681,DISTANT
11786,609,2018,DISTANT
11787,46,9394,CLOSE
11788,9209,4391,CASUAL
11789,1775,5131,DISTANT
11790,8972,426,CLOSE
11791,3018,5112,CLOSE
11792,6473,5189,DISTANT
11793,2080,4664,CLOSE
11794,2223,1307,CLOSE
11795,2676,7477,CLOSE
11796,9495,71,DISTANT
11797,1707,7243,CASUAL
11798,5075,640,CLOSE
11799,7587,3584,CASUAL
11800,7476,3020,CASUAL
11801,6850,7873,CASUAL
11802,8475,5977,CLOSE
11803,4264,4942,CASUAL
11804,9492,491,CASUAL
11805,4406,775,CASUAL
11806,1936,6333,CLOSE
11807,7966,3923,CLOSE
11808,1773,6912,DISTANT
11809,2981,3120,CLOSE
11810,3946,8049,CLOSE
11811,6947,2385,DISTANT
11812,9240,8188,CLOSE
11813,2796,9517,CASUAL
11814,3501,2719,CASUAL
11815,3008,8668,DISTANT
11816,8316,5563,DISTANT
11817,1505,1023,CLOSE
11818,2294,9823,CASUAL
11819,2330,2713,CLOSE
11820,8333,5319,DISTANT
11821,1103,5952,DISTANT
11822,751,1573,CASUAL
11823,1984,4167,DISTANT
11824,8685,3605,CASUAL
11825,8121,1316,DISTANT
11826,1705,2195,DISTANT
11827,3791,1128,DISTANT
11828,1015,4633,CASUAL
11829,4165,3320,CASUAL
11830,4502,6932,CLOSE
11831,4369,8402,DISTANT
11832,5430,4330,CASUAL
11833,3746,8956,CLOSE
11834,9137,9345,CLOSE
11835,221,1426,CASUAL
11836,5053,5601,CLOSE
11837,9060,8236,CLOSE
11838,7993,4537,DISTANT
11839,5553,9206,CLOSE
11840,9071,5535,CLOSE
11841,1537,2442,CLOSE
11842,7198,9415,DISTANT
11843,4791,5151,CLOSE
11844,1419,4210,CASUAL
11845,4515,8363,DISTANT
11846,5026,8665,CASUAL
11847,8780,9232,DISTANT
11848,435,6146,CLOSE
11849,5705,588,CLOSE
11850,4077,4019,CLOSE
11851,3421,5862,DISTANT
11852,9891,592,CLOSE
11853,3440,2382,DISTANT
11854,2269,9056,CLOSE
11855,6109,8832,CASUAL
11856,9873,1187,CASUAL
11857,4235,6740,DISTANT
11858,1038,2598,CLOSE
11859,8167,3817,CLOSE
11860,1120,5070,CLOSE
11861,4129,3235,CASUAL
11862,8854,8836,DISTANT
11863,4780,951,CLOSE
11864,1141,1332,CLOSE
11865,3252,9102,DISTANT
11866,6158,4029,CLOSE
11867,2251,5369,DISTANT
11868,8381,2031,CLOSE
11869,4491,6550,CASUAL
11870,2878,981,DISTANT
11871,8793,4513,DISTANT
11872,9882,1605,CLOSE
11873,6523,7938,CASUAL
11874,3041,8221,CLOSE
11875,1334,1852,CLOSE
11876,729,372,CLOSE
11877,1929,2827,CLOSE
11878,9430,6032,CLOSE
11879,8433,7753,CLOSE
11880,5959,1276,CLOSE
11881,3590,566,DISTANT
11882,866,978,CLOSE
11883,3584,5888,CASUAL
11884,6150,3318,DISTANT
11885,8375,3416,CASUAL
11886,6715,7878,CASUAL
11887,77,1504,DISTANT
11888,876,2827,DISTANT
11889,3183,936,DISTANT
11890,2112,5214,CLOSE
11891,4927,6668,CLOSE
11892,1274,7690,CASUAL
11893,1203,1140,DISTANT
11894,5041,5574,DISTANT
11895,9726,6049,DISTANT
11896,9495,6941,CLOSE
11897,4412,7883,CASUAL
11898,6963,8488,CASUAL
11899,1762,7632,DISTANT
11900,5125,6549,CLOSE
11901,8235,2331,DISTANT
11902,5713,4274,CLOSE
11903,6436,7786,CASUAL
11904,2797,5685,CLOSE
11905,7639,2796,DISTANT
11906,3647,314,DISTANT
11907,5569,3769,CASUAL
11908,1180,1556,DISTANT
11909,395,6854,CLOSE
11910,5907,8925,DISTANT
11911,9283,1483,CASUAL
11912,1478,8763,CLOSE
11913,1877,8396,CLOSE
11914,4346,3291,DISTANT
11915,2183,9420,CLOSE
11916,7483,706,DISTANT
11917,2369,1010,DISTANT
11918,3398,6648,CLOSE
11919,9966,4912,CLOSE
11920,2568,2463,CASUAL
11921,7408,2281,CLOSE
11922,4037,4515,CASUAL
11923,7812,9764,DISTANT
11924,1621,9240,DISTANT
11925,5912,8610,CASUAL
11926,4038,585,DISTANT
11927,4717,8455,CLOSE
11928,9043,278,DISTANT
11929,7701,5245,CLOSE
11930,3255,6899,CLOSE
11931,9264,2901,CASUAL
11932,6908,5022,CASUAL
11933,8201,5440,CLOSE
11934,5597,9534,CLOSE
11935,6643,892,CASUAL
11936,5363,4245,DISTANT
11937,7920,7709,DISTANT
11938,8776,2986,CASUAL
11939,890,5478,CLOSE
11940,8606,2868,DISTANT
11941,681,5652,DISTANT
11942,7261,3014,DISTANT
11943,3060,4321,CASUAL
11944,6449,9978,CASUAL
11945,9822,5231,CLOSE
11946,5877,7681,DISTANT
11947,1337,2072,DISTANT
11948,3220,4242,CLOSE
11949,7720,6087,CLOSE
11950,3298,9818,DISTANT
11951,1916,4875,CLOSE
11952,7161,9065,DISTANT
11953,2080,3860,CLOSE
11954,2601,5332,DISTANT
11955,2517,8297,DISTANT
11956,8845,8315,CLOSE
11957,6704,1057,DISTANT
11958,5847,270,CLOSE
11959,2816,4981,CASUAL
11960,2529,8897,CLOSE
11961,5024,3557,DISTANT
11962,6732,7738,DISTANT
11963,1662,4235,DISTANT
11964,8818,2369,CLOSE
11965,4850,8513,DISTANT
11966,2263,6295,CASUAL
11967,1056,6024,CASUAL
11968,3072,3038,CASUAL
11969,3228,908,CASUAL
11970,887,6584,CLOSE
11971,6512,5615,CLOSE
11972,422,7290,DISTANT
11973,8546,9580,CLOSE
11974,2802,7627,DISTANT
11975,3923,5521,CASUAL
11976,70,4290,DISTANT
11977,5150,8670,CLOSE
11978,3907,5165,DISTANT
11979,1332,3544,CLOSE
11980,1943,2684,CLOSE
11981,8934,9373,CLOSE
11982,4711,3177,CASUAL
11983,2059,9784,CASUAL
11984,4548,6763,CLOSE
11985,2400,862,DISTANT
11986,9823,2737,CLOSE
11987,9935,1947,DISTANT
11988,7979,2287,DISTANT
11989,5614,3602,DISTANT
11990,1631,9722,DISTANT
11991,5014,8973,DISTANT
11992,5748,9687,CASUAL
11993,356,9000,DISTANT
11994,3015,1660,DISTANT
11995,5211,2335,CASUAL
11996,639,2332,CASUAL
11997,1359,2037,DISTANT
11998,5435,2625,CLOSE
11999,3101,9670,CASUAL
12000,5343,1369,CASUAL
12001,5750,1462,DISTANT
12002,7340,6711,CLOSE
12003,9872,3456,CLOSE
12004,4542,4684,CLOSE
12005,8496,5420,CLOSE
12006,5934,6034,CASUAL
12007,1803,2450,DISTANT
12008,2943,3764,DISTANT
12009,2069,308,CLOSE
12010,9527,6505,CASUAL
12011,9801,1081,CASUAL
12012,359,4119,DISTANT
12013,5956,3772,DISTANT
12014,5837,5730,CASUAL
12015,661,4060,CLOSE
12016,4972,9436,CLOSE
12017,9351,6682,DISTANT
12018,4125,6192,CLOSE
12019,3495,9815,DISTANT
12020,7614,9722,DISTANT
12021,5670,8204,CLOSE
12022,7958,5967,DISTANT
12023,3343,5986,CASUAL
12024,3951,2573,CASUAL
12025,4358,3047,CASUAL
12026,4691,4332,DISTANT
12027,4924,2946,CLOSE
12028,8695,4408,CLOSE
12029,4374,3843,CLOSE
12030,3141,3266,DISTANT
12031,1206,4993,DISTANT
12032,2613,4408,CASUAL
12033,7205,3501,CASUAL
12034,5160,9271,DISTANT
12035,9744,7291,CASUAL
12036,516,9091,CLOSE
12037,2989,1222,CLOSE
12038,7740,3758,CASUAL
12039,5171,6903,CLOSE
12040,6612,5801,DISTANT
12041,5649,6690,DISTANT
12042,2887,937,CASUAL
12043,5056,5395,CLOSE
12044,8143,760,DISTANT
12045,4151,8921,DISTANT
12046,8636,4517,DISTANT
12047,3650,6054,CLOSE
12048,678,3331,CASUAL
12049,8189,5196,DISTANT
12050,1422,5091,DISTANT
12051,888,6936,CASUAL
12052,4506,6164,CLOSE
12053,9874,9638,CLOSE
12054,8613,8028,CLOSE
12055,7504,2253,CLOSE
12056,5727,7392,CASUAL
12057,5152,6684,DISTANT
12058,2267,8980,CASUAL
12059,6555,9412,CLOSE
12060,4206,3218,CLOSE
12061,8319,2164,DISTANT
12062,3303,9203,CLOSE
12063,3434,6404,CASUAL
12064,9950,9185,DISTANT
12065,6322,8733,CLOSE
12066,3219,1317,DISTANT
12067,5318,9794,CLOSE
12068,7041,479,CLOSE
12069,2975,9527,DISTANT
12070,4132,5921,CASUAL
12071,4861,4882,DISTANT
12072,18,593,DISTANT
12073,8558,5055,CASUAL
12074,9413,3747,CLOSE
12075,4477,1140,CLOSE
12076,9510,7650,DISTANT
12077,1770,8092,DISTANT
12078,1278,3210,DISTANT
12079,3697,2100,DISTANT
12080,2189,6790,CASUAL
12081,2982,8529,CASUAL
12082,2503,4469,CASUAL
12083,1544,7506,CLOSE
12084,1746,5992,DISTANT
12085,6286,389,CLOSE
12086,9103,8838,CASUAL
12087,3982,2600,CASUAL
12088,8178,6309,CLOSE
12089,9648,5186,DISTANT
12090,2489,9413,CLOSE
12091,1328,7461,CASUAL
12092,6280,8138,CLOSE
12093,6049,8604,CASUAL
12094,9550,1642,CLOSE
12095,1088,6799,CASUAL
12096,1638,433,CLOSE
12097,7136,4207,CASUAL
12098,5773,5986,DISTANT
12099,3718,4963,CLOSE
12100,7304,3392,CASUAL
12101,3090,9829,DISTANT
12102,3884,1397,DISTANT
12103,4836,9292,CLOSE
12104,5683,3422,DISTANT
12105,9996,679,DISTANT
12106,4814,5787,CLOSE
12107,5819,5042,DISTANT
12108,3056,5729,CLOSE
12109,7125,3725,DISTANT
12110,9094,6755,DISTANT
12111,8617,6608,CLOSE
12112,5868,9230,CASUAL
12113,2061,2839,DISTANT
12114,4980,4112,DISTANT
12115,4355,9527,DISTANT
12116,1520,4914,DISTANT
12117,3649,3551,CASUAL
12118,6726,7290,DISTANT
12119,4977,8796,CASUAL
12120,6628,4849,CLOSE
12121,7948,7936,CASUAL
12122,1970,7677,DISTANT
12123,5571,191,CLOSE
12124,3996,8792,CASUAL
12125,4014,1289,CASUAL
12126,8107,9869,CLOSE
12127,2598,3073,DISTANT
12128,7274,4988,CLOSE
12129,616,2515,CLOSE
12130,8735,3916,CLOSE
12131,1366,5799,CLOSE
12132,1255,9179,CASUAL
12133,7651,7156,CLOSE
12134,5549,9814,CLOSE
12135,205,1383,DISTANT
12136,7790,3482,DISTANT
12137,8068,4197,CASUAL
12138,1818,6315,CLOSE
12139,8072,4659,DISTANT
12140,4783,7123,DISTANT
12141,6590,5481,CASUAL
12142,4962,140,DISTANT
12143,6610,2188,CASUAL
12144,2255,4440,CLOSE
12145,7682,5608,CLOSE
12146,9051,9729,CLOSE
12147,2193,9071,CASUAL
12148,2479,4058,DISTANT
12149,2776,8980,DISTANT
12150,9977,3976,DISTANT
12151,6045,1727,CLOSE
12152,3312,7754,CLOSE
12153,116,4040,CASUAL
12154,8794,2448,DISTANT
12155,9546,4740,DISTANT
12156,4722,7079,CASUAL
12157,2700,1374,CLOSE
12158,3114,5017,DISTANT
12159,3966,6639,CASUAL
12160,9274,6712,CLOSE
12161,202,1069,DISTANT
12162,3498,2617,CASUAL
12163,5707,9618,DISTANT
12164,3899,5746,CLOSE
12165,9199,8709,CLOSE
12166,5784,897,DISTANT
12167,5886,655,CLOSE
12168,8996,3182,CLOSE
12169,3332,2334,CASUAL
12170,6470,6547,CASUAL
12171,345,3821,CASUAL
12172,4943,8462,CLOSE
12173,2228,9891,CASUAL
12174,6343,2549,CLOSE
12175,8018,3323,CASUAL
12176,5613,3742,CLOSE
12177,5904,4300,DISTANT
12178,1368,1329,DISTANT
12179,5596,7785,DISTANT
12180,2461,9520,CASUAL
12181,6476,9011,CLOSE
12182,7170,9167,CLOSE
12183,5348,9664,CASUAL
12184,4377,8844,CLOSE
12185,5954,222,CLOSE
12186,1135,1455,CASUAL
12187,2759,1536,CASUAL
12188,5495,7277,CLOSE
12189,4940,1026,DISTANT
12190,2006,7693,DISTANT
12191,5945,1732,CLOSE
12192,4656,7582,CLOSE
12193,8078,9815,CLOSE
12194,1108,8050,CLOSE
12195,4824,2688,CASUAL
12196,8943,8820,CLOSE
12197,7100,8125,CLOSE
12198,1073,4714,CLOSE
12199,2165,6411,CLOSE
12200,3320,948,DISTANT
12201,2869,6508,CASUAL
12202,9731,9485,CLOSE
12203,7047,8297,DISTANT
12204,7836,3127,CLOSE
12205,8308,4751,CASUAL
12206,735,5361,CASUAL
12207,2387,4785,DISTANT
12208,4727,4781,DISTANT
12209,1673,9000,DISTANT
12210,5702,9735,CLOSE
12211,6268,7227,DISTANT
12212,9246,1773,CLOSE
12213,2944,8470,CLOSE
12214,7494,6939,CASUAL
12215,911,1696,DISTANT
12216,2216,5005,CASUAL
12217,6497,1099,CLOSE
12218,8160,1227,DISTANT
12219,2712,4487,CASUAL
12220,4635,1463,CLOSE
12221,3406,5292,CASUAL
12222,3659,7592,CASUAL
12223,1752,4756,CLOSE
12224,9501,9070,CASUAL
12225,4145,3823,CASUAL
12226,2121,819,CLOSE
12227,774,1956,CASUAL
12228,6535,2119,CLOSE
12229,3677,2777,DISTANT
12230,1902,3297,CLOSE
12231,2357,2606,CLOSE
12232,5403,3229,CLOSE
12233,159,5389,CLOSE
12234,6932,2951,CLOSE
12235,7006,744,DISTANT
12236,1335,5654,CASUAL
12237,8738,7653,CASUAL
12238,5335,7896,CLOSE
12239,635,1848,CASUAL
12240,7214,3213,DISTANT
12241,3735,3118,DISTANT
12242,149,9687,CASUAL
12243,5771,8774,CLOSE
12244,4427,3563,DISTANT
12245,8008,2650,CASUAL
12246,4947,7842,CASUAL
12247,588,9682,CASUAL
12248,4409,7220,CLOSE
12249,5338,4569,CLOSE
12250,8302,6167,DISTANT
12251,2996,7916,DISTANT
12252,3212,3424,CASUAL
12253,2656,8737,CASUAL
12254,4862,8538,DISTANT
12255,3406,2052,CASUAL
12256,8685,158,CASUAL
12257,8842,7826,CLOSE
12258,4472,9361,CASUAL
12259,5767,8098,DISTANT
12260,6546,2087,DISTANT
12261,8041,6879,CASUAL
12262,6961,3279,CLOSE
12263,7462,5722,CLOSE
12264,6049,3273,DISTANT
12265,4303,176,CASUAL
12266,9334,6617,CASUAL
12267,8988,9310,CASUAL
12268,3453,2263,CASUAL
12269,8947,2144,CLOSE
12270,4590,949,CASUAL
12271,4728,3816,DISTANT
12272,51,6175,CASUAL
12273,92,3541,CASUAL
12274,3843,7524,CASUAL
12275,81,9838,CLOSE
12276,3225,3680,CASUAL
12277,3900,8885,CASUAL
12278,4605,7420,CASUAL
12279,9245,7994,CLOSE
12280,1525,1658,DISTANT
12281,5213,3208,CLOSE
12282,7320,7787,CLOSE
12283,4062,3635,DISTANT
12284,4271,2653,CASUAL
12285,9357,6618,CASUAL
12286,3382,8905,CASUAL
12287,9128,1933,CLOSE
12288,1137,9431,DISTANT
12289,8641,5887,CASUAL
12290,5328,6791,DISTANT
12291,6440,6871,DISTANT
12292,5970,4745,CASUAL
12293,7657,6322,CASUAL
12294,7359,7339,CASUAL
12295,2026,5158,CASUAL
12296,9421,5913,DISTANT
12297,7698,8162,DISTANT
12298,250,1866,DISTANT
12299,6143,9736,CLOSE
12300,1150,674,DISTANT
12301,4760,5761,CASUAL
12302,4665,5951,CLOSE
12303,7724,6621,CLOSE
12304,6482,7281,CLOSE
12305,9101,5796,CASUAL
12306,923,2638,DISTANT
12307,2454,5942,CASUAL
12308,2826,3538,DISTANT
12309,8281,7699,DISTANT
12310,1991,710,DISTANT
12311,3695,8888,CLOSE
12312,7509,5966,CASUAL
12313,2639,4657,CLOSE
12314,6462,9664,CLOSE
12315,7174,9758,CASUAL
12316,6380,6053,CLOSE
12317,3327,4145,CASUAL
12318,8810,3757,CASUAL
12319,2762,1932,CLOSE
12320,976,3616,CASUAL
12321,8363,2418,CASUAL
12322,4331,1242,CASUAL
12323,3049,4650,CASUAL
12324,6264,9506,DISTANT
12325,9868,6600,CLOSE
12326,4789,9257,CASUAL
12327,1708,2153,DISTANT
12328,5965,270,CLOSE
12329,5220,289,DISTANT
12330,8597,9354,CASUAL
12331,7066,2619,CLOSE
12332,9360,5432,CLOSE
12333,6157,1842,DISTANT
12334,2345,1376,CLOSE
12335,7183,8305,CASUAL
12336,5717,9998,CASUAL
12337,6637,1595,DISTANT
12338,8110,6396,CLOSE
12339,5770,4211,CASUAL
12340,5892,8716,CLOSE
12341,1115,4318,CLOSE
12342,830,4976,CLOSE
12343,4397,8809,DISTANT
12344,256,4875,CASUAL
12345,7640,6876,CLOSE
12346,3461,4108,CASUAL
12347,2702,5895,DISTANT
12348,804,4119,CASUAL
12349,396,6611,CASUAL
12350,9523,1053,CLOSE
12351,7879,246,CASUAL
12352,2310,9910,DISTANT
12353,9336,493,DISTANT
12354,6777,1169,DISTANT
12355,9601,4167,CLOSE
12356,2766,8111,CLOSE
12357,9457,8247,CASUAL
12358,5095,9357,DISTANT
12359,8662,5563,CLOSE
12360,5993,8730,DISTANT
12361,1202,4544,CASUAL
12362,2055,6971,CLOSE
12363,2027,4088,CLOSE
12364,3725,3755,DISTANT
12365,3449,3398,CLOSE
12366,7979,5614,DISTANT
12367,3703,3282,DISTANT
12368,9795,7574,DISTANT
12369,3700,2367,DISTANT
12370,5596,7005,CASUAL
12371,8650,5273,CLOSE
12372,494,203,CLOSE
12373,7455,7611,CASUAL
12374,4642,6301,DISTANT
12375,2271,2478,DISTANT
12376,6837,985,DISTANT
12377,6301,1646,DISTANT
12378,8128,337,CASUAL
12379,9818,7566,CLOSE
12380,2337,3391,CASUAL
12381,208,7685,CLOSE
12382,2133,3561,CLOSE
12383,6942,4322,CASUAL
12384,4768,865,CASUAL
12385,3098,8042,DISTANT
12386,3155,610,DISTANT
12387,6796,9835,CASUAL
12388,9398,8723,DISTANT
12389,6355,2284,CASUAL
12390,7570,8559,CASUAL
12391,4853,2558,CLOSE
12392,1889,8757,CLOSE
12393,788,6454,DISTANT
12394,6834,8660,DISTANT
12395,4862,4853,CASUAL
12396,7417,4096,DISTANT
12397,4843,634,CLOSE
12398,410,3403,DISTANT
12399,9136,752,CASUAL
12400,3639,7805,CASUAL
12401,3633,193,DISTANT
12402,8894,655,DISTANT
12403,5156,4756,CLOSE
12404,4402,9462,CASUAL
12405,3049,8394,CASUAL
12406,3660,8198,CASUAL
12407,9366,8521,CASUAL
12408,2589,5253,CASUAL
12409,4866,3155,CASUAL
12410,2084,4708,CLOSE
12411,6891,1016,CLOSE
12412,1328,2450,CASUAL
12413,410,9875,CASUAL
12414,1935,3892,CASUAL
12415,8380,2293,CASUAL
12416,4770,662,CASUAL
12417,6647,2985,CASUAL
12418,3434,4545,DISTANT
12419,7930,379,DISTANT
12420,9909,3842,CASUAL
12421,4452,4879,CLOSE
12422,4747,9899,CLOSE
12423,4320,174,CASUAL
12424,1442,996,DISTANT
12425,1181,8532,CASUAL
12426,8332,3442,DISTANT
12427,9207,1678,DISTANT
12428,2850,2408,CASUAL
12429,7436,6947,CASUAL
12430,4966,317,DISTANT
12431,4997,3596,CASUAL
12432,7998,9879,CASUAL
12433,8948,1780,CLOSE
12434,5552,5580,CLOSE
12435,4468,8373,CASUAL
12436,7138,8011,CLOSE
12437,9761,4232,CLOSE
12438,2060,7027,CLOSE
12439,7557,7992,CASUAL
12440,6765,8601,CLOSE
12441,4075,979,CLOSE
12442,2734,8342,CLOSE
12443,7593,619,CASUAL
12444,1217,5970,CLOSE
12445,6896,785,CLOSE
12446,9380,619,CLOSE
12447,8021,1854,CLOSE
12448,6073,2036,DISTANT
12449,3788,3028,DISTANT
12450,1937,4905,DISTANT
12451,5509,3203,CLOSE
12452,2085,3334,CASUAL
12453,7249,1407,DISTANT
12454,3044,933,CASUAL
12455,769,1838,DISTANT
12456,1747,7085,CASUAL
12457,4147,551,DISTANT
12458,2659,2786,CASUAL
12459,7939,1908,CLOSE
12460,7399,1919,CASUAL
12461,7857,6011,CLOSE
12462,6004,6455,CASUAL
12463,614,5319,DISTANT
12464,6071,3540,CASUAL
12465,8542,7119,DISTANT
12466,8371,9930,CASUAL
12467,9756,6558,CASUAL
12468,237,5665,CASUAL
12469,9537,6096,CASUAL
12470,1144,6129,CLOSE
12471,327,3825,CASUAL
12472,8419,384,DISTANT
12473,9474,9797,CLOSE
12474,6428,7684,CLOSE
12475,5696,7229,CASUAL
12476,972,9624,DISTANT
12477,5880,8910,DISTANT
12478,6721,4410,DISTANT
12479,2600,8820,DISTANT
12480,853,743,DISTANT
12481,4571,3203,DISTANT
12482,3010,544,DISTANT
12483,2996,1880,CASUAL
12484,3460,6196,CLOSE
12485,3800,981,DISTANT
12486,184,5575,CASUAL
12487,1675,2859,DISTANT
12488,6238,9417,DISTANT
12489,989,4037,DISTANT
12490,9610,4636,CLOSE
12491,6529,2845,CLOSE
12492,7681,4946,CASUAL
12493,5211,3291,CASUAL
12494,8661,5203,CLOSE
12495,4132,2385,DISTANT
12496,2455,7128,CLOSE
12497,8866,8924,DISTANT
12498,7134,2273,CLOSE
12499,3610,1669,CLOSE
12500,1330,954,CASUAL
12501,4270,8684,CASUAL
12502,4471,3646,CASUAL
12503,9096,4584,DISTANT
12504,9043,1237,CLOSE
12505,8977,926,CLOSE
12506,4071,8911,CASUAL
12507,6490,193,DISTANT
12508,8712,8522,DISTANT
12509,1900,6353,CLOSE
12510,3610,2082,DISTANT
12511,184,8517,CASUAL
12512,1701,715,DISTANT
12513,4196,2438,CLOSE
12514,7488,1114,DISTANT
12515,1199,4164,CASUAL
12516,6641,1719,CASUAL
12517,2970,1368,CLOSE
12518,57,5260,DISTANT
12519,7710,8920,CLOSE
12520,2226,4195,CLOSE
12521,1359,5604,CLOSE
12522,329,1083,CLOSE
12523,8625,6845,CLOSE
12524,619,9634,DISTANT
12525,8134,1871,DISTANT
12526,781,9306,DISTANT
12527,7786,1489,CLOSE
12528,4384,4986,DISTANT
12529,2867,6633,CLOSE
12530,9581,9477,DISTANT
12531,6489,153,CASUAL
12532,1709,6775,CASUAL
12533,304,3200,DISTANT
12534,7023,1834,DISTANT
12535,7540,5019,CLOSE
12536,7995,4274,DISTANT
12537,5086,5872,CASUAL
12538,5555,6149,CLOSE
12539,9111,3577,CASUAL
12540,9987,929,CLOSE
12541,5123,4471,CLOSE
12542,5469,7229,DISTANT
12543,8229,5888,DISTANT
12544,1163,571,CASUAL
12545,6885,9028,CLOSE
12546,9920,9051,DISTANT
12547,3495,4955,CASUAL
12548,5168,9072,CASUAL
12549,7615,3436,DISTANT
12550,2396,55,CLOSE
12551,4115,6576,DISTANT
12552,2368,7241,DISTANT
12553,5339,1977,CLOSE
12554,9716,4025,CASUAL
12555,5275,6361,CLOSE
12556,9015,8296,CLOSE
12557,8167,721,CASUAL
12558,5848,3797,CLOSE
12559,5331,6963,CASUAL
12560,7009,4727,CASUAL
12561,4614,5300,CASUAL
12562,3560,1941,DISTANT
12563,1597,5234,CLOSE
12564,770,9607,CLOSE
12565,8405,5295,CLOSE
12566,5252,9999,CLOSE
12567,3628,3003,DISTANT
12568,7920,164,CASUAL
12569,7841,3366,DISTANT
12570,1381,2394,DISTANT
12571,2896,2556,CLOSE
12572,8141,3948,DISTANT
12573,1318,2323,CASUAL
12574,5928,6962,CLOSE
12575,9745,5534,CASUAL
12576,1964,539,CASUAL
12577,3586,7797,CLOSE
12578,4250,1847,CLOSE
12579,7651,2043,DISTANT
12580,5730,5152,CASUAL
12581,9746,3944,DISTANT
12582,944,2357,CASUAL
12583,2361,3990,DISTANT
12584,5220,7935,CASUAL
12585,5061,3235,DISTANT
12586,8213,4877,CASUAL
12587,3487,1399,CLOSE
12588,7534,1106,CLOSE
12589,4466,6955,CLOSE
12590,9441,2236,CLOSE
12591,55,6081,CLOSE
12592,465,8011,CLOSE
12593,2745,5557,CLOSE
12594,7025,6544,DISTANT
12595,2572,5523,CASUAL
12596,6042,6585,CASUAL
12597,80,1311,DISTANT
12598,1296,3240,DISTANT
12599,7033,8400,CASUAL
12600,4421,8177,CASUAL
12601,4288,125,CASUAL
12602,6362,8634,DISTANT
12603,8268,221,DISTANT
12604,88,5643,CLOSE
12605,5095,9760,CASUAL
12606,9934,5610,CLOSE
12607,2318,4144,CLOSE
12608,2620,5554,CLOSE
12609,4388,1626,CLOSE
12610,1656,1695,CLOSE
12611,8053,2696,DISTANT
12612,124,999,CASUAL
12613,8194,4569,DISTANT
12614,4405,1909,DISTANT
12615,7319,8893,CLOSE
12616,6642,3015,DISTANT
12617,4514,5978,CASUAL
12618,944,5793,DISTANT
12619,5609,9891,CASUAL
12620,1955,9961,DISTANT
12621,2405,8372,DISTANT
12622,9506,4726,CASUAL
12623,4955,4869,CLOSE
12624,4203,2146,CLOSE
12625,7956,454,DISTANT
12626,546,6488,CASUAL
12627,2257,4683,DISTANT
12628,3183,1863,CASUAL
12629,8081,238,CASUAL
12630,5122,2873,CLOSE
12631,8462,4405,DISTANT
12632,6104,2755,CLOSE
12633,181,8033,CLOSE
12634,4782,8087,CASUAL
12635,5186,3440,CASUAL
12636,9059,2556,CASUAL
12637,9535,8049,DISTANT
12638,7588,904,CASUAL
12639,2252,5066,CASUAL
12640,9548,6229,DISTANT
12641,1118,3350,DISTANT
12642,7969,9017,CASUAL
12643,3772,9889,CASUAL
12644,6917,893,DISTANT
12645,504,2910,CASUAL
12646,4876,7615,DISTANT
12647,1995,3235,CLOSE
12648,1458,7521,CLOSE
12649,8487,5053,CLOSE
12650,7030,2816,CASUAL
12651,3258,5248,CASUAL
12652,6199,7191,DISTANT
12653,8460,5128,CLOSE
12654,1918,4526,DISTANT
12655,6066,1363,CLOSE
12656,4784,6830,CASUAL
12657,7607,4808,CLOSE
12658,1163,1900,DISTANT
12659,5151,9345,CASUAL
12660,6452,1038,CLOSE
12661,6722,8042,CASUAL
12662,6786,3530,DISTANT
12663,5465,7223,CASUAL
12664,4168,890,CLOSE
12665,6089,4644,DISTANT
12666,1103,5360,CLOSE
12667,5710,7087,CASUAL
12668,5436,81,DISTANT
12669,1958,3952,CLOSE
12670,782,9877,CLOSE
12671,6494,554,CASUAL
12672,2094,7035,CASUAL
12673,5313,4000,DISTANT
12674,4532,7334,CLOSE
12675,2653,9172,DISTANT
12676,7360,6741,DISTANT
12677,4788,1028,DISTANT
12678,9486,1185,DISTANT
12679,2302,6418,CLOSE
12680,5582,8404,DISTANT
12681,3751,8140,CLOSE
12682,2088,8661,CASUAL
12683,741,2698,CASUAL
12684,4501,6117,CLOSE
12685,5064,5558,DISTANT
12686,7994,1728,DISTANT
12687,5048,3331,DISTANT
12688,8078,7014,CLOSE
12689,2084,2534,CLOSE
12690,1865,9437,DISTANT
12691,4714,3671,DISTANT
12692,829,1060,DISTANT
12693,170,3878,CLOSE
12694,5196,7434,DISTANT
12695,5951,1767,CASUAL
12696,3144,7167,CLOSE
12697,8483,5202,DISTANT
12698,7856,5587,DISTANT
12699,4087,9377,DISTANT
12700,2539,3257,DISTANT
12701,8080,354,CASUAL
12702,9556,6110,CLOSE
12703,3042,1178,CLOSE
12704,5088,687,CASUAL
12705,1093,3334,DISTANT
12706,8334,4900,CASUAL
12707,3046,6162,DISTANT
12708,8387,2195,CASUAL
12709,1837,7062,DISTANT
12710,2035,5130,CLOSE
12711,3760,654,CLOSE
12712,4113,504,CLOSE
12713,8567,6438,CLOSE
12714,3188,1454,CLOSE
12715,4576,2092,CASUAL
12716,8921,4011,CLOSE
12717,4860,9546,CLOSE
12718,3584,7019,CLOSE
12719,5619,803,CLOSE
12720,379,5538,CLOSE
12721,7109,3964,DISTANT
12722,7355,5832,CLOSE
12723,3935,9944,CLOSE
12724,4765,7426,DISTANT
12725,2607,8508,DISTANT
12726,2752,7028,DISTANT
12727,8686,5704,CASUAL
12728,2142,2356,CASUAL
12729,811,7044,DISTANT
12730,4735,8196,CASUAL
12731,1491,7762,CASUAL
12732,1616,1593,CLOSE
12733,172,8886,CASUAL
12734,5093,720,CLOSE
12735,20,802,DISTANT
12736,4187,7793,CLOSE
12737,3259,1519,DISTANT
12738,6025,159,CASUAL
12739,8451,9622,CASUAL
12740,2635,7981,CASUAL
12741,6952,1352,CASUAL
12742,6764,29,DISTANT
12743,7240,3342,CASUAL
12744,7503,240,CASUAL
12745,8092,444,CLOSE
12746,5138,4194,CASUAL
12747,797,6791,CLOSE
12748,1443,4376,CLOSE
12749,9062,3069,CASUAL
12750,1871,6398,CLOSE
12751,3420,3608,CLOSE
12752,5075,7845,DISTANT
12753,3983,427,CASUAL
12754,5146,2961,DISTANT
12755,7579,8737,CASUAL
12756,7953,9651,CLOSE
12757,633,2166,CASUAL
12758,1780,2161,DISTANT
12759,2656,9861,CASUAL
12760,5281,428,CLOSE
12761,8179,1265,CLOSE
12762,5508,4511,CLOSE
12763,9699,2541,CLOSE
12764,306,4238,CASUAL
12765,9468,8142,CLOSE
12766,3799,6235,CASUAL
12767,7585,9871,DISTANT
12768,9889,4145,CLOSE
12769,1575,766,CLOSE
12770,6008,8033,DISTANT
12771,1117,8433,CLOSE
12772,7365,2784,DISTANT
12773,2217,3254,CLOSE
12774,7065,7160,DISTANT
12775,8242,736,CASUAL
12776,2821,2296,DISTANT
12777,2184,5442,DISTANT
12778,1491,5571,CLOSE
12779,7182,3328,DISTANT
12780,3578,7298,CLOSE
12781,3210,5709,CLOSE
12782,5260,9876,DISTANT
12783,945,472,CLOSE
12784,3157,1950,CLOSE
12785,6807,2683,DISTANT
12786,7771,3415,DISTANT
12787,130,9796,CLOSE
12788,9671,5018,CLOSE
12789,6563,4840,CLOSE
12790,7200,6386,DISTANT
12791,893,951,DISTANT
12792,4900,8348,DISTANT
12793,9512,5571,CLOSE
12794,1877,5966,DISTANT
12795,4733,6810,CLOSE
12796,4267,6515,CLOSE
12797,7851,3708,CASUAL
12798,9940,4135,CLOSE
12799,334,7705,DISTANT
12800,8880,8638,CLOSE
12801,3564,5734,CLOSE
12802,9131,2982,DISTANT
12803,5482,3821,CASUAL
12804,1790,2055,DISTANT
12805,3520,8693,DISTANT
12806,6944,5010,CLOSE
12807,5075,924,DISTANT
12808,7678,9231,DISTANT
12809,7626,1276,DISTANT
12810,8852,2643,CLOSE
12811,2601,1792,CLOSE
12812,4405,7265,DISTANT
12813,7785,796,CLOSE
12814,5308,6063,CASUAL
12815,5368,5473,DISTANT
12816,3253,5334,CLOSE
12817,895,7257,CASUAL
12818,5467,721,DISTANT
12819,3968,2987,CLOSE
12820,2381,2061,CLOSE
12821,600,7387,DISTANT
12822,7103,204,CLOSE
12823,5151,7608,DISTANT
12824,3324,7165,DISTANT
12825,8569,8499,DISTANT
12826,7207,9132,DISTANT
12827,6213,1227,CASUAL
12828,546,6788,DISTANT
12829,9593,8072,DISTANT
12830,5679,6540,DISTANT
12831,3457,9266,CLOSE
12832,4880,6516,CLOSE
12833,3298,2248,CASUAL
12834,7242,4047,CASUAL
12835,8079,8531,DISTANT
12836,7861,1883,CLOSE
12837,9964,9864,CASUAL
12838,2059,784,CASUAL
12839,4416,7715,CASUAL
12840,6233,6344,DISTANT
12841,3264,8807,DISTANT
12842,2875,7703,DISTANT
12843,2339,4126,DISTANT
12844,5450,8347,CLOSE
12845,5799,8962,CASUAL
12846,4887,8028,CASUAL
12847,8089,3386,DISTANT
12848,2950,370,CLOSE
12849,7955,5306,DISTANT
12850,9554,3473,CLOSE
12851,7031,8217,CLOSE
12852,6930,1744,CASUAL
12853,6922,936,CLOSE
12854,2086,4798,CLOSE
12855,6380,3495,CLOSE
12856,5909,6846,CASUAL
12857,5340,6494,DISTANT
12858,7797,2394,CLOSE
12859,1314,8051,CASUAL
12860,1810,8406,CASUAL
12861,3008,6117,DISTANT
12862,7245,8764,CLOSE
12863,2371,4452,DISTANT
12864,2887,7579,CASUAL
12865,8676,9707,CASUAL
12866,9212,5596,CLOSE
12867,680,7822,CLOSE
12868,5549,5478,CLOSE
12869,495,2972,CASUAL
12870,4874,6841,CLOSE
12871,8338,1614,CLOSE
12872,8470,9309,DISTANT
12873,7343,5052,CASUAL
12874,6896,6196,DISTANT
12875,5378,3706,DISTANT
12876,9846,1887,DISTANT
12877,5245,7922,CASUAL
12878,4188,2530,DISTANT
12879,421,5392,CASUAL
12880,8616,7575,DISTANT
12881,7236,1313,CLOSE
12882,246,2677,CLOSE
12883,6940,3279,DISTANT
12884,9027,6856,CASUAL
12885,812,7054,CLOSE
12886,8507,6378,CASUAL
12887,4273,9965,CASUAL
12888,432,4391,CASUAL
12889,6990,4693,DISTANT
12890,1232,5246,CASUAL
12891,2912,8611,CLOSE
12892,3642,2254,CASUAL
12893,2337,9834,CLOSE
12894,6729,7436,CASUAL
12895,9430,8070,CLOSE
12896,7754,5023,CASUAL
12897,9141,25,DISTANT
12898,5631,781,DISTANT
12899,1820,9204,CASUAL
12900,1290,9715,CASUAL
12901,619,8858,DISTANT
12902,8754,9663,CASUAL
12903,4460,9511,CLOSE
12904,8217,2170,CLOSE
12905,7073,3057,DISTANT
12906,9558,6904,DISTANT
12907,4258,1964,CASUAL
12908,7986,8800,DISTANT
12909,1326,8812,DISTANT
12910,9859,6394,CLOSE
12911,2475,3652,CLOSE
12912,2396,5173,CASUAL
12913,5987,11,CLOSE
12914,7765,8285,CLOSE
12915,401,1595,CASUAL
12916,640,5116,DISTANT
12917,8336,9277,CASUAL
12918,6250,9153,CLOSE
12919,6725,9683,CLOSE
12920,398,9429,CASUAL
12921,3627,1091,CLOSE
12922,6951,5883,CLOSE
12923,6840,3616,CLOSE
12924,8039,2664,CLOSE
12925,7583,6260,CASUAL
12926,430,5259,CASUAL
12927,3255,9736,DISTANT
12928,2215,3752,DISTANT
12929,2919,5828,CLOSE
12930,6946,8784,CLOSE
12931,9627,2064,DISTANT
12932,954,451,CASUAL
12933,9748,7776,CLOSE
12934,8057,321,CLOSE
12935,4953,3022,CASUAL
12936,8374,3090,CLOSE
12937,2291,9601,CASUAL
12938,4914,4075,CASUAL
12939,517,5508,CASUAL
12940,1188,824,DISTANT
12941,8853,5761,CLOSE
12942,6320,8185,DISTANT
12943,5303,6772,CASUAL
12944,35,8385,DISTANT
12945,43,938,CLOSE
12946,4082,9122,DISTANT
12947,8029,6106,CASUAL
12948,3595,328,DISTANT
12949,8433,4075,CASUAL
12950,6365,3617,CASUAL
12951,5736,8664,DISTANT
12952,4870,5163,DISTANT
12953,4015,8442,CASUAL
12954,9561,6589,DISTANT
12955,8611,1623,CASUAL
12956,8697,5647,CLOSE
12957,9229,4114,CASUAL
12958,6133,5497,CASUAL
12959,7468,55,DISTANT
12960,8942,8619,CASUAL
12961,2504,3656,DISTANT
12962,4868,8683,DISTANT
12963,477,1915,CLOSE
12964,2467,2280,CASUAL
12965,5676,5302,DISTANT
12966,994,537,CASUAL
12967,1778,7207,DISTANT
12968,457,3398,CLOSE
12969,3391,8660,DISTANT
12970,545,5451,CASUAL
12971,9448,3610,DISTANT
12972,2466,2828,CASUAL
12973,9552,156,DISTANT
12974,7114,8285,DISTANT
12975,5882,9707,CLOSE
12976,905,3204,CLOSE
12977,7570,5858,CLOSE
12978,4504,9064,CLOSE
12979,3222,2575,CLOSE
12980,1060,2949,DISTANT
12981,3139,1479,DISTANT
12982,4054,4399,CASUAL
12983,2878,2288,CASUAL
12984,1444,2455,CASUAL
12985,7746,9835,DISTANT
12986,8190,8104,CLOSE
12987,4076,3398,CLOSE
12988,5326,2645,CASUAL
12989,5354,1410,DISTANT
12990,8824,8436,CASUAL
12991,4837,481,DISTANT
12992,7277,5918,DISTANT
12993,3861,1066,CLOSE
12994,3854,9078,CLOSE
12995,1703,9931,DISTANT
12996,9578,2819,CLOSE
12997,936,7916,DISTANT
12998,1938,10,CLOSE
12999,6973,3904,DISTANT
13000,2289,3576,DISTANT
13001,3069,9734,CASUAL
13002,3690,276,CASUAL
13003,2235,8967,CASUAL
13004,2038,5072,CASUAL
13005,1927,5922,CLOSE
13006,2788,5208,CASUAL
13007,9197,6942,DISTANT
13008,327,2645,CASUAL
13009,4108,7430,DISTANT
13010,877,8163,CLOSE
13011,1613,9529,CASUAL
13012,4625,6480,DISTANT
13013,8136,5486,CLOSE
13014,3774,5952,CASUAL
13015,9753,5094,DISTANT
13016,2424,7892,DISTANT
13017,4620,5041,CASUAL
13018,9589,8452,CASUAL
13019,3401,5128,DISTANT
13020,4025,7201,DISTANT
13021,9594,4352,DISTANT
13022,4027,4059,CLOSE
13023,3517,5981,DISTANT
13024,6245,8071,CLOSE
13025,8451,2342,CASUAL
13026,2480,7427,DISTANT
13027,4316,9450,CLOSE
13028,2314,5040,CASUAL
13029,1281,1859,CASUAL
13030,6366,5096,CLOSE
13031,7463,7709,DISTANT
13032,4482,4001,CLOSE
13033,802,55,DISTANT
13034,6860,9157,CLOSE
13035,6575,2924,CLOSE
13036,7224,5253,CASUAL
13037,7954,4392,CLOSE
13038,4704,1825,CASUAL
13039,9172,9015,DISTANT
13040,4049,7933,DISTANT
13041,2435,3637,DISTANT
13042,8827,792,DISTANT
13043,2101,1989,CLOSE
13044,8526,620,CLOSE
13045,2014,7558,CLOSE
13046,9992,127,CASUAL
13047,4606,2995,CLOSE
13048,794,9662,CASUAL
13049,4563,8719,DISTANT
13050,8380,1026,CASUAL
13051,767,3210,CASUAL
13052,228,5009,CASUAL
13053,637,8772,CASUAL
13054,3537,5484,CLOSE
13055,6755,8330,CLOSE
13056,5429,3597,DISTANT
13057,4065,2962,CLOSE
13058,9022,9810,CLOSE
13059,3053,5469,CLOSE
13060,8615,2469,DISTANT
13061,8771,6716,DISTANT
13062,8349,1255,CASUAL
13063,1017,376,DISTANT
13064,4799,4210,DISTANT
13065,5426,9813,DISTANT
13066,2025,7196,CLOSE
13067,7145,9708,CLOSE
13068,7254,6860,CASUAL
13069,9983,7519,DISTANT
13070,210,9207,CLOSE
13071,3010,488,CASUAL
13072,6988,3554,CASUAL
13073,4466,3869,CLOSE
13074,3082,9845,CASUAL
13075,539,8969,CASUAL
13076,7476,8896,CASUAL
13077,9337,6344,CLOSE
13078,5794,7590,CLOSE
13079,3095,3936,CLOSE
13080,9014,1271,CLOSE
13081,3633,4856,DISTANT
13082,4830,5652,DISTANT
13083,4809,3281,DISTANT
13084,1185,5715,CLOSE
13085,1243,3263,DISTANT
13086,6418,2895,DISTANT
13087,3653,3734,CASUAL
13088,9362,381,CLOSE
13089,713,6176,CASUAL
13090,9691,9162,CASUAL
13091,9499,8217,CASUAL
13092,9977,6150,CASUAL
13093,3285,7560,DISTANT
13094,87,5360,CASUAL
13095,6356,4710,CASUAL
13096,9994,2966,CASUAL
13097,8349,5939,CLOSE
13098,8098,9116,CASUAL
13099,4047,9090,CASUAL
13100,1220,1438,CLOSE
13101,1076,181,DISTANT
13102,2315,4845,CLOSE
13103,5651,309,CLOSE
13104,6686,6843,DISTANT
13105,333,6058,DISTANT
13106,3174,8839,DISTANT
13107,5709,4414,CLOSE
13108,47,4561,CLOSE
13109,1157,8052,CASUAL
13110,8024,5928,CLOSE
13111,4201,1518,DISTANT
13112,4070,2156,CASUAL
13113,3002,3044,DISTANT
13114,3691,8375,CASUAL
13115,2407,8667,CLOSE
13116,2733,8057,DISTANT
13117,8041,8837,CASUAL
13118,8588,6586,CASUAL
13119,4367,3952,CASUAL
13120,1488,8017,DISTANT
13121,6890,1012,CLOSE
13122,1493,3747,DISTANT
13123,3107,5905,CLOSE
13124,8637,2172,CLOSE
13125,5040,8601,CASUAL
13126,8449,7653,CASUAL
13127,1479,2973,CLOSE
13128,4640,7934,DISTANT
13129,1094,9909,DISTANT
13130,6318,7319,CLOSE
13131,3294,2824,DISTANT
13132,1643,1173,DISTANT
13133,3098,9303,CASUAL
13134,2695,2080,CASUAL
13135,3854,9982,CASUAL
13136,645,2106,DISTANT
13137,6813,9523,CASUAL
13138,3671,6750,CLOSE
13139,3471,8283,CASUAL
13140,9836,2594,DISTANT
13141,208,8280,DISTANT
13142,6062,4523,CLOSE
13143,3545,6140,CASUAL
13144,6334,4231,CLOSE
13145,7322,7083,DISTANT
13146,6006,4102,DISTANT
13147,732,499,CLOSE
13148,6049,3602,DISTANT
13149,7838,9304,CASUAL
13150,8887,4663,CASUAL
13151,2983,7258,CLOSE
13152,8471,8209,CASUAL
13153,6053,2405,DISTANT
13154,6605,624,CLOSE
13155,7607,5347,CASUAL
13156,9349,9420,DISTANT
13157,2916,7021,CLOSE
13158,9568,4333,CLOSE
13159,8550,413,DISTANT
13160,2292,5442,CLOSE
13161,6981,3072,CASUAL
13162,4210,6332,CASUAL
13163,2636,6762,CASUAL
13164,673,6108,CASUAL
13165,8619,1639,CASUAL
13166,5928,5118,CASUAL
13167,1356,6165,CASUAL
13168,4056,8236,CASUAL
13169,2839,3922,CASUAL
13170,4755,8491,CLOSE
13171,6383,662,DISTANT
13172,9872,9364,CASUAL
13173,3389,2148,CLOSE
13174,6826,9204,DISTANT
13175,4870,6625,CASUAL
13176,2187,6276,CLOSE
13177,892,1101,CASUAL
13178,4383,7502,CASUAL
13179,1989,6435,CLOSE
13180,5337,5390,DISTANT
13181,9156,4020,CASUAL
13182,4427,540,DISTANT
13183,2270,3835,CLOSE
13184,1359,5444,CASUAL
13185,2125,7345,CASUAL
13186,3635,2315,CLOSE
13187,4132,477,CASUAL
13188,6211,9074,CLOSE
13189,96,1940,DISTANT
13190,3650,6853,CLOSE
13191,466,5622,CLOSE
13192,4424,7939,CLOSE
13193,8433,3393,CLOSE
13194,6883,6621,CASUAL
13195,1960,6499,CASUAL
13196,7031,5332,DISTANT
13197,8646,18,CASUAL
13198,7341,1211,CLOSE
13199,3408,1001,CASUAL
13200,7385,173,DISTANT
13201,2169,5498,CLOSE
13202,3197,2243,DISTANT
13203,9107,5642,CLOSE
13204,6211,226,CLOSE
13205,6662,6778,DISTANT
13206,8846,7687,DISTANT
13207,9471,2889,DISTANT
13208,2053,9143,DISTANT
13209,5499,1255,CASUAL
13210,3214,3623,DISTANT
13211,4243,9875,CLOSE
13212,4883,9721,CASUAL
13213,7485,8897,CASUAL
13214,1561,3394,CASUAL
13215,8344,2870,DISTANT
13216,961,2979,CLOSE
13217,2915,5859,CASUAL
13218,1313,839,CASUAL
13219,6099,6941,CASUAL
13220,5122,7213,CLOSE
13221,3418,5770,DISTANT
13222,909,1519,CLOSE
13223,4390,5189,DISTANT
13224,8900,738,CASUAL
13225,5736,9294,CASUAL
13226,9597,2684,DISTANT
13227,8470,785,CLOSE
13228,3711,8821,CLOSE
13229,1963,8206,CASUAL
13230,8140,4125,CASUAL
13231,1340,4433,DISTANT
13232,7031,9874,CLOSE
13233,9826,8430,DISTANT
13234,3200,417,DISTANT
13235,7214,4115,CASUAL
13236,5537,8369,CASUAL
13237,337,2160,CASUAL
13238,3030,7760,CLOSE
13239,3926,6457,CASUAL
13240,8008,6055,CASUAL
13241,9269,8950,CLOSE
13242,4342,9002,CASUAL
13243,3118,7667,CLOSE
13244,3880,8190,CASUAL
13245,149,9806,CASUAL
13246,4270,1521,DISTANT
13247,7516,7094,CASUAL
13248,1136,7846,CLOSE
13249,9978,9455,CASUAL
13250,9068,3680,CASUAL
13251,309,8849,CASUAL
13252,5436,5947,CLOSE
13253,3197,6216,DISTANT
13254,4777,7283,CASUAL
13255,9629,3504,CLOSE
13256,8067,9683,CLOSE
13257,147,6593,DISTANT
13258,9132,8162,CLOSE
13259,5984,6335,DISTANT
13260,6292,5989,CLOSE
13261,1253,8907,CLOSE
13262,4062,48,CLOSE
13263,2272,3007,CLOSE
13264,4295,800,CLOSE
13265,9341,6675,DISTANT
13266,4634,7423,DISTANT
13267,4113,9641,CASUAL
13268,8067,7827,DISTANT
13269,9654,5370,CLOSE
13270,3735,7224,DISTANT
13271,3432,5122,CLOSE
13272,4203,8293,CLOSE
13273,4682,7495,CASUAL
13274,6927,1841,CLOSE
13275,5605,943,DISTANT
13276,7413,3313,CASUAL
13277,1413,6677,DISTANT
13278,3645,1641,CASUAL
13279,6340,9609,CASUAL
13280,3708,1132,DISTANT
13281,9455,7665,DISTANT
13282,8777,7049,CASUAL
13283,9938,8766,CASUAL
13284,4143,2040,DISTANT
13285,9969,2988,DISTANT
13286,6666,1035,CASUAL
13287,707,2287,DISTANT
13288,7459,2997,DISTANT
13289,2946,8757,CLOSE
13290,8500,8855,CASUAL
13291,8673,7981,DISTANT
13292,9330,9905,CLOSE
13293,8566,1178,CASUAL
13294,23,2409,DISTANT
13295,4708,6594,CLOSE
13296,682,2514,CLOSE
13297,1971,3083,CLOSE
13298,8909,4534,CLOSE
13299,8481,1288,CASUAL
13300,5105,870,CASUAL
13301,9229,2304,DISTANT
13302,2275,9251,CLOSE
13303,4150,9004,DISTANT
13304,926,842,CASUAL
13305,3064,9819,DISTANT
13306,8339,1492,DISTANT
13307,3417,2809,CLOSE
13308,4809,2620,CASUAL
13309,49,7932,CLOSE
13310,7842,160,CASUAL
13311,5133,8997,CLOSE
13312,2223,9995,CLOSE
13313,3985,1254,CLOSE
13314,8647,8225,DISTANT
13315,1271,9886,DISTANT
13316,1823,1167,CLOSE
13317,710,7448,DISTANT
13318,995,592,DISTANT
13319,956,9388,CASUAL
13320,8856,9065,CASUAL
13321,526,7799,DISTANT
13322,3479,7272,CASUAL
13323,6911,3827,DISTANT
13324,8047,7050,CASUAL
13325,4368,9170,CASUAL
13326,732,371,CLOSE
13327,3125,1002,CASUAL
13328,1003,862,DISTANT
13329,5447,7781,CLOSE
13330,4836,7277,DISTANT
13331,5939,7096,CLOSE
13332,4649,8731,CLOSE
13333,3495,3399,CASUAL
13334,3736,584,CLOSE
13335,7339,4551,CLOSE
13336,8385,6860,CASUAL
13337,9954,6619,DISTANT
13338,4328,9457,CASUAL
13339,6965,5476,CLOSE
13340,5130,9090,CLOSE
13341,3396,652,DISTANT
13342,8215,3618,DISTANT
13343,3121,7019,DISTANT
13344,3234,6163,DISTANT
13345,1324,4884,CASUAL
13346,3825,3820,CLOSE
13347,260,7091,CLOSE
13348,4284,3437,CASUAL
13349,8077,7451,DISTANT
13350,8119,7774,DISTANT
13351,3498,4551,DISTANT
13352,5306,1321,DISTANT
13353,2453,4628,DISTANT
13354,5083,3140,CASUAL
13355,3169,8910,CLOSE
13356,8561,6771,CLOSE
13357,4865,7725,DISTANT
13358,418,2456,CLOSE
13359,3591,8917,CLOSE
13360,1,190,CLOSE
13361,9783,1170,DISTANT
13362,8635,9188,CASUAL
13363,340,3065,CLOSE
13364,7811,1661,DISTANT
13365,6595,651,CASUAL
13366,6892,2839,CLOSE
13367,5192,3579,DISTANT
13368,6898,7306,CLOSE
13369,8888,60,CLOSE
13370,8652,9739,CASUAL
13371,6334,1630,DISTANT
13372,853,1413,DISTANT
13373,8264,3746,CLOSE
13374,3269,6264,DISTANT
13375,1869,397,CLOSE
13376,9420,4309,CLOSE
13377,8283,9769,DISTANT
13378,4913,23,DISTANT
13379,8510,4347,CASUAL
13380,4919,4270,CASUAL
13381,8229,4505,CASUAL
13382,176,7738,CLOSE
13383,2895,3214,CASUAL
13384,9187,276,DISTANT
13385,5207,2848,CLOSE
13386,2531,4372,DISTANT
13387,7350,7921,DISTANT
13388,9548,1453,CLOSE
13389,6721,7283,DISTANT
13390,1351,1924,CASUAL
13391,4569,8193,CLOSE
13392,6906,2434,CLOSE
13393,5451,2470,CASUAL
13394,8890,578,CASUAL
13395,8,5991,CLOSE
13396,1617,8128,DISTANT
13397,3062,9468,CLOSE
13398,3394,8537,CASUAL
13399,6905,9059,DISTANT
13400,1864,9307,CASUAL
13401,2699,6438,CLOSE
13402,7674,5524,CASUAL
13403,6355,1955,CASUAL
13404,1957,5578,DISTANT
13405,8697,6008,CLOSE
13406,9967,1919,CASUAL
13407,1371,282,CASUAL
13408,2563,4357,CLOSE
13409,7,6281,CASUAL
13410,6564,5267,CASUAL
13411,2680,8621,CASUAL
13412,9128,573,CASUAL
13413,4390,7896,CLOSE
13414,8354,9905,CASUAL
13415,6407,8515,CASUAL
13416,9139,1311,CASUAL
13417,5940,7816,CASUAL
13418,3977,9900,DISTANT
13419,2215,1906,CLOSE
13420,2884,9691,CLOSE
13421,3143,1874,CASUAL
13422,4165,4889,CLOSE
13423,2799,3197,DISTANT
13424,439,8661,CASUAL
13425,8068,8425,CASUAL
13426,5823,8561,CLOSE
13427,9235,4978,CLOSE
13428,1896,7922,CASUAL
13429,1754,1234,DISTANT
13430,5801,7208,CLOSE
13431,7540,3197,DISTANT
13432,4281,5754,DISTANT
13433,3143,7763,DISTANT
13434,5916,9785,DISTANT
13435,7684,3717,CLOSE
13436,978,503,CASUAL
13437,4751,8375,CLOSE
13438,9614,8546,DISTANT
13439,4888,3792,CLOSE
13440,8165,1850,DISTANT
13441,8044,8647,DISTANT
13442,9440,8591,CLOSE
13443,7579,8327,DISTANT
13444,3560,5719,CASUAL
13445,6157,7237,CLOSE
13446,5541,7371,DISTANT
13447,6636,4032,CLOSE
13448,8276,1252,CASUAL
13449,2453,8155,DISTANT
13450,9005,2759,DISTANT
13451,7058,504,DISTANT
13452,4325,5539,DISTANT
13453,982,7810,CASUAL
13454,8502,1112,CLOSE
13455,3548,3831,DISTANT
13456,840,7300,CLOSE
13457,112,7148,CLOSE
13458,2626,6758,CLOSE
13459,3639,4048,CLOSE
13460,5459,8501,CLOSE
13461,9103,9917,DISTANT
13462,5718,1932,CLOSE
13463,1134,5755,CLOSE
13464,5374,9498,DISTANT
13465,3143,4270,CLOSE
13466,3852,4913,CLOSE
13467,4844,4837,DISTANT
13468,2905,1684,CASUAL
13469,9290,2571,CLOSE
13470,8604,9754,DISTANT
13471,4154,4034,DISTANT
13472,5940,1221,DISTANT
13473,3612,111,DISTANT
13474,3112,8069,DISTANT
13475,3972,3152,CLOSE
13476,2632,9420,DISTANT
13477,169,9058,DISTANT
13478,8983,3377,CASUAL
13479,9680,739,DISTANT
13480,1841,6314,CASUAL
13481,1054,456,DISTANT
13482,3034,8597,CASUAL
13483,1243,243,DISTANT
13484,5878,6857,CASUAL
13485,4121,4946,CLOSE
13486,813,466,CLOSE
13487,113,539,CLOSE
13488,8391,4034,CASUAL
13489,7439,7638,CLOSE
13490,9536,9872,DISTANT
13491,3788,6767,CLOSE
13492,6397,9014,CLOSE
13493,8903,8259,CLOSE
13494,9115,2971,DISTANT
13495,1876,6414,CASUAL
13496,6836,2700,CASUAL
13497,4432,4551,CASUAL
13498,8833,5877,CASUAL
13499,4090,8005,CLOSE
13500,6870,371,CASUAL
13501,4717,5714,DISTANT
13502,6216,707,DISTANT
13503,4176,6045,CLOSE
13504,2562,3454,DISTANT
13505,7253,4717,CLOSE
13506,3082,7787,CLOSE
13507,39,9868,CASUAL
13508,975,2034,DISTANT
13509,144,9374,CLOSE
13510,5638,4208,CASUAL
13511,6343,7835,CASUAL
13512,4063,9612,DISTANT
13513,737,4934,CLOSE
13514,2034,2863,CASUAL
13515,6749,6866,DISTANT
13516,4812,6453,CASUAL
13517,6660,3658,CLOSE
13518,512,7185,DISTANT
13519,6099,4315,CASUAL
13520,7135,6941,CLOSE
13521,5243,6757,CASUAL
13522,2905,9118,DISTANT
13523,1530,8677,CASUAL
13524,4447,6340,CASUAL
13525,6822,8537,DISTANT
13526,1938,7955,DISTANT
13527,32,7774,CASUAL
13528,6252,6564,CASUAL
13529,9743,5919,DISTANT
13530,383,5007,CASUAL
13531,9871,1205,DISTANT
13532,6906,9479,CASUAL
13533,8593,6816,CLOSE
13534,2216,763,CLOSE
13535,3966,9868,DISTANT
13536,9152,5430,DISTANT
13537,3936,1241,CLOSE
13538,4182,7064,CLOSE
13539,4602,3727,CLOSE
13540,1380,9738,CLOSE
13541,1435,5145,DISTANT
13542,3917,7306,DISTANT
13543,7446,1708,CLOSE
13544,1236,525,DISTANT
13545,2760,9702,CASUAL
13546,1605,1528,CASUAL
13547,1395,8989,CASUAL
13548,7387,4802,CASUAL
13549,3353,4902,CASUAL
13550,8990,2598,DISTANT
13551,6593,2164,DISTANT
13552,9287,4209,CASUAL
13553,5259,8433,DISTANT
13554,4609,3839,CLOSE
13555,3497,9057,CASUAL
13556,489,8892,DISTANT
13557,3335,2206,CASUAL
13558,2010,9451,CLOSE
13559,5280,1852,DISTANT
13560,8845,1321,CLOSE
13561,7501,6667,CLOSE
13562,1238,3758,CASUAL
13563,8111,96,CASUAL
13564,9851,8138,CASUAL
13565,609,8576,CASUAL
13566,3101,3819,DISTANT
13567,153,5707,DISTANT
13568,6352,6442,CLOSE
13569,2260,461,CLOSE
13570,2734,854,DISTANT
13571,3277,6562,CLOSE
13572,8182,2468,DISTANT
13573,9332,7998,CLOSE
13574,4402,6116,CASUAL
13575,2669,7314,CASUAL
13576,7869,1006,CASUAL
13577,5825,5474,DISTANT
13578,2152,6090,CLOSE
13579,1646,2486,CASUAL
13580,9240,126,DISTANT
13581,4914,4646,DISTANT
13582,3375,6312,CLOSE
13583,9952,1745,CASUAL
13584,9389,5981,CASUAL
13585,9826,4238,CLOSE
13586,5544,4453,CASUAL
13587,1896,9875,DISTANT
13588,4582,7415,CASUAL
13589,7086,1622,CLOSE
13590,800,8852,CLOSE
13591,3017,5139,DISTANT
13592,5052,9983,DISTANT
13593,1478,8391,DISTANT
13594,3814,8930,CLOSE
13595,8078,3091,CLOSE
13596,4937,116,DISTANT
13597,1038,5333,CLOSE
13598,8181,4600,CLOSE
13599,2203,674,CLOSE
13600,3449,9581,CASUAL
13601,7404,8028,CASUAL
13602,4198,7632,DISTANT
13603,2263,2073,DISTANT
13604,4279,32,CLOSE
13605,2833,6362,CLOSE
13606,5908,2371,CLOSE
13607,2496,1566,DISTANT
13608,3933,5572,CLOSE
13609,5895,9258,CASUAL
13610,2860,8015,CLOSE
13611,7749,2418,CASUAL
13612,570,4718,DISTANT
13613,8771,9992,DISTANT
13614,1961,393,CLOSE
13615,7003,9194,CASUAL
13616,1746,2638,DISTANT
13617,4061,5944,CLOSE
13618,8220,7485,DISTANT
13619,5923,9800,CLOSE
13620,6373,4366,CASUAL
13621,4839,1364,CLOSE
13622,2706,8493,DISTANT
13623,9014,5041,DISTANT
13624,4978,2283,CLOSE
13625,5065,7876,CLOSE
13626,6524,5845,CASUAL
13627,1799,4353,CASUAL
13628,4424,3226,DISTANT
13629,3519,7180,DISTANT
13630,4710,3405,CASUAL
13631,7022,7,CLOSE
13632,2248,7806,DISTANT
13633,6889,2482,CLOSE
13634,9581,6206,DISTANT
13635,9138,3139,CLOSE
13636,8743,3501,DISTANT
13637,4571,8721,CLOSE
13638,1414,8744,CASUAL
13639,7663,1708,CASUAL
13640,3626,9309,CLOSE
13641,6494,9335,CLOSE
13642,9587,5848,CLOSE
13643,9070,7771,CASUAL
13644,522,1480,CLOSE
13645,1377,6979,CLOSE
13646,460,5951,CASUAL
13647,5372,4234,CASUAL
13648,8546,7367,CLOSE
13649,5924,7331,CASUAL
13650,6673,1821,DISTANT
13651,8348,3063,DISTANT
13652,9487,7198,CLOSE
13653,8399,5089,CASUAL
13654,662,4517,CLOSE
13655,8806,5418,CLOSE
13656,1735,116,CASUAL
13657,1496,5809,CLOSE
13658,76,2019,CLOSE
13659,2356,6386,DISTANT
13660,1957,6325,DISTANT
13661,1691,9474,CLOSE
13662,2621,3818,CLOSE
13663,5626,9931,CASUAL
13664,1185,9821,CASUAL
13665,3114,4894,CASUAL
13666,276,8223,DISTANT
13667,8495,2950,CLOSE
13668,1018,8030,DISTANT
13669,4101,9501,DISTANT
13670,6982,5777,CLOSE
13671,8994,875,CASUAL
13672,8339,8364,DISTANT
13673,9828,5702,DISTANT
13674,8612,6220,DISTANT
13675,2886,40,CLOSE
13676,511,9775,CLOSE
13677,7621,616,CASUAL
13678,9559,6728,CLOSE
13679,9308,1408,CLOSE
13680,720,9163,CASUAL
13681,4206,9687,DISTANT
13682,4361,738,CLOSE
13683,3261,2623,CASUAL
13684,9895,4420,CASUAL
13685,6540,5538,CASUAL
13686,5005,1659,CASUAL
13687,6415,3797,DISTANT
13688,7994,422,CASUAL
13689,7705,570,DISTANT
13690,1133,2359,CLOSE
13691,1543,2807,DISTANT
13692,5845,8585,DISTANT
13693,2891,3573,CASUAL
13694,7045,8660,CASUAL
13695,2890,4514,DISTANT
13696,9930,8838,DISTANT
13697,736,5669,DISTANT
13698,4768,5547,CLOSE
13699,5010,9920,DISTANT
13700,3430,2613,CLOSE
13701,2498,5472,CASUAL
13702,7249,2823,CASUAL
13703,8249,4104,CASUAL
13704,6960,93,DISTANT
13705,284,3092,CASUAL
13706,4238,3246,CASUAL
13707,6779,8015,DISTANT
13708,8692,3233,DISTANT
13709,2218,1732,CLOSE
13710,2524,9102,CLOSE
13711,6700,1754,DISTANT
13712,6062,5635,CASUAL
13713,1618,1241,CASUAL
13714,1602,3843,CLOSE
13715,6796,6011,CLOSE
13716,5191,3035,CLOSE
13717,3586,8874,CASUAL
13718,3040,6053,CLOSE
13719,924,8727,CLOSE
13720,11,8057,CASUAL
13721,2793,6626,CASUAL
13722,4313,1800,CASUAL
13723,945,5298,CLOSE
13724,1527,8075,CLOSE
13725,1915,1958,CASUAL
13726,3123,9621,CASUAL
13727,8048,1092,DISTANT
13728,1140,4465,CLOSE
13729,8340,7637,DISTANT
13730,1172,9994,CLOSE
13731,6595,6938,DISTANT
13732,6243,7985,DISTANT
13733,4133,5926,CASUAL
13734,678,238,DISTANT
13735,4777,9305,DISTANT
13736,887,7938,CASUAL
13737,9957,2104,DISTANT
13738,4748,2378,CASUAL
13739,7086,620,CASUAL
13740,7627,3349,DISTANT
13741,7966,3464,DISTANT
13742,2167,2377,DISTANT
13743,5982,7963,CASUAL
13744,6008,9615,CLOSE
13745,3894,6714,CASUAL
13746,3978,4304,DISTANT
13747,5263,5541,CASUAL
13748,1727,4831,DISTANT
13749,2569,9637,CASUAL
13750,8713,2979,CLOSE
13751,3163,7168,DISTANT
13752,54,1172,CLOSE
13753,4717,6553,DISTANT
13754,2811,9578,DISTANT
13755,6796,5584,CASUAL
13756,4224,1312,DISTANT
13757,381,6663,DISTANT
13758,7330,5086,CASUAL
13759,9919,8646,CASUAL
13760,4897,4764,DISTANT
13761,5526,9900,CASUAL
13762,4221,402,DISTANT
13763,5022,5746,CASUAL
13764,9154,666,CLOSE
13765,9108,4962,CLOSE
13766,5350,6977,DISTANT
13767,8201,8697,CLOSE
13768,6002,8354,CASUAL
13769,7851,9944,CASUAL
13770,6001,5209,CASUAL
13771,5149,2785,CASUAL
13772,2066,5919,DISTANT
13773,739,8057,CASUAL
13774,6053,9962,DISTANT
13775,6483,5486,DISTANT
13776,3775,1330,CLOSE
13777,7539,1554,DISTANT
13778,1894,2907,CLOSE
13779,8681,4324,DISTANT
13780,8329,3830,CASUAL
13781,6515,7205,CASUAL
13782,4964,347,CASUAL
13783,2333,1883,CASUAL
13784,8627,5656,CLOSE
13785,7936,5520,DISTANT
13786,6389,7195,CASUAL
13787,3526,7194,CASUAL
13788,3055,5443,DISTANT
13789,4053,6712,CLOSE
13790,6906,9924,CLOSE
13791,8252,6197,DISTANT
13792,40,4694,CASUAL
13793,4584,9554,DISTANT
13794,7278,4712,CLOSE
13795,8794,2769,CASUAL
13796,9329,9292,CLOSE
13797,597,4406,CASUAL
13798,4619,3155,CASUAL
13799,9364,9183,DISTANT
13800,7993,6015,CLOSE
13801,5905,5826,CLOSE
13802,5129,2525,CLOSE
13803,7574,7134,CLOSE
13804,1324,8513,DISTANT
13805,3615,4349,CLOSE
13806,418,1978,CLOSE
13807,812,1677,CLOSE
13808,1063,9058,CASUAL
13809,8426,9564,CASUAL
13810,6044,7474,DISTANT
13811,9636,9360,CLOSE
13812,5519,8729,CASUAL
13813,6865,7364,CASUAL
13814,5969,371,DISTANT
13815,6372,5464,CASUAL
13816,2009,5383,CASUAL
13817,4410,4712,CASUAL
13818,9227,1414,CASUAL
13819,7921,1417,CLOSE
13820,2100,4389,DISTANT
13821,1991,8811,CLOSE
13822,3414,3254,CLOSE
13823,5799,4367,CASUAL
13824,2758,7004,DISTANT
13825,3629,5454,DISTANT
13826,3567,2519,CLOSE
13827,9477,4105,CASUAL
13828,2827,222,CLOSE
13829,255,8628,CLOSE
13830,5042,2915,CASUAL
13831,7221,409,CLOSE
13832,87,9327,CASUAL
13833,502,445,CASUAL
13834,6210,7502,CLOSE
13835,9514,1164,DISTANT
13836,2601,7264,DISTANT
13837,7838,6018,CLOSE
13838,6573,6771,DISTANT
13839,1744,912,CASUAL
13840,7166,2923,CASUAL
13841,5462,6118,CASUAL
13842,7801,6123,CLOSE
13843,7016,7562,DISTANT
13844,8889,7216,DISTANT
13845,3073,7368,DISTANT
13846,2552,621,CASUAL
13847,4289,4725,CLOSE
13848,4615,6791,DISTANT
13849,8864,2752,DISTANT
13850,6896,68,CLOSE
13851,5850,5156,DISTANT
13852,2815,6396,CLOSE
13853,7235,5485,CLOSE
13854,4383,6998,DISTANT
13855,4655,3743,DISTANT
13856,9037,4682,CASUAL
13857,2651,5071,CASUAL
13858,5147,8126,CLOSE
13859,3365,5694,CLOSE
13860,3971,2984,CLOSE
13861,5590,8368,CASUAL
13862,7099,6700,CLOSE
13863,5981,7466,CASUAL
13864,1583,3288,CLOSE
13865,9579,9112,DISTANT
13866,4571,4929,CLOSE
13867,4455,7088,CLOSE
13868,3017,1383,CLOSE
13869,2230,5321,CASUAL
13870,7018,9284,DISTANT
13871,4905,6062,CLOSE
13872,4375,987,CASUAL
13873,7233,3427,CLOSE
13874,9239,4814,CASUAL
13875,7978,7156,DISTANT
13876,8288,1274,CLOSE
13877,7184,4408,DISTANT
13878,9592,5804,CLOSE
13879,4105,6716,CASUAL
13880,8357,6703,DISTANT
13881,1571,5035,CASUAL
13882,13,1507,DISTANT
13883,3465,3422,CLOSE
13884,6531,3150,CASUAL
13885,3269,2659,DISTANT
13886,3706,394,DISTANT
13887,6168,1898,DISTANT
13888,4482,7894,DISTANT
13889,5390,4641,DISTANT
13890,5796,4796,DISTANT
13891,5986,3890,CLOSE
13892,4465,2678,DISTANT
13893,3895,4990,DISTANT
13894,1654,364,DISTANT
13895,6337,1810,CASUAL
13896,6675,3998,DISTANT
13897,2202,7479,CLOSE
13898,4085,8622,DISTANT
13899,3194,8356,CASUAL
13900,1925,9954,CLOSE
13901,3529,6423,DISTANT
13902,6115,2554,DISTANT
13903,6976,7347,DISTANT
13904,3672,8026,CLOSE
13905,5153,528,CASUAL
13906,3657,5739,DISTANT
13907,8694,5245,CLOSE
13908,922,8691,CASUAL
13909,9491,671,CASUAL
13910,2887,3269,CLOSE
13911,7951,1176,CASUAL
13912,8848,2042,CASUAL
13913,8040,9006,DISTANT
13914,6952,3090,CASUAL
13915,1112,942,CLOSE
13916,5047,2470,CASUAL
13917,856,2951,CLOSE
13918,1145,915,CASUAL
13919,5902,1140,CASUAL
13920,3456,7312,DISTANT
13921,8121,7755,DISTANT
13922,6219,887,CASUAL
13923,3277,5012,CASUAL
13924,3956,1498,DISTANT
13925,5918,9821,DISTANT
13926,6567,5715,CLOSE
13927,5151,8797,CASUAL
13928,7674,4513,CASUAL
13929,3563,4990,DISTANT
13930,4628,9177,CASUAL
13931,6140,1593,CLOSE
13932,4869,7294,CASUAL
13933,8038,8046,CLOSE
13934,7229,6883,CASUAL
13935,1214,957,CLOSE
13936,1866,8288,CLOSE
13937,4781,1012,CASUAL
13938,5910,4883,DISTANT
13939,9014,1274,DISTANT
13940,8369,5619,CLOSE
13941,2826,6629,DISTANT
13942,96,112,DISTANT
13943,4002,2086,DISTANT
13944,8681,462,CASUAL
13945,7416,5909,DISTANT
13946,5423,6367,DISTANT
13947,9536,7495,DISTANT
13948,868,2771,CLOSE
13949,4068,7316,CLOSE
13950,4922,5005,CASUAL
13951,1924,9862,CLOSE
13952,8843,5416,CLOSE
13953,275,5360,DISTANT
13954,1998,4637,DISTANT
13955,4936,8152,CLOSE
13956,4512,2084,DISTANT
13957,7599,3857,CASUAL
13958,873,2838,CASUAL
13959,8843,9237,DISTANT
13960,4407,5248,CLOSE
13961,5021,598,CASUAL
13962,7810,1114,CLOSE
13963,4610,2272,CASUAL
13964,7953,8568,CASUAL
13965,6304,9476,DISTANT
13966,5924,4410,CLOSE
13967,4623,83,CLOSE
13968,3198,7138,CLOSE
13969,1491,8108,DISTANT
13970,8402,9860,CLOSE
13971,3189,6190,CASUAL
13972,8998,4846,DISTANT
13973,2211,7616,CASUAL
13974,7126,1769,CASUAL
13975,1029,6742,CLOSE
13976,8891,9049,CASUAL
13977,6476,2956,DISTANT
13978,5586,7784,DISTANT
13979,5344,3007,CLOSE
13980,8680,2591,CASUAL
13981,8695,1320,CASUAL
13982,702,7990,DISTANT
13983,9262,7985,CASUAL
13984,1400,8606,DISTANT
13985,8578,8147,CASUAL
13986,5738,4997,DISTANT
13987,8938,2062,CLOSE
13988,2239,5528,CASUAL
13989,8124,2170,DISTANT
13990,8534,3309,CLOSE
13991,3317,3540,DISTANT
13992,7088,7569,DISTANT
13993,5002,2690,DISTANT
13994,2729,3932,CLOSE
13995,2848,8429,CLOSE
13996,6495,8505,CASUAL
13997,5622,1109,DISTANT
13998,6266,9468,CLOSE
13999,2874,5768,CLOSE
14000,7701,8751,CLOSE
14001,5096,302,DISTANT
14002,3056,7155,CASUAL
14003,9441,4359,DISTANT
14004,2845,4283,DISTANT
14005,7412,7900,CLOSE
14006,6206,2845,CASUAL
14007,666,1917,CASUAL
14008,199,7318,CLOSE
14009,1709,1563,CLOSE
14010,6800,8496,CASUAL
14011,738,4065,DISTANT
14012,7479,9980,CLOSE
14013,4012,8023,CASUAL
14014,9526,80,CLOSE
14015,2667,1706,CASUAL
14016,9404,2823,DISTANT
14017,2330,7008,CASUAL
14018,7468,7921,DISTANT
14019,1315,1718,CASUAL
14020,8818,9090,CASUAL
14021,6864,6350,CLOSE
14022,4491,4463,DISTANT
14023,2594,2438,DISTANT
14024,889,3688,CLOSE
14025,8931,6225,CASUAL
14026,2679,483,DISTANT
14027,3164,5601,CLOSE
14028,500,7990,DISTANT
14029,7000,2887,DISTANT
14030,7630,309,DISTANT
14031,7956,8038,CASUAL
14032,370,7485,CASUAL
14033,6126,3745,CLOSE
14034,2753,2532,DISTANT
14035,5895,9370,CASUAL
14036,6134,1911,DISTANT
14037,9150,7877,DISTANT
14038,4511,6015,DISTANT
14039,979,6928,CASUAL
14040,8316,3965,CLOSE
14041,3242,8941,CLOSE
14042,9721,1210,CASUAL
14043,9474,942,DISTANT
14044,3915,348,DISTANT
14045,318,5103,CLOSE
14046,9643,7817,CASUAL
14047,9937,6305,CASUAL
14048,1737,1065,CLOSE
14049,4085,3298,CASUAL
14050,8284,1814,CASUAL
14051,3228,3323,CASUAL
14052,9164,7234,DISTANT
14053,9494,6505,DISTANT
14054,8250,9212,DISTANT
14055,4328,8882,CASUAL
14056,4574,191,CLOSE
14057,9443,5760,CLOSE
14058,9127,8658,CASUAL
14059,9728,9537,CASUAL
14060,2571,6461,CASUAL
14061,3098,8564,CASUAL
14062,2014,854,DISTANT
14063,4462,8268,CASUAL
14064,5562,4890,CASUAL
14065,7148,1970,CASUAL
14066,9115,2855,CLOSE
14067,3859,8192,CASUAL
14068,7823,586,CLOSE
14069,2544,8386,CASUAL
14070,9857,2699,CLOSE
14071,8087,4833,CLOSE
14072,7899,618,CLOSE
14073,9758,1062,CLOSE
14074,2705,9369,CLOSE
14075,6543,6158,CLOSE
14076,1084,8578,CASUAL
14077,9545,8612,CLOSE
14078,5752,9837,CASUAL
14079,4562,5220,CASUAL
14080,2828,3841,CASUAL
14081,3531,7703,CLOSE
14082,7870,8532,DISTANT
14083,2517,8243,DISTANT
14084,5597,4685,CASUAL
14085,1603,2880,CASUAL
14086,3009,464,CASUAL
14087,8043,4333,CLOSE
14088,280,3356,DISTANT
14089,5456,4976,DISTANT
14090,4191,2551,CASUAL
14091,3229,9443,CASUAL
14092,5312,6801,CASUAL
14093,4326,3070,CLOSE
14094,2518,5590,CASUAL
14095,1366,1857,DISTANT
14096,341,9797,DISTANT
14097,2468,626,DISTANT
14098,4549,210,CLOSE
14099,7663,590,CLOSE
14100,8718,2729,CASUAL
14101,7906,9124,CASUAL
14102,1933,6027,DISTANT
14103,3336,5825,CLOSE
14104,7736,8965,DISTANT
14105,2063,211,DISTANT
14106,8712,8175,CLOSE
14107,1249,1914,CLOSE
14108,4114,1004,DISTANT
14109,9430,9935,CLOSE
14110,5816,224,DISTANT
14111,7435,4938,CLOSE
14112,4025,9653,DISTANT
14113,6765,8278,DISTANT
14114,8276,6725,DISTANT
14115,1252,1514,CASUAL
14116,8740,4268,CLOSE
14117,2592,4076,CLOSE
14118,5751,2978,CASUAL
14119,1063,7116,CLOSE
14120,1271,1525,CLOSE
14121,4563,1540,CLOSE
14122,972,7460,CASUAL
14123,9149,3092,CLOSE
14124,7077,6924,DISTANT
14125,5180,7805,DISTANT
14126,2193,348,DISTANT
14127,2616,6208,CASUAL
14128,5344,4857,CLOSE
14129,8259,5470,CLOSE
14130,1191,9680,CLOSE
14131,9326,140,CASUAL
14132,231,4368,DISTANT
14133,9812,9542,CASUAL
14134,3897,1526,CASUAL
14135,5555,7163,CASUAL
14136,9084,4233,CLOSE
14137,6456,3646,CLOSE
14138,4345,9465,CASUAL
14139,5832,146,DISTANT
14140,8349,6361,DISTANT
14141,4965,5442,CLOSE
14142,846,2856,CLOSE
14143,548,1008,CLOSE
14144,5523,940,CASUAL
14145,8417,6365,DISTANT
14146,4054,6298,CLOSE
14147,9266,8812,CASUAL
14148,4058,6658,DISTANT
14149,9007,4910,DISTANT
14150,8393,5703,CLOSE
14151,6363,4432,CLOSE
14152,2873,6588,CLOSE
14153,2503,8563,CLOSE
14154,7304,714,CASUAL
14155,5469,5938,DISTANT
14156,9052,2833,CLOSE
14157,1240,7212,CLOSE
14158,5130,316,CASUAL
14159,1277,3842,CLOSE
14160,8836,812,CASUAL
14161,9465,829,CLOSE
14162,2528,9513,CLOSE
14163,3199,402,CLOSE
14164,9260,1006,CLOSE
14165,9338,9638,CLOSE
14166,4807,3112,CLOSE
14167,8908,3661,CASUAL
14168,8263,9079,CASUAL
14169,3295,1776,CASUAL
14170,9828,4317,CLOSE
14171,9971,7264,CLOSE
14172,8328,4961,DISTANT
14173,3092,1086,DISTANT
14174,6448,7232,CASUAL
14175,8566,1638,CLOSE
14176,9631,4197,DISTANT
14177,1960,2244,CLOSE
14178,1141,5944,DISTANT
14179,8376,8715,DISTANT
14180,243,4306,CLOSE
14181,4282,801,CASUAL
14182,8854,7212,DISTANT
14183,9108,7178,DISTANT
14184,98,1395,CLOSE
14185,8541,8090,CLOSE
14186,711,6816,DISTANT
14187,3885,804,DISTANT
14188,1927,9767,DISTANT
14189,5826,4665,CASUAL
14190,3639,2069,DISTANT
14191,8850,3411,CLOSE
14192,4942,608,DISTANT
14193,7908,3741,CASUAL
14194,4128,2300,CASUAL
14195,3195,2100,DISTANT
14196,753,3368,CASUAL
14197,696,4175,CASUAL
14198,4176,7659,DISTANT
14199,5979,9214,CASUAL
14200,6401,5333,CASUAL
14201,3496,8637,CLOSE
14202,6674,9753,DISTANT
14203,8640,7483,DISTANT
14204,2964,593,CLOSE
14205,6272,8521,DISTANT
14206,4086,4810,CLOSE
14207,7863,2521,CASUAL
14208,4066,1386,CLOSE
14209,9200,1302,CLOSE
14210,3526,914,CASUAL
14211,7289,8018,DISTANT
14212,6419,4072,CASUAL
14213,3191,3631,CLOSE
14214,6616,94,CLOSE
14215,8838,5878,CLOSE
14216,9940,5971,DISTANT
14217,1382,2360,DISTANT
14218,8125,8205,CASUAL
14219,6893,9567,CASUAL
14220,3409,3297,DISTANT
14221,6967,7188,CLOSE
14222,1097,3540,DISTANT
14223,1669,319,DISTANT
14224,7277,1808,CLOSE
14225,7147,465,CASUAL
14226,3872,8827,CLOSE
14227,7128,4783,DISTANT
14228,6021,4495,DISTANT
14229,6194,7859,CASUAL
14230,128,1,DISTANT
14231,6148,6993,DISTANT
14232,3280,349,CASUAL
14233,6820,1203,CLOSE
14234,7032,7197,CASUAL
14235,3122,3514,DISTANT
14236,5768,7219,CASUAL
14237,4672,3208,CASUAL
14238,1792,4845,CASUAL
14239,4982,6501,CLOSE
14240,5287,4474,CASUAL
14241,4255,5383,CASUAL
14242,8778,9828,CASUAL
14243,4110,546,DISTANT
14244,1706,2449,CASUAL
14245,6610,6009,CLOSE
14246,8593,2409,DISTANT
14247,5549,3701,CASUAL
14248,7496,9331,DISTANT
14249,8586,3956,DISTANT
14250,3433,4921,CLOSE
14251,6463,5969,CLOSE
14252,5241,569,DISTANT
14253,5069,7267,CLOSE
14254,7200,7030,DISTANT
14255,4179,6824,DISTANT
14256,6285,4990,CLOSE
14257,5339,1867,DISTANT
14258,9136,7545,CLOSE
14259,2916,5655,CASUAL
14260,4196,6301,CASUAL
14261,48,5497,CLOSE
14262,5625,9865,CASUAL
14263,2400,7800,CLOSE
14264,4350,1994,DISTANT
14265,8141,3448,DISTANT
14266,4937,4432,CLOSE
14267,2362,5849,CASUAL
14268,5603,6714,CLOSE
14269,428,6179,CASUAL
14270,7023,4123,CASUAL
14271,968,568,CASUAL
14272,383,2012,DISTANT
14273,3248,5453,DISTANT
14274,7625,937,CLOSE
14275,2368,3159,DISTANT
14276,9570,2717,CLOSE
14277,3932,5288,DISTANT
14278,8949,8354,CLOSE
14279,221,6390,CLOSE
14280,7074,3264,CASUAL
14281,9375,9325,DISTANT
14282,8082,545,CASUAL
14283,4777,1705,DISTANT
14284,4438,7744,CLOSE
14285,361,3666,CASUAL
14286,7675,5842,CASUAL
14287,1266,5928,DISTANT
14288,3770,1929,CASUAL
14289,7885,5751,CASUAL
14290,4140,2350,DISTANT
14291,6022,741,CLOSE
14292,6084,7148,CASUAL
14293,7765,6145,DISTANT
14294,7523,4223,CLOSE
14295,7888,9212,CASUAL
14296,3942,4103,DISTANT
14297,993,313,CLOSE
14298,5351,8235,DISTANT
14299,8608,8899,DISTANT
14300,2515,6455,CASUAL
14301,7939,7512,CLOSE
14302,2921,2807,CASUAL
14303,49,9716,CLOSE
14304,8958,9605,DISTANT
14305,4642,8768,CASUAL
14306,9423,1814,DISTANT
14307,1128,225,CLOSE
14308,6774,7024,CASUAL
14309,9034,743,CASUAL
14310,442,2541,CASUAL
14311,3940,7297,DISTANT
14312,8346,7455,DISTANT
14313,8921,2940,CLOSE
14314,7018,6700,CASUAL
14315,5061,1989,DISTANT
14316,7477,5209,CLOSE
14317,204,381,DISTANT
14318,1726,879,CLOSE
14319,7295,5499,CASUAL
14320,7748,1500,CLOSE
14321,4414,564,DISTANT
14322,7078,7705,CASUAL
14323,3013,3161,DISTANT
14324,4128,8816,DISTANT
14325,4169,8317,CLOSE
14326,3715,2806,CLOSE
14327,1081,8847,CASUAL
14328,5301,3214,CASUAL
14329,7327,6975,CLOSE
14330,3704,8812,CASUAL
14331,4632,9963,CLOSE
14332,2748,9406,CASUAL
14333,6213,8269,CASUAL
14334,4834,322,DISTANT
14335,8052,1314,CASUAL
14336,8088,9255,CASUAL
14337,9487,1006,DISTANT
14338,1225,3959,CASUAL
14339,3802,6978,DISTANT
14340,2761,3784,DISTANT
14341,1702,8981,CLOSE
14342,250,6632,DISTANT
14343,953,6622,DISTANT
14344,3809,2012,CLOSE
14345,5818,650,CLOSE
14346,1055,3817,DISTANT
14347,8047,1141,CLOSE
14348,4168,2072,CASUAL
14349,5173,4976,DISTANT
14350,2203,7626,CASUAL
14351,2333,6546,CASUAL
14352,6243,321,DISTANT
14353,5472,7153,CLOSE
14354,4826,2277,CLOSE
14355,2171,3926,DISTANT
14356,7981,5676,CLOSE
14357,4,641,DISTANT
14358,1606,348,CLOSE
14359,8686,135,CLOSE
14360,6359,2775,CLOSE
14361,8617,1756,DISTANT
14362,2090,7898,DISTANT
14363,193,6325,CLOSE
14364,4534,4692,CLOSE
14365,1129,6429,DISTANT
14366,5997,2690,DISTANT
14367,3365,6389,CASUAL
14368,3823,3213,CLOSE
14369,1184,9570,CASUAL
14370,1115,8762,DISTANT
14371,7599,6710,DISTANT
14372,233,5054,CLOSE
14373,2562,5844,DISTANT
14374,1768,230,CASUAL
14375,2335,8449,CLOSE
14376,5839,9734,DISTANT
14377,5171,683,CASUAL
14378,7794,5455,CASUAL
14379,5998,3593,CLOSE
14380,8097,4282,CLOSE
14381,6113,7705,DISTANT
14382,2760,9829,CASUAL
14383,4584,6163,CLOSE
14384,9999,7148,CASUAL
14385,119,1760,DISTANT
14386,6285,8556,DISTANT
14387,6736,2345,DISTANT
14388,4614,9279,CLOSE
14389,8357,4552,CLOSE
14390,4843,8672,DISTANT
14391,8096,3217,CASUAL
14392,1022,9577,DISTANT
14393,4652,7832,CLOSE
14394,5847,6539,DISTANT
14395,2287,4661,CLOSE
14396,5693,2225,CASUAL
14397,4766,6641,CASUAL
14398,4458,4175,DISTANT
14399,971,3918,DISTANT
14400,5583,2718,DISTANT
14401,5444,1188,CLOSE
14402,4526,1315,CLOSE
14403,7007,8063,DISTANT
14404,6396,9648,CLOSE
14405,2584,6090,DISTANT
14406,9775,8958,CASUAL
14407,6309,5847,CLOSE
14408,7453,4252,CLOSE
14409,293,3218,DISTANT
14410,6123,9207,CLOSE
14411,6573,162,CASUAL
14412,7003,6538,CASUAL
14413,5516,1247,CASUAL
14414,2981,5578,CLOSE
14415,2562,6356,CASUAL
14416,1878,6874,CASUAL
14417,5813,8551,CLOSE
14418,5157,9135,CASUAL
14419,2198,1182,CASUAL
14420,7309,7923,CLOSE
14421,6047,923,DISTANT
14422,7919,9924,CASUAL
14423,4839,9146,CASUAL
14424,4546,3435,DISTANT
14425,6667,1640,DISTANT
14426,3527,6706,CASUAL
14427,2549,4817,DISTANT
14428,9671,7058,CLOSE
14429,8262,719,DISTANT
14430,8077,6349,CLOSE
14431,9180,2813,DISTANT
14432,5764,3640,DISTANT
14433,4214,1825,CLOSE
14434,8030,9955,CLOSE
14435,7837,4456,CASUAL
14436,267,5768,DISTANT
14437,4562,9591,DISTANT
14438,9503,5585,CASUAL
14439,2819,9976,CASUAL
14440,6105,7791,DISTANT
14441,1928,3934,CASUAL
14442,4369,7125,CASUAL
14443,8362,7407,DISTANT
14444,5846,873,DISTANT
14445,3474,4673,DISTANT
14446,4929,3032,CASUAL
14447,8414,2857,CASUAL
14448,1860,6725,DISTANT
14449,5838,4495,DISTANT
14450,987,3560,CLOSE
14451,6000,7257,DISTANT
14452,9500,9637,CASUAL
14453,1957,8405,CLOSE
14454,1160,8851,CASUAL
14455,51,4488,CASUAL
14456,8876,6338,CLOSE
14457,2255,266,DISTANT
14458,5778,5622,CASUAL
14459,4430,1745,CLOSE
14460,2820,601,CASUAL
14461,4192,4623,DISTANT
14462,3484,7554,DISTANT
14463,6970,7413,CASUAL
14464,4756,6375,CASUAL
14465,8346,1509,CLOSE
14466,8024,4393,CLOSE
14467,3511,2120,CASUAL
14468,6244,42,CASUAL
14469,8742,6385,DISTANT
14470,3852,9052,DISTANT
14471,2418,6566,DISTANT
14472,9238,3881,CLOSE
14473,3477,6480,DISTANT
14474,2830,1026,CLOSE
14475,7059,965,CASUAL
14476,7141,4755,DISTANT
14477,5626,1418,CLOSE
14478,2423,539,CASUAL
14479,8221,8890,CASUAL
14480,3027,3985,DISTANT
14481,2894,1741,CLOSE
14482,1013,7719,CLOSE
14483,8422,1696,CASUAL
14484,2924,7318,CASUAL
14485,8233,6570,DISTANT
14486,8504,4310,CLOSE
14487,4456,91,CLOSE
14488,2776,4160,CLOSE
14489,7908,5503,CASUAL
14490,1051,7365,DISTANT
14491,9322,1848,DISTANT
14492,555,2485,DISTANT
14493,6995,9309,CLOSE
14494,2608,6011,CLOSE
14495,1545,344,DISTANT
14496,7118,6110,CASUAL
14497,1885,2788,CASUAL
14498,1024,4268,CASUAL
14499,4083,8219,CLOSE
14500,5765,1166,DISTANT
14501,1828,3749,DISTANT
14502,8484,486,CASUAL
14503,4616,8234,CASUAL
14504,2696,5380,DISTANT
14505,7899,1077,CLOSE
14506,1543,7592,DISTANT
14507,7138,6059,CASUAL
14508,3642,9274,CASUAL
14509,6346,2394,CASUAL
14510,8246,3380,CASUAL
14511,3915,4780,CASUAL
14512,7282,1275,DISTANT
14513,5681,9598,CLOSE
14514,64,6696,DISTANT
14515,461,8458,DISTANT
14516,1061,6824,CASUAL
14517,625,8939,DISTANT
14518,287,1682,DISTANT
14519,6137,5695,CLOSE
14520,4201,3011,DISTANT
14521,5095,7566,CASUAL
14522,4331,7594,CASUAL
14523,1460,9417,CLOSE
14524,5614,6649,DISTANT
14525,4941,918,CLOSE
14526,9020,5183,DISTANT
14527,4039,3439,DISTANT
14528,6677,678,CASUAL
14529,2812,7476,CLOSE
14530,3819,8699,CLOSE
14531,1133,7049,CLOSE
14532,7442,5389,CASUAL
14533,2922,8186,DISTANT
14534,3271,646,CASUAL
14535,2400,4714,DISTANT
14536,8084,7111,CASUAL
14537,8799,7278,DISTANT
14538,384,3179,CLOSE
14539,5333,2915,CLOSE
14540,5041,1419,CASUAL
14541,963,9561,CASUAL
14542,5263,7673,CLOSE
14543,8179,1409,CASUAL
14544,6309,4424,DISTANT
14545,6709,6566,CASUAL
14546,569,3078,DISTANT
14547,4343,1359,CLOSE
14548,3523,3968,CLOSE
14549,4048,7572,CLOSE
14550,9116,8932,CLOSE
14551,7102,3822,DISTANT
14552,6114,8130,CASUAL
14553,452,208,CASUAL
14554,8840,5317,CASUAL
14555,9502,2244,DISTANT
14556,7601,4080,DISTANT
14557,6248,9397,CLOSE
14558,1090,3629,CLOSE
14559,685,5973,DISTANT
14560,7127,6543,CLOSE
14561,4115,4503,DISTANT
14562,5660,1171,CASUAL
14563,5131,7726,DISTANT
14564,4330,5066,DISTANT
14565,1741,5392,DISTANT
14566,8166,188,DISTANT
14567,9861,5414,DISTANT
14568,2543,7573,CLOSE
14569,9477,5063,CASUAL
14570,3017,2643,CASUAL
14571,7708,2505,CASUAL
14572,8434,2223,CLOSE
14573,9324,7835,CASUAL
14574,3033,1686,DISTANT
14575,1905,5937,CLOSE
14576,4683,2178,CLOSE
14577,1706,6646,DISTANT
14578,2238,1725,DISTANT
14579,7614,3701,CLOSE
14580,573,8257,DISTANT
14581,1442,6427,DISTANT
14582,8688,9658,CLOSE
14583,8893,9892,DISTANT
14584,3597,3948,CASUAL
14585,4251,5103,CASUAL
14586,5923,8242,CASUAL
14587,3162,2301,CASUAL
14588,2004,61,DISTANT
14589,9835,4075,CASUAL
14590,3190,8167,CLOSE
14591,7338,1551,CASUAL
14592,371,5282,CLOSE
14593,5090,3149,CASUAL
14594,3469,5926,CASUAL
14595,1590,9228,DISTANT
14596,2122,6558,CASUAL
14597,3409,4875,CLOSE
14598,1753,7378,CLOSE
14599,5959,4991,CLOSE
14600,8175,7073,CLOSE
14601,3451,5048,CASUAL
14602,196,5587,CLOSE
14603,4,6952,CLOSE
14604,7316,7831,CASUAL
14605,7249,8104,CASUAL
14606,6002,2287,CLOSE
14607,1000,1730,DISTANT
14608,1449,8943,CASUAL
14609,3561,6185,DISTANT
14610,5140,8172,CLOSE
14611,6012,1687,DISTANT
14612,6298,2757,DISTANT
14613,1754,5695,DISTANT
14614,3490,840,CLOSE
14615,3851,4185,CASUAL
14616,7702,4874,CASUAL
14617,9145,6044,CLOSE
14618,994,9246,DISTANT
14619,1711,9914,CASUAL
14620,3720,4345,CLOSE
14621,8412,4879,CLOSE
14622,2794,1774,CASUAL
14623,3475,7276,DISTANT
14624,967,64,CASUAL
14625,1183,942,CASUAL
14626,986,538,DISTANT
14627,7693,7823,CLOSE
14628,1364,3622,CLOSE
14629,8260,9196,CLOSE
14630,2536,6981,CLOSE
14631,1114,2457,DISTANT
14632,2946,7334,CLOSE
14633,5076,6077,CASUAL
14634,3447,5879,DISTANT
14635,1729,5109,CLOSE
14636,2177,4573,DISTANT
14637,5162,6773,CASUAL
14638,4142,8287,CASUAL
14639,8986,1424,DISTANT
14640,1483,4860,DISTANT
14641,895,4035,CASUAL
14642,6681,6065,DISTANT
14643,9957,8946,CASUAL
14644,6545,2612,CLOSE
14645,2521,7360,DISTANT
14646,6818,1481,DISTANT
14647,5157,9914,CLOSE
14648,9565,5731,CLOSE
14649,6278,3106,DISTANT
14650,6112,6356,DISTANT
14651,3099,314,CLOSE
14652,6358,8435,DISTANT
14653,6220,2364,CASUAL
14654,7405,2244,CASUAL
14655,6241,2623,CASUAL
14656,4731,5570,CASUAL
14657,3159,107,DISTANT
14658,1767,2321,CASUAL
14659,1618,905,DISTANT
14660,8897,9637,CLOSE
14661,185,4683,CASUAL
14662,8229,4297,DISTANT
14663,9671,8515,CASUAL
14664,5629,4930,CLOSE
14665,8561,1681,CLOSE
14666,5146,839,CLOSE
14667,2779,403,CLOSE
14668,6897,6067,DISTANT
14669,9264,7213,CLOSE
14670,8665,2717,CLOSE
14671,2494,5237,DISTANT
14672,1020,6080,DISTANT
14673,2676,752,DISTANT
14674,9578,1819,CLOSE
14675,9386,9165,DISTANT
14676,375,9112,CASUAL
14677,6814,9358,DISTANT
14678,1457,393,CASUAL
14679,1392,9950,CASUAL
14680,828,4543,CASUAL
14681,8892,4345,CLOSE
14682,578,3918,DISTANT
14683,4002,1988,DISTANT
14684,4688,9226,CASUAL
14685,5263,8305,DISTANT
14686,9940,284,CLOSE
14687,2747,5157,DISTANT
14688,618,1665,CASUAL
14689,6011,6720,DISTANT
14690,5583,1972,CASUAL
14691,212,9304,DISTANT
14692,1702,9844,CASUAL
14693,1259,2359,CLOSE
14694,1534,9320,CLOSE
14695,3927,6180,DISTANT
14696,2645,6324,DISTANT
14697,8901,2152,CASUAL
14698,8064,7387,CASUAL
14699,2590,8283,DISTANT
14700,5302,8418,CLOSE
14701,6820,5099,DISTANT
14702,5015,8696,CLOSE
14703,4963,3848,DISTANT
14704,1556,7243,CLOSE
14705,4943,8324,DISTANT
14706,9227,2316,DISTANT
14707,5498,6079,CLOSE
14708,4311,110,CASUAL
14709,7237,7326,CASUAL
14710,6925,3688,CLOSE
14711,7800,3495,DISTANT
14712,229,8644,CLOSE
14713,3863,1812,DISTANT
14714,5378,1379,CASUAL
14715,4165,7692,CASUAL
14716,2158,4149,CASUAL
14717,8379,2203,CLOSE
14718,8573,7688,CASUAL
14719,7776,8502,CASUAL
14720,9321,4855,CASUAL
14721,7207,3131,CASUAL
14722,6662,7183,CASUAL
14723,2390,9070,DISTANT
14724,2212,4007,CASUAL
14725,8673,667,CASUAL
14726,7834,9581,CLOSE
14727,6602,2372,CLOSE
14728,8455,5754,DISTANT
14729,5235,2954,CLOSE
14730,2492,68,CASUAL
14731,9645,9845,CASUAL
14732,4167,9451,DISTANT
14733,2397,5600,DISTANT
14734,4933,4642,DISTANT
14735,8240,6544,DISTANT
14736,5235,8266,CLOSE
14737,8063,1366,DISTANT
14738,9774,5634,CLOSE
14739,5896,4191,CASUAL
14740,6516,6224,DISTANT
14741,7116,4497,CLOSE
14742,4245,666,DISTANT
14743,84,339,CLOSE
14744,9118,7848,CASUAL
14745,5403,5884,DISTANT
14746,5238,5785,CLOSE
14747,1909,4382,DISTANT
14748,5155,6894,CASUAL
14749,907,4642,CASUAL
14750,3281,8481,DISTANT
14751,6754,4621,CLOSE
14752,8174,2518,CLOSE
14753,2151,1393,CLOSE
14754,8636,1316,CASUAL
14755,6148,2890,CASUAL
14756,4944,8998,CLOSE
14757,7884,4488,CASUAL
14758,5262,1612,DISTANT
14759,5114,2828,DISTANT
14760,1568,5544,CLOSE
14761,5702,9382,CLOSE
14762,2664,1680,DISTANT
14763,9038,8984,CLOSE
14764,8933,4298,DISTANT
14765,6145,2132,DISTANT
14766,3924,632,CASUAL
14767,1214,4379,CASUAL
14768,3091,3081,CLOSE
14769,4662,8165,CASUAL
14770,5529,3533,CASUAL
14771,9783,2403,CASUAL
14772,3831,2645,CASUAL
14773,2243,886,CLOSE
14774,5069,8381,CASUAL
14775,4063,2020,DISTANT
14776,7829,8027,CLOSE
14777,3331,3644,DISTANT
14778,4182,2571,CLOSE
14779,2778,1761,CASUAL
14780,6272,5864,CASUAL
14781,8944,2202,DISTANT
14782,8335,3860,DISTANT
14783,2366,5455,DISTANT
14784,533,4610,CLOSE
14785,8824,4755,CLOSE
14786,1161,6853,CASUAL
14787,2207,8525,DISTANT
14788,3139,8295,CASUAL
14789,852,7711,CASUAL
14790,6473,9346,CASUAL
14791,230,3627,DISTANT
14792,9924,9596,DISTANT
14793,4410,4897,CASUAL
14794,9231,4543,CASUAL
14795,9935,7990,CLOSE
14796,2355,9624,DISTANT
14797,3357,1473,CASUAL
14798,2576,5620,CASUAL
14799,1541,8582,CASUAL
14800,359,5462,CASUAL
14801,263,7020,CASUAL
14802,9209,1549,CASUAL
14803,8503,3238,CASUAL
14804,816,1757,CLOSE
14805,1916,6265,DISTANT
14806,9379,6704,CASUAL
14807,364,3403,CASUAL
14808,2874,1608,CASUAL
14809,6680,4407,CLOSE
14810,8119,1824,DISTANT
14811,2967,7469,CASUAL
14812,8662,7607,CLOSE
14813,7433,5241,CLOSE
14814,4735,5459,CLOSE
14815,2962,4991,CASUAL
14816,840,306,CLOSE
14817,4130,6114,DISTANT
14818,3289,624,CASUAL
14819,2556,767,CLOSE
14820,9937,6311,CASUAL
14821,6300,6074,CLOSE
14822,1008,4524,CLOSE
14823,2248,6609,CLOSE
14824,961,8860,CASUAL
14825,1207,3152,CLOSE
14826,7973,5137,DISTANT
14827,7587,6061,CLOSE
14828,9858,7407,CLOSE
14829,8324,1846,CASUAL
14830,8818,3428,CLOSE
14831,2086,8363,CLOSE
14832,8293,6349,CASUAL
14833,3377,3697,CASUAL
14834,6608,927,CLOSE
14835,8048,1474,CASUAL
14836,4379,7298,CASUAL
14837,7685,8137,DISTANT
14838,1647,8948,CLOSE
14839,6510,9385,CLOSE
14840,9460,8461,CASUAL
14841,6587,3249,CLOSE
14842,8492,9998,DISTANT
14843,7552,3978,DISTANT
14844,3519,681,CASUAL
14845,323,7282,CASUAL
14846,3886,5543,DISTANT
14847,2193,3574,DISTANT
14848,2535,9244,CLOSE
14849,7566,2633,CLOSE
14850,3343,1717,CASUAL
14851,3026,152,DISTANT
14852,4036,5152,CASUAL
14853,2751,356,CASUAL
14854,9119,6670,CASUAL
14855,6833,2331,CASUAL
14856,6048,8767,CASUAL
14857,3981,3996,CLOSE
14858,7495,5817,DISTANT
14859,6669,4189,CLOSE
14860,1524,681,CASUAL
14861,1186,3613,CLOSE
14862,9769,5689,DISTANT
14863,3521,4570,DISTANT
14864,9393,3548,CASUAL
14865,9086,6331,DISTANT
14866,1699,72,CLOSE
14867,5243,8639,CASUAL
14868,5552,2309,DISTANT
14869,9408,6382,CLOSE
14870,4564,5502,CLOSE
14871,8682,9739,CLOSE
14872,440,4649,CASUAL
14873,184,5238,DISTANT
14874,2227,3458,CASUAL
14875,7037,412,CLOSE
14876,7990,5614,DISTANT
14877,149,9809,DISTANT
14878,5213,7286,DISTANT
14879,7155,8847,CASUAL
14880,5221,7357,CASUAL
14881,9954,3333,DISTANT
14882,915,4467,DISTANT
14883,3438,9422,CASUAL
14884,8517,696,DISTANT
14885,3745,8173,CASUAL
14886,4981,7560,DISTANT
14887,4448,8618,CLOSE
14888,3301,2716,CLOSE
14889,9131,1775,CLOSE
14890,5230,2436,DISTANT
14891,1636,4011,DISTANT
14892,1676,7060,CLOSE
14893,6203,4041,CASUAL
14894,1217,7675,CLOSE
14895,1834,5836,CASUAL
14896,1715,7534,DISTANT
14897,8985,1086,CASUAL
14898,3557,2020,DISTANT
14899,3808,5401,CLOSE
14900,4721,6601,CASUAL
14901,8561,8780,CASUAL
14902,276,1123,CLOSE
14903,5745,6486,DISTANT
14904,3300,5152,DISTANT
14905,4795,2165,CASUAL
14906,9677,1620,CASUAL
14907,8741,3955,CLOSE
14908,2659,6396,CASUAL
14909,8899,7296,DISTANT
14910,9071,3315,CLOSE
14911,5509,6226,CLOSE
14912,6554,666,DISTANT
14913,6622,4192,CLOSE
14914,48,9178,CLOSE
14915,8737,2245,CASUAL
14916,2504,2818,DISTANT
14917,2942,1695,CASUAL
14918,1245,2435,CASUAL
14919,8072,8322,CASUAL
14920,9450,4930,CASUAL
14921,5854,9986,DISTANT
14922,2930,5452,CASUAL
14923,8278,5106,CLOSE
14924,1591,9433,CLOSE
14925,9010,1169,DISTANT
14926,3442,8102,DISTANT
14927,341,3524,DISTANT
14928,2472,3273,CASUAL
14929,1198,3996,DISTANT
14930,592,4336,CLOSE
14931,4108,9146,CLOSE
14932,9444,6060,CLOSE
14933,9479,2719,CASUAL
14934,3019,7452,CLOSE
14935,3404,7487,DISTANT
14936,5214,5619,CASUAL
14937,7932,5134,CLOSE
14938,7995,2738,CLOSE
14939,6979,9010,DISTANT
14940,1013,7603,CLOSE
14941,7606,7103,DISTANT
14942,4851,6130,DISTANT
14943,8735,1256,CLOSE
14944,1338,7287,CASUAL
14945,1115,4644,CASUAL
14946,9147,5487,CASUAL
14947,8473,7349,CLOSE
14948,7425,9118,CLOSE
14949,4476,4414,CLOSE
14950,4574,1416,DISTANT
14951,6887,7903,CASUAL
14952,2602,6941,CLOSE
14953,320,7653,CASUAL
14954,8697,5535,CASUAL
14955,7214,6983,CASUAL
14956,9412,8599,CASUAL
14957,6476,6653,CLOSE
14958,8353,7170,DISTANT
14959,5895,2569,CLOSE
14960,6906,308,CLOSE
14961,4577,5593,CLOSE
14962,8688,4091,CASUAL
14963,5094,6509,DISTANT
14964,6179,2701,CASUAL
14965,8248,2564,DISTANT
14966,6157,6680,CLOSE
14967,4,7517,DISTANT
14968,3967,7486,DISTANT
14969,9967,9434,DISTANT
14970,3767,3335,CASUAL
14971,2548,3291,DISTANT
14972,3503,1610,CASUAL
14973,2286,3510,CASUAL
14974,9204,6850,CASUAL
14975,8532,7875,CLOSE
14976,3695,6739,CLOSE
14977,1367,2285,DISTANT
14978,724,3643,CLOSE
14979,9142,1518,DISTANT
14980,6878,8374,CASUAL
14981,3785,4960,CLOSE
14982,7139,7891,CLOSE
14983,4102,6999,CASUAL
14984,7060,8906,DISTANT
14985,4480,5384,DISTANT
14986,1031,2260,CASUAL
14987,2192,3817,CLOSE
14988,5815,7558,CLOSE
14989,1130,1454,DISTANT
14990,9038,1866,CLOSE
14991,4802,9126,CLOSE
14992,1094,4524,DISTANT
14993,9955,7637,DISTANT
14994,5145,704,DISTANT
14995,1615,4769,CLOSE
14996,5497,34,CLOSE
14997,4951,7627,DISTANT
14998,2507,3537,DISTANT
14999,8365,533,DISTANT
15000,301,9278,DISTANT
15001,6806,2398,CASUAL
15002,7955,1599,CASUAL
15003,6362,3713,CLOSE
15004,1350,9499,DISTANT
15005,4382,8929,DISTANT
15006,4557,2797,CLOSE
15007,2017,1103,DISTANT
15008,6590,1920,DISTANT
15009,5827,3783,CASUAL
15010,5681,2444,CASUAL
15011,9193,287,CASUAL
15012,7831,4862,DISTANT
15013,8541,8383,CASUAL
15014,3757,9172,DISTANT
15015,975,8368,CLOSE
15016,2667,6510,CASUAL
15017,6354,7723,DISTANT
15018,8820,3034,DISTANT
15019,3585,8021,CASUAL
15020,7770,101,CLOSE
15021,5280,6127,CASUAL
15022,811,1464,DISTANT
15023,4595,7549,CASUAL
15024,3259,118,DISTANT
15025,7164,106,CLOSE
15026,8265,1727,DISTANT
15027,3381,202,CASUAL
15028,6218,1757,CASUAL
15029,9591,5865,CLOSE
15030,5474,9589,DISTANT
15031,2663,475,CASUAL
15032,7824,2389,CLOSE
15033,4604,7806,CLOSE
15034,876,4538,CASUAL
15035,7493,6308,CASUAL
15036,4667,5590,CASUAL
15037,2397,8901,CLOSE
15038,4017,2133,CLOSE
15039,9023,2337,DISTANT
15040,6502,6626,CLOSE
15041,4722,7196,CLOSE
15042,5836,8493,CLOSE
15043,9159,509,CLOSE
15044,6470,379,CASUAL
15045,9545,2674,DISTANT
15046,1618,1094,DISTANT
15047,6375,2271,CASUAL
15048,8317,8226,CLOSE
15049,7937,5298,CASUAL
15050,5847,9675,DISTANT
15051,9103,2738,DISTANT
15052,4066,4696,CASUAL
15053,3914,7948,CLOSE
15054,1025,1739,CLOSE
15055,3788,7430,DISTANT
15056,3914,549,CLOSE
15057,8212,9117,CLOSE
15058,6844,9462,CLOSE
15059,211,8118,CLOSE
15060,6797,3163,CASUAL
15061,3697,3205,CASUAL
15062,3689,4475,CLOSE
15063,9900,2933,DISTANT
15064,9110,4142,DISTANT
15065,4904,9878,CLOSE
15066,3510,5051,CLOSE
15067,1350,2982,DISTANT
15068,9618,6057,CLOSE
15069,8016,2355,DISTANT
15070,3092,6076,CLOSE
15071,4882,1756,CLOSE
15072,7466,2998,CASUAL
15073,183,7808,DISTANT
15074,1659,4295,CLOSE
15075,5969,7197,DISTANT
15076,8943,5680,CASUAL
15077,2471,9008,CLOSE
15078,7184,9493,DISTANT
15079,3332,9586,DISTANT
15080,1329,3578,DISTANT
15081,2093,1968,CASUAL
15082,3528,1571,CASUAL
15083,2211,1566,DISTANT
15084,7964,3577,DISTANT
15085,6308,96,CASUAL
15086,9,3999,CLOSE
15087,9713,7462,CASUAL
15088,5858,7874,CASUAL
15089,4778,9915,CASUAL
15090,3698,444,CLOSE
15091,365,9482,CLOSE
15092,6293,184,CASUAL
15093,1605,727,DISTANT
15094,4176,6147,DISTANT
15095,7405,8043,CASUAL
15096,5105,9353,DISTANT
15097,1600,8296,CLOSE
15098,2711,1792,DISTANT
15099,487,7256,CLOSE
15100,2560,1116,CASUAL
15101,9809,4860,CASUAL
15102,8715,3183,DISTANT
15103,1324,8399,DISTANT
15104,8493,3470,DISTANT
15105,6542,5230,DISTANT
15106,1225,9174,CLOSE
15107,8865,9074,CASUAL
15108,7602,9030,DISTANT
15109,691,4847,CLOSE
15110,1199,245,CLOSE
15111,7998,6452,DISTANT
15112,9,6416,CASUAL
15113,6919,5929,DISTANT
15114,4652,8908,CLOSE
15115,9881,1688,CASUAL
15116,9201,1958,DISTANT
15117,447,1961,CLOSE
15118,7735,2391,CLOSE
15119,4313,4923,CLOSE
15120,1958,6121,CLOSE
15121,7504,2499,DISTANT
15122,2603,5811,CASUAL
15123,8660,5417,CLOSE
15124,2768,180,CLOSE
15125,4538,3506,CLOSE
15126,3095,7508,DISTANT
15127,3694,959,DISTANT
15128,9596,5181,DISTANT
15129,2187,8324,CLOSE
15130,3011,9532,CASUAL
15131,6040,5968,CASUAL
15132,7222,7412,DISTANT
15133,5569,431,CASUAL
15134,3823,8297,DISTANT
15135,4154,4356,CLOSE
15136,6267,4973,CLOSE
15137,4524,1250,CASUAL
15138,1073,7641,CLOSE
15139,6486,5188,CASUAL
15140,1012,8792,CASUAL
15141,7395,6848,CASUAL
15142,9832,2737,DISTANT
15143,1121,7404,DISTANT
15144,2504,5260,DISTANT
15145,8815,3567,CASUAL
15146,4792,8533,CASUAL
15147,2958,2947,CLOSE
15148,9782,5958,CLOSE
15149,8171,7728,CASUAL
15150,4109,416,CLOSE
15151,1836,978,CASUAL
15152,7643,4502,CLOSE
15153,8610,3699,DISTANT
15154,8334,2439,CASUAL
15155,2742,5038,CASUAL
15156,4503,7279,DISTANT
15157,3823,7919,DISTANT
15158,8822,6139,CASUAL
15159,908,540,CLOSE
15160,585,5814,CLOSE
15161,5509,8821,DISTANT
15162,3829,3731,DISTANT
15163,5498,3748,CLOSE
15164,4016,8416,CLOSE
15165,6263,9064,CLOSE
15166,7910,1109,CLOSE
15167,7945,6243,CASUAL
15168,7932,2762,CLOSE
15169,4855,7197,CLOSE
15170,2949,5396,DISTANT
15171,4776,1112,CLOSE
15172,9345,2830,CLOSE
15173,4827,6880,CASUAL
15174,9954,4881,CASUAL
15175,4947,5479,CLOSE
15176,2018,4828,CLOSE
15177,8996,369,DISTANT
15178,4991,8691,CLOSE
15179,7871,8223,CLOSE
15180,1862,966,CLOSE
15181,3193,1577,CLOSE
15182,3774,2348,DISTANT
15183,9035,2427,CLOSE
15184,6714,3665,DISTANT
15185,4005,7041,CLOSE
15186,4281,5852,CASUAL
15187,8453,5716,CLOSE
15188,6786,3251,CASUAL
15189,2050,1970,DISTANT
15190,3448,979,DISTANT
15191,2583,8535,DISTANT
15192,8603,4905,CLOSE
15193,159,4605,CLOSE
15194,1610,4774,CLOSE
15195,195,8741,CLOSE
15196,7769,1839,CASUAL
15197,3823,9177,CLOSE
15198,8034,4887,CASUAL
15199,6747,6765,CLOSE
15200,5873,4368,CASUAL
15201,8887,3633,CASUAL
15202,9621,2581,CLOSE
15203,8842,5599,CLOSE
15204,7708,8740,CLOSE
15205,8619,1210,DISTANT
15206,6719,6039,CASUAL
15207,3667,3722,DISTANT
15208,343,7843,CASUAL
15209,9507,6511,CLOSE
15210,1554,1340,CASUAL
15211,7001,8898,CASUAL
15212,6770,2442,CLOSE
15213,8765,9152,CASUAL
15214,335,8130,CASUAL
15215,9138,7468,CASUAL
15216,5678,6198,CASUAL
15217,7380,1760,DISTANT
15218,7096,1829,CLOSE
15219,5460,8157,CLOSE
15220,1940,9433,CLOSE
15221,5054,9207,CASUAL
15222,1500,8203,CLOSE
15223,6582,7659,DISTANT
15224,9783,3658,CLOSE
15225,9491,5617,CASUAL
15226,1659,366,DISTANT
15227,3103,4103,CLOSE
15228,2482,1627,CLOSE
15229,1531,8832,CLOSE
15230,7336,9677,DISTANT
15231,8355,5241,DISTANT
15232,818,7257,DISTANT
15233,6997,5437,CLOSE
15234,6519,1199,CASUAL
15235,3691,5687,CASUAL
15236,5122,5142,DISTANT
15237,907,2902,DISTANT
15238,6284,9368,DISTANT
15239,363,3798,DISTANT
15240,1778,3549,CASUAL
15241,3696,7411,CASUAL
15242,4867,9614,DISTANT
15243,2512,6691,DISTANT
15244,5613,1306,DISTANT
15245,2699,7902,CASUAL
15246,5945,8421,CLOSE
15247,8969,7533,CLOSE
15248,5387,4657,CASUAL
15249,7527,1286,CLOSE
15250,6365,4905,CASUAL
15251,6629,2459,DISTANT
15252,2151,2805,CLOSE
15253,9991,8210,CASUAL
15254,5504,2967,DISTANT
15255,4300,1609,DISTANT
15256,7441,2628,CASUAL
15257,6291,9308,DISTANT
15258,8234,2672,DISTANT
15259,8193,1440,CLOSE
15260,3533,7870,CLOSE
15261,5617,40,CLOSE
15262,459,3168,CASUAL
15263,2472,7701,CASUAL
15264,7687,8907,CLOSE
15265,151,1093,CLOSE
15266,7726,8208,CASUAL
15267,6997,7660,CASUAL
15268,4507,2022,DISTANT
15269,814,8092,CASUAL
15270,9322,6544,DISTANT
15271,8192,7831,CASUAL
15272,3554,2184,DISTANT
15273,5017,8150,DISTANT
15274,2556,4421,DISTANT
15275,7458,7535,CLOSE
15276,328,8718,CLOSE
15277,4968,9762,CLOSE
15278,4071,3717,CLOSE
15279,2951,4269,CASUAL
15280,3836,2881,CASUAL
15281,5009,7834,CASUAL
15282,7885,9243,CASUAL
15283,7520,64,CASUAL
15284,6286,3361,CASUAL
15285,1843,2887,CASUAL
15286,8297,2822,CASUAL
15287,5832,1270,DISTANT
15288,2597,2549,DISTANT
15289,3324,6254,CLOSE
15290,1250,6642,CASUAL
15291,6333,2004,DISTANT
15292,2,8148,CASUAL
15293,583,6234,DISTANT
15294,1893,4961,CASUAL
15295,4482,1516,DISTANT
15296,8739,5532,CLOSE
15297,6690,5325,CASUAL
15298,1482,2098,DISTANT
15299,5003,2825,DISTANT
15300,2446,1504,DISTANT
15301,9128,115,DISTANT
15302,6326,8036,CLOSE
15303,4150,5278,CASUAL
15304,6261,1372,CASUAL
15305,2517,2852,DISTANT
15306,8030,3354,CASUAL
15307,3473,5528,DISTANT
15308,9456,4628,CASUAL
15309,339,1034,CLOSE
15310,7784,995,CASUAL
15311,1125,1908,CASUAL
15312,1772,8226,CLOSE
15313,7240,3446,DISTANT
15314,4188,2014,CLOSE
15315,6456,7929,DISTANT
15316,5797,835,DISTANT
15317,894,4476,CASUAL
15318,5839,470,DISTANT
15319,7497,3212,CASUAL
15320,75,7989,CLOSE
15321,6630,2975,CASUAL
15322,2920,7683,CASUAL
15323,7339,2977,CLOSE
15324,1686,2469,CASUAL
15325,7536,9065,DISTANT
15326,5794,2003,CASUAL
15327,610,7475,CLOSE
15328,3716,5266,DISTANT
15329,7469,8304,CASUAL
15330,9500,8023,DISTANT
15331,8843,834,CLOSE
15332,3063,1798,CASUAL
15333,4524,201,CASUAL
15334,7921,1748,CASUAL
15335,7284,2012,CASUAL
15336,9812,7802,DISTANT
15337,2873,798,CLOSE
15338,17,4550,CLOSE
15339,411,1730,DISTANT
15340,2919,4182,CASUAL
15341,7270,7487,CLOSE
15342,2192,5316,DISTANT
15343,3433,3388,DISTANT
15344,8173,9566,CLOSE
15345,1739,8022,DISTANT
15346,8275,4286,CASUAL
15347,7320,9118,CLOSE
15348,6577,6957,DISTANT
15349,2162,8520,CLOSE
15350,57,5907,CASUAL
15351,1104,5161,CASUAL
15352,7415,1,CASUAL
15353,817,505,DISTANT
15354,4652,4311,CASUAL
15355,9917,1834,DISTANT
15356,7085,8504,CASUAL
15357,8954,4860,DISTANT
15358,1192,7461,CLOSE
15359,5127,9474,CLOSE
15360,5080,8370,CLOSE
15361,1590,5693,DISTANT
15362,30,9548,CLOSE
15363,9602,715,DISTANT
15364,2323,6103,DISTANT
15365,5038,7791,DISTANT
15366,3119,773,CLOSE
15367,2985,3537,CASUAL
15368,4975,9775,CASUAL
15369,7694,9943,CASUAL
15370,6178,8692,CLOSE
15371,6250,1346,CLOSE
15372,3144,7927,DISTANT
15373,2390,6139,CLOSE
15374,7571,315,CASUAL
15375,5972,1611,CASUAL
15376,8200,8863,CLOSE
15377,1025,8262,CLOSE
15378,8267,701,CASUAL
15379,7624,8420,CLOSE
15380,9460,4987,CLOSE
15381,9559,1086,CASUAL
15382,9116,1177,DISTANT
15383,2391,7832,CLOSE
15384,5294,1274,DISTANT
15385,3840,1636,CASUAL
15386,507,1900,CASUAL
15387,9548,3573,DISTANT
15388,645,627,CASUAL
15389,14,8768,CLOSE
15390,1893,6729,CASUAL
15391,253,8230,CASUAL
15392,4138,3485,DISTANT
15393,2828,5685,CASUAL
15394,9150,5050,DISTANT
15395,1764,3448,CASUAL
15396,7275,2495,CASUAL
15397,14,8346,CASUAL
15398,8307,5196,CLOSE
15399,7487,2040,DISTANT
15400,2625,3969,DISTANT
15401,3331,4563,CLOSE
15402,7289,8807,DISTANT
15403,4901,6867,DISTANT
15404,1020,1658,CASUAL
15405,7299,7865,CLOSE
15406,318,5924,CASUAL
15407,903,3780,CLOSE
15408,200,7812,CASUAL
15409,2946,8106,CLOSE
15410,3847,9772,CLOSE
15411,6444,3701,CASUAL
15412,5977,8304,CASUAL
15413,1562,3959,CLOSE
15414,4285,1750,CASUAL
15415,3322,9083,DISTANT
15416,9486,1306,CLOSE
15417,5633,7557,CLOSE
15418,6778,2386,CLOSE
15419,1929,7137,CLOSE
15420,6998,6218,CASUAL
15421,9639,7111,CLOSE
15422,5054,4470,DISTANT
15423,8338,2811,CLOSE
15424,6331,183,DISTANT
15425,6721,9528,CLOSE
15426,3072,2545,CASUAL
15427,3638,132,CLOSE
15428,3966,7528,CLOSE
15429,6682,8701,CLOSE
15430,4339,2935,CASUAL
15431,5678,327,DISTANT
15432,4291,7076,CASUAL
15433,4992,4135,DISTANT
15434,7015,3013,CLOSE
15435,5085,988,CLOSE
15436,7025,8417,CASUAL
15437,8150,5884,DISTANT
15438,4286,6458,CASUAL
15439,235,5768,DISTANT
15440,1646,8326,DISTANT
15441,3546,2983,CASUAL
15442,2612,4243,DISTANT
15443,1780,725,CASUAL
15444,7183,2961,DISTANT
15445,6388,1822,CLOSE
15446,3711,3552,DISTANT
15447,1315,5279,DISTANT
15448,1160,9688,CASUAL
15449,2095,7025,CASUAL
15450,786,5741,CLOSE
15451,2541,8476,CLOSE
15452,6024,8861,CASUAL
15453,2909,2677,CASUAL
15454,7047,8486,DISTANT
15455,429,9315,CASUAL
15456,7273,1504,DISTANT
15457,3484,2479,DISTANT
15458,447,7215,CASUAL
15459,2998,4175,CLOSE
15460,26,5060,CLOSE
15461,6268,2929,CLOSE
15462,1985,7515,CASUAL
15463,9412,6192,DISTANT
15464,5158,4573,CASUAL
15465,4899,8146,CLOSE
15466,7137,4314,CASUAL
15467,5639,242,CASUAL
15468,6215,4808,CASUAL
15469,4039,4553,DISTANT
15470,4335,3856,DISTANT
15471,2817,6094,CASUAL
15472,3143,1329,CASUAL
15473,6402,4261,CASUAL
15474,1424,4692,DISTANT
15475,365,194,DISTANT
15476,3917,1858,CASUAL
15477,8408,4309,CLOSE
15478,4715,8261,CASUAL
15479,8725,1315,DISTANT
15480,1575,376,DISTANT
15481,1703,4403,DISTANT
15482,3441,5668,CASUAL
15483,8060,1659,DISTANT
15484,1370,1426,CASUAL
15485,9468,7234,CLOSE
15486,7721,4062,DISTANT
15487,4515,2540,CASUAL
15488,9576,3646,CASUAL
15489,1680,427,CASUAL
15490,6786,1485,CLOSE
15491,5103,2981,CASUAL
15492,5635,1072,CLOSE
15493,9475,6879,CLOSE
15494,8491,4455,DISTANT
15495,6201,3465,DISTANT
15496,4776,7966,CASUAL
15497,5509,1004,CLOSE
15498,1548,510,CLOSE
15499,5329,4871,CASUAL
15500,6013,3193,CASUAL
15501,1721,6355,CASUAL
15502,6624,9641,DISTANT
15503,4256,7858,CLOSE
15504,313,1910,CLOSE
15505,4975,9084,DISTANT
15506,1243,650,CASUAL
15507,4106,5898,CASUAL
15508,7132,946,CASUAL
15509,9915,7028,DISTANT
15510,5733,39,DISTANT
15511,8786,5473,CLOSE
15512,4674,1401,CLOSE
15513,6349,7808,CASUAL
15514,2245,1549,CASUAL
15515,6890,8379,CLOSE
15516,6860,6956,DISTANT
15517,9446,9423,CASUAL
15518,9514,1283,CLOSE
15519,1856,7345,CASUAL
15520,2306,1902,DISTANT
15521,5654,9391,DISTANT
15522,1504,1597,CASUAL
15523,7968,2399,CASUAL
15524,9993,4378,CLOSE
15525,1837,387,CASUAL
15526,8487,6792,DISTANT
15527,9812,4159,CASUAL
15528,3688,1874,CASUAL
15529,117,516,CASUAL
15530,247,6346,CLOSE
15531,6234,938,DISTANT
15532,8150,4328,CLOSE
15533,6475,3568,CLOSE
15534,48,9799,CASUAL
15535,7080,2275,DISTANT
15536,6367,6641,CASUAL
15537,5753,3112,CLOSE
15538,2833,650,DISTANT
15539,7928,1739,CASUAL
15540,1493,2186,CLOSE
15541,1318,9170,CLOSE
15542,4859,7724,DISTANT
15543,823,5747,DISTANT
15544,1474,2145,CLOSE
15545,4101,5882,DISTANT
15546,1618,3930,DISTANT
15547,2774,7720,CASUAL
15548,6389,7635,CLOSE
15549,4587,1416,DISTANT
15550,5200,5742,DISTANT
15551,9991,4896,CLOSE
15552,6776,9627,CLOSE
15553,1349,2079,CASUAL
15554,4099,9290,CASUAL
15555,9312,6790,DISTANT
15556,4469,8242,CLOSE
15557,2534,7386,DISTANT
15558,8951,8718,DISTANT
15559,1960,6760,CLOSE
15560,1979,4265,CLOSE
15561,2889,4801,CLOSE
15562,2484,1851,CASUAL
15563,5344,6304,CLOSE
15564,6969,4122,DISTANT
15565,6970,2944,DISTANT
15566,158,1882,CASUAL
15567,8697,227,CLOSE
15568,5342,8058,CASUAL
15569,1419,5325,CASUAL
15570,1442,4526,DISTANT
15571,9800,8229,DISTANT
15572,2622,8617,CLOSE
15573,4121,4131,CLOSE
15574,3565,4066,DISTANT
15575,6926,2851,CLOSE
15576,4715,8071,DISTANT
15577,9848,6366,DISTANT
15578,272,9181,CASUAL
15579,2466,3493,DISTANT
15580,6652,8672,CLOSE
15581,775,7010,CLOSE
15582,9005,3640,CLOSE
15583,4936,6379,CLOSE
15584,5128,9230,CASUAL
15585,1920,2439,DISTANT
15586,8732,7264,CASUAL
15587,2653,7593,CLOSE
15588,9507,3239,DISTANT
15589,7852,6013,CASUAL
15590,6781,2161,CASUAL
15591,1508,5599,CLOSE
15592,5140,9526,CASUAL
15593,7172,5498,CASUAL
15594,9292,6946,CLOSE
15595,8535,4809,CASUAL
15596,3441,5494,CLOSE
15597,9500,1423,DISTANT
15598,6244,3432,DISTANT
15599,3587,1780,CASUAL
15600,9124,8788,DISTANT
15601,1134,1186,CASUAL
15602,4898,6722,DISTANT
15603,5899,1519,CLOSE
15604,6334,8594,CASUAL
15605,9349,6193,DISTANT
15606,1952,9848,DISTANT
15607,972,6636,CLOSE
15608,6704,5727,CLOSE
15609,1799,2472,CLOSE
15610,5748,4320,DISTANT
15611,4406,2496,CLOSE
15612,9547,7329,CLOSE
15613,8930,1213,CLOSE
15614,903,647,CLOSE
15615,1786,7103,CLOSE
15616,5840,1533,CLOSE
15617,7112,287,CASUAL
15618,3271,979,CLOSE
15619,9343,8170,DISTANT
15620,4151,3035,DISTANT
15621,9751,6032,CLOSE
15622,2957,3810,DISTANT
15623,7610,98,CLOSE
15624,6974,6335,CLOSE
15625,9705,1545,CASUAL
15626,5134,2985,CLOSE
15627,2892,8448,DISTANT
15628,4519,1134,CLOSE
15629,8519,286,CASUAL
15630,9932,4120,DISTANT
15631,9268,3535,CLOSE
15632,1772,5946,CLOSE
15633,1312,705,DISTANT
15634,2878,5012,DISTANT
15635,5582,7294,CLOSE
15636,4284,6062,DISTANT
15637,5670,9005,CLOSE
15638,399,988,DISTANT
15639,6221,4412,CLOSE
15640,8184,2175,CLOSE
15641,8662,3722,DISTANT
15642,8888,8038,DISTANT
15643,9931,6508,CASUAL
15644,250,6655,CASUAL
15645,4758,6755,DISTANT
15646,2062,1111,CLOSE
15647,4216,9605,CLOSE
15648,5979,9330,DISTANT
15649,3051,5464,DISTANT
15650,9517,4137,DISTANT
15651,1512,4273,CLOSE
15652,8133,5785,CASUAL
15653,4235,3023,CASUAL
15654,9586,9235,DISTANT
15655,2690,3243,CLOSE
15656,3039,3894,CLOSE
15657,8373,3858,CLOSE
15658,1015,9270,CLOSE
15659,8469,6630,CASUAL
15660,1439,1783,CASUAL
15661,9132,2732,CASUAL
15662,921,7753,CLOSE
15663,2093,5887,CLOSE
15664,7397,851,CASUAL
15665,8731,6155,DISTANT
15666,6806,3949,CASUAL
15667,6746,6945,CASUAL
15668,8776,3842,DISTANT
15669,983,5300,CLOSE
15670,5986,258,DISTANT
15671,7371,6977,CASUAL
15672,9572,2062,CLOSE
15673,9326,9021,DISTANT
15674,3638,2752,DISTANT
15675,4558,271,CASUAL
15676,2902,3318,CASUAL
15677,4703,6141,CLOSE
15678,3233,9435,CASUAL
15679,6300,6548,DISTANT
15680,1997,6274,CLOSE
15681,4663,2588,DISTANT
15682,4405,9166,CLOSE
15683,4471,9509,CLOSE
15684,5761,6071,DISTANT
15685,9265,3656,CLOSE
15686,7518,4294,CLOSE
15687,5757,5361,DISTANT
15688,9911,5040,CLOSE
15689,8443,1638,CLOSE
15690,8988,8111,CASUAL
15691,4265,6113,CASUAL
15692,1708,916,CLOSE
15693,6083,3928,DISTANT
15694,9874,6740,DISTANT
15695,336,2042,DISTANT
15696,1020,7263,DISTANT
15697,9390,8313,DISTANT
15698,7645,7102,CASUAL
15699,3846,9488,CLOSE
15700,8095,6913,DISTANT
15701,6511,9335,CLOSE
15702,5475,1925,CASUAL
15703,9637,6234,CASUAL
15704,1726,9174,CASUAL
15705,199,9662,CLOSE
15706,7100,3151,CASUAL
15707,1739,3409,DISTANT
15708,8911,4320,DISTANT
15709,8260,4769,CLOSE
15710,6827,6016,CASUAL
15711,6158,7235,CASUAL
15712,7815,4804,CLOSE
15713,3864,2422,DISTANT
15714,6726,9384,CLOSE
15715,4627,8274,DISTANT
15716,4406,5510,DISTANT
15717,1389,5926,DISTANT
15718,5880,2955,DISTANT
15719,6208,8644,CASUAL
15720,4206,9507,CASUAL
15721,590,7777,DISTANT
15722,1936,3919,DISTANT
15723,2654,4293,CASUAL
15724,307,8384,CASUAL
15725,7278,1996,CASUAL
15726,4893,9330,DISTANT
15727,1152,8650,CLOSE
15728,4502,5775,CLOSE
15729,1341,6982,CASUAL
15730,7091,6887,CASUAL
15731,1026,5598,CASUAL
15732,7994,2216,CLOSE
15733,1831,2185,DISTANT
15734,2162,5552,DISTANT
15735,6554,1185,CASUAL
15736,8868,849,DISTANT
15737,3367,4795,CLOSE
15738,5391,6858,CLOSE
15739,5445,6507,CLOSE
15740,4406,7757,CASUAL
15741,6397,4432,CLOSE
15742,2,1514,DISTANT
15743,4772,9457,CLOSE
15744,2042,2090,CLOSE
15745,3959,1614,DISTANT
15746,9489,7919,DISTANT
15747,5761,7503,DISTANT
15748,4087,4455,CASUAL
15749,6336,7842,DISTANT
15750,2861,3168,CLOSE
15751,2539,4954,CASUAL
15752,6847,4376,CLOSE
15753,1773,7824,CASUAL
15754,6314,7411,CLOSE
15755,3899,6403,CASUAL
15756,4363,4192,DISTANT
15757,902,4571,CLOSE
15758,8132,7058,DISTANT
15759,9034,6619,DISTANT
15760,2742,9470,CLOSE
15761,6109,5271,DISTANT
15762,8536,572,CLOSE
15763,9260,6140,CLOSE
15764,5356,1054,CLOSE
15765,6771,6473,DISTANT
15766,911,804,DISTANT
15767,153,3241,DISTANT
15768,7661,5123,DISTANT
15769,1631,1367,CLOSE
15770,4146,565,DISTANT
15771,8158,7804,DISTANT
15772,5891,892,CLOSE
15773,2901,2276,CASUAL
15774,490,2061,CLOSE
15775,9345,569,CASUAL
15776,4583,7908,CLOSE
15777,1556,8054,CLOSE
15778,4157,6851,CASUAL
15779,2919,481,CASUAL
15780,1644,8730,CASUAL
15781,8943,347,CASUAL
15782,2093,8936,CLOSE
15783,4246,8501,CASUAL
15784,3039,3375,CASUAL
15785,7274,4076,DISTANT
15786,2629,6247,DISTANT
15787,1607,3355,CASUAL
15788,1213,3284,CLOSE
15789,5865,6915,DISTANT
15790,872,1867,DISTANT
15791,1430,2156,DISTANT
15792,7061,1043,DISTANT
15793,5781,3816,CLOSE
15794,4376,4690,CASUAL
15795,5705,7527,DISTANT
15796,5452,1256,CASUAL
15797,5127,7437,CLOSE
15798,7292,543,CASUAL
15799,5660,6477,CASUAL
15800,8587,5896,CLOSE
15801,4109,8984,CLOSE
15802,8082,2214,CASUAL
15803,5332,6837,CASUAL
15804,2601,3853,DISTANT
15805,1225,8368,CLOSE
15806,7307,3853,CLOSE
15807,3681,7787,CASUAL
15808,7524,9702,CLOSE
15809,1210,7558,DISTANT
15810,3562,9499,DISTANT
15811,1272,9850,CLOSE
15812,8530,7073,CLOSE
15813,6284,7523,DISTANT
15814,4647,3941,DISTANT
15815,9359,1024,CASUAL
15816,6370,8923,DISTANT
15817,1370,3807,DISTANT
15818,4828,8134,CASUAL
15819,7465,2777,CLOSE
15820,7098,286,CLOSE
15821,5313,3169,DISTANT
15822,5530,4009,CASUAL
15823,4401,2541,CLOSE
15824,8835,5323,DISTANT
15825,6375,3496,DISTANT
15826,6612,6653,CASUAL
15827,9424,5619,CLOSE
15828,4584,5928,CASUAL
15829,139,2002,CASUAL
15830,5338,3418,CASUAL
15831,1864,935,CLOSE
15832,363,6335,CASUAL
15833,2721,716,CASUAL
15834,8575,2945,CASUAL
15835,8477,1243,CASUAL
15836,736,6321,CASUAL
15837,5424,1645,CASUAL
15838,9542,2545,CLOSE
15839,9367,4312,DISTANT
15840,9143,7088,DISTANT
15841,4193,4207,CLOSE
15842,3542,4037,CASUAL
15843,9196,3754,DISTANT
15844,2832,318,DISTANT
15845,9769,5331,CLOSE
15846,4855,9914,CLOSE
15847,4359,5381,CLOSE
15848,411,1225,DISTANT
15849,7383,6489,DISTANT
15850,1212,5743,DISTANT
15851,1549,4722,CLOSE
15852,6920,9317,CLOSE
15853,3023,5117,CASUAL
15854,4940,7826,CLOSE
15855,2740,4606,DISTANT
15856,6846,8341,DISTANT
15857,2022,515,CLOSE
15858,994,9373,CASUAL
15859,416,3068,DISTANT
15860,9052,7542,CASUAL
15861,7053,6561,CLOSE
15862,5497,8666,CASUAL
15863,7834,2689,CASUAL
15864,3533,5725,CASUAL
15865,6247,83,DISTANT
15866,4505,8721,CLOSE
15867,4188,7976,CASUAL
15868,2995,9574,CASUAL
15869,5854,9377,DISTANT
15870,682,8468,DISTANT
15871,4273,4005,CASUAL
15872,9925,8010,CLOSE
15873,9063,8021,CLOSE
15874,7776,925,CLOSE
15875,3876,2445,DISTANT
15876,5521,6518,DISTANT
15877,6516,1782,CASUAL
15878,3946,6743,CASUAL
15879,6291,9105,CLOSE
15880,698,4105,CASUAL
15881,6720,3743,CASUAL
15882,909,837,CLOSE
15883,2874,8937,DISTANT
15884,7895,780,CLOSE
15885,8737,5244,DISTANT
15886,9636,6388,CLOSE
15887,1664,2877,DISTANT
15888,6365,9267,CLOSE
15889,5177,4893,CLOSE
15890,3039,6511,CLOSE
15891,3936,9426,CLOSE
15892,8791,7853,DISTANT
15893,376,9571,CASUAL
15894,9707,6795,CASUAL
15895,8688,1543,CLOSE
15896,7693,1288,DISTANT
15897,4380,487,CASUAL
15898,9262,3883,DISTANT
15899,3981,216,DISTANT
15900,9048,8073,CLOSE
15901,5155,2555,CASUAL
15902,8549,6758,CASUAL
15903,9389,9350,CLOSE
15904,7348,9098,CASUAL
15905,181,171,DISTANT
15906,5441,8359,CASUAL
15907,6265,3309,DISTANT
15908,3341,2219,CASUAL
15909,4269,3152,CASUAL
15910,6562,7134,DISTANT
15911,3247,6704,CLOSE
15912,4726,3660,CLOSE
15913,2526,1958,DISTANT
15914,8254,2608,CASUAL
15915,3644,116,CASUAL
15916,2014,2932,CASUAL
15917,6719,6325,CLOSE
15918,8528,6248,CLOSE
15919,3159,855,CLOSE
15920,6451,7374,CLOSE
15921,5747,2816,CLOSE
15922,9728,101,CLOSE
15923,5883,3507,DISTANT
15924,7435,8218,DISTANT
15925,6143,17,DISTANT
15926,9080,7230,CLOSE
15927,8682,9109,CLOSE
15928,4251,5101,DISTANT
15929,6336,717,CASUAL
15930,9784,8314,CLOSE
15931,35,1332,DISTANT
15932,6766,9055,CASUAL
15933,1782,6874,CLOSE
15934,878,1770,CASUAL
15935,5764,8164,CLOSE
15936,4103,2472,CASUAL
15937,5798,3670,DISTANT
15938,299,8260,DISTANT
15939,7345,9352,CASUAL
15940,8067,1011,CLOSE
15941,4166,1858,DISTANT
15942,4277,3949,DISTANT
15943,1872,5543,CASUAL
15944,1890,9923,CLOSE
15945,7467,198,DISTANT
15946,1634,913,DISTANT
15947,4382,330,CLOSE
15948,8939,8386,DISTANT
15949,7227,7079,CASUAL
15950,1384,606,DISTANT
15951,5471,4649,CLOSE
15952,6514,1209,DISTANT
15953,8109,303,CLOSE
15954,130,3681,CASUAL
15955,8600,9052,CASUAL
15956,1023,4552,CASUAL
15957,680,9653,CASUAL
15958,9551,6644,DISTANT
15959,8767,4202,CASUAL
15960,4075,1904,DISTANT
15961,2899,1367,CASUAL
15962,1073,1074,CASUAL
15963,250,5341,DISTANT
15964,5179,5245,CLOSE
15965,6073,4885,DISTANT
15966,2811,7197,CASUAL
15967,6037,6077,CLOSE
15968,524,6393,CASUAL
15969,580,9303,CASUAL
15970,4621,254,CASUAL
15971,7824,4330,CASUAL
15972,7294,2779,DISTANT
15973,4683,7271,DISTANT
15974,5901,8026,DISTANT
15975,5733,257,CLOSE
15976,7740,8176,CASUAL
15977,8459,7094,CLOSE
15978,8840,8599,CLOSE
15979,5600,670,CASUAL
15980,9934,1417,DISTANT
15981,506,2015,CASUAL
15982,6957,6697,CLOSE
15983,2406,4612,CASUAL
15984,430,70,CASUAL
15985,4993,7379,CASUAL
15986,5379,8897,DISTANT
15987,6146,3744,CASUAL
15988,1494,5933,DISTANT
15989,6107,3934,CLOSE
15990,1492,7699,CASUAL
15991,8304,7832,DISTANT
15992,8219,804,CASUAL
15993,704,4972,DISTANT
15994,4290,4264,CLOSE
15995,6261,1283,CASUAL
15996,4395,1579,DISTANT
15997,4885,413,CLOSE
15998,6639,9897,DISTANT
15999,8259,3833,DISTANT
16000,5309,6884,CASUAL
16001,1162,4246,CASUAL
16002,6712,8981,CLOSE
16003,4997,2476,DISTANT
16004,2845,8656,CASUAL
16005,597,5240,CASUAL
16006,4540,8681,DISTANT
16007,2435,3560,CASUAL
16008,4165,7333,DISTANT
16009,2466,1574,CLOSE
16010,3329,306,CLOSE
16011,4423,2097,CASUAL
16012,8432,4037,CLOSE
16013,1171,1069,DISTANT
16014,8053,6077,CASUAL
16015,655,7055,DISTANT
16016,8810,8249,CLOSE
16017,7162,2039,CASUAL
16018,8288,9824,CLOSE
16019,4862,8396,CASUAL
16020,8862,1266,CASUAL
16021,8348,7325,DISTANT
16022,5105,8392,CASUAL
16023,8768,6042,DISTANT
16024,4472,6801,CLOSE
16025,4163,373,CLOSE
16026,330,5883,DISTANT
16027,6732,2361,CLOSE
16028,7505,9246,CASUAL
16029,9395,2789,DISTANT
16030,6393,9794,CASUAL
16031,1106,4110,CASUAL
16032,2456,2049,CLOSE
16033,8940,4051,DISTANT
16034,8302,9486,CASUAL
16035,992,9310,CLOSE
16036,8115,3421,CASUAL
16037,5619,4781,CASUAL
16038,8062,6659,CLOSE
16039,9838,3611,CASUAL
16040,3511,6065,DISTANT
16041,4399,6539,CLOSE
16042,4212,6301,DISTANT
16043,6077,9793,DISTANT
16044,9713,5529,CLOSE
16045,1571,8260,CASUAL
16046,7534,4037,CLOSE
16047,8146,5265,DISTANT
16048,2525,4628,DISTANT
16049,5841,3085,CLOSE
16050,1918,571,DISTANT
16051,7395,7227,CASUAL
16052,4206,7486,CLOSE
16053,7183,9053,CASUAL
16054,7611,3848,DISTANT
16055,8591,2376,DISTANT
16056,178,7286,CASUAL
16057,8320,7186,CLOSE
16058,9867,4235,CLOSE
16059,7099,1946,CASUAL
16060,4488,6927,DISTANT
16061,3119,8135,DISTANT
16062,8544,9483,CASUAL
16063,6505,4770,CASUAL
16064,1165,8003,CLOSE
16065,5274,6909,DISTANT
16066,6061,2951,CASUAL
16067,4411,9864,CASUAL
16068,5232,9649,CLOSE
16069,6502,3773,CLOSE
16070,8259,8725,CLOSE
16071,8762,3658,CLOSE
16072,3119,905,CLOSE
16073,2934,6283,CLOSE
16074,193,1908,DISTANT
16075,9174,1817,DISTANT
16076,1349,3798,CLOSE
16077,7232,1986,CASUAL
16078,4617,2142,DISTANT
16079,3644,3894,DISTANT
16080,5716,4453,DISTANT
16081,7805,7554,CASUAL
16082,9565,3144,DISTANT
16083,3826,8739,DISTANT
16084,6496,8576,CLOSE
16085,2425,9890,CLOSE
16086,9985,8057,CASUAL
16087,1119,8796,CLOSE
16088,5359,6227,CLOSE
16089,4877,471,CASUAL
16090,2592,5812,CASUAL
16091,320,5157,DISTANT
16092,337,8383,DISTANT
16093,682,5095,CLOSE
16094,2614,8178,DISTANT
16095,5956,7956,CASUAL
16096,9430,6910,DISTANT
16097,2547,4968,CASUAL
16098,1521,2526,CASUAL
16099,9429,2191,DISTANT
16100,1998,328,CLOSE
16101,3527,7085,CASUAL
16102,8610,180,CASUAL
16103,7382,4007,CLOSE
16104,1071,6147,CASUAL
16105,7710,9905,CLOSE
16106,2958,9774,CASUAL
16107,9000,6996,DISTANT
16108,2513,2319,CLOSE
16109,7635,2692,CLOSE
16110,9271,5125,CLOSE
16111,3075,384,CLOSE
16112,5125,5241,DISTANT
16113,4090,9394,CLOSE
16114,9523,4135,CASUAL
16115,9976,7590,DISTANT
16116,1055,6927,DISTANT
16117,5552,2083,CASUAL
16118,5085,5775,CLOSE
16119,8945,5700,CLOSE
16120,8600,441,CLOSE
16121,6418,6835,CLOSE
16122,3185,8609,CASUAL
16123,6164,1972,DISTANT
16124,9677,4049,CASUAL
16125,7763,706,CASUAL
16126,9204,2377,DISTANT
16127,8324,8282,DISTANT
16128,6574,2499,CLOSE
16129,67,638,CLOSE
16130,4894,3097,CLOSE
16131,9653,9658,CLOSE
16132,7305,4923,DISTANT
16133,3763,5551,CASUAL
16134,1115,9248,DISTANT
16135,1164,9071,CLOSE
16136,2910,3248,CLOSE
16137,6387,3255,DISTANT
16138,9800,6813,DISTANT
16139,9640,2064,CASUAL
16140,8613,7249,CASUAL
16141,6343,5138,CLOSE
16142,9233,4397,DISTANT
16143,24,4483,DISTANT
16144,4139,5672,CLOSE
16145,6391,5796,CASUAL
16146,3367,8268,DISTANT
16147,8989,1878,CASUAL
16148,6927,7878,CLOSE
16149,6709,5130,CASUAL
16150,3243,7250,CASUAL
16151,4886,9018,CASUAL
16152,7878,1641,CASUAL
16153,4613,7319,CASUAL
16154,5794,2571,DISTANT
16155,5081,1079,DISTANT
16156,4913,4450,CLOSE
16157,985,6065,DISTANT
16158,7658,8553,CLOSE
16159,2076,5936,CASUAL
16160,4925,579,DISTANT
16161,6644,1558,DISTANT
16162,1118,2039,CLOSE
16163,4237,4481,CLOSE
16164,7052,3999,DISTANT
16165,6859,7154,CASUAL
16166,5710,9,DISTANT
16167,9268,7618,CASUAL
16168,4159,9338,CLOSE
16169,272,4185,CASUAL
16170,1278,7544,CASUAL
16171,4301,8042,CASUAL
16172,3008,2057,DISTANT
16173,710,3072,DISTANT
16174,9635,5816,CLOSE
16175,8631,140,DISTANT
16176,4126,8327,DISTANT
16177,93,3054,CASUAL
16178,3704,9696,CASUAL
16179,3459,8786,CLOSE
16180,3089,3811,DISTANT
16181,295,5259,CASUAL
16182,9563,9407,CLOSE
16183,8038,8854,DISTANT
16184,3543,8429,CLOSE
16185,9311,1625,CASUAL
16186,899,5610,CLOSE
16187,5080,6892,DISTANT
16188,9698,5055,CLOSE
16189,8155,4122,CASUAL
16190,5836,7111,DISTANT
16191,8715,725,CLOSE
16192,9788,6961,CASUAL
16193,6532,7843,CLOSE
16194,2536,4458,CLOSE
16195,4744,9756,DISTANT
16196,462,6206,CLOSE
16197,2445,9115,CASUAL
16198,6722,4034,CASUAL
16199,2673,8425,CLOSE
16200,3047,596,DISTANT
16201,5698,920,DISTANT
16202,6760,6760,DISTANT
16203,6466,2715,DISTANT
16204,13,38,DISTANT
16205,4933,6468,CLOSE
16206,6280,7474,CLOSE
16207,3670,3631,DISTANT
16208,2069,6320,CASUAL
16209,4852,7827,DISTANT
16210,9834,597,CLOSE
16211,926,5235,DISTANT
16212,3867,1639,DISTANT
16213,3073,7812,DISTANT
16214,7914,9871,CASUAL
16215,9137,5133,CLOSE
16216,4000,4960,CASUAL
16217,7098,6335,CLOSE
16218,7921,677,CLOSE
16219,9607,9813,CLOSE
16220,1792,3596,CLOSE
16221,4271,4076,DISTANT
16222,7120,4737,DISTANT
16223,1798,6296,CASUAL
16224,907,3833,CLOSE
16225,5165,5311,CLOSE
16226,4644,3152,CLOSE
16227,1450,3559,CASUAL
16228,3190,62,CLOSE
16229,6231,6984,CLOSE
16230,5045,733,CASUAL
16231,7288,560,CLOSE
16232,5424,5346,CASUAL
16233,5958,8041,DISTANT
16234,4873,8798,DISTANT
16235,85,3025,DISTANT
16236,926,7751,DISTANT
16237,7118,5695,CLOSE
16238,374,5678,CASUAL
16239,9074,5919,CLOSE
16240,6525,8726,DISTANT
16241,5215,9118,DISTANT
16242,4841,8526,CLOSE
16243,8898,9509,CASUAL
16244,2608,6532,CLOSE
16245,451,2138,CASUAL
16246,6133,2730,CLOSE
16247,5529,2103,DISTANT
16248,93,6462,CASUAL
16249,1835,5098,CLOSE
16250,976,6319,CLOSE
16251,9453,4606,DISTANT
16252,3088,4810,CASUAL
16253,596,3606,DISTANT
16254,6999,1145,DISTANT
16255,8662,880,CASUAL
16256,8171,4532,CLOSE
16257,6295,6885,CASUAL
16258,8716,1750,CASUAL
16259,4414,9821,DISTANT
16260,7105,1049,CASUAL
16261,798,8363,CLOSE
16262,8485,3054,DISTANT
16263,5754,9524,CLOSE
16264,6634,4358,CLOSE
16265,3311,9204,DISTANT
16266,7374,110,CLOSE
16267,5012,4833,CLOSE
16268,7281,1577,DISTANT
16269,5360,4590,CASUAL
16270,1178,7870,DISTANT
16271,1324,9493,DISTANT
16272,8546,3477,CLOSE
16273,5730,9075,CLOSE
16274,1999,5316,DISTANT
16275,2195,8940,CASUAL
16276,2417,3474,CASUAL
16277,3440,8245,DISTANT
16278,7026,1258,DISTANT
16279,1355,708,CASUAL
16280,6664,5043,CLOSE
16281,341,1517,CLOSE
16282,5209,4935,CLOSE
16283,6332,2700,DISTANT
16284,6021,1947,CASUAL
16285,8659,1174,DISTANT
16286,4732,6282,CLOSE
16287,1871,4436,CLOSE
16288,1407,966,CLOSE
16289,7507,8810,DISTANT
16290,5534,4294,CLOSE
16291,8406,6740,CASUAL
16292,445,4877,CASUAL
16293,6476,5287,CASUAL
16294,8811,2443,CASUAL
16295,2766,3451,DISTANT
16296,8424,4077,CASUAL
16297,7207,1067,CLOSE
16298,1022,9425,CLOSE
16299,5631,8775,CLOSE
16300,2562,1807,CLOSE
16301,1733,7550,CASUAL
16302,7177,5540,DISTANT
16303,265,7744,CLOSE
16304,4132,5063,DISTANT
16305,5282,8083,CASUAL
16306,4153,9955,DISTANT
16307,2942,7843,CASUAL
16308,6026,5272,CLOSE
16309,4686,261,DISTANT
16310,9984,2496,DISTANT
16311,2754,4600,DISTANT
16312,8998,8708,CASUAL
16313,8302,9885,DISTANT
16314,9110,8593,DISTANT
16315,8499,3979,DISTANT
16316,4372,988,DISTANT
16317,9413,2867,CLOSE
16318,8925,9002,CASUAL
16319,5895,6777,CASUAL
16320,6586,7910,CLOSE
16321,990,5687,CASUAL
16322,764,5035,CLOSE
16323,6369,1920,CASUAL
16324,9303,7748,DISTANT
16325,523,8838,CASUAL
16326,1032,1258,CLOSE
16327,4455,2961,DISTANT
16328,9770,2273,CLOSE
16329,210,9032,CLOSE
16330,8876,9652,CLOSE
16331,1745,1230,DISTANT
16332,2981,178,DISTANT
16333,5476,3654,DISTANT
16334,2940,54,CLOSE
16335,6415,5660,CASUAL
16336,3024,3286,CASUAL
16337,7675,4978,CLOSE
16338,190,6145,CASUAL
16339,8150,5381,CLOSE
16340,508,5448,DISTANT
16341,4911,4237,CASUAL
16342,4904,9322,DISTANT
16343,6727,7200,CASUAL
16344,9901,4261,DISTANT
16345,4494,1956,DISTANT
16346,3726,7080,CLOSE
16347,1171,9989,CASUAL
16348,3662,7359,CLOSE
16349,3599,5816,CLOSE
16350,6242,2442,DISTANT
16351,4149,7240,CASUAL
16352,6485,7736,CLOSE
16353,988,4019,CASUAL
16354,8683,4572,DISTANT
16355,1707,8871,CASUAL
16356,4390,3202,CASUAL
16357,3496,4872,CLOSE
16358,5037,1683,DISTANT
16359,3652,1374,CLOSE
16360,2575,6221,CASUAL
16361,3713,1429,CASUAL
16362,9939,6868,CLOSE
16363,2798,9619,DISTANT
16364,3750,3,CLOSE
16365,6442,6233,CLOSE
16366,4798,892,DISTANT
16367,9028,9704,DISTANT
16368,4671,7018,CLOSE
16369,5584,9831,CASUAL
16370,7528,2980,DISTANT
16371,3381,2396,CLOSE
16372,5454,7310,DISTANT
16373,2278,5405,CLOSE
16374,1574,5052,CLOSE
16375,8537,6180,DISTANT
16376,5086,5769,CLOSE
16377,7559,2736,CLOSE
16378,2852,8320,CLOSE
16379,245,4826,DISTANT
16380,2317,726,CLOSE
16381,3164,9021,CLOSE
16382,8466,8696,CLOSE
16383,9546,9631,CASUAL
16384,9913,5578,CASUAL
16385,4977,9103,CLOSE
16386,6129,4699,CASUAL
16387,701,2422,DISTANT
16388,5061,223,DISTANT
16389,3859,1635,CASUAL
16390,178,1877,CLOSE
16391,7147,2896,CASUAL
16392,2619,8714,CASUAL
16393,7263,2941,CLOSE
16394,8399,1518,CASUAL
16395,961,807,CLOSE
16396,3815,9249,DISTANT
16397,9869,4201,DISTANT
16398,3202,234,CASUAL
16399,6703,9523,CLOSE
16400,3440,2036,DISTANT
16401,6657,1141,CLOSE
16402,7952,517,CLOSE
16403,1282,2178,CASUAL
16404,7519,105,CLOSE
16405,3248,4510,CLOSE
16406,3013,1009,DISTANT
16407,9146,5381,CASUAL
16408,2700,6014,CLOSE
16409,3664,4404,CLOSE
16410,6522,4398,CLOSE
16411,8823,1750,CASUAL
16412,9676,6503,CASUAL
16413,1785,2789,CLOSE
16414,4775,1990,CASUAL
16415,8017,1892,CASUAL
16416,6423,2001,CLOSE
16417,4454,2891,DISTANT
16418,8932,6576,CLOSE
16419,1908,2859,DISTANT
16420,9919,4814,CLOSE
16421,3660,4202,DISTANT
16422,505,3256,CASUAL
16423,4857,1631,CASUAL
16424,1890,7601,CASUAL
16425,8469,308,CASUAL
16426,644,1421,DISTANT
16427,9031,5581,CASUAL
16428,6078,2617,CASUAL
16429,140,9284,CLOSE
16430,2891,6652,CLOSE
16431,7648,7438,DISTANT
16432,5913,6452,DISTANT
16433,8268,7914,CASUAL
16434,5929,4493,CLOSE
16435,4010,3213,CASUAL
16436,7676,5831,DISTANT
16437,8493,4763,DISTANT
16438,7008,6767,DISTANT
16439,1026,8153,CASUAL
16440,116,7081,DISTANT
16441,8289,22,CASUAL
16442,2177,1628,DISTANT
16443,3805,5829,CASUAL
16444,2437,9802,DISTANT
16445,3943,1746,CLOSE
16446,3687,6724,CLOSE
16447,1822,9435,CLOSE
16448,1388,6108,CLOSE
16449,3462,4207,CLOSE
16450,2215,2416,CASUAL
16451,9320,6336,CLOSE
16452,3781,3237,CLOSE
16453,4268,8835,DISTANT
16454,592,3302,DISTANT
16455,5312,7714,CLOSE
16456,4087,2553,CASUAL
16457,5772,4600,DISTANT
16458,7307,3605,CLOSE
16459,355,7955,CASUAL
16460,6285,953,CLOSE
16461,1556,3004,DISTANT
16462,7965,737,CASUAL
16463,6113,8731,CLOSE
16464,6167,2317,DISTANT
16465,1974,5899,DISTANT
16466,3301,7963,DISTANT
16467,4812,2320,DISTANT
16468,2466,3302,CASUAL
16469,4606,4724,CLOSE
16470,4380,4179,DISTANT
16471,5160,4799,CLOSE
16472,1900,6776,CASUAL
16473,8184,5639,CASUAL
16474,3026,3969,CASUAL
16475,7654,8887,CLOSE
16476,2564,8989,CLOSE
16477,7222,522,CASUAL
16478,8218,6302,CLOSE
16479,9699,585,CASUAL
16480,3823,9220,CASUAL
16481,9397,1117,CASUAL
16482,7125,4326,DISTANT
16483,5903,8615,CASUAL
16484,8937,9562,DISTANT
16485,6414,1462,DISTANT
16486,8611,8548,DISTANT
16487,5495,5729,CLOSE
16488,8962,5736,CLOSE
16489,9770,7265,CASUAL
16490,6216,5842,DISTANT
16491,1792,217,CLOSE
16492,9260,5361,DISTANT
16493,3743,4348,CLOSE
16494,89,8729,CASUAL
16495,1340,2541,DISTANT
16496,3454,5606,CASUAL
16497,1938,7960,DISTANT
16498,6358,2542,CLOSE
16499,8042,2889,CASUAL
16500,9642,3022,CASUAL
16501,1253,7273,DISTANT
16502,2578,6646,CLOSE
16503,5284,6905,CLOSE
16504,645,5910,CASUAL
16505,9136,944,CLOSE
16506,4633,3940,CASUAL
16507,3544,5389,CLOSE
16508,7775,4440,CLOSE
16509,5199,9621,CLOSE
16510,6593,2198,DISTANT
16511,900,64,CLOSE
16512,7516,9563,CLOSE
16513,5232,6098,CLOSE
16514,5802,1685,DISTANT
16515,2358,5177,DISTANT
16516,5150,6323,CLOSE
16517,2240,5067,DISTANT
16518,5786,6720,CASUAL
16519,3004,8471,CLOSE
16520,9266,859,DISTANT
16521,3902,566,DISTANT
16522,8996,5122,CASUAL
16523,7508,1163,CLOSE
16524,650,1566,CLOSE
16525,3457,9398,DISTANT
16526,3567,6531,CLOSE
16527,415,5141,CASUAL
16528,3779,1077,CASUAL
16529,3503,9455,CLOSE
16530,7334,9665,CLOSE
16531,9467,7210,CLOSE
16532,5170,6936,CLOSE
16533,3323,6278,CASUAL
16534,2891,3376,CASUAL
16535,3276,1103,CASUAL
16536,8715,3918,DISTANT
16537,8708,6229,CLOSE
16538,369,3688,CLOSE
16539,7475,9440,CLOSE
16540,3566,811,CLOSE
16541,3207,5139,CASUAL
16542,4734,2145,CASUAL
16543,2038,3485,CASUAL
16544,9964,9461,CASUAL
16545,2446,5930,CLOSE
16546,1590,348,CLOSE
16547,9946,3897,CASUAL
16548,9324,8988,CLOSE
16549,766,2016,DISTANT
16550,4129,5379,CASUAL
16551,5300,9371,DISTANT
16552,1299,5071,CASUAL
16553,2857,9889,CLOSE
16554,8196,1626,DISTANT
16555,105,8294,CLOSE
16556,5439,9760,CASUAL
16557,2878,5871,CLOSE
16558,8062,1235,DISTANT
16559,3549,6919,CLOSE
16560,2538,8862,CASUAL
16561,9448,893,CLOSE
16562,2287,8806,CLOSE
16563,3537,788,CASUAL
16564,9000,6176,CASUAL
16565,4752,3803,DISTANT
16566,3370,6893,DISTANT
16567,7268,896,DISTANT
16568,3194,9541,CLOSE
16569,7323,3494,CASUAL
16570,4988,2855,CASUAL
16571,225,6449,DISTANT
16572,6054,6443,DISTANT
16573,5120,250,DISTANT
16574,8512,68,CASUAL
16575,1215,808,DISTANT
16576,2518,3994,CLOSE
16577,9852,701,DISTANT
16578,6125,1089,DISTANT
16579,5702,8318,CASUAL
16580,1662,8817,CASUAL
16581,5243,1647,DISTANT
16582,9185,8423,CASUAL
16583,668,7172,CLOSE
16584,5198,4182,DISTANT
16585,159,3128,CASUAL
16586,5098,7452,CASUAL
16587,6716,4674,CASUAL
16588,9436,7109,DISTANT
16589,6481,2666,DISTANT
16590,1037,1177,DISTANT
16591,3759,3430,CASUAL
16592,6446,27,CLOSE
16593,2665,8320,CASUAL
16594,2701,229,CLOSE
16595,3830,2141,DISTANT
16596,525,4927,CLOSE
16597,7853,3868,CLOSE
16598,964,8523,CLOSE
16599,4092,4930,CLOSE
16600,3155,9564,CLOSE
16601,2000,8529,DISTANT
16602,7339,1959,CASUAL
16603,9833,8430,DISTANT
16604,4882,3214,DISTANT
16605,6519,9799,CLOSE
16606,6905,622,DISTANT
16607,3235,8253,CASUAL
16608,3321,900,CLOSE
16609,3247,3349,CASUAL
16610,1360,3927,CLOSE
16611,4823,5966,CLOSE
16612,623,7851,CLOSE
16613,1941,7574,CLOSE
16614,6031,2811,CASUAL
16615,564,6481,CASUAL
16616,7848,5812,CLOSE
16617,5712,3312,DISTANT
16618,5776,8769,DISTANT
16619,1170,4640,CLOSE
16620,7453,645,CLOSE
16621,1784,1920,CASUAL
16622,2036,9775,CLOSE
16623,5683,2673,CASUAL
16624,349,3044,DISTANT
16625,3953,9445,CLOSE
16626,7014,3122,DISTANT
16627,9632,2775,CLOSE
16628,4460,5792,DISTANT
16629,8186,6615,CLOSE
16630,7737,5926,CLOSE
16631,8369,5685,CASUAL
16632,8166,7858,CLOSE
16633,5513,9023,CLOSE
16634,5529,5274,CASUAL
16635,9301,9945,DISTANT
16636,2688,9544,DISTANT
16637,6056,3764,CASUAL
16638,5642,2603,DISTANT
16639,9477,966,CLOSE
16640,9335,4430,CASUAL
16641,9429,4147,CASUAL
16642,9318,774,CLOSE
16643,3772,7772,CASUAL
16644,127,2697,CASUAL
16645,1486,3889,CLOSE
16646,6741,655,CASUAL
16647,2702,3412,CLOSE
16648,407,7898,DISTANT
16649,6525,1884,CASUAL
16650,5641,1456,CLOSE
16651,9631,322,CASUAL
16652,5992,8799,CASUAL
16653,2059,5240,DISTANT
16654,6831,9335,CASUAL
16655,8273,3633,CASUAL
16656,47,8921,CASUAL
16657,2273,8346,CASUAL
16658,6082,9763,CLOSE
16659,8139,8930,CASUAL
16660,9539,3597,DISTANT
16661,8771,4488,CLOSE
16662,8874,3677,DISTANT
16663,764,5187,CLOSE
16664,2195,8686,CLOSE
16665,793,5683,DISTANT
16666,8243,8763,DISTANT
16667,3489,8999,CLOSE
16668,2488,7920,CASUAL
16669,3619,7239,CLOSE
16670,2641,7402,CLOSE
16671,5319,8815,DISTANT
16672,7210,4187,CLOSE
16673,2552,3914,CASUAL
16674,5958,1854,CASUAL
16675,7488,1601,DISTANT
16676,3027,1909,DISTANT
16677,8076,5744,DISTANT
16678,8718,9750,DISTANT
16679,6008,5678,CASUAL
16680,389,3943,DISTANT
16681,7019,3114,CLOSE
16682,3928,5507,CASUAL
16683,1660,6452,DISTANT
16684,5618,7339,DISTANT
16685,5760,0,CASUAL
16686,5293,1322,DISTANT
16687,8291,6222,DISTANT
16688,8759,3136,CASUAL
16689,6566,8685,CASUAL
16690,2746,4191,CASUAL
16691,1110,1709,CASUAL
16692,5959,4121,DISTANT
16693,817,2988,DISTANT
16694,9087,6561,DISTANT
16695,7358,9178,DISTANT
16696,3449,2039,CASUAL
16697,676,1175,CASUAL
16698,7254,2783,CLOSE
16699,5695,2637,CLOSE
16700,9015,7275,CASUAL
16701,3819,3900,CLOSE
16702,9900,94,CLOSE
16703,6553,4589,CLOSE
16704,1359,3475,DISTANT
16705,766,3949,CLOSE
16706,1603,7239,CASUAL
16707,5452,722,CASUAL
16708,5104,951,CLOSE
16709,6096,7831,CASUAL
16710,9407,6547,CASUAL
16711,7044,8698,CASUAL
16712,2930,8474,DISTANT
16713,5394,6689,CASUAL
16714,6875,1675,DISTANT
16715,421,9681,CLOSE
16716,2389,1478,CLOSE
16717,2360,5308,CLOSE
16718,5840,4170,DISTANT
16719,7735,5680,CLOSE
16720,8860,7901,CLOSE
16721,2951,245,CLOSE
16722,7657,8495,DISTANT
16723,6470,3639,CASUAL
16724,5106,5406,CLOSE
16725,3936,9287,CLOSE
16726,3869,2071,CLOSE
16727,7024,9560,CLOSE
16728,8433,5638,CLOSE
16729,1320,3924,CASUAL
16730,589,5415,CASUAL
16731,7685,789,CLOSE
16732,7370,7567,CASUAL
16733,3842,7686,DISTANT
16734,918,3988,CASUAL
16735,1103,9471,CASUAL
16736,9972,665,DISTANT
16737,5895,1417,CASUAL
16738,3068,7814,CLOSE
16739,2779,5767,DISTANT
16740,480,7517,CASUAL
16741,5164,9876,CASUAL
16742,721,8162,DISTANT
16743,6314,6389,CLOSE
16744,7315,382,CLOSE
16745,3202,2272,CLOSE
16746,3355,9136,CLOSE
16747,1975,2305,CLOSE
16748,2793,9050,CLOSE
16749,7601,4062,DISTANT
16750,8247,8544,CLOSE
16751,8879,4559,CLOSE
16752,2876,1259,DISTANT
16753,1273,8494,CASUAL
16754,5745,4032,CASUAL
16755,1250,4608,DISTANT
16756,2102,7506,CASUAL
16757,2281,9009,CASUAL
16758,5968,3240,CLOSE
16759,8301,4337,DISTANT
16760,6938,2639,CASUAL
16761,9097,8285,DISTANT
16762,1952,7475,CLOSE
16763,8820,2094,CLOSE
16764,7971,8645,DISTANT
16765,4530,4299,DISTANT
16766,814,3767,CASUAL
16767,7173,142,CLOSE
16768,9728,9571,DISTANT
16769,7196,5672,CLOSE
16770,4226,7509,CASUAL
16771,6746,480,CLOSE
16772,6136,5531,CASUAL
16773,1560,4120,DISTANT
16774,5346,4661,DISTANT
16775,2809,9389,CASUAL
16776,8025,2840,DISTANT
16777,1627,1661,DISTANT
16778,3514,5570,CASUAL
16779,5419,9181,CLOSE
16780,2655,4653,DISTANT
16781,6070,3211,CLOSE
16782,9672,7820,DISTANT
16783,162,4554,DISTANT
16784,562,6512,DISTANT
16785,9783,6572,DISTANT
16786,6272,3690,CLOSE
16787,3386,9056,CLOSE
16788,7611,2610,CASUAL
16789,9138,9373,DISTANT
16790,9287,9012,CASUAL
16791,7334,4835,CLOSE
16792,8998,3212,DISTANT
16793,4882,9044,DISTANT
16794,3932,3630,CASUAL
16795,5444,8563,CASUAL
16796,98,6122,DISTANT
16797,4835,6910,CASUAL
16798,5458,6964,CLOSE
16799,7982,8789,CASUAL
16800,5193,3741,DISTANT
16801,2430,1366,CASUAL
16802,474,6212,DISTANT
16803,5643,2172,CASUAL
16804,1073,1868,CASUAL
16805,2869,3742,CASUAL
16806,5418,366,DISTANT
16807,3781,1993,CASUAL
16808,3279,6999,CLOSE
16809,199,8043,CLOSE
16810,8657,6986,CLOSE
16811,6632,7898,DISTANT
16812,9464,1902,CLOSE
16813,1078,2034,CASUAL
16814,2874,3432,CLOSE
16815,920,2881,DISTANT
16816,3025,681,DISTANT
16817,3854,669,CLOSE
16818,2838,6971,CLOSE
16819,9462,5041,CLOSE
16820,9674,964,CLOSE
16821,7588,6171,DISTANT
16822,6829,8617,CASUAL
16823,1224,6060,CASUAL
16824,831,9294,DISTANT
16825,1430,8694,DISTANT
16826,1245,9133,CLOSE
16827,7541,9308,DISTANT
16828,1728,6445,DISTANT
16829,1334,4409,CLOSE
16830,4725,2452,CLOSE
16831,9067,4077,CLOSE
16832,8137,9771,DISTANT
16833,4133,9438,CLOSE
16834,1190,681,CLOSE
16835,7122,5557,DISTANT
16836,8960,8681,CLOSE
16837,1930,2287,DISTANT
16838,6013,8683,DISTANT
16839,8352,9702,DISTANT
16840,7220,7404,CASUAL
16841,2522,9628,DISTANT
16842,103,3186,DISTANT
16843,8075,7760,DISTANT
16844,3687,1173,DISTANT
16845,1272,9684,CLOSE
16846,5416,1984,DISTANT
16847,5030,1691,CLOSE
16848,8020,1220,CASUAL
16849,6971,4830,CLOSE
16850,350,3359,DISTANT
16851,3120,2661,CLOSE
16852,6479,7190,CLOSE
16853,2859,4602,CASUAL
16854,4129,460,CASUAL
16855,4877,836,DISTANT
16856,6703,2427,DISTANT
16857,7366,1661,CASUAL
16858,2066,9515,CLOSE
16859,5716,6030,CASUAL
16860,4225,6201,CASUAL
16861,7286,586,DISTANT
16862,8643,9972,CASUAL
16863,9033,843,CASUAL
16864,8613,9975,CLOSE
16865,8465,7929,CLOSE
16866,2297,3816,CASUAL
16867,9084,444,DISTANT
16868,3742,3920,CLOSE
16869,3288,2666,CASUAL
16870,6132,4460,CLOSE
16871,6132,5669,CLOSE
16872,2837,4621,CLOSE
16873,2596,1982,CASUAL
16874,1585,1067,CASUAL
16875,4826,3810,DISTANT
16876,3251,1769,CLOSE
16877,6997,8732,DISTANT
16878,5628,7139,CLOSE
16879,1065,2094,CASUAL
16880,9564,5377,CASUAL
16881,5737,6355,CLOSE
16882,8056,6807,CLOSE
16883,2287,7574,CASUAL
16884,9827,757,DISTANT
16885,6284,6299,DISTANT
16886,3897,3671,CASUAL
16887,7928,7304,CASUAL
16888,1905,1722,CASUAL
16889,2638,7001,CLOSE
16890,6885,7419,CASUAL
16891,4493,9228,DISTANT
16892,5004,6692,DISTANT
16893,4986,9485,DISTANT
16894,2397,8965,DISTANT
16895,8138,2622,CLOSE
16896,5158,708,CASUAL
16897,207,5960,CLOSE
16898,6011,9244,CLOSE
16899,7750,492,CLOSE
16900,4772,6802,DISTANT
16901,19,4242,CLOSE
16902,8942,8037,CLOSE
16903,8233,3768,CLOSE
16904,758,5483,CLOSE
16905,1326,5979,CASUAL
16906,6496,1044,DISTANT
16907,6234,3694,CLOSE
16908,3311,9745,CLOSE
16909,4089,5948,CLOSE
16910,7242,6628,CLOSE
16911,7010,2701,CASUAL
16912,2521,750,CASUAL
16913,15,4122,CLOSE
16914,366,8299,CASUAL
16915,4134,5650,CLOSE
16916,9927,8436,CASUAL
16917,3889,4719,CASUAL
16918,2445,5818,DISTANT
16919,6285,4322,CLOSE
16920,4786,786,DISTANT
16921,426,6812,CASUAL
16922,3841,3099,DISTANT
16923,5815,1165,CASUAL
16924,2936,440,DISTANT
16925,1294,8,CASUAL
16926,7721,250,CLOSE
16927,5229,7546,DISTANT
16928,7906,7772,CASUAL
16929,857,7619,CASUAL
16930,1173,7771,CLOSE
16931,4271,8375,CASUAL
16932,9091,2033,DISTANT
16933,3891,5279,DISTANT
16934,9108,9941,DISTANT
16935,902,1050,DISTANT
16936,5359,2649,CLOSE
16937,6411,3472,CLOSE
16938,4089,9148,CASUAL
16939,3704,8212,DISTANT
16940,8200,3420,CASUAL
16941,6478,3604,DISTANT
16942,1589,740,CLOSE
16943,8960,6994,CASUAL
16944,5717,3819,DISTANT
16945,2319,5180,CLOSE
16946,6778,6448,CLOSE
16947,9481,4970,DISTANT
16948,4707,8869,CLOSE
16949,6908,9077,CASUAL
16950,7363,8280,CASUAL
16951,7665,3454,CASUAL
16952,281,8480,CLOSE
16953,2804,3962,DISTANT
16954,9137,3866,CASUAL
16955,5587,8191,CLOSE
16956,9482,7825,DISTANT
16957,7102,9869,CLOSE
16958,920,4928,DISTANT
16959,4084,6278,DISTANT
16960,1732,2569,DISTANT
16961,1554,8480,CLOSE
16962,1249,823,CLOSE
16963,488,9820,CASUAL
16964,1967,2750,CLOSE
16965,248,9854,CASUAL
16966,1246,6612,DISTANT
16967,8011,7808,CASUAL
16968,9062,8037,DISTANT
16969,1870,7376,CLOSE
16970,1047,8591,DISTANT
16971,5346,7830,DISTANT
16972,8870,8715,CLOSE
16973,4709,5332,DISTANT
16974,3931,820,CLOSE
16975,518,9490,DISTANT
16976,1787,7207,CLOSE
16977,847,2847,DISTANT
16978,6494,2619,CASUAL
16979,8506,737,DISTANT
16980,3649,4027,DISTANT
16981,1993,3507,DISTANT
16982,3939,8178,CLOSE
16983,4005,4154,DISTANT
16984,8532,1690,DISTANT
16985,9952,9291,CASUAL
16986,3097,7515,CLOSE
16987,6423,8442,CLOSE
16988,5091,4520,CLOSE
16989,9284,929,DISTANT
16990,9259,9172,DISTANT
16991,7569,8119,CASUAL
16992,4048,477,CLOSE
16993,2460,1951,CLOSE
16994,4266,6541,CLOSE
16995,2175,6645,CASUAL
16996,8098,4367,CASUAL
16997,4237,9038,DISTANT
16998,8900,8451,CASUAL
16999,3092,4143,DISTANT
17000,6945,3883,CLOSE
17001,2385,1349,DISTANT
17002,9212,9004,CLOSE
17003,9069,3082,DISTANT
17004,8163,4885,CLOSE
17005,7729,1734,DISTANT
17006,6005,4603,DISTANT
17007,5541,7651,DISTANT
17008,4293,2636,CASUAL
17009,2494,1293,CLOSE
17010,249,2720,CLOSE
17011,9843,4835,CASUAL
17012,8193,4440,DISTANT
17013,1879,3242,DISTANT
17014,2539,5959,CASUAL
17015,5754,3709,CLOSE
17016,8518,5290,CLOSE
17017,567,9085,DISTANT
17018,9564,5166,CLOSE
17019,172,7929,DISTANT
17020,6357,6797,CASUAL
17021,9700,5037,DISTANT
17022,9384,157,CASUAL
17023,2193,352,CLOSE
17024,9734,2104,CASUAL
17025,555,8811,DISTANT
17026,7424,1109,CLOSE
17027,993,8690,DISTANT
17028,7437,1970,CASUAL
17029,1403,2921,DISTANT
17030,1806,3102,DISTANT
17031,3291,373,CASUAL
17032,6183,4905,DISTANT
17033,4991,7993,CASUAL
17034,6689,3249,CASUAL
17035,6267,7771,CASUAL
17036,6960,3366,DISTANT
17037,5698,5407,CASUAL
17038,4696,400,CASUAL
17039,3779,5662,DISTANT
17040,4623,1427,DISTANT
17041,5014,3425,CLOSE
17042,4773,5135,DISTANT
17043,5474,9638,DISTANT
17044,2978,5378,DISTANT
17045,4328,1416,CLOSE
17046,686,3009,CLOSE
17047,9050,4639,CASUAL
17048,446,5460,DISTANT
17049,589,6667,DISTANT
17050,3784,423,CLOSE
17051,6315,5548,CLOSE
17052,9783,7637,DISTANT
17053,4714,7679,CASUAL
17054,4354,3166,DISTANT
17055,2444,4659,CASUAL
17056,4458,7535,DISTANT
17057,6044,7519,CLOSE
17058,4606,7733,CASUAL
17059,8355,8679,CLOSE
17060,8784,516,DISTANT
17061,3670,3416,DISTANT
17062,4975,4629,DISTANT
17063,2764,3104,DISTANT
17064,6096,4952,CASUAL
17065,774,9824,DISTANT
17066,4378,2953,DISTANT
17067,2077,479,CASUAL
17068,1959,7009,DISTANT
17069,944,8884,CASUAL
17070,1289,4017,DISTANT
17071,7911,2977,CASUAL
17072,9411,3902,CASUAL
17073,9049,649,CASUAL
17074,733,976,CASUAL
17075,3055,806,CLOSE
17076,5914,7382,CLOSE
17077,601,7231,CLOSE
17078,5915,36,CLOSE
17079,9111,5304,CASUAL
17080,1416,3269,CLOSE
17081,9151,5650,CLOSE
17082,7970,3213,DISTANT
17083,1040,3412,CASUAL
17084,2793,5876,CASUAL
17085,6213,7280,DISTANT
17086,1178,8222,DISTANT
17087,7024,4852,CASUAL
17088,5335,1805,CLOSE
17089,5329,3479,DISTANT
17090,900,7914,DISTANT
17091,3368,7471,CLOSE
17092,5425,3577,DISTANT
17093,7850,6683,CLOSE
17094,286,1120,CLOSE
17095,8415,5828,DISTANT
17096,4391,2949,CASUAL
17097,1994,3788,DISTANT
17098,3495,7019,CLOSE
17099,6772,8911,CLOSE
17100,1993,7995,CLOSE
17101,5524,4807,DISTANT
17102,9416,686,DISTANT
17103,19,1088,DISTANT
17104,7439,6194,DISTANT
17105,6837,7528,DISTANT
17106,982,3346,CASUAL
17107,6565,6348,CLOSE
17108,2232,7550,CASUAL
17109,6024,4236,CLOSE
17110,6003,4256,CASUAL
17111,7048,4690,CLOSE
17112,740,6737,CASUAL
17113,8224,7700,DISTANT
17114,2850,5544,DISTANT
17115,9841,6309,CLOSE
17116,9611,9445,CLOSE
17117,6137,941,CASUAL
17118,626,463,CLOSE
17119,6558,9473,DISTANT
17120,236,8006,DISTANT
17121,6180,5196,CLOSE
17122,4355,6497,CLOSE
17123,695,3068,CLOSE
17124,9713,2335,DISTANT
17125,8755,9648,DISTANT
17126,3198,3700,CLOSE
17127,738,6570,CASUAL
17128,847,4569,CLOSE
17129,2174,5936,DISTANT
17130,5932,5163,DISTANT
17131,8285,5354,DISTANT
17132,2606,5512,CLOSE
17133,9480,2601,CASUAL
17134,6796,7630,CLOSE
17135,7570,318,CASUAL
17136,8197,953,CASUAL
17137,5652,8263,DISTANT
17138,8541,67,CLOSE
17139,9878,1050,CLOSE
17140,3340,5000,CASUAL
17141,6882,4929,CLOSE
17142,6904,9751,DISTANT
17143,1661,7798,CASUAL
17144,8821,6626,CLOSE
17145,2514,9947,CASUAL
17146,1291,6691,DISTANT
17147,8306,211,DISTANT
17148,5244,8458,DISTANT
17149,4819,1498,CLOSE
17150,1461,5981,CLOSE
17151,6255,1667,CLOSE
17152,788,5889,CASUAL
17153,8867,4924,CLOSE
17154,6963,6350,DISTANT
17155,1426,2615,CLOSE
17156,8804,9290,DISTANT
17157,7443,1006,CASUAL
17158,1526,199,CLOSE
17159,1758,3719,CASUAL
17160,1401,5918,CASUAL
17161,719,4298,CLOSE
17162,9397,2030,CASUAL
17163,9712,5317,DISTANT
17164,978,4325,CLOSE
17165,687,135,CLOSE
17166,4491,642,CLOSE
17167,5376,9327,CLOSE
17168,8052,9813,CASUAL
17169,5894,5942,DISTANT
17170,1384,4133,DISTANT
17171,2408,5054,CASUAL
17172,6202,4940,CLOSE
17173,3433,1376,CLOSE
17174,8332,4786,CASUAL
17175,8495,6806,CASUAL
17176,3550,878,DISTANT
17177,5678,6370,DISTANT
17178,3385,7219,CLOSE
17179,6709,1021,CLOSE
17180,176,4727,DISTANT
17181,1018,2349,CLOSE
17182,1406,8297,CASUAL
17183,1799,3442,DISTANT
17184,1,935,CASUAL
17185,862,8464,DISTANT
17186,2515,7109,DISTANT
17187,2575,8112,CASUAL
17188,6746,2046,DISTANT
17189,5481,6422,CASUAL
17190,4226,3548,CASUAL
17191,5142,57,DISTANT
17192,8710,6938,DISTANT
17193,661,9694,CASUAL
17194,6760,3181,DISTANT
17195,2256,3467,CASUAL
17196,6244,9633,CASUAL
17197,8863,6694,CLOSE
17198,8357,3849,CASUAL
17199,4323,2748,CASUAL
17200,5243,518,DISTANT
17201,4026,7396,CLOSE
17202,4264,5030,CLOSE
17203,2258,1225,CASUAL
17204,7827,9673,DISTANT
17205,1555,7328,DISTANT
17206,1257,8733,CASUAL
17207,7285,4251,CASUAL
17208,4839,2316,CLOSE
17209,5706,3641,CLOSE
17210,7537,7013,DISTANT
17211,1970,5413,CASUAL
17212,9677,5262,CLOSE
17213,2287,3851,CASUAL
17214,3766,0,CASUAL
17215,7455,2305,CASUAL
17216,1208,9045,CASUAL
17217,8932,3790,DISTANT
17218,7221,6933,CLOSE
17219,5517,3625,CLOSE
17220,8194,1318,DISTANT
17221,5401,9582,DISTANT
17222,8493,5315,CASUAL
17223,2246,3446,CLOSE
17224,9076,4393,DISTANT
17225,6625,6901,CLOSE
17226,6294,1325,CASUAL
17227,6073,9871,CLOSE
17228,7348,5487,DISTANT
17229,126,1260,DISTANT
17230,2106,9954,CLOSE
17231,7270,4281,CASUAL
17232,1537,5386,CLOSE
17233,4365,1956,CLOSE
17234,7319,8381,CLOSE
17235,7241,6374,DISTANT
17236,9170,1090,DISTANT
17237,7550,5430,CLOSE
17238,5892,1579,CLOSE
17239,6792,4046,CLOSE
17240,2248,7060,DISTANT
17241,1564,4644,DISTANT
17242,6959,3044,DISTANT
17243,8903,2283,CASUAL
17244,6423,5763,DISTANT
17245,1010,3669,CASUAL
17246,9569,264,CASUAL
17247,804,2089,CASUAL
17248,9075,5176,CLOSE
17249,9679,6914,CASUAL
17250,1006,7802,DISTANT
17251,716,7366,CLOSE
17252,257,5730,DISTANT
17253,6754,7961,CLOSE
17254,2674,5849,DISTANT
17255,539,19,CASUAL
17256,5095,2920,CLOSE
17257,8373,1962,CLOSE
17258,5837,2044,DISTANT
17259,6997,8201,DISTANT
17260,7778,3348,CLOSE
17261,1586,6855,CLOSE
17262,264,8697,CASUAL
17263,1239,7598,CASUAL
17264,3117,2238,CASUAL
17265,5772,9016,DISTANT
17266,69,4307,DISTANT
17267,5507,3923,CASUAL
17268,1794,4547,CLOSE
17269,5911,8076,DISTANT
17270,1011,2695,CLOSE
17271,9250,3426,CASUAL
17272,7286,8318,DISTANT
17273,4664,4091,DISTANT
17274,9503,2899,DISTANT
17275,7094,6130,DISTANT
17276,9712,5790,DISTANT
17277,4619,2278,DISTANT
17278,5935,9691,DISTANT
17279,3239,2962,DISTANT
17280,4795,2644,DISTANT
17281,9483,731,CLOSE
17282,279,1826,DISTANT
17283,6712,6881,CASUAL
17284,1923,3421,CASUAL
17285,1147,5452,CASUAL
17286,4683,9639,CLOSE
17287,3574,4406,CLOSE
17288,5711,2145,CLOSE
17289,4973,3279,CLOSE
17290,1627,7917,CLOSE
17291,9149,2911,CASUAL
17292,6557,6231,CASUAL
17293,8899,4682,CLOSE
17294,7680,9084,CASUAL
17295,6906,2634,CASUAL
17296,4732,1725,DISTANT
17297,5025,8963,DISTANT
17298,9350,3384,CASUAL
17299,924,1432,DISTANT
17300,7503,3892,CLOSE
17301,1623,8004,CLOSE
17302,6373,768,DISTANT
17303,1832,9826,CASUAL
17304,136,6869,CASUAL
17305,9715,9259,DISTANT
17306,9516,7899,DISTANT
17307,9696,5855,CLOSE
17308,4480,5263,CASUAL
17309,858,8428,DISTANT
17310,2693,9835,CLOSE
17311,6297,5552,DISTANT
17312,3002,2174,DISTANT
17313,5614,4837,CASUAL
17314,5110,7977,CASUAL
17315,5330,889,DISTANT
17316,3241,5521,CLOSE
17317,4026,4917,DISTANT
17318,3399,9582,CASUAL
17319,4127,889,CASUAL
17320,2051,8993,CLOSE
17321,4906,9347,CLOSE
17322,4234,3888,CASUAL
17323,3570,9355,CASUAL
17324,9524,7191,CASUAL
17325,3076,3004,CASUAL
17326,3856,4728,DISTANT
17327,5723,7314,CLOSE
17328,7509,9849,CASUAL
17329,1615,78,CASUAL
17330,1230,7278,DISTANT
17331,8498,4564,DISTANT
17332,1964,4981,CLOSE
17333,3837,8725,CASUAL
17334,326,3666,DISTANT
17335,8193,7385,CLOSE
17336,5669,2902,CLOSE
17337,4922,9360,CASUAL
17338,1487,6358,CLOSE
17339,1347,2356,CLOSE
17340,9420,6375,DISTANT
17341,9918,5842,DISTANT
17342,2213,9874,CASUAL
17343,2786,1732,CASUAL
17344,4491,8002,DISTANT
17345,290,7148,CLOSE
17346,7934,5807,CASUAL
17347,6185,4672,CLOSE
17348,5310,6459,DISTANT
17349,3952,6671,CASUAL
17350,4032,5819,CLOSE
17351,1295,536,DISTANT
17352,8776,5160,CASUAL
17353,8388,8927,CLOSE
17354,4993,6006,DISTANT
17355,9056,8747,CLOSE
17356,9234,6086,CLOSE
17357,5944,2171,CLOSE
17358,7915,833,CASUAL
17359,6524,141,DISTANT
17360,4622,4006,DISTANT
17361,7006,6822,CLOSE
17362,5065,1369,CASUAL
17363,608,6792,DISTANT
17364,5632,905,CASUAL
17365,7063,4555,DISTANT
17366,3612,9728,CLOSE
17367,9605,509,CLOSE
17368,4792,5601,CLOSE
17369,2962,1964,DISTANT
17370,9874,5886,CLOSE
17371,6961,6892,CLOSE
17372,746,8268,CASUAL
17373,1326,1670,CLOSE
17374,4647,2638,CLOSE
17375,9958,5055,CLOSE
17376,7659,6781,CLOSE
17377,3116,5165,CLOSE
17378,1630,5918,DISTANT
17379,4006,5135,DISTANT
17380,831,8000,CLOSE
17381,3828,5330,CLOSE
17382,9233,1626,CASUAL
17383,5676,9158,DISTANT
17384,3005,2582,CASUAL
17385,7526,1011,DISTANT
17386,3353,6502,DISTANT
17387,458,4364,CLOSE
17388,4527,5321,CLOSE
17389,9723,2701,DISTANT
17390,7498,2116,DISTANT
17391,8415,2823,DISTANT
17392,644,2253,CLOSE
17393,8550,6250,DISTANT
17394,4669,7839,CLOSE
17395,7673,461,CLOSE
17396,5752,9494,CASUAL
17397,7859,9136,DISTANT
17398,8157,4464,DISTANT
17399,3313,6960,DISTANT
17400,8040,7205,CASUAL
17401,7130,5906,CASUAL
17402,6068,7475,CASUAL
17403,7954,2660,CASUAL
17404,5241,1203,DISTANT
17405,4306,6906,CLOSE
17406,9568,4455,CASUAL
17407,7802,5407,CLOSE
17408,9978,252,CLOSE
17409,2865,5802,CASUAL
17410,9688,6482,DISTANT
17411,2373,2769,DISTANT
17412,266,8672,CLOSE
17413,3608,5875,CASUAL
17414,6245,8003,CASUAL
17415,5944,4930,CLOSE
17416,6372,7634,DISTANT
17417,5328,3632,DISTANT
17418,8693,7698,DISTANT
17419,5094,2336,CLOSE
17420,9445,7701,DISTANT
17421,3251,4613,DISTANT
17422,9312,2611,DISTANT
17423,401,3347,DISTANT
17424,3319,3023,DISTANT
17425,3589,3124,CASUAL
17426,6483,6747,CASUAL
17427,8136,8227,CASUAL
17428,311,3724,CLOSE
17429,1849,6004,DISTANT
17430,4664,6814,DISTANT
17431,8526,1248,CLOSE
17432,6548,4516,CASUAL
17433,5556,709,DISTANT
17434,1791,486,CLOSE
17435,8076,9037,CASUAL
17436,8654,6039,DISTANT
17437,7860,7856,DISTANT
17438,5199,1332,CLOSE
17439,9776,3461,CLOSE
17440,4374,5522,CASUAL
17441,798,3260,CLOSE
17442,1017,2342,CASUAL
17443,1883,7732,CASUAL
17444,7905,9945,DISTANT
17445,9637,8011,CLOSE
17446,5544,998,CASUAL
17447,5326,6596,DISTANT
17448,6605,1820,CLOSE
17449,5042,9331,CASUAL
17450,4850,992,CLOSE
17451,2549,9827,DISTANT
17452,2070,2937,CASUAL
17453,7700,2239,CASUAL
17454,7261,1165,CASUAL
17455,4701,8439,CASUAL
17456,7613,5765,DISTANT
17457,4378,8174,DISTANT
17458,2698,4287,CASUAL
17459,9826,5730,DISTANT
17460,3806,8026,DISTANT
17461,7081,9440,DISTANT
17462,9199,5202,DISTANT
17463,9598,3103,DISTANT
17464,2797,6480,DISTANT
17465,4626,8711,DISTANT
17466,6306,4347,CASUAL
17467,413,1520,CLOSE
17468,1841,1283,DISTANT
17469,7037,367,CLOSE
17470,6600,9505,DISTANT
17471,170,1746,DISTANT
17472,5225,3611,CLOSE
17473,152,3419,DISTANT
17474,2966,3277,DISTANT
17475,6254,1351,CASUAL
17476,8531,6599,CASUAL
17477,4291,9512,CLOSE
17478,5953,7150,DISTANT
17479,9349,7384,CLOSE
17480,9,6026,CLOSE
17481,2384,9989,CASUAL
17482,520,3909,DISTANT
17483,7430,5837,CASUAL
17484,7179,1520,CLOSE
17485,9074,1668,CASUAL
17486,5178,8472,CLOSE
17487,8931,9045,CLOSE
17488,4365,1363,DISTANT
17489,330,6392,DISTANT
17490,6559,708,CLOSE
17491,4602,860,CASUAL
17492,3819,6871,CASUAL
17493,7852,470,DISTANT
17494,492,5974,DISTANT
17495,4130,9187,CLOSE
17496,860,115,DISTANT
17497,1145,2564,CASUAL
17498,1783,4162,CASUAL
17499,246,2779,CASUAL
17500,3414,9369,CLOSE
17501,5406,4067,CASUAL
17502,473,7416,DISTANT
17503,7480,1332,DISTANT
17504,4326,3772,DISTANT
17505,324,1512,DISTANT
17506,7991,408,CLOSE
17507,7932,9341,CLOSE
17508,3241,389,CLOSE
17509,4960,7524,DISTANT
17510,8216,3350,CLOSE
17511,6800,450,CLOSE
17512,7400,2370,DISTANT
17513,8632,5280,CASUAL
17514,4940,6959,CASUAL
17515,2988,4696,CASUAL
17516,3827,9130,CLOSE
17517,4716,9435,DISTANT
17518,8821,1648,DISTANT
17519,2605,2503,CASUAL
17520,4988,3577,CASUAL
17521,5628,3431,CLOSE
17522,684,9112,CLOSE
17523,4030,161,CASUAL
17524,4129,4766,DISTANT
17525,6312,4133,DISTANT
17526,737,9789,CLOSE
17527,7576,1356,CLOSE
17528,8830,6010,DISTANT
17529,2599,9231,CASUAL
17530,914,1853,DISTANT
17531,8412,9762,CASUAL
17532,6225,8012,CLOSE
17533,8177,1174,CLOSE
17534,4045,9118,CLOSE
17535,10,2450,CLOSE
17536,6208,1427,DISTANT
17537,2169,9335,CLOSE
17538,5327,2227,DISTANT
17539,260,5887,CASUAL
17540,3772,9634,DISTANT
17541,2410,7959,CASUAL
17542,8311,7374,DISTANT
17543,1221,4835,CASUAL
17544,9496,7320,CASUAL
17545,7719,645,CLOSE
17546,3547,7006,DISTANT
17547,9080,6225,DISTANT
17548,2051,8827,CLOSE
17549,6559,8708,DISTANT
17550,1753,8430,CASUAL
17551,5628,8314,CLOSE
17552,4600,1010,CLOSE
17553,3627,719,DISTANT
17554,6387,7541,DISTANT
17555,2631,3235,DISTANT
17556,4277,1323,CASUAL
17557,5329,7031,CLOSE
17558,9851,4123,CLOSE
17559,3948,5135,DISTANT
17560,3779,3616,CASUAL
17561,6383,5606,CLOSE
17562,7615,3803,CLOSE
17563,2869,9715,CASUAL
17564,7988,8086,CASUAL
17565,7465,2150,DISTANT
17566,1638,3473,CASUAL
17567,1632,5914,DISTANT
17568,8265,46,CLOSE
17569,9293,9254,CLOSE
17570,5803,5552,CLOSE
17571,1077,1694,CLOSE
17572,7126,3835,CLOSE
17573,8308,4304,CLOSE
17574,3823,3593,CLOSE
17575,7807,2476,CLOSE
17576,3977,5768,CASUAL
17577,4152,6995,CASUAL
17578,4930,6589,DISTANT
17579,6134,3132,CASUAL
17580,1671,5717,CASUAL
17581,6686,8312,CLOSE
17582,4215,8267,CASUAL
17583,6712,4244,CASUAL
17584,8998,7538,CLOSE
17585,5802,8904,CASUAL
17586,7800,825,DISTANT
17587,589,9804,CLOSE
17588,6314,8588,CLOSE
17589,1507,321,DISTANT
17590,584,3655,CLOSE
17591,4483,9493,DISTANT
17592,5096,210,DISTANT
17593,5773,7589,DISTANT
17594,6174,6774,CLOSE
17595,2642,3287,CASUAL
17596,1306,7575,CASUAL
17597,906,6601,CASUAL
17598,1474,6612,CASUAL
17599,8351,6561,CLOSE
17600,1471,4413,CASUAL
17601,3775,6739,DISTANT
17602,66,5457,CASUAL
17603,7794,6906,DISTANT
17604,7904,9266,CLOSE
17605,7193,3614,CLOSE
17606,276,4252,CASUAL
17607,2106,1515,CASUAL
17608,2817,5876,CLOSE
17609,7371,59,CASUAL
17610,4965,8776,DISTANT
17611,1784,7703,DISTANT
17612,9849,376,CLOSE
17613,4136,1576,CLOSE
17614,3653,8859,CASUAL
17615,902,9362,CASUAL
17616,7702,8620,DISTANT
17617,45,6826,CASUAL
17618,3015,208,CASUAL
17619,3445,4219,DISTANT
17620,6644,6330,DISTANT
17621,1760,6071,DISTANT
17622,3468,6763,CASUAL
17623,8120,5059,CASUAL
17624,4461,6951,DISTANT
17625,838,9923,DISTANT
17626,4397,9187,CASUAL
17627,968,4256,CLOSE
17628,3591,7045,DISTANT
17629,2849,2368,CASUAL
17630,2306,213,CASUAL
17631,1222,6638,CASUAL
17632,6156,5465,CASUAL
17633,3715,6992,CASUAL
17634,7117,8819,CASUAL
17635,7138,8362,DISTANT
17636,6570,4043,CLOSE
17637,3669,7311,DISTANT
17638,8502,3072,DISTANT
17639,2546,3090,CASUAL
17640,5104,6051,DISTANT
17641,3826,5676,CASUAL
17642,7137,7736,CLOSE
17643,7383,5024,DISTANT
17644,7731,692,DISTANT
17645,5948,4750,DISTANT
17646,7577,1351,DISTANT
17647,1778,4516,CLOSE
17648,13,3538,CLOSE
17649,3478,7694,CLOSE
17650,1767,1706,CASUAL
17651,1676,7146,CASUAL
17652,9555,524,CLOSE
17653,5948,2733,CLOSE
17654,6588,3867,DISTANT
17655,4534,5006,DISTANT
17656,6586,16,CASUAL
17657,9501,938,CASUAL
17658,2442,2335,CASUAL
17659,7989,237,CLOSE
17660,3011,2408,CASUAL
17661,2778,3808,CASUAL
17662,7363,204,CASUAL
17663,8591,9973,CLOSE
17664,8934,5635,CASUAL
17665,4699,9228,DISTANT
17666,4853,4232,CASUAL
17667,5401,9668,CLOSE
17668,7714,4985,CLOSE
17669,3864,8775,CLOSE
17670,2160,6180,CASUAL
17671,5273,1247,CLOSE
17672,6709,743,CASUAL
17673,1163,9226,CASUAL
17674,4657,9453,CASUAL
17675,5175,8068,CLOSE
17676,1382,3868,DISTANT
17677,2935,4292,DISTANT
17678,6811,5294,CASUAL
17679,6379,686,DISTANT
17680,5660,1992,DISTANT
17681,6663,9704,CASUAL
17682,8572,899,CLOSE
17683,4620,4054,CLOSE
17684,1218,7806,DISTANT
17685,5994,8820,CLOSE
17686,918,8463,CASUAL
17687,1715,1887,DISTANT
17688,1717,3804,DISTANT
17689,3043,9556,CASUAL
17690,7293,4842,CLOSE
17691,4846,9862,CASUAL
17692,7262,7859,DISTANT
17693,4664,9804,CLOSE
17694,6892,5119,DISTANT
17695,8668,9254,DISTANT
17696,9440,5920,DISTANT
17697,932,9027,DISTANT
17698,431,6396,CASUAL
17699,658,1782,DISTANT
17700,7212,1008,CLOSE
17701,3739,6499,DISTANT
17702,3356,3248,CLOSE
17703,1612,7407,CASUAL
17704,4785,5931,CLOSE
17705,4528,6936,CASUAL
17706,5144,8004,CASUAL
17707,4878,5513,CLOSE
17708,286,9931,CASUAL
17709,1060,9545,DISTANT
17710,6519,3032,CLOSE
17711,5638,1996,CASUAL
17712,7838,6753,CLOSE
17713,9747,2165,CLOSE
17714,8208,8617,CLOSE
17715,4988,8833,CLOSE
17716,3430,6099,DISTANT
17717,541,3791,CASUAL
17718,206,720,CASUAL
17719,3705,9888,CASUAL
17720,3275,7769,CLOSE
17721,245,5150,CASUAL
17722,5032,7611,CLOSE
17723,7299,3494,DISTANT
17724,7766,7194,CASUAL
17725,4192,3688,CLOSE
17726,2351,4798,DISTANT
17727,5924,424,CLOSE
17728,8697,3619,CASUAL
17729,5463,4220,DISTANT
17730,1516,8003,CASUAL
17731,4023,7503,CASUAL
17732,2245,707,CLOSE
17733,9704,251,CLOSE
17734,7368,6534,DISTANT
17735,3048,5686,DISTANT
17736,1965,5883,DISTANT
17737,7982,7766,CLOSE
17738,9788,100,DISTANT
17739,6868,4254,CASUAL
17740,257,1977,CLOSE
17741,1706,473,CLOSE
17742,6987,6837,CLOSE
17743,9309,5062,CLOSE
17744,5699,6190,CLOSE
17745,412,2910,CASUAL
17746,2397,6042,CASUAL
17747,1996,1549,DISTANT
17748,1678,4353,CLOSE
17749,4789,6147,DISTANT
17750,9553,6123,DISTANT
17751,9016,8198,CASUAL
17752,2147,6548,DISTANT
17753,3414,7125,DISTANT
17754,1006,7460,CLOSE
17755,9267,1669,CASUAL
17756,5806,443,DISTANT
17757,5906,5945,CASUAL
17758,2331,5084,CLOSE
17759,4966,1979,CLOSE
17760,1162,4356,CASUAL
17761,2763,576,DISTANT
17762,9592,3735,CLOSE
17763,4158,2765,CASUAL
17764,5501,9563,CASUAL
17765,2196,847,CASUAL
17766,5415,6392,CLOSE
17767,1835,2006,CLOSE
17768,6267,2078,DISTANT
17769,7052,8566,DISTANT
17770,9138,1511,DISTANT
17771,2005,63,CLOSE
17772,8137,5885,DISTANT
17773,2097,5213,DISTANT
17774,6840,6203,DISTANT
17775,9417,6873,CASUAL
17776,4270,944,DISTANT
17777,2659,3603,CLOSE
17778,9112,2561,CASUAL
17779,7072,980,DISTANT
17780,2648,6847,DISTANT
17781,9783,7275,CASUAL
17782,9284,5104,DISTANT
17783,8787,8715,CLOSE
17784,9992,4827,CASUAL
17785,447,9116,CASUAL
17786,7950,3125,CASUAL
17787,7634,756,CLOSE
17788,6872,6956,DISTANT
17789,6508,2822,CLOSE
17790,1078,3671,CASUAL
17791,7048,9424,CLOSE
17792,7675,5504,CASUAL
17793,558,1498,DISTANT
17794,6403,7029,CASUAL
17795,3577,8814,CLOSE
17796,9898,2302,CASUAL
17797,9058,7318,CASUAL
17798,7792,9501,CASUAL
17799,8489,4240,DISTANT
17800,7869,7531,CASUAL
17801,3769,3066,CLOSE
17802,5279,3034,CASUAL
17803,2451,1560,CLOSE
17804,421,9761,CLOSE
17805,6168,4037,CASUAL
17806,7889,7112,CASUAL
17807,8472,6623,CLOSE
17808,4666,1355,DISTANT
17809,1097,5135,CLOSE
17810,5194,5210,DISTANT
17811,6832,2279,DISTANT
17812,6614,4133,CASUAL
17813,8704,9851,DISTANT
17814,1236,432,DISTANT
17815,8654,604,CASUAL
17816,7674,8749,CASUAL
17817,8028,6181,CLOSE
17818,6090,5721,CLOSE
17819,1594,3531,DISTANT
17820,5497,9496,CASUAL
17821,5440,9590,CLOSE
17822,9915,8987,CLOSE
17823,1767,7100,CASUAL
17824,6646,4746,DISTANT
17825,4075,7509,DISTANT
17826,5801,7823,DISTANT
17827,5013,1335,CASUAL
17828,2819,7149,CLOSE
17829,2411,3860,CLOSE
17830,8802,96,CLOSE
17831,7199,82,DISTANT
17832,2286,434,CLOSE
17833,8649,1339,CASUAL
17834,9833,2616,DISTANT
17835,5479,808,CLOSE
17836,9271,6767,CASUAL
17837,735,2149,CLOSE
17838,6939,4497,CASUAL
17839,5193,2357,DISTANT
17840,6704,8340,CLOSE
17841,4406,7235,DISTANT
17842,7602,1120,CLOSE
17843,470,2124,CASUAL
17844,7073,7096,CASUAL
17845,9027,4723,CASUAL
17846,9190,8532,CASUAL
17847,5727,8952,CLOSE
17848,9608,6001,CASUAL
17849,5744,1654,CLOSE
17850,8328,1543,DISTANT
17851,3088,4177,CLOSE
17852,7618,6248,CASUAL
17853,2981,7257,CLOSE
17854,2673,8923,CASUAL
17855,3036,7522,DISTANT
17856,9065,8171,DISTANT
17857,8945,3771,DISTANT
17858,7350,3818,DISTANT
17859,9543,6113,CLOSE
17860,840,6835,DISTANT
17861,963,9188,DISTANT
17862,4003,4553,CASUAL
17863,228,2981,DISTANT
17864,4882,8172,CLOSE
17865,1896,2520,DISTANT
17866,9416,3987,DISTANT
17867,3836,4531,DISTANT
17868,6706,3909,CASUAL
17869,4118,4875,CLOSE
17870,5741,2596,DISTANT
17871,5361,8550,DISTANT
17872,4693,3379,CLOSE
17873,8380,8680,CLOSE
17874,8764,1324,DISTANT
17875,8500,5115,CASUAL
17876,2484,1373,DISTANT
17877,6922,7422,DISTANT
17878,4180,892,CASUAL
17879,5838,5855,DISTANT
17880,1590,801,CASUAL
17881,3270,6185,CLOSE
17882,7984,3244,DISTANT
17883,5843,5930,CLOSE
17884,8369,1898,CLOSE
17885,2425,425,CLOSE
17886,5942,824,CLOSE
17887,1281,1654,CASUAL
17888,2680,3965,DISTANT
17889,4400,6674,DISTANT
17890,7066,2815,CLOSE
17891,7897,6934,DISTANT
17892,8546,4874,DISTANT
17893,4966,5600,CASUAL
17894,8606,8881,CLOSE
17895,2693,8173,CASUAL
17896,8430,954,CASUAL
17897,9051,3962,CLOSE
17898,7357,8034,CASUAL
17899,6237,6855,CASUAL
17900,3946,2077,CASUAL
17901,6708,2658,CASUAL
17902,9565,4506,DISTANT
17903,3265,1069,CASUAL
17904,917,6104,CLOSE
17905,4410,8242,CLOSE
17906,8804,1068,DISTANT
17907,7387,6682,CASUAL
17908,5671,2360,CLOSE
17909,4470,2696,CASUAL
17910,5813,9266,DISTANT
17911,1606,7607,CASUAL
17912,265,8492,CASUAL
17913,7360,538,CASUAL
17914,4442,7198,CLOSE
17915,2959,1374,CLOSE
17916,2700,8072,CLOSE
17917,5826,7585,CASUAL
17918,7203,3271,CASUAL
17919,4569,7810,CASUAL
17920,9933,153,CLOSE
17921,7012,7965,CLOSE
17922,9237,9377,CASUAL
17923,838,8117,CLOSE
17924,6064,2942,CASUAL
17925,3981,1345,CASUAL
17926,5645,8548,CLOSE
17927,4924,8393,CASUAL
17928,435,7281,CLOSE
17929,9138,9492,CASUAL
17930,846,6347,CASUAL
17931,8410,6447,CLOSE
17932,3999,7379,CLOSE
17933,8021,953,CLOSE
17934,4946,9820,CLOSE
17935,7158,5726,CASUAL
17936,4796,7362,CASUAL
17937,9143,5319,DISTANT
17938,1827,2096,DISTANT
17939,3986,2990,CASUAL
17940,1951,6486,CASUAL
17941,6755,37,CLOSE
17942,4877,5534,CLOSE
17943,1777,3440,DISTANT
17944,4630,3929,CASUAL
17945,7331,5080,CLOSE
17946,1410,5641,CASUAL
17947,2060,7385,CASUAL
17948,738,7637,DISTANT
17949,5705,5419,CLOSE
17950,2695,9754,DISTANT
17951,9586,1705,CLOSE
17952,184,4963,DISTANT
17953,7589,1729,CASUAL
17954,3980,8930,CLOSE
17955,4546,3049,DISTANT
17956,4502,3182,CLOSE
17957,2958,6555,CASUAL
17958,7219,1701,CASUAL
17959,3184,4267,CASUAL
17960,5702,1498,CASUAL
17961,6649,1710,DISTANT
17962,1656,7739,DISTANT
17963,3703,6204,CASUAL
17964,3053,2912,DISTANT
17965,5474,4507,DISTANT
17966,2307,3350,CLOSE
17967,1616,3712,DISTANT
17968,5100,6093,DISTANT
17969,4069,8461,CASUAL
17970,1161,5497,CASUAL
17971,7672,769,CASUAL
17972,5005,418,CASUAL
17973,7041,2100,DISTANT
17974,5009,2025,CLOSE
17975,6135,673,DISTANT
17976,4079,9582,CASUAL
17977,7019,3769,CASUAL
17978,7144,6228,DISTANT
17979,8234,838,DISTANT
17980,8812,6286,CASUAL
17981,9931,1813,DISTANT
17982,1258,6206,CLOSE
17983,9333,9433,CASUAL
17984,6708,3355,CASUAL
17985,3096,6598,CLOSE
17986,7930,6705,DISTANT
17987,601,8983,DISTANT
17988,3062,3956,DISTANT
17989,3308,15,CASUAL
17990,7537,4976,CASUAL
17991,8598,302,CASUAL
17992,508,31,CASUAL
17993,8755,4766,CLOSE
17994,1438,9072,CASUAL
17995,820,5890,CLOSE
17996,4239,7602,CLOSE
17997,4260,1146,CLOSE
17998,4189,8276,CLOSE
17999,7766,5356,DISTANT
18000,2060,4077,CASUAL
18001,7716,7830,CASUAL
18002,5124,1016,CASUAL
18003,1214,9851,CLOSE
18004,9027,2074,CASUAL
18005,4796,66,CLOSE
18006,8515,2879,CASUAL
18007,5110,9984,CASUAL
18008,253,539,DISTANT
18009,3176,736,CLOSE
18010,1556,1782,DISTANT
18011,6048,250,DISTANT
18012,6662,3748,DISTANT
18013,1342,2238,DISTANT
18014,3663,8033,CASUAL
18015,9358,3076,DISTANT
18016,1640,9602,CASUAL
18017,7481,7057,CASUAL
18018,8247,2423,CASUAL
18019,5605,4818,CASUAL
18020,8470,2863,DISTANT
18021,123,6732,CLOSE
18022,1379,4440,DISTANT
18023,660,3677,CASUAL
18024,6106,823,CASUAL
18025,4044,1790,DISTANT
18026,6582,7451,CLOSE
18027,5888,7183,CASUAL
18028,2549,6674,CLOSE
18029,956,4201,DISTANT
18030,4363,5266,DISTANT
18031,580,1432,CASUAL
18032,4090,9936,CLOSE
18033,8075,3513,CLOSE
18034,244,2341,DISTANT
18035,1024,9650,DISTANT
18036,9588,4998,DISTANT
18037,1042,7094,CASUAL
18038,2614,4545,DISTANT
18039,5741,1624,DISTANT
18040,1469,84,CLOSE
18041,2560,2905,DISTANT
18042,1300,8773,CASUAL
18043,5661,9895,CASUAL
18044,5003,4919,DISTANT
18045,1779,8590,DISTANT
18046,3989,289,CASUAL
18047,558,2293,CASUAL
18048,8442,3552,CLOSE
18049,1351,415,DISTANT
18050,800,6862,DISTANT
18051,6035,7748,CLOSE
18052,9006,7102,DISTANT
18053,9089,3433,DISTANT
18054,4012,9820,CASUAL
18055,3156,5972,DISTANT
18056,4519,5232,CLOSE
18057,298,9143,CLOSE
18058,4795,7722,CASUAL
18059,9251,748,CASUAL
18060,544,9981,CLOSE
18061,3018,4005,DISTANT
18062,1903,5304,CLOSE
18063,8162,4466,CLOSE
18064,3924,4762,CLOSE
18065,2652,2832,DISTANT
18066,1023,8862,CASUAL
18067,3284,2093,CLOSE
18068,2200,2678,DISTANT
18069,2003,5607,CASUAL
18070,3883,8476,DISTANT
18071,6290,325,DISTANT
18072,1649,8768,DISTANT
18073,3353,3541,CASUAL
18074,395,960,CLOSE
18075,373,3071,DISTANT
18076,9975,3760,DISTANT
18077,1450,5420,CASUAL
18078,7053,7177,DISTANT
18079,8381,3521,CLOSE
18080,5551,4930,CLOSE
18081,4678,1628,CLOSE
18082,3942,2073,CLOSE
18083,8838,4302,CASUAL
18084,9088,336,DISTANT
18085,1301,9452,DISTANT
18086,225,6250,CLOSE
18087,7417,4064,CLOSE
18088,8385,6871,DISTANT
18089,5354,2638,DISTANT
18090,1687,9916,DISTANT
18091,845,2279,CASUAL
18092,1994,3330,DISTANT
18093,2981,2486,CASUAL
18094,8460,4010,CASUAL
18095,5317,6483,DISTANT
18096,9232,8780,CLOSE
18097,4627,3434,CASUAL
18098,5690,3272,DISTANT
18099,2838,9337,CLOSE
18100,9036,8025,CLOSE
18101,5814,485,CLOSE
18102,5028,1066,CASUAL
18103,8575,6598,CASUAL
18104,2165,1295,DISTANT
18105,9031,3752,CLOSE
18106,1862,2426,CASUAL
18107,9017,5156,CLOSE
18108,4582,8272,CLOSE
18109,2987,9517,CASUAL
18110,2488,4840,CASUAL
18111,6634,2884,CLOSE
18112,2219,7731,CLOSE
18113,4373,6685,CASUAL
18114,6135,1863,CLOSE
18115,6322,297,DISTANT
18116,2305,2701,DISTANT
18117,5544,4089,CASUAL
18118,6777,8841,CASUAL
18119,5762,7562,CLOSE
18120,4370,7885,CLOSE
18121,2805,9582,CASUAL
18122,6322,8853,CLOSE
18123,8859,1070,CLOSE
18124,7984,7232,DISTANT
18125,5788,6534,CASUAL
18126,4728,3063,CLOSE
18127,3311,3870,DISTANT
18128,9723,8204,CASUAL
18129,4654,2051,CLOSE
18130,8247,6639,DISTANT
18131,1212,1932,CLOSE
18132,5649,7234,CASUAL
18133,2082,2822,CASUAL
18134,4901,8994,CLOSE
18135,6049,3687,CASUAL
18136,1411,3710,DISTANT
18137,6673,9831,CASUAL
18138,8606,6602,CASUAL
18139,4754,8829,CASUAL
18140,9365,1069,DISTANT
18141,297,1348,DISTANT
18142,185,3738,DISTANT
18143,3074,2521,DISTANT
18144,2911,6372,CASUAL
18145,0,7197,CLOSE
18146,3991,6261,CASUAL
18147,3038,9976,DISTANT
18148,3409,2547,DISTANT
18149,8121,9475,DISTANT
18150,5105,139,CASUAL
18151,67,1208,DISTANT
18152,3712,2766,CLOSE
18153,3113,1770,CLOSE
18154,4764,682,CLOSE
18155,581,4863,CLOSE
18156,5237,3900,CLOSE
18157,9939,4425,CLOSE
18158,1498,4488,CASUAL
18159,1102,1707,DISTANT
18160,7003,1823,DISTANT
18161,3381,8390,CLOSE
18162,9213,1605,CASUAL
18163,5991,7146,DISTANT
18164,4360,7968,DISTANT
18165,6442,4182,CLOSE
18166,3714,8277,DISTANT
18167,3932,4184,DISTANT
18168,6863,1722,DISTANT
18169,1314,1973,CASUAL
18170,8686,4904,CASUAL
18171,1154,6825,DISTANT
18172,7947,1877,CLOSE
18173,7443,5322,DISTANT
18174,7723,172,DISTANT
18175,3563,8447,DISTANT
18176,1634,8763,DISTANT
18177,2371,9046,CASUAL
18178,5179,8701,CASUAL
18179,3408,4921,CLOSE
18180,7480,5584,DISTANT
18181,5070,979,DISTANT
18182,4547,3019,CASUAL
18183,2861,4279,CLOSE
18184,2788,5498,CLOSE
18185,3270,4117,CLOSE
18186,6404,1534,CLOSE
18187,5365,8139,CLOSE
18188,877,67,DISTANT
18189,2976,9842,CASUAL
18190,5984,8694,DISTANT
18191,1211,8809,CASUAL
18192,1863,4750,CLOSE
18193,6394,8190,DISTANT
18194,6659,7424,CLOSE
18195,5014,2154,CLOSE
18196,9141,5571,CASUAL
18197,1682,748,CASUAL
18198,4566,2410,DISTANT
18199,1001,7839,CASUAL
18200,159,3415,CASUAL
18201,1034,3538,CLOSE
18202,5848,5337,DISTANT
18203,8586,1186,CLOSE
18204,4414,5016,CASUAL
18205,9147,953,DISTANT
18206,6038,6176,CLOSE
18207,9623,718,CASUAL
18208,8974,5591,DISTANT
18209,650,1947,CLOSE
18210,6106,3268,CASUAL
18211,8631,8437,CASUAL
18212,3761,492,CLOSE
18213,8321,7254,CASUAL
18214,9305,3034,CLOSE
18215,3837,9070,CASUAL
18216,8531,8722,CASUAL
18217,757,5940,CASUAL
18218,2151,9157,DISTANT
18219,2695,9876,DISTANT
18220,9273,7127,CLOSE
18221,3561,2618,CASUAL
18222,5243,1015,CLOSE
18223,1367,8665,CASUAL
18224,890,5367,DISTANT
18225,6255,2385,CASUAL
18226,2028,840,CLOSE
18227,919,2008,DISTANT
18228,6897,3895,CLOSE
18229,2845,2278,CLOSE
18230,8190,9547,CASUAL
18231,8193,4780,CLOSE
18232,1459,8765,CLOSE
18233,9441,3201,CASUAL
18234,1955,3816,CLOSE
18235,1450,5172,CLOSE
18236,9701,6944,DISTANT
18237,6913,5049,DISTANT
18238,6724,5356,DISTANT
18239,7225,7428,DISTANT
18240,2222,9424,CLOSE
18241,7036,8645,CASUAL
18242,2550,1293,CLOSE
18243,5758,3339,CLOSE
18244,7013,6139,CASUAL
18245,5783,4415,CASUAL
18246,2337,9954,CLOSE
18247,795,6441,CASUAL
18248,8647,4271,DISTANT
18249,4600,3532,DISTANT
18250,8049,8604,DISTANT
18251,1319,4358,CASUAL
18252,1288,4038,DISTANT
18253,8530,7936,CASUAL
18254,2101,8914,CASUAL
18255,4393,2242,CASUAL
18256,7214,1007,CASUAL
18257,212,616,CLOSE
18258,7463,7795,DISTANT
18259,8294,4521,DISTANT
18260,6879,990,DISTANT
18261,5406,5442,DISTANT
18262,6819,2337,CASUAL
18263,2544,6063,CLOSE
18264,467,4837,CASUAL
18265,8836,8916,CASUAL
18266,3238,4951,CLOSE
18267,8278,6329,CLOSE
18268,3211,1167,DISTANT
18269,1943,3457,CLOSE
18270,9667,2307,DISTANT
18271,9057,2497,CLOSE
18272,1516,6117,CASUAL
18273,3822,2436,CASUAL
18274,6117,7014,CASUAL
18275,16,499,DISTANT
18276,4094,6372,CLOSE
18277,1021,7840,DISTANT
18278,9828,5247,CASUAL
18279,1372,9809,DISTANT
18280,9871,9692,CLOSE
18281,9608,5145,CLOSE
18282,5258,716,DISTANT
18283,7923,4998,CLOSE
18284,3400,9158,CASUAL
18285,1860,6812,CLOSE
18286,4356,1492,CASUAL
18287,2884,8668,DISTANT
18288,5122,1229,DISTANT
18289,2511,2569,DISTANT
18290,8217,8216,CASUAL
18291,5083,8399,DISTANT
18292,2108,3940,CASUAL
18293,9995,9927,CLOSE
18294,4644,1374,CASUAL
18295,8761,7675,CLOSE
18296,8746,6610,DISTANT
18297,8506,1096,DISTANT
18298,2025,3511,CLOSE
18299,5095,5967,CASUAL
18300,6407,9666,DISTANT
18301,6735,5379,CASUAL
18302,5306,1300,DISTANT
18303,7591,5975,DISTANT
18304,3,9899,CASUAL
18305,3948,5482,CLOSE
18306,4684,2540,CASUAL
18307,252,9672,CASUAL
18308,7388,4465,CASUAL
18309,9954,2291,CLOSE
18310,3607,4945,CASUAL
18311,3039,7463,CASUAL
18312,7395,9089,CLOSE
18313,5766,74,CLOSE
18314,1904,5697,CASUAL
18315,7147,7007,CLOSE
18316,9181,289,CASUAL
18317,9530,6262,CLOSE
18318,8229,9185,DISTANT
18319,1877,5862,CASUAL
18320,5714,5327,CLOSE
18321,7354,9811,CASUAL
18322,3588,9583,CASUAL
18323,9891,1266,DISTANT
18324,6082,1467,CLOSE
18325,7774,3319,CLOSE
18326,8599,54,CLOSE
18327,2978,2121,DISTANT
18328,3609,6653,CASUAL
18329,8600,7874,CASUAL
18330,7403,7144,CASUAL
18331,5587,5364,CLOSE
18332,6874,5216,DISTANT
18333,1365,5483,CLOSE
18334,9643,9972,CASUAL
18335,9808,5590,CASUAL
18336,8473,3665,CASUAL
18337,158,2117,DISTANT
18338,7130,4802,DISTANT
18339,3824,6519,CLOSE
18340,9785,7197,DISTANT
18341,5501,6565,CLOSE
18342,3519,3408,DISTANT
18343,1433,4972,CASUAL
18344,2288,9198,CLOSE
18345,5672,9339,CLOSE
18346,3520,8225,CASUAL
18347,9491,67,CLOSE
18348,2537,8533,CASUAL
18349,4996,1308,DISTANT
18350,1335,8210,CASUAL
18351,2755,6300,CLOSE
18352,7397,7853,DISTANT
18353,8597,337,DISTANT
18354,1377,7748,CASUAL
18355,7521,324,CLOSE
18356,5275,8312,CLOSE
18357,7746,3091,DISTANT
18358,5601,9892,CASUAL
18359,8076,6874,DISTANT
18360,7655,7097,CLOSE
18361,5853,2512,DISTANT
18362,685,7308,CASUAL
18363,1860,6374,CLOSE
18364,349,3442,DISTANT
18365,4018,1528,CLOSE
18366,1282,1937,CASUAL
18367,2790,6845,CASUAL
18368,2159,2804,CASUAL
18369,6596,1952,DISTANT
18370,3225,8097,CLOSE
18371,4818,1316,CLOSE
18372,4024,8355,CLOSE
18373,3913,5797,CLOSE
18374,8538,2712,DISTANT
18375,3450,4471,DISTANT
18376,8921,8312,DISTANT
18377,5213,1615,CASUAL
18378,8458,4603,DISTANT
18379,8532,9851,CLOSE
18380,7044,3898,CLOSE
18381,272,9651,CLOSE
18382,9846,286,CASUAL
18383,7692,9744,DISTANT
18384,3940,6210,DISTANT
18385,1078,8213,CASUAL
18386,9344,9885,CLOSE
18387,5305,7627,CASUAL
18388,8700,5979,CLOSE
18389,2265,1177,CASUAL
18390,8691,9514,DISTANT
18391,9905,5272,CLOSE
18392,981,1911,DISTANT
18393,7874,8784,CLOSE
18394,2508,5395,CLOSE
18395,4494,6575,CASUAL
18396,6310,6583,CASUAL
18397,9093,5746,CLOSE
18398,9247,8945,CLOSE
18399,5464,7851,CLOSE
18400,1329,8434,CASUAL
18401,4669,573,CASUAL
18402,698,634,CLOSE
18403,927,145,CASUAL
18404,7546,8184,CASUAL
18405,4851,9994,CLOSE
18406,6251,7089,CASUAL
18407,2242,9323,DISTANT
18408,1168,7405,DISTANT
18409,1579,675,CLOSE
18410,6628,8221,CLOSE
18411,6473,5752,DISTANT
18412,1402,7739,DISTANT
18413,7493,1258,CLOSE
18414,5668,4413,DISTANT
18415,7026,3647,CLOSE
18416,9179,5337,DISTANT
18417,8770,2288,CLOSE
18418,7120,9240,CASUAL
18419,5879,8475,CASUAL
18420,1781,7998,CLOSE
18421,2448,730,DISTANT
18422,1948,7314,CASUAL
18423,6294,136,DISTANT
18424,1060,951,DISTANT
18425,5807,1394,DISTANT
18426,5027,3750,CASUAL
18427,7090,8615,CLOSE
18428,5555,7155,CLOSE
18429,1827,1691,CLOSE
18430,3138,2087,CLOSE
18431,9387,6179,DISTANT
18432,5416,282,CASUAL
18433,4448,7473,DISTANT
18434,3240,2103,DISTANT
18435,6177,9196,DISTANT
18436,5049,9378,CLOSE
18437,4789,787,CASUAL
18438,7867,1611,CLOSE
18439,2884,3887,CLOSE
18440,1308,9127,DISTANT
18441,8369,4113,CLOSE
18442,5237,5450,CASUAL
18443,1492,445,CASUAL
18444,6351,4920,CLOSE
18445,8021,6551,CASUAL
18446,4347,9445,CASUAL
18447,3614,9721,CASUAL
18448,1987,3316,DISTANT
18449,9941,7343,DISTANT
18450,5297,2816,DISTANT
18451,8311,7508,DISTANT
18452,3346,5235,DISTANT
18453,7450,8972,CLOSE
18454,3385,5939,CLOSE
18455,4619,1079,CLOSE
18456,5590,2457,CASUAL
18457,1739,2186,CASUAL
18458,7415,7334,DISTANT
18459,2504,4270,DISTANT
18460,713,6507,CLOSE
18461,5351,223,DISTANT
18462,8082,4043,CLOSE
18463,9079,555,CLOSE
18464,3582,8983,CLOSE
18465,3378,3297,CLOSE
18466,1921,8421,CASUAL
18467,5507,9314,CLOSE
18468,5636,2534,CLOSE
18469,185,3788,DISTANT
18470,6509,9137,CLOSE
18471,8318,9169,CASUAL
18472,166,1942,DISTANT
18473,8488,9761,CASUAL
18474,4197,1913,CASUAL
18475,9706,1870,CASUAL
18476,5921,6842,DISTANT
18477,9549,5938,DISTANT
18478,1205,193,CASUAL
18479,5014,1600,CASUAL
18480,7580,2011,DISTANT
18481,8274,4131,CASUAL
18482,7125,3871,CASUAL
18483,5864,5788,CLOSE
18484,8739,7614,CLOSE
18485,71,1083,CLOSE
18486,2868,1949,CASUAL
18487,2264,2125,DISTANT
18488,6825,2558,CASUAL
18489,5178,8866,CASUAL
18490,8668,6863,CASUAL
18491,1248,1020,DISTANT
18492,57,7231,DISTANT
18493,1825,4695,DISTANT
18494,9103,7797,CLOSE
18495,972,1433,DISTANT
18496,3469,9688,CLOSE
18497,6820,5377,CLOSE
18498,5408,276,CASUAL
18499,518,5707,CLOSE
18500,671,5212,CLOSE
18501,8270,1037,DISTANT
18502,4163,9140,DISTANT
18503,1829,2140,DISTANT
18504,629,2559,CLOSE
18505,6575,5428,DISTANT
18506,756,813,DISTANT
18507,4050,5994,DISTANT
18508,1348,3186,CASUAL
18509,416,4802,CLOSE
18510,3831,2347,DISTANT
18511,4378,3196,DISTANT
18512,9835,3724,DISTANT
18513,2136,9553,CASUAL
18514,9874,6930,CASUAL
18515,3863,6202,CASUAL
18516,9094,3146,DISTANT
18517,9446,2204,CLOSE
18518,337,3619,CASUAL
18519,6695,1426,DISTANT
18520,9573,7366,CLOSE
18521,7166,144,CASUAL
18522,8741,3777,DISTANT
18523,4205,4744,CASUAL
18524,7759,3932,CLOSE
18525,7658,4817,DISTANT
18526,9393,6225,CLOSE
18527,9168,853,CASUAL
18528,2264,4671,CASUAL
18529,8241,2827,DISTANT
18530,6470,2818,CLOSE
18531,8622,8808,DISTANT
18532,8623,7980,CLOSE
18533,569,5529,CLOSE
18534,3829,7207,CASUAL
18535,2432,6767,CLOSE
18536,9832,3441,CLOSE
18537,1031,798,DISTANT
18538,5246,6215,CLOSE
18539,4519,8299,CLOSE
18540,8657,4635,CLOSE
18541,301,4833,CASUAL
18542,5652,554,CLOSE
18543,2969,4975,DISTANT
18544,8237,5428,DISTANT
18545,8487,3301,CASUAL
18546,8276,4596,CLOSE
18547,8908,2426,DISTANT
18548,9918,5870,CLOSE
18549,6540,225,DISTANT
18550,3556,5948,CLOSE
18551,733,8809,DISTANT
18552,9950,6206,DISTANT
18553,6613,9740,CLOSE
18554,7175,4546,DISTANT
18555,3877,4100,CASUAL
18556,4244,7562,CLOSE
18557,1117,6992,DISTANT
18558,5421,7137,CLOSE
18559,3284,4955,DISTANT
18560,5160,702,CLOSE
18561,6353,7038,DISTANT
18562,6753,3759,DISTANT
18563,6047,9579,CLOSE
18564,846,7374,CLOSE
18565,6137,8415,DISTANT
18566,8689,8136,DISTANT
18567,5380,9216,CASUAL
18568,5498,233,CASUAL
18569,8069,7810,DISTANT
18570,5505,7960,DISTANT
18571,1290,9770,CASUAL
18572,1200,5574,DISTANT
18573,3872,3778,CLOSE
18574,6293,7502,CASUAL
18575,9030,9404,DISTANT
18576,5845,9921,DISTANT
18577,8931,1467,CLOSE
18578,5990,2859,CLOSE
18579,588,3317,CASUAL
18580,200,1843,CASUAL
18581,6986,5188,CLOSE
18582,8389,4854,DISTANT
18583,8587,4857,CLOSE
18584,1818,6442,CLOSE
18585,7455,2037,CASUAL
18586,3632,6885,CLOSE
18587,3216,2305,DISTANT
18588,857,8040,DISTANT
18589,9101,7706,CLOSE
18590,6524,6473,DISTANT
18591,4916,6523,CASUAL
18592,4412,1228,CLOSE
18593,5930,3997,CLOSE
18594,3881,3621,CLOSE
18595,2430,204,DISTANT
18596,1379,9103,CLOSE
18597,102,3793,CLOSE
18598,4597,6198,CASUAL
18599,7208,6034,DISTANT
18600,4139,6914,CASUAL
18601,7810,7452,CASUAL
18602,320,7923,DISTANT
18603,540,3876,DISTANT
18604,5577,8071,CLOSE
18605,5582,997,DISTANT
18606,3315,1996,DISTANT
18607,3206,1631,DISTANT
18608,1573,4879,CLOSE
18609,7562,9113,CLOSE
18610,2875,8101,DISTANT
18611,1964,4221,CLOSE
18612,2098,7321,CASUAL
18613,3286,8822,CASUAL
18614,8179,9168,CLOSE
18615,6703,5273,DISTANT
18616,9002,3902,CASUAL
18617,3822,3894,CLOSE
18618,6293,815,CLOSE
18619,4271,4095,DISTANT
18620,5590,3246,DISTANT
18621,5233,1320,DISTANT
18622,5035,2216,DISTANT
18623,9508,7674,CASUAL
18624,4774,2272,CLOSE
18625,1798,2970,CLOSE
18626,9479,9650,CASUAL
18627,1875,8635,DISTANT
18628,631,3614,DISTANT
18629,8395,7294,CLOSE
18630,6299,5641,CASUAL
18631,949,2769,CASUAL
18632,8612,1716,DISTANT
18633,9138,569,DISTANT
18634,2332,848,CLOSE
18635,3670,61,DISTANT
18636,7966,1119,CLOSE
18637,1000,1124,DISTANT
18638,7556,7534,DISTANT
18639,3305,6410,DISTANT
18640,1857,467,CASUAL
18641,8340,9195,DISTANT
18642,259,7584,CLOSE
18643,3031,4799,DISTANT
18644,1831,7142,CASUAL
18645,3003,7904,CASUAL
18646,1187,9770,CASUAL
18647,9205,6880,CLOSE
18648,8796,1565,DISTANT
18649,4034,9455,CASUAL
18650,8546,2006,CASUAL
18651,7032,1977,CASUAL
18652,2299,5040,DISTANT
18653,8292,8017,DISTANT
18654,5381,775,DISTANT
18655,1330,3555,CLOSE
18656,8455,7448,CLOSE
18657,7397,4521,CLOSE
18658,4291,7240,DISTANT
18659,3191,6077,CASUAL
18660,7414,9476,CLOSE
18661,4711,1438,CASUAL
18662,5801,5964,CLOSE
18663,8692,7573,CASUAL
18664,2727,2251,CASUAL
18665,6854,9988,CLOSE
18666,6840,5694,CASUAL
18667,6498,4695,CLOSE
18668,6564,7713,DISTANT
18669,9601,4989,CLOSE
18670,1990,5625,DISTANT
18671,5637,6959,CASUAL
18672,2790,6104,CASUAL
18673,8024,1697,DISTANT
18674,6633,3499,CASUAL
18675,6183,9718,DISTANT
18676,9023,9339,CLOSE
18677,1448,3583,CASUAL
18678,9661,7425,CASUAL
18679,868,9482,DISTANT
18680,3863,8842,DISTANT
18681,2418,6230,CLOSE
18682,6503,9200,CLOSE
18683,3893,7802,CLOSE
18684,6695,3527,DISTANT
18685,7553,8277,DISTANT
18686,3652,943,CASUAL
18687,3825,5838,CLOSE
18688,3383,6682,CASUAL
18689,9440,3170,CASUAL
18690,3561,9809,CLOSE
18691,7484,6705,CLOSE
18692,1837,7458,DISTANT
18693,3269,4903,CASUAL
18694,5915,4953,CASUAL
18695,46,2626,CASUAL
18696,5209,2380,CASUAL
18697,4069,5174,DISTANT
18698,2703,8611,CLOSE
18699,2102,5564,CASUAL
18700,6000,7058,DISTANT
18701,7862,3112,DISTANT
18702,3028,3853,CLOSE
18703,1800,2823,CASUAL
18704,6595,7927,DISTANT
18705,6510,491,CLOSE
18706,8117,4408,DISTANT
18707,8420,3081,CASUAL
18708,1656,1700,CLOSE
18709,1828,2277,CLOSE
18710,2736,2249,CASUAL
18711,5460,5577,DISTANT
18712,9968,2567,DISTANT
18713,1505,4924,CASUAL
18714,415,9520,CLOSE
18715,2811,2604,CLOSE
18716,6220,2998,CLOSE
18717,2010,5917,CASUAL
18718,3093,0,CASUAL
18719,9541,5793,DISTANT
18720,4321,4664,CASUAL
18721,1545,2726,CASUAL
18722,1861,167,CLOSE
18723,9161,4892,CASUAL
18724,8237,6700,DISTANT
18725,5458,9936,DISTANT
18726,5980,5007,DISTANT
18727,8218,8493,DISTANT
18728,8214,4337,CLOSE
18729,8511,8418,CASUAL
18730,9959,667,DISTANT
18731,8289,1677,CLOSE
18732,6847,612,DISTANT
18733,113,7014,CLOSE
18734,4900,507,DISTANT
18735,7993,3943,CLOSE
18736,4086,9379,CASUAL
18737,6461,1010,CLOSE
18738,5598,4746,DISTANT
18739,1751,3022,CLOSE
18740,7348,195,DISTANT
18741,5866,2161,CASUAL
18742,3100,6650,CLOSE
18743,999,5982,CASUAL
18744,529,1548,DISTANT
18745,6927,4830,CASUAL
18746,8414,5770,CASUAL
18747,5662,5566,CLOSE
18748,3960,3840,CLOSE
18749,6309,2905,CLOSE
18750,1060,7972,CASUAL
18751,6477,3475,CLOSE
18752,4796,9940,CASUAL
18753,2247,8281,DISTANT
18754,3992,4923,CLOSE
18755,336,4507,CASUAL
18756,8634,5058,DISTANT
18757,6126,4820,DISTANT
18758,404,6385,CLOSE
18759,6113,1663,CLOSE
18760,7371,6709,CLOSE
18761,4427,381,CASUAL
18762,4711,1773,CLOSE
18763,1613,1082,CLOSE
18764,6155,5394,DISTANT
18765,2210,8993,CLOSE
18766,8111,6596,CLOSE
18767,7655,9868,CLOSE
18768,4317,6210,CLOSE
18769,3643,9338,DISTANT
18770,8069,7450,DISTANT
18771,7474,2410,DISTANT
18772,2834,1982,CASUAL
18773,4254,8945,CLOSE
18774,9091,7540,CASUAL
18775,4128,3063,DISTANT
18776,4023,4782,CASUAL
18777,9609,9827,CASUAL
18778,9125,7955,CASUAL
18779,9953,5116,DISTANT
18780,6345,6972,DISTANT
18781,145,1307,DISTANT
18782,7293,9479,CASUAL
18783,2330,9835,CASUAL
18784,1894,5196,CLOSE
18785,3683,9511,DISTANT
18786,8224,6793,CLOSE
18787,8439,3789,DISTANT
18788,262,48,CLOSE
18789,1538,2074,DISTANT
18790,4300,4711,DISTANT
18791,9560,8568,DISTANT
18792,3156,7002,CLOSE
18793,672,7227,CASUAL
18794,5615,9583,CASUAL
18795,7820,9895,CLOSE
18796,1615,6199,CASUAL
18797,3428,5042,DISTANT
18798,1649,7455,DISTANT
18799,9576,4749,CASUAL
18800,9876,3444,CLOSE
18801,8989,1799,DISTANT
18802,2935,2524,CLOSE
18803,7106,7004,CLOSE
18804,7531,9125,DISTANT
18805,2840,654,CASUAL
18806,8983,4055,DISTANT
18807,2724,105,CASUAL
18808,8165,918,CASUAL
18809,986,1970,DISTANT
18810,1261,2948,CASUAL
18811,9911,8774,DISTANT
18812,3445,9258,DISTANT
18813,2482,2383,CASUAL
18814,5843,9143,CASUAL
18815,7860,4367,CLOSE
18816,5011,5323,DISTANT
18817,8361,4317,CLOSE
18818,1270,7763,DISTANT
18819,8529,1197,CLOSE
18820,8282,3759,DISTANT
18821,3022,9389,CLOSE
18822,6392,9269,DISTANT
18823,9089,865,DISTANT
18824,9943,4680,DISTANT
18825,3263,7704,CLOSE
18826,6093,8577,DISTANT
18827,9092,6150,CLOSE
18828,3782,174,CLOSE
18829,4207,8804,CASUAL
18830,8300,7125,CASUAL
18831,2920,6582,DISTANT
18832,1592,4456,CLOSE
18833,3871,5269,CASUAL
18834,9448,2914,CLOSE
18835,3592,5551,DISTANT
18836,4334,2375,DISTANT
18837,5144,8759,CLOSE
18838,6148,5677,DISTANT
18839,7911,7197,CASUAL
18840,2659,899,CLOSE
18841,9218,6145,CASUAL
18842,6957,3768,CLOSE
18843,4769,7571,CASUAL
18844,5507,6738,DISTANT
18845,8535,4177,CLOSE
18846,8953,3183,CLOSE
18847,1970,8429,CASUAL
18848,22,829,DISTANT
18849,1729,2857,DISTANT
18850,4248,6071,DISTANT
18851,5516,6442,DISTANT
18852,6310,3300,CASUAL
18853,7211,9487,CASUAL
18854,9032,1272,CLOSE
18855,2057,1843,CLOSE
18856,5762,1011,CASUAL
18857,6007,8878,CASUAL
18858,8478,1403,CLOSE
18859,1341,4817,DISTANT
18860,4925,1905,CASUAL
18861,6961,5174,CLOSE
18862,7483,6986,CLOSE
18863,6294,5929,CLOSE
18864,1106,3964,CASUAL
18865,5848,1163,CLOSE
18866,5708,5701,CLOSE
18867,4160,4524,DISTANT
18868,1975,6402,CASUAL
18869,4256,7877,CLOSE
18870,7554,7379,DISTANT
18871,587,7746,DISTANT
18872,6792,1258,DISTANT
18873,4895,1832,CLOSE
18874,995,8527,DISTANT
18875,6824,1239,CASUAL
18876,6062,3501,DISTANT
18877,6004,2404,CLOSE
18878,6216,5454,CASUAL
18879,6396,7820,DISTANT
18880,1361,8514,CASUAL
18881,1716,3563,CASUAL
18882,3666,1024,CASUAL
18883,8074,3689,DISTANT
18884,4143,2945,CASUAL
18885,236,785,CASUAL
18886,5333,407,DISTANT
18887,7647,9842,DISTANT
18888,9037,1679,CASUAL
18889,3103,6004,CASUAL
18890,837,209,CASUAL
18891,2517,4461,CLOSE
18892,2650,2285,CASUAL
18893,3384,6754,DISTANT
18894,3535,4938,DISTANT
18895,2186,5651,CASUAL
18896,4329,6107,DISTANT
18897,7334,6921,DISTANT
18898,178,9422,CASUAL
18899,868,6375,CASUAL
18900,9739,7164,CASUAL
18901,9808,1470,CASUAL
18902,5679,9608,DISTANT
18903,3855,5728,CASUAL
18904,6478,6518,DISTANT
18905,5070,8836,DISTANT
18906,9618,1035,CASUAL
18907,374,1414,CASUAL
18908,6033,8364,CASUAL
18909,4276,4595,CASUAL
18910,8445,7739,CASUAL
18911,9850,5154,CASUAL
18912,6453,65,CLOSE
18913,5854,6806,CLOSE
18914,9370,6942,CLOSE
18915,3394,1047,CASUAL
18916,3373,7318,CLOSE
18917,2743,8617,CASUAL
18918,5041,7177,DISTANT
18919,3537,5814,CASUAL
18920,8840,2084,CASUAL
18921,4861,389,CLOSE
18922,4226,510,CLOSE
18923,2258,1252,CASUAL
18924,9784,6977,CASUAL
18925,5732,8406,CLOSE
18926,5767,9805,CASUAL
18927,7149,3730,CASUAL
18928,4049,1463,CLOSE
18929,8103,8862,DISTANT
18930,5607,7511,CLOSE
18931,6992,4257,DISTANT
18932,2758,8874,CASUAL
18933,7658,3937,DISTANT
18934,3062,6813,CASUAL
18935,3945,957,CASUAL
18936,5912,8082,CLOSE
18937,8730,1783,DISTANT
18938,2143,4504,CASUAL
18939,7495,4375,DISTANT
18940,6760,7097,CLOSE
18941,4306,4154,DISTANT
18942,1091,8547,CLOSE
18943,7656,1413,DISTANT
18944,5938,3760,CASUAL
18945,9339,7444,CASUAL
18946,9538,4923,CASUAL
18947,6591,3748,DISTANT
18948,5813,7280,CLOSE
18949,9252,5752,CLOSE
18950,2079,9307,DISTANT
18951,6710,4573,DISTANT
18952,4502,6647,CASUAL
18953,2630,4480,DISTANT
18954,7570,6705,CASUAL
18955,2193,5190,DISTANT
18956,623,9576,DISTANT
18957,6874,5838,DISTANT
18958,5356,2747,CLOSE
18959,3716,3289,DISTANT
18960,3975,9660,CLOSE
18961,4424,2038,CASUAL
18962,5617,8363,CLOSE
18963,7000,4297,CLOSE
18964,100,6162,CASUAL
18965,2519,8275,CASUAL
18966,8702,8530,CLOSE
18967,8522,937,CLOSE
18968,2917,6707,CLOSE
18969,9235,9199,CASUAL
18970,7333,2986,DISTANT
18971,5471,6690,CASUAL
18972,7199,9467,CASUAL
18973,5925,3772,DISTANT
18974,1232,9728,CASUAL
18975,9571,9165,CLOSE
18976,2640,9828,CASUAL
18977,46,1057,DISTANT
18978,4902,6972,CASUAL
18979,2636,2319,DISTANT
18980,1064,9563,CLOSE
18981,2971,6466,CLOSE
18982,5306,7444,DISTANT
18983,3226,3127,CLOSE
18984,6930,1789,CLOSE
18985,8995,2667,CASUAL
18986,1203,3141,CLOSE
18987,7424,2830,DISTANT
18988,8151,9362,CASUAL
18989,504,7283,DISTANT
18990,2079,575,CASUAL
18991,3647,9185,CLOSE
18992,9214,4366,CLOSE
18993,9413,4314,DISTANT
18994,7130,6194,DISTANT
18995,4250,4215,CLOSE
18996,7635,6573,CASUAL
18997,9003,1943,DISTANT
18998,6136,3380,CASUAL
18999,7815,7289,DISTANT
19000,8260,5346,CASUAL
19001,2002,1264,DISTANT
19002,1952,8478,CLOSE
19003,7415,8680,DISTANT
19004,1562,6994,CLOSE
19005,8727,4441,CLOSE
19006,7653,1833,CLOSE
19007,9402,4570,CASUAL
19008,5124,6612,CLOSE
19009,5017,5504,CLOSE
19010,5548,7449,CASUAL
19011,3143,4240,DISTANT
19012,1873,9788,CLOSE
19013,8622,9237,DISTANT
19014,2886,6683,CASUAL
19015,3514,7142,CLOSE
19016,115,5080,DISTANT
19017,3478,6888,CASUAL
19018,6099,4682,CASUAL
19019,7817,4061,CLOSE
19020,1440,641,DISTANT
19021,767,4207,CLOSE
19022,7312,2548,CASUAL
19023,2810,383,CASUAL
19024,8479,296,CLOSE
19025,329,8449,DISTANT
19026,4684,5958,CLOSE
19027,7275,3959,CASUAL
19028,7822,7558,DISTANT
19029,4498,6803,CASUAL
19030,3193,1920,DISTANT
19031,2803,8931,DISTANT
19032,7324,7901,DISTANT
19033,7548,1802,DISTANT
19034,6397,1566,CASUAL
19035,3884,7112,CLOSE
19036,7038,3764,CLOSE
19037,8066,5748,DISTANT
19038,6449,4041,DISTANT
19039,9838,4257,CLOSE
19040,1639,1256,CASUAL
19041,2059,8707,CLOSE
19042,872,2046,CLOSE
19043,3693,9877,CASUAL
19044,2861,3180,CLOSE
19045,6165,4162,CASUAL
19046,6876,8422,CASUAL
19047,4646,325,CLOSE
19048,3094,2628,DISTANT
19049,404,6713,CASUAL
19050,3464,4704,DISTANT
19051,5393,3212,CLOSE
19052,8063,4375,CASUAL
19053,8723,5215,DISTANT
19054,9760,3902,CLOSE
19055,8995,6610,DISTANT
19056,7319,5367,DISTANT
19057,8509,2038,CLOSE
19058,185,7731,CLOSE
19059,4729,8369,CLOSE
19060,7595,2046,CASUAL
19061,2917,4891,CLOSE
19062,7459,3531,CASUAL
19063,6144,5367,DISTANT
19064,5651,6770,DISTANT
19065,4125,6468,DISTANT
19066,6792,3186,CASUAL
19067,7201,1558,CLOSE
19068,6344,6263,DISTANT
19069,3379,2917,CLOSE
19070,8670,3936,DISTANT
19071,5721,4145,DISTANT
19072,4114,6393,CLOSE
19073,7923,7440,CASUAL
19074,1047,5319,CLOSE
19075,7516,1334,DISTANT
19076,7043,1494,CLOSE
19077,451,9322,DISTANT
19078,7971,6400,CASUAL
19079,7459,7533,CLOSE
19080,3843,5218,DISTANT
19081,8075,2417,CLOSE
19082,6483,4669,DISTANT
19083,5341,4333,CLOSE
19084,6819,1058,DISTANT
19085,8023,602,CLOSE
19086,8801,6063,CLOSE
19087,69,3419,DISTANT
19088,3663,653,CASUAL
19089,1430,4471,CLOSE
19090,4876,6489,CLOSE
19091,2976,6898,DISTANT
19092,3346,9688,CASUAL
19093,8915,4497,DISTANT
19094,2790,1505,DISTANT
19095,6887,4298,CASUAL
19096,7782,7277,DISTANT
19097,7172,9108,CLOSE
19098,4927,2865,CLOSE
19099,2031,4021,DISTANT
19100,5198,3086,DISTANT
19101,6783,5882,DISTANT
19102,818,5684,CLOSE
19103,686,727,DISTANT
19104,5589,7242,DISTANT
19105,8190,6814,CASUAL
19106,5368,1208,CLOSE
19107,5196,8282,CLOSE
19108,8354,6108,CLOSE
19109,7249,382,CASUAL
19110,6756,1755,CLOSE
19111,7554,2300,CLOSE
19112,6741,5934,CASUAL
19113,3250,7112,CASUAL
19114,6034,3513,DISTANT
19115,3671,5674,DISTANT
19116,5238,8106,CASUAL
19117,5982,5855,DISTANT
19118,8812,3723,CASUAL
19119,7698,1568,DISTANT
19120,1684,6938,DISTANT
19121,7192,1343,CASUAL
19122,3631,3099,DISTANT
19123,5600,37,DISTANT
19124,9268,2525,CLOSE
19125,8371,7290,CLOSE
19126,98,6165,DISTANT
19127,3111,9759,CLOSE
19128,4104,4229,DISTANT
19129,5823,7266,CASUAL
19130,7017,2130,DISTANT
19131,5159,5945,DISTANT
19132,1476,2387,DISTANT
19133,1933,9047,CLOSE
19134,449,6446,CLOSE
19135,113,2418,CLOSE
19136,513,3710,DISTANT
19137,12,4199,CASUAL
19138,71,9976,DISTANT
19139,9300,6514,CASUAL
19140,1938,3666,DISTANT
19141,301,6858,CLOSE
19142,7193,6124,CLOSE
19143,9118,8891,DISTANT
19144,5026,2322,DISTANT
19145,8450,9582,CLOSE
19146,180,9822,CLOSE
19147,6575,7166,DISTANT
19148,2285,7020,DISTANT
19149,2463,4254,CLOSE
19150,7640,8137,DISTANT
19151,2753,9710,DISTANT
19152,4495,6010,DISTANT
19153,797,5408,CLOSE
19154,4684,5093,CASUAL
19155,9108,2102,DISTANT
19156,3562,9999,CLOSE
19157,6391,5143,DISTANT
19158,4142,9035,CLOSE
19159,1775,7000,DISTANT
19160,4203,3604,CLOSE
19161,5429,3097,CASUAL
19162,1380,9735,DISTANT
19163,8437,4756,CASUAL
19164,3602,3586,DISTANT
19165,6911,5278,DISTANT
19166,7424,4680,DISTANT
19167,1340,9340,CLOSE
19168,6607,1242,DISTANT
19169,8310,1354,DISTANT
19170,2021,8493,CASUAL
19171,8345,7559,CLOSE
19172,6085,7293,CASUAL
19173,2214,899,CLOSE
19174,2494,3826,CLOSE
19175,8405,3164,CASUAL
19176,3898,4649,CASUAL
19177,9292,794,DISTANT
19178,8519,8302,DISTANT
19179,1711,1758,CASUAL
19180,3343,7297,DISTANT
19181,2433,7399,CASUAL
19182,286,2329,CLOSE
19183,5737,9757,CLOSE
19184,2516,2447,CASUAL
19185,4996,8842,DISTANT
19186,5332,9614,DISTANT
19187,4178,2637,DISTANT
19188,9710,6447,CASUAL
19189,8970,9933,CLOSE
19190,9000,5203,DISTANT
19191,1462,9920,CLOSE
19192,2098,506,CASUAL
19193,7994,6705,CASUAL
19194,5067,3986,DISTANT
19195,8765,2069,CLOSE
19196,1735,1578,CASUAL
19197,5629,4238,CLOSE
19198,5328,5538,CLOSE
19199,3952,4031,DISTANT
19200,5708,6713,DISTANT
19201,8686,9185,DISTANT
19202,7316,5163,CASUAL
19203,3771,8607,CASUAL
19204,60,3928,CLOSE
19205,6908,6917,DISTANT
19206,932,1131,CLOSE
19207,3709,9737,CLOSE
19208,4856,3643,DISTANT
19209,5167,6779,CLOSE
19210,9360,586,CASUAL
19211,8344,9968,DISTANT
19212,6634,1543,CLOSE
19213,9749,2949,CASUAL
19214,4072,7335,DISTANT
19215,5367,7133,CASUAL
19216,6378,5105,CLOSE
19217,528,9927,CASUAL
19218,6117,6740,DISTANT
19219,5761,2868,CLOSE
19220,6804,7759,CASUAL
19221,3578,7377,CLOSE
19222,9421,8369,CASUAL
19223,7550,6216,DISTANT
19224,8948,4522,CASUAL
19225,2147,8593,CASUAL
19226,1769,4332,DISTANT
19227,8352,9587,CASUAL
19228,9020,7197,DISTANT
19229,6039,3702,DISTANT
19230,4884,2182,CLOSE
19231,7151,8048,DISTANT
19232,1344,2348,CLOSE
19233,7436,1892,CLOSE
19234,6113,3020,CLOSE
19235,6272,456,CLOSE
19236,9334,5187,DISTANT
19237,6199,3795,DISTANT
19238,3667,104,DISTANT
19239,7237,4669,DISTANT
19240,512,3789,CLOSE
19241,7442,9365,DISTANT
19242,9077,8981,CASUAL
19243,7548,1603,DISTANT
19244,4137,4021,CLOSE
19245,1975,6561,CLOSE
19246,6631,9174,CLOSE
19247,5453,5198,CLOSE
19248,9060,9318,CLOSE
19249,6648,2639,CASUAL
19250,257,4933,CASUAL
19251,8361,3974,CASUAL
19252,5544,7144,CLOSE
19253,3306,1475,CASUAL
19254,1821,6402,DISTANT
19255,5787,1540,DISTANT
19256,7455,5275,CLOSE
19257,2695,616,CLOSE
19258,1583,405,CLOSE
19259,9981,5570,CLOSE
19260,2219,5234,CASUAL
19261,4544,1817,CASUAL
19262,5104,7045,DISTANT
19263,7185,6596,CASUAL
19264,52,5682,CASUAL
19265,879,5666,CASUAL
19266,5932,9633,DISTANT
19267,6975,2915,DISTANT
19268,7086,5243,DISTANT
19269,7111,959,CLOSE
19270,9957,1678,DISTANT
19271,1900,7406,CLOSE
19272,2166,1407,CLOSE
19273,7546,3069,DISTANT
19274,7902,7125,DISTANT
19275,5797,828,CLOSE
19276,1702,5324,CASUAL
19277,6820,272,CLOSE
19278,9056,4251,CLOSE
19279,9258,1854,CLOSE
19280,3657,9165,CLOSE
19281,6710,7705,CASUAL
19282,5658,6269,CASUAL
19283,728,3058,CASUAL
19284,5246,3240,DISTANT
19285,264,8515,DISTANT
19286,3501,3859,DISTANT
19287,3131,2491,CASUAL
19288,1144,8149,CLOSE
19289,7586,6311,CLOSE
19290,9617,6734,DISTANT
19291,5944,833,CLOSE
19292,2168,6882,CLOSE
19293,5870,4286,DISTANT
19294,8263,9512,CASUAL
19295,4516,4572,CLOSE
19296,8887,3176,DISTANT
19297,2085,1790,CASUAL
19298,8703,1470,DISTANT
19299,6535,4537,CLOSE
19300,7275,297,CASUAL
19301,1336,3082,CLOSE
19302,4599,6943,DISTANT
19303,8138,8336,DISTANT
19304,553,3884,CASUAL
19305,9149,3416,CLOSE
19306,4601,4808,CASUAL
19307,9356,3596,CLOSE
19308,4347,7041,CLOSE
19309,5961,5930,DISTANT
19310,9729,5615,CASUAL
19311,3260,3789,CASUAL
19312,5440,2924,DISTANT
19313,3996,1968,CLOSE
19314,4507,7104,DISTANT
19315,1786,4396,DISTANT
19316,4516,6183,CLOSE
19317,1866,6903,CASUAL
19318,3877,2923,CLOSE
19319,9518,330,CLOSE
19320,9419,5206,DISTANT
19321,1633,2775,CLOSE
19322,8349,3683,CLOSE
19323,3583,440,DISTANT
19324,1110,7851,DISTANT
19325,2624,755,CASUAL
19326,1836,5910,CASUAL
19327,5585,2504,DISTANT
19328,7693,4557,CASUAL
19329,3873,2066,DISTANT
19330,4717,6445,CASUAL
19331,9269,5348,CLOSE
19332,2856,4754,DISTANT
19333,2475,4816,CLOSE
19334,3404,4443,CLOSE
19335,8369,4944,CASUAL
19336,2756,9031,DISTANT
19337,9265,4831,CLOSE
19338,2962,8608,CASUAL
19339,5898,4184,DISTANT
19340,9635,9534,DISTANT
19341,9269,413,CASUAL
19342,6102,2876,CASUAL
19343,7125,2196,CLOSE
19344,1468,6279,CLOSE
19345,569,4259,CLOSE
19346,1237,2873,CASUAL
19347,7390,4640,DISTANT
19348,514,4870,CASUAL
19349,7215,7751,CLOSE
19350,3357,1584,DISTANT
19351,7299,9896,DISTANT
19352,7830,7052,DISTANT
19353,9635,8618,CASUAL
19354,5468,1200,CASUAL
19355,8807,3780,CLOSE
19356,4384,5304,CLOSE
19357,8134,5177,CASUAL
19358,6559,832,CLOSE
19359,3325,5077,CASUAL
19360,3965,986,CASUAL
19361,5217,5718,DISTANT
19362,7843,1394,DISTANT
19363,2135,1079,CLOSE
19364,8013,2227,CASUAL
19365,6,7047,CASUAL
19366,9425,7832,CLOSE
19367,7288,2101,DISTANT
19368,7535,6183,DISTANT
19369,3584,4095,CASUAL
19370,4844,4624,CLOSE
19371,3708,8372,CASUAL
19372,4435,3835,CASUAL
19373,1162,7646,CLOSE
19374,8406,7992,CASUAL
19375,6436,6259,DISTANT
19376,7967,6192,CASUAL
19377,9071,568,DISTANT
19378,7083,4416,CASUAL
19379,3848,4749,CLOSE
19380,8359,4745,CASUAL
19381,471,6384,CASUAL
19382,5818,1060,CASUAL
19383,1841,6184,CLOSE
19384,790,2602,CLOSE
19385,4835,9198,CASUAL
19386,8496,5394,DISTANT
19387,6495,4320,DISTANT
19388,4281,9307,DISTANT
19389,6760,5413,CLOSE
19390,3571,2583,DISTANT
19391,7607,7533,DISTANT
19392,4361,4824,CLOSE
19393,7217,8873,CASUAL
19394,9532,23,DISTANT
19395,785,4968,CASUAL
19396,6818,1209,CASUAL
19397,8002,9837,CASUAL
19398,5432,2839,CASUAL
19399,2129,7047,DISTANT
19400,6498,6290,CASUAL
19401,8752,1999,DISTANT
19402,2433,7600,CLOSE
19403,4063,7512,CLOSE
19404,1071,4589,DISTANT
19405,4340,8782,DISTANT
19406,8608,4203,CASUAL
19407,4078,5136,CASUAL
19408,3884,7809,CLOSE
19409,2091,6602,CASUAL
19410,3553,9135,DISTANT
19411,1749,1799,DISTANT
19412,8796,9158,CLOSE
19413,5993,2045,CLOSE
19414,9371,6986,CLOSE
19415,2706,7718,CASUAL
19416,6332,7732,CASUAL
19417,5523,1152,CLOSE
19418,9734,4632,CASUAL
19419,3541,8634,DISTANT
19420,6821,4499,CASUAL
19421,4709,806,CASUAL
19422,1696,956,CLOSE
19423,6257,2389,CLOSE
19424,3906,4291,DISTANT
19425,5464,8015,DISTANT
19426,2433,6053,CLOSE
19427,4975,3534,CLOSE
19428,841,5616,DISTANT
19429,3043,6176,DISTANT
19430,6531,4621,CLOSE
19431,9187,4857,CLOSE
19432,6891,4591,CLOSE
19433,6362,4691,CASUAL
19434,8009,8048,CASUAL
19435,6444,3814,CASUAL
19436,9384,5613,CLOSE
19437,7962,6681,CLOSE
19438,986,2659,CLOSE
19439,9559,7884,DISTANT
19440,9282,1628,CLOSE
19441,838,3857,CLOSE
19442,1984,701,CASUAL
19443,1523,3082,CASUAL
19444,2508,525,DISTANT
19445,6185,6035,CASUAL
19446,2454,7305,DISTANT
19447,5384,258,DISTANT
19448,1146,5709,DISTANT
19449,5845,7675,DISTANT
19450,7005,6647,CLOSE
19451,2628,9949,CASUAL
19452,370,9702,DISTANT
19453,61,2297,DISTANT
19454,2483,1946,DISTANT
19455,7571,9344,CASUAL
19456,3212,4152,DISTANT
19457,7459,9189,DISTANT
19458,7147,4248,CLOSE
19459,666,2446,CASUAL
19460,1020,8757,CASUAL
19461,495,388,CLOSE
19462,6603,6265,CASUAL
19463,1796,8478,CASUAL
19464,4989,910,CLOSE
19465,3992,7751,CASUAL
19466,302,8397,DISTANT
19467,1778,8224,CLOSE
19468,5717,228,DISTANT
19469,2012,7099,CASUAL
19470,7305,3129,DISTANT
19471,2178,1964,CLOSE
19472,8523,8915,DISTANT
19473,6731,8483,CASUAL
19474,5950,9053,CLOSE
19475,9388,5196,CASUAL
19476,8807,9429,CASUAL
19477,9674,9202,CASUAL
19478,1590,6187,CASUAL
19479,7889,746,DISTANT
19480,7936,609,CLOSE
19481,1986,2326,CLOSE
19482,1840,4134,DISTANT
19483,7979,5771,CASUAL
19484,7761,2143,DISTANT
19485,4137,5003,CLOSE
19486,4479,1290,CLOSE
19487,9324,9648,DISTANT
19488,8851,8352,CLOSE
19489,5721,1351,CASUAL
19490,5903,3947,CLOSE
19491,7424,1464,DISTANT
19492,915,8181,CLOSE
19493,9301,1892,CLOSE
19494,3127,520,DISTANT
19495,226,5572,CLOSE
19496,3642,782,CLOSE
19497,6005,7448,CASUAL
19498,646,3722,CASUAL
19499,1353,726,DISTANT
19500,1659,6636,CASUAL
19501,3391,59,DISTANT
19502,6401,503,DISTANT
19503,3297,2767,CLOSE
19504,5857,4046,DISTANT
19505,4112,6367,CASUAL
19506,3442,2298,CASUAL
19507,2808,6097,CLOSE
19508,7901,8263,DISTANT
19509,8761,5918,CASUAL
19510,375,7934,CASUAL
19511,4954,1744,DISTANT
19512,908,9711,CASUAL
19513,2952,1720,CASUAL
19514,3408,452,CASUAL
19515,1764,2120,CASUAL
19516,1682,2173,CASUAL
19517,7183,2655,CASUAL
19518,7696,6115,CLOSE
19519,3547,9500,CLOSE
19520,2215,4351,DISTANT
19521,5553,9768,CLOSE
19522,2362,9546,CLOSE
19523,6490,6510,CLOSE
19524,7948,8519,CASUAL
19525,6194,9650,CLOSE
19526,9546,4785,CASUAL
19527,5217,9955,CASUAL
19528,4941,3018,CASUAL
19529,1810,8800,DISTANT
19530,8465,4480,CLOSE
19531,4569,3898,DISTANT
19532,9194,5137,CLOSE
19533,4846,2980,CASUAL
19534,4295,1221,CLOSE
19535,5902,9173,CLOSE
19536,4052,219,CASUAL
19537,289,9019,CASUAL
19538,7228,632,CLOSE
19539,745,5083,CASUAL
19540,8311,4373,CASUAL
19541,4510,74,CASUAL
19542,6098,7963,CASUAL
19543,9613,402,DISTANT
19544,5489,9415,CLOSE
19545,6537,2539,DISTANT
19546,9352,7519,DISTANT
19547,4253,1638,DISTANT
19548,1118,3929,CASUAL
19549,3561,434,CASUAL
19550,8726,2191,DISTANT
19551,8113,3094,DISTANT
19552,159,5370,CASUAL
19553,3390,3950,CASUAL
19554,4500,4106,CLOSE
19555,9938,9792,CASUAL
19556,578,1994,CASUAL
19557,6560,9696,CLOSE
19558,8025,9992,CLOSE
19559,9012,3634,DISTANT
19560,4696,5096,CLOSE
19561,4099,699,CASUAL
19562,7303,9947,CASUAL
19563,8694,959,DISTANT
19564,9544,6831,CASUAL
19565,1228,7521,CLOSE
19566,2752,3146,CASUAL
19567,4156,5369,CLOSE
19568,7747,2742,CASUAL
19569,1448,6036,CASUAL
19570,5859,7410,DISTANT
19571,2413,8477,CASUAL
19572,5103,1744,DISTANT
19573,6062,1253,DISTANT
19574,1251,9570,DISTANT
19575,3842,6830,CLOSE
19576,1599,3540,DISTANT
19577,3432,4436,CLOSE
19578,8298,8781,CASUAL
19579,6103,3897,DISTANT
19580,1943,3849,CLOSE
19581,4004,339,DISTANT
19582,5586,1492,DISTANT
19583,6144,8678,CLOSE
19584,32,4875,CLOSE
19585,6224,1485,CASUAL
19586,5733,3022,CLOSE
19587,4003,224,CLOSE
19588,9073,2458,CASUAL
19589,3111,3340,DISTANT
19590,1488,1869,CLOSE
19591,1855,7489,CLOSE
19592,2634,3859,CASUAL
19593,5750,6582,CLOSE
19594,908,5445,CASUAL
19595,4829,9400,DISTANT
19596,4369,6513,CASUAL
19597,4833,2650,DISTANT
19598,4934,2708,CASUAL
19599,8600,892,CLOSE
19600,8488,6033,CASUAL
19601,1235,3170,DISTANT
19602,9606,7124,CASUAL
19603,6603,5555,CASUAL
19604,3729,1139,DISTANT
19605,4097,9506,DISTANT
19606,8835,7284,DISTANT
19607,8791,2997,CLOSE
19608,6200,2602,CLOSE
19609,8571,172,CASUAL
19610,1180,1971,DISTANT
19611,2962,8777,DISTANT
19612,7019,966,CASUAL
19613,6813,249,DISTANT
19614,8144,2389,CASUAL
19615,2941,5129,CLOSE
19616,8199,7181,CLOSE
19617,3537,4362,CASUAL
19618,5581,6367,CLOSE
19619,6088,7016,CLOSE
19620,8588,2,CLOSE
19621,2453,7380,DISTANT
19622,2035,4248,CASUAL
19623,6061,6069,DISTANT
19624,4857,9167,CLOSE
19625,9008,8068,CLOSE
19626,6491,7413,CASUAL
19627,9164,4557,CLOSE
19628,4037,1610,DISTANT
19629,7787,5298,CLOSE
19630,4172,590,DISTANT
19631,5945,8012,CLOSE
19632,3558,9405,CASUAL
19633,2048,7126,CLOSE
19634,235,5423,DISTANT
19635,5183,1310,CASUAL
19636,890,2791,CLOSE
19637,3392,2397,CLOSE
19638,6456,5113,CASUAL
19639,7848,1727,CLOSE
19640,6742,2873,CLOSE
19641,2443,6030,DISTANT
19642,6831,9884,DISTANT
19643,5202,8926,CASUAL
19644,403,4272,CASUAL
19645,8433,7370,CASUAL
19646,9153,2077,CLOSE
19647,7142,4951,CASUAL
19648,564,1743,CLOSE
19649,2785,1423,CLOSE
19650,5198,4037,DISTANT
19651,372,6792,CLOSE
19652,4650,4679,CLOSE
19653,6832,8628,CASUAL
19654,7447,2504,CLOSE
19655,8102,5384,DISTANT
19656,9999,352,CLOSE
19657,2516,1371,CASUAL
19658,4622,4081,DISTANT
19659,8716,6062,CASUAL
19660,2446,8969,CASUAL
19661,5732,8035,CASUAL
19662,326,117,CLOSE
19663,2741,3159,CLOSE
19664,3421,6960,CASUAL
19665,6487,3879,CASUAL
19666,3379,3727,CASUAL
19667,9084,5582,DISTANT
19668,4502,7960,DISTANT
19669,2610,4873,DISTANT
19670,2745,6605,CASUAL
19671,340,5938,CLOSE
19672,9259,6863,CASUAL
19673,216,3210,DISTANT
19674,3810,888,CASUAL
19675,7509,4932,CLOSE
19676,1829,5321,CLOSE
19677,6380,2793,CLOSE
19678,2113,9903,CLOSE
19679,4864,6961,DISTANT
19680,8628,2687,CLOSE
19681,5705,4954,CASUAL
19682,3564,5604,CASUAL
19683,3783,9643,CLOSE
19684,5999,8618,CLOSE
19685,3966,3015,CASUAL
19686,9101,770,CASUAL
19687,3327,3885,CASUAL
19688,5440,2742,CASUAL
19689,5098,7448,CLOSE
19690,7510,8129,CLOSE
19691,4287,628,DISTANT
19692,8794,3408,CLOSE
19693,206,6938,CASUAL
19694,3958,8047,DISTANT
19695,8392,6649,CASUAL
19696,5465,586,DISTANT
19697,3020,4287,DISTANT
19698,3897,8280,DISTANT
19699,8889,4701,CASUAL
19700,1180,1156,DISTANT
19701,1116,9842,DISTANT
19702,4492,3016,DISTANT
19703,3890,6654,CLOSE
19704,4878,1568,DISTANT
19705,6363,4021,CASUAL
19706,9407,2642,DISTANT
19707,7985,940,DISTANT
19708,8369,7338,CASUAL
19709,7315,3097,DISTANT
19710,4261,4309,CASUAL
19711,9281,6262,DISTANT
19712,7395,2723,CLOSE
19713,4625,6930,CLOSE
19714,6806,7333,CLOSE
19715,4809,5808,CLOSE
19716,8895,1862,DISTANT
19717,6535,8783,DISTANT
19718,7035,9570,CLOSE
19719,1063,9817,DISTANT
19720,1631,7437,CLOSE
19721,5907,4522,CLOSE
19722,1815,393,CLOSE
19723,2175,6652,CASUAL
19724,1898,9812,CASUAL
19725,493,9632,CLOSE
19726,5430,3230,CASUAL
19727,8259,9355,DISTANT
19728,4780,2214,CLOSE
19729,2555,4249,CASUAL
19730,751,7513,DISTANT
19731,7384,2216,DISTANT
19732,6405,153,CASUAL
19733,9027,4844,DISTANT
19734,346,5946,CLOSE
19735,2583,7976,CASUAL
19736,2836,1875,CASUAL
19737,2956,2076,CLOSE
19738,2239,432,CLOSE
19739,9260,2753,DISTANT
19740,6731,4610,CASUAL
19741,6999,602,CASUAL
19742,1293,8948,CLOSE
19743,9074,3432,DISTANT
19744,330,4879,CLOSE
19745,3757,4950,CLOSE
19746,4031,6937,DISTANT
19747,9316,3480,DISTANT
19748,7580,1519,CLOSE
19749,9506,1997,CASUAL
19750,6276,2287,CASUAL
19751,1462,1166,CASUAL
19752,4752,257,CASUAL
19753,7228,4855,CLOSE
19754,4600,1287,CASUAL
19755,1247,3803,DISTANT
19756,5123,4068,CLOSE
19757,7040,1296,CLOSE
19758,5963,7263,CASUAL
19759,8177,6348,CASUAL
19760,9715,5846,CLOSE
19761,3621,8078,CLOSE
19762,6963,4611,CASUAL
19763,8038,2383,DISTANT
19764,9780,1110,DISTANT
19765,3807,148,CASUAL
19766,5378,1358,CASUAL
19767,2445,4451,DISTANT
19768,7184,1029,CASUAL
19769,3316,5979,DISTANT
19770,4205,4881,DISTANT
19771,3866,2724,DISTANT
19772,4461,6096,DISTANT
19773,7013,8208,DISTANT
19774,5321,7508,CLOSE
19775,4509,2656,DISTANT
19776,2507,5754,DISTANT
19777,8243,3960,DISTANT
19778,9987,676,CASUAL
19779,376,976,CASUAL
19780,6128,3030,CASUAL
19781,8531,6423,CASUAL
19782,3191,2688,CASUAL
19783,6996,8836,CLOSE
19784,8507,1569,CLOSE
19785,8202,8121,CLOSE
19786,33,274,DISTANT
19787,7891,5237,CASUAL
19788,6355,219,CLOSE
19789,2726,9400,DISTANT
19790,7219,8445,DISTANT
19791,2112,7636,CASUAL
19792,4621,8923,CASUAL
19793,1483,2336,CASUAL
19794,1570,1146,CLOSE
19795,1279,8556,CASUAL
19796,8949,5809,CLOSE
19797,6005,8419,CLOSE
19798,6074,9663,DISTANT
19799,9150,6091,CLOSE
19800,5771,2571,DISTANT
19801,7157,4026,CLOSE
19802,7118,1167,CLOSE
19803,2073,6824,CASUAL
19804,6552,1817,DISTANT
19805,2470,7243,CASUAL
19806,2259,335,CASUAL
19807,167,7165,CLOSE
19808,5730,4649,DISTANT
19809,407,1852,CLOSE
19810,2130,2115,CLOSE
19811,4652,4755,CLOSE
19812,853,3824,CLOSE
19813,2595,8667,CLOSE
19814,8248,9702,DISTANT
19815,9230,3353,CASUAL
19816,3576,6875,DISTANT
19817,1093,4992,DISTANT
19818,296,5775,CASUAL
19819,195,4124,CASUAL
19820,534,6570,CASUAL
19821,2441,1308,CLOSE
19822,3743,4912,CASUAL
19823,6134,6127,CASUAL
19824,188,3160,CLOSE
19825,2825,1565,CLOSE
19826,5394,6617,CASUAL
19827,2105,4484,CLOSE
19828,7528,6213,CLOSE
19829,8462,6598,CLOSE
19830,4063,869,DISTANT
19831,1494,65,CASUAL
19832,4076,657,CLOSE
19833,4459,6176,CLOSE
19834,6589,2537,DISTANT
19835,8675,1414,DISTANT
19836,2586,9807,DISTANT
19837,115,1192,DISTANT
19838,8373,4146,CLOSE
19839,5763,5048,CLOSE
19840,939,2283,CASUAL
19841,5468,3851,CASUAL
19842,7562,518,CLOSE
19843,5936,2102,DISTANT
19844,8184,8340,CLOSE
19845,8612,4995,CASUAL
19846,9972,8785,DISTANT
19847,8526,4804,CLOSE
19848,687,8451,CASUAL
19849,1934,7855,CLOSE
19850,2713,5967,DISTANT
19851,3832,3001,CLOSE
19852,260,466,CLOSE
19853,6428,6577,CASUAL
19854,2213,8830,DISTANT
19855,338,5200,CLOSE
19856,6501,1041,CLOSE
19857,7901,6776,DISTANT
19858,6613,9809,CLOSE
19859,3589,6123,CASUAL
19860,8207,4191,CASUAL
19861,220,7557,DISTANT
19862,721,5703,CLOSE
19863,3458,4364,CASUAL
19864,9124,5111,CASUAL
19865,7659,5633,DISTANT
19866,7339,7948,DISTANT
19867,7433,7404,DISTANT
19868,7677,9043,CLOSE
19869,3214,4920,CASUAL
19870,974,3287,DISTANT
19871,8715,7734,DISTANT
19872,1869,7895,DISTANT
19873,308,7923,CLOSE
19874,6804,4916,DISTANT
19875,8689,4380,CASUAL
19876,6596,6650,CASUAL
19877,4978,918,CASUAL
19878,3677,6122,DISTANT
19879,9459,8829,CLOSE
19880,4712,9888,DISTANT
19881,5836,702,CLOSE
19882,3101,6593,CASUAL
19883,2555,4648,CLOSE
19884,2871,4485,CASUAL
19885,8458,824,DISTANT
19886,2303,1094,CASUAL
19887,7992,4927,DISTANT
19888,1209,641,CLOSE
19889,6555,9455,DISTANT
19890,8053,1890,CLOSE
19891,7126,9076,CASUAL
19892,9061,1490,CLOSE
19893,2504,4331,DISTANT
19894,5295,3047,DISTANT
19895,4131,209,CLOSE
19896,6366,8937,CASUAL
19897,7273,8539,CLOSE
19898,2467,7706,CLOSE
19899,7675,1541,DISTANT
19900,1828,250,CASUAL
19901,5138,2022,CASUAL
19902,3346,6830,CLOSE
19903,8159,5168,CASUAL
19904,1706,2424,DISTANT
19905,1827,1786,DISTANT
19906,7191,8326,DISTANT
19907,1407,6321,DISTANT
19908,591,3850,DISTANT
19909,6571,2204,DISTANT
19910,9068,5294,CLOSE
19911,6035,7842,CLOSE
19912,8352,8893,DISTANT
19913,8501,4989,CLOSE
19914,1354,737,CASUAL
19915,3115,9947,DISTANT
19916,2879,3119,CASUAL
19917,6908,3368,CLOSE
19918,8048,3867,CASUAL
19919,2669,6915,CASUAL
19920,7547,1279,CLOSE
19921,5864,730,DISTANT
19922,7430,9474,CASUAL
19923,5322,8090,CASUAL
19924,1142,8787,DISTANT
19925,6446,7209,DISTANT
19926,2550,4528,CASUAL
19927,7855,7720,DISTANT
19928,8362,2553,DISTANT
19929,53,7328,CLOSE
19930,4505,9900,CASUAL
19931,3217,4596,DISTANT
19932,7695,6640,CASUAL
19933,6703,7803,CASUAL
19934,4901,3243,CLOSE
19935,6824,1860,DISTANT
19936,2645,4630,CASUAL
19937,850,9515,CASUAL
19938,7680,9196,DISTANT
19939,7315,7824,CASUAL
19940,5086,3122,DISTANT
19941,9066,1056,DISTANT
19942,7784,3082,DISTANT
19943,7470,232,CLOSE
19944,3188,5778,CASUAL
19945,6834,6026,CLOSE
19946,9877,471,CLOSE
19947,8946,8272,CLOSE
19948,5691,9204,DISTANT
19949,385,3424,CLOSE
19950,4804,2570,CLOSE
19951,6903,4123,CASUAL
19952,1475,4070,CASUAL
19953,6234,4351,CASUAL
19954,4629,5936,DISTANT
19955,7168,7524,CLOSE
19956,9597,163,CASUAL
19957,9053,728,CASUAL
19958,1581,9594,CLOSE
19959,5564,9154,CLOSE
19960,792,3020,CASUAL
19961,6639,9721,DISTANT
19962,5554,7969,DISTANT
19963,3003,537,CLOSE
19964,4902,4839,CLOSE
19965,7159,2330,CASUAL
19966,4188,6461,DISTANT
19967,1459,7354,DISTANT
19968,8889,9645,CLOSE
19969,2744,2501,CASUAL
19970,5196,2940,CLOSE
19971,7725,4365,DISTANT
19972,4909,745,CLOSE
19973,5177,4974,DISTANT
19974,8741,3830,CLOSE
19975,2605,8263,DISTANT
19976,2477,2253,CLOSE
19977,2524,7951,CASUAL
19978,7401,1030,CASUAL
19979,6189,6186,DISTANT
19980,5282,9243,CASUAL
19981,5081,5127,CLOSE
19982,2211,8199,DISTANT
19983,6855,2529,DISTANT
19984,5039,900,CLOSE
19985,3476,9240,DISTANT
19986,1958,6401,CLOSE
19987,2101,2312,CLOSE
19988,1486,5331,CLOSE
19989,182,5921,CLOSE
19990,9353,5729,CASUAL
19991,1341,3901,CASUAL
19992,6661,1806,CLOSE
19993,4489,4428,CASUAL
19994,9506,8490,CASUAL
19995,9083,5245,CLOSE
19996,5233,6713,CASUAL
19997,4566,2610,CASUAL
19998,943,1717,CLOSE
19999,3648,3514,CASUAL
20000,9905,2530,DISTANT
20001,4788,9860,DISTANT
20002,1100,8011,CLOSE
20003,8476,2658,CLOSE
20004,8329,4667,CASUAL
20005,1066,8422,DISTANT
20006,497,8357,CASUAL
20007,6804,6373,CASUAL
20008,8581,4598,CASUAL
20009,4518,9616,CLOSE
20010,885,4656,DISTANT
20011,3110,5717,DISTANT
20012,3371,3794,CLOSE
20013,2164,1215,DISTANT
20014,8284,3428,CASUAL
20015,3805,3944,CASUAL
20016,367,3645,CASUAL
20017,6652,397,CASUAL
20018,7012,6378,DISTANT
20019,8178,731,CLOSE
20020,3233,5019,CLOSE
20021,6378,9143,DISTANT
20022,7778,6403,CASUAL
20023,5029,5713,CLOSE
20024,2825,4261,DISTANT
20025,5172,6970,CASUAL
20026,3024,1036,CLOSE
20027,1977,2519,CASUAL
20028,5223,8366,DISTANT
20029,4553,7204,CLOSE
20030,3875,8982,DISTANT
20031,8721,5087,DISTANT
20032,9860,8924,CASUAL
20033,4728,8584,CASUAL
20034,5172,4663,DISTANT
20035,5677,3392,CLOSE
20036,4590,8136,CLOSE
20037,3479,4871,CASUAL
20038,5881,5111,DISTANT
20039,3169,5076,CLOSE
20040,7418,2459,CLOSE
20041,5156,1101,CLOSE
20042,4010,8162,CLOSE
20043,6464,9503,DISTANT
20044,6211,905,CLOSE
20045,1591,2138,CASUAL
20046,9418,9527,DISTANT
20047,3762,3721,CLOSE
20048,4230,5037,DISTANT
20049,8956,9079,CASUAL
20050,5730,8951,CLOSE
20051,5687,6028,DISTANT
20052,3517,3046,CLOSE
20053,1188,5113,CASUAL
20054,9460,7324,DISTANT
20055,6887,2095,CLOSE
20056,2879,185,CASUAL
20057,252,5692,CASUAL
20058,1691,5875,DISTANT
20059,4582,6558,DISTANT
20060,6103,1115,CASUAL
20061,259,3116,DISTANT
20062,2537,7768,DISTANT
20063,8051,8984,CLOSE
20064,6981,3028,CASUAL
20065,4338,5301,CLOSE
20066,4103,8936,CLOSE
20067,7382,4,DISTANT
20068,2267,7605,CASUAL
20069,880,6265,CASUAL
20070,3277,6419,CLOSE
20071,8331,8502,CASUAL
20072,1489,6311,CLOSE
20073,5281,7151,CASUAL
20074,473,1724,CLOSE
20075,8395,964,DISTANT
20076,2229,4190,CLOSE
20077,7804,8060,CASUAL
20078,1377,2117,CASUAL
20079,5638,1491,CLOSE
20080,5456,3276,CASUAL
20081,3380,2031,DISTANT
20082,454,1587,DISTANT
20083,2976,4867,DISTANT
20084,973,7149,CLOSE
20085,4433,8984,DISTANT
20086,2486,9200,DISTANT
20087,2597,3856,CLOSE
20088,4358,7841,CLOSE
20089,5577,5877,CASUAL
20090,7052,1806,CLOSE
20091,9079,5005,CLOSE
20092,8247,6358,DISTANT
20093,7381,9458,CASUAL
20094,2370,9392,CASUAL
20095,2216,3439,CLOSE
20096,5168,6857,CASUAL
20097,9574,1948,CASUAL
20098,3232,2272,DISTANT
20099,7136,950,DISTANT
20100,2925,3849,CLOSE
20101,1760,7704,CASUAL
20102,2347,6399,CLOSE
20103,9537,5704,CASUAL
20104,6709,7923,CLOSE
20105,524,9945,CASUAL
20106,3699,2338,DISTANT
20107,5919,8263,CASUAL
20108,9067,7876,CLOSE
20109,5459,9249,CLOSE
20110,2388,4155,CASUAL
20111,5289,9859,DISTANT
20112,2906,5096,DISTANT
20113,6402,1341,CLOSE
20114,5128,9103,CLOSE
20115,1488,9234,CASUAL
20116,4790,8249,CLOSE
20117,8782,9000,CASUAL
20118,2591,2114,CLOSE
20119,5013,8683,CLOSE
20120,4962,9315,CASUAL
20121,9408,5065,DISTANT
20122,577,3536,DISTANT
20123,4498,3243,DISTANT
20124,5778,6433,CLOSE
20125,1414,9880,CASUAL
20126,8626,1561,DISTANT
20127,6368,1174,DISTANT
20128,362,2064,DISTANT
20129,9932,7593,CASUAL
20130,4040,9658,CLOSE
20131,6381,9146,CASUAL
20132,2912,9870,CLOSE
20133,1844,8713,CASUAL
20134,8028,4504,CASUAL
20135,8616,7502,CLOSE
20136,3353,7695,CASUAL
20137,5796,7949,CASUAL
20138,5182,3600,CASUAL
20139,457,5439,CLOSE
20140,5942,3253,CLOSE
20141,2608,7618,CLOSE
20142,5427,8234,CASUAL
20143,716,7463,DISTANT
20144,9930,4011,CASUAL
20145,7720,9601,CLOSE
20146,2427,5602,DISTANT
20147,3213,8697,CLOSE
20148,2912,1656,CASUAL
20149,5217,1967,CASUAL
20150,6360,1923,DISTANT
20151,1699,1874,DISTANT
20152,4284,9566,DISTANT
20153,3501,6867,DISTANT
20154,6430,3223,CASUAL
20155,1435,6921,CASUAL
20156,5862,8707,CLOSE
20157,8772,3934,CASUAL
20158,2364,4120,DISTANT
20159,168,1262,CLOSE
20160,3961,6039,DISTANT
20161,4747,9300,DISTANT
20162,8823,9166,DISTANT
20163,2155,3941,DISTANT
20164,4130,2195,CLOSE
20165,7211,6351,CASUAL
20166,1347,9688,CASUAL
20167,292,8269,DISTANT
20168,2203,8431,CLOSE
20169,5000,5960,CLOSE
20170,1229,994,CASUAL
20171,5735,2047,CLOSE
20172,4259,8249,DISTANT
20173,6541,6030,CASUAL
20174,5998,1995,CLOSE
20175,3280,3216,CLOSE
20176,2963,3144,CASUAL
20177,7671,1340,CLOSE
20178,3128,826,DISTANT
20179,2603,1505,CLOSE
20180,3058,6832,DISTANT
20181,6440,6142,CLOSE
20182,2512,3820,CLOSE
20183,400,522,CLOSE
20184,6129,4699,CLOSE
20185,8590,6439,CLOSE
20186,9002,7899,DISTANT
20187,9300,492,CASUAL
20188,4621,6971,CASUAL
20189,4685,9765,DISTANT
20190,4220,8577,CLOSE
20191,6655,8326,DISTANT
20192,2669,5016,CASUAL
20193,3536,2238,CASUAL
20194,5388,3439,CLOSE
20195,901,526,CLOSE
20196,3382,2567,DISTANT
20197,2912,1820,CASUAL
20198,873,4059,DISTANT
20199,2533,8866,CASUAL
20200,1340,3812,DISTANT
20201,6228,7942,DISTANT
20202,9296,5273,CLOSE
20203,535,3062,DISTANT
20204,8829,9440,CLOSE
20205,194,9208,DISTANT
20206,7373,3077,CLOSE
20207,2290,519,CASUAL
20208,5743,5543,CLOSE
20209,6924,9782,CLOSE
20210,988,8359,CLOSE
20211,7263,7963,CLOSE
20212,6779,7989,CLOSE
20213,4026,4399,CASUAL
20214,5876,2797,DISTANT
20215,5341,1345,CLOSE
20216,1625,892,CASUAL
20217,7543,4056,CLOSE
20218,4058,6563,DISTANT
20219,7525,3363,DISTANT
20220,78,6588,DISTANT
20221,4961,1881,CASUAL
20222,7633,9587,DISTANT
20223,7448,6425,DISTANT
20224,8807,6294,CASUAL
20225,4160,5463,CASUAL
20226,1587,4033,DISTANT
20227,9228,3759,CASUAL
20228,3908,7685,CLOSE
20229,5458,2481,DISTANT
20230,4249,9021,DISTANT
20231,848,7778,CASUAL
20232,2929,5783,CASUAL
20233,1151,2529,CLOSE
20234,1708,2852,CASUAL
20235,5673,3490,CLOSE
20236,8779,9201,DISTANT
20237,5955,231,DISTANT
20238,5838,4795,DISTANT
20239,4365,1448,CLOSE
20240,3430,6754,CLOSE
20241,4350,1201,CASUAL
20242,8615,9305,DISTANT
20243,2207,3335,DISTANT
20244,7233,4035,CLOSE
20245,4583,5370,DISTANT
20246,2403,6554,DISTANT
20247,4893,716,CASUAL
20248,7507,8165,CLOSE
20249,647,2383,CLOSE
20250,1105,4237,CASUAL
20251,3701,9542,CASUAL
20252,4027,8054,CLOSE
20253,9733,3166,DISTANT
20254,7071,7358,CLOSE
20255,6356,10,CASUAL
20256,4404,312,CLOSE
20257,8220,7334,CASUAL
20258,1111,8614,CLOSE
20259,1931,8007,CLOSE
20260,957,407,DISTANT
20261,1702,4323,CLOSE
20262,2893,8459,CASUAL
20263,8209,6802,DISTANT
20264,9384,6142,DISTANT
20265,2520,388,CASUAL
20266,847,4281,CLOSE
20267,3988,1838,CASUAL
20268,1894,4523,CLOSE
20269,8139,1659,CASUAL
20270,7385,2683,DISTANT
20271,7197,8445,DISTANT
20272,6704,3621,CLOSE
20273,6672,1231,CASUAL
20274,1766,4710,CLOSE
20275,5967,6863,CLOSE
20276,3074,9670,CASUAL
20277,2814,4079,DISTANT
20278,4584,1606,CASUAL
20279,152,4765,DISTANT
20280,6526,2991,DISTANT
20281,9196,3555,CASUAL
20282,3044,4744,DISTANT
20283,230,1356,CASUAL
20284,9568,9784,CASUAL
20285,4113,7705,CASUAL
20286,140,17,CLOSE
20287,3681,8769,DISTANT
20288,9136,5357,CASUAL
20289,1223,5505,CASUAL
20290,9668,9464,DISTANT
20291,2020,7091,DISTANT
20292,968,3205,CASUAL
20293,521,4702,CLOSE
20294,7602,2781,DISTANT
20295,4152,6632,CASUAL
20296,8247,7736,CASUAL
20297,5547,3310,CLOSE
20298,502,4758,CLOSE
20299,9935,4200,CASUAL
20300,1377,9502,CLOSE
20301,3346,7051,DISTANT
20302,3179,1680,CLOSE
20303,4660,9733,CASUAL
20304,4723,8629,DISTANT
20305,4500,2130,CLOSE
20306,4338,5621,CASUAL
20307,716,31,DISTANT
20308,1492,8084,DISTANT
20309,8037,1125,CLOSE
20310,8609,3674,CASUAL
20311,5998,258,DISTANT
20312,6550,4424,DISTANT
20313,1952,9206,CASUAL
20314,267,4529,CLOSE
20315,4047,6656,CLOSE
20316,6204,4761,CLOSE
20317,9848,1174,CLOSE
20318,2562,2582,CASUAL
20319,3052,5475,DISTANT
20320,2828,4201,DISTANT
20321,1377,7921,CASUAL
20322,164,1237,CLOSE
20323,5545,3906,DISTANT
20324,188,6429,CLOSE
20325,4669,5150,CLOSE
20326,4191,2688,DISTANT
20327,9658,3440,CLOSE
20328,2367,3898,CASUAL
20329,6969,8507,CLOSE
20330,4696,6392,CASUAL
20331,4284,693,DISTANT
20332,8285,5480,DISTANT
20333,5701,3889,DISTANT
20334,2082,1392,CLOSE
20335,7731,3478,DISTANT
20336,7074,4691,CASUAL
20337,9708,2904,DISTANT
20338,3498,9938,CLOSE
20339,7755,7037,CASUAL
20340,8828,6152,DISTANT
20341,1616,3452,DISTANT
20342,5157,8085,DISTANT
20343,9294,5786,CASUAL
20344,5333,7848,CLOSE
20345,3925,7041,DISTANT
20346,3724,8410,DISTANT
20347,349,8578,DISTANT
20348,9031,3445,CASUAL
20349,3490,8201,CASUAL
20350,9314,265,CASUAL
20351,9030,1042,CASUAL
20352,6037,4389,DISTANT
20353,8487,3250,CLOSE
20354,5525,7139,CASUAL
20355,5441,3851,DISTANT
20356,1135,9739,CASUAL
20357,8635,9692,DISTANT
20358,1049,4645,CLOSE
20359,7968,1882,CASUAL
20360,638,279,DISTANT
20361,8170,2155,CASUAL
20362,7591,1988,CASUAL
20363,8585,7582,CASUAL
20364,10,3969,CASUAL
20365,5828,1127,CASUAL
20366,7918,3707,CASUAL
20367,8284,5705,CASUAL
20368,3221,2565,CLOSE
20369,58,6118,DISTANT
20370,6053,480,CLOSE
20371,8108,9985,DISTANT
20372,2855,6844,CLOSE
20373,4181,6686,CASUAL
20374,3665,3564,CLOSE
20375,5755,9371,CLOSE
20376,1201,7795,CASUAL
20377,5628,430,CASUAL
20378,8922,6185,CLOSE
20379,9102,1597,CLOSE
20380,4845,8654,CLOSE
20381,5778,5508,CLOSE
20382,373,2203,DISTANT
20383,3240,2044,CLOSE
20384,5644,9201,CASUAL
20385,5172,9833,DISTANT
20386,7756,5918,CLOSE
20387,5426,4141,CLOSE
20388,371,1642,CASUAL
20389,5058,2121,DISTANT
20390,2339,7772,CLOSE
20391,8680,5267,CASUAL
20392,178,3594,CASUAL
20393,6732,6372,DISTANT
20394,1302,8270,DISTANT
20395,1042,8612,CASUAL
20396,1254,6028,DISTANT
20397,3492,3600,CLOSE
20398,1927,1595,CLOSE
20399,8497,9336,DISTANT
20400,4714,8994,DISTANT
20401,9834,8488,CLOSE
20402,6144,6362,DISTANT
20403,3670,4281,CASUAL
20404,2138,8546,CLOSE
20405,1040,9236,CLOSE
20406,3990,4313,CLOSE
20407,8646,9595,CLOSE
20408,2008,4242,DISTANT
20409,93,4433,CASUAL
20410,3106,2982,DISTANT
20411,8336,926,DISTANT
20412,123,4942,DISTANT
20413,3381,7453,DISTANT
20414,6278,9557,CASUAL
20415,412,5405,CASUAL
20416,280,6843,DISTANT
20417,5844,8098,CLOSE
20418,6664,7427,DISTANT
20419,4420,8637,DISTANT
20420,4275,1339,CASUAL
20421,8876,8909,DISTANT
20422,5072,5793,CASUAL
20423,5959,1836,CASUAL
20424,5837,4107,CLOSE
20425,6148,4860,CASUAL
20426,315,2896,DISTANT
20427,8,9995,CLOSE
20428,9523,1537,DISTANT
20429,7302,7827,CLOSE
20430,1530,6556,CLOSE
20431,940,4639,CASUAL
20432,1998,4098,CASUAL
20433,7343,3302,DISTANT
20434,9658,225,DISTANT
20435,6894,8948,CLOSE
20436,1975,1160,CLOSE
20437,3301,6334,CASUAL
20438,9238,869,DISTANT
20439,5616,3224,CLOSE
20440,1533,381,DISTANT
20441,28,9889,DISTANT
20442,281,1030,CASUAL
20443,5099,498,DISTANT
20444,7101,1110,DISTANT
20445,1069,2877,DISTANT
20446,342,4434,CASUAL
20447,860,4973,CLOSE
20448,3144,7093,CASUAL
20449,3676,7679,DISTANT
20450,3792,8752,CASUAL
20451,2528,8760,CLOSE
20452,5197,1932,CLOSE
20453,109,8322,CASUAL
20454,7359,9870,CLOSE
20455,8124,82,DISTANT
20456,8211,3968,CASUAL
20457,452,4084,DISTANT
20458,512,5865,CLOSE
20459,303,6849,CASUAL
20460,7269,5124,CLOSE
20461,5227,8384,CLOSE
20462,6257,5700,CLOSE
20463,7846,7974,DISTANT
20464,224,2198,CLOSE
20465,9608,4429,CASUAL
20466,1916,637,CASUAL
20467,5236,6074,CLOSE
20468,1274,5283,CASUAL
20469,8535,3221,CASUAL
20470,5930,720,DISTANT
20471,9804,853,DISTANT
20472,2022,5909,CLOSE
20473,150,9522,DISTANT
20474,7003,7321,CASUAL
20475,2474,8662,DISTANT
20476,3543,2965,DISTANT
20477,5311,9487,CASUAL
20478,2932,5920,CLOSE
20479,3495,9333,DISTANT
20480,2922,9374,DISTANT
20481,9237,906,DISTANT
20482,8548,4462,CLOSE
20483,8586,4306,DISTANT
20484,1417,2845,DISTANT
20485,6145,1182,DISTANT
20486,2637,9157,CASUAL
20487,8321,8340,CLOSE
20488,8074,8253,DISTANT
20489,5562,7554,DISTANT
20490,9992,8316,CLOSE
20491,6862,1111,CLOSE
20492,5562,2069,DISTANT
20493,3610,5469,DISTANT
20494,3697,1678,CASUAL
20495,9128,3396,CLOSE
20496,8242,7458,DISTANT
20497,3323,6195,CLOSE
20498,7159,9449,DISTANT
20499,6603,3577,DISTANT
20500,8418,4966,DISTANT
20501,5602,8919,DISTANT
20502,273,1453,CASUAL
20503,1872,5596,CASUAL
20504,5667,3914,CLOSE
20505,3909,2033,CLOSE
20506,8217,9975,DISTANT
20507,4338,2064,DISTANT
20508,9237,6476,CASUAL
20509,3831,7399,CLOSE
20510,1195,7334,CLOSE
20511,176,8300,DISTANT
20512,5788,6252,CASUAL
20513,1779,7444,CLOSE
20514,167,5724,CLOSE
20515,445,9432,CLOSE
20516,449,1841,CASUAL
20517,6742,3219,CLOSE
20518,8377,5236,DISTANT
20519,1287,2781,CASUAL
20520,8536,9355,DISTANT
20521,382,9744,DISTANT
20522,807,7249,CLOSE
20523,9782,2248,CLOSE
20524,3407,6494,DISTANT
20525,3874,7289,CLOSE
20526,6943,7298,CLOSE
20527,5150,7166,CLOSE
20528,9064,8375,DISTANT
20529,9167,7339,CLOSE
20530,164,2613,DISTANT
20531,6190,2869,CASUAL
20532,2813,2626,CLOSE
20533,5287,7345,DISTANT
20534,4196,5551,CASUAL
20535,8044,4984,CASUAL
20536,8005,3789,CASUAL
20537,8966,6665,DISTANT
20538,7162,6205,CLOSE
20539,7485,8059,DISTANT
20540,3580,2549,CLOSE
20541,613,7075,CLOSE
20542,4698,3660,CASUAL
20543,3615,5069,CASUAL
20544,9697,249,CLOSE
20545,2056,2653,CLOSE
20546,1707,2480,DISTANT
20547,3577,5114,DISTANT
20548,4294,8221,CLOSE
20549,7791,2338,DISTANT
20550,8199,7323,DISTANT
20551,9875,8199,DISTANT
20552,5983,2724,DISTANT
20553,4238,665,DISTANT
20554,7304,3429,DISTANT
20555,3751,8455,CLOSE
20556,9387,2407,DISTANT
20557,7701,1805,CLOSE
20558,1145,2052,CLOSE
20559,4550,4999,DISTANT
20560,9755,3357,CLOSE
20561,8156,6032,CLOSE
20562,251,9583,DISTANT
20563,5012,1129,CLOSE
20564,5818,4567,CASUAL
20565,5089,8762,CLOSE
20566,4845,2520,CLOSE
20567,1160,2634,DISTANT
20568,2644,6376,CLOSE
20569,1812,7629,CASUAL
20570,5584,2447,DISTANT
20571,8901,9699,CLOSE
20572,9220,6368,DISTANT
20573,3026,9476,CLOSE
20574,2124,4107,CLOSE
20575,1210,52,DISTANT
20576,449,248,DISTANT
20577,8824,8750,DISTANT
20578,6541,4822,CASUAL
20579,1297,6717,DISTANT
20580,6414,7137,CLOSE
20581,8737,5102,CLOSE
20582,1823,1593,CLOSE
20583,7918,438,CASUAL
20584,8246,5946,CASUAL
20585,200,2603,CLOSE
20586,7618,8611,DISTANT
20587,1135,2167,CASUAL
20588,105,3560,CLOSE
20589,1996,8936,CLOSE
20590,6769,6648,CLOSE
20591,8871,9209,CLOSE
20592,8310,9032,CASUAL
20593,4207,4180,DISTANT
20594,4520,9493,DISTANT
20595,7920,8796,DISTANT
20596,4687,3980,CASUAL
20597,825,2951,DISTANT
20598,8328,701,DISTANT
20599,1636,1350,DISTANT
20600,9020,7901,DISTANT
20601,7890,6556,CLOSE
20602,216,5634,CLOSE
20603,970,3590,CLOSE
20604,3759,2486,DISTANT
20605,8893,81,CASUAL
20606,3839,3190,DISTANT
20607,4292,5066,CLOSE
20608,5743,3243,CASUAL
20609,7124,258,CLOSE
20610,3002,604,DISTANT
20611,6433,4913,CASUAL
20612,7236,2988,CASUAL
20613,3036,2891,DISTANT
20614,9745,2082,DISTANT
20615,9639,4770,CLOSE
20616,6701,6269,CASUAL
20617,5419,2053,DISTANT
20618,9609,8423,CASUAL
20619,7049,6520,CLOSE
20620,9373,7485,CLOSE
20621,5164,4080,CASUAL
20622,3446,7309,DISTANT
20623,4797,1307,CASUAL
20624,9123,1242,CLOSE
20625,5665,9350,CLOSE
20626,51,5304,CASUAL
20627,1560,1807,CLOSE
20628,8024,3444,CLOSE
20629,4285,1416,CLOSE
20630,1439,7496,CASUAL
20631,2873,9059,CLOSE
20632,4928,9038,DISTANT
20633,8120,7381,CASUAL
20634,158,6499,CASUAL
20635,4325,2774,CLOSE
20636,6550,8273,CASUAL
20637,9651,9437,DISTANT
20638,2815,3535,CASUAL
20639,6976,2880,DISTANT
20640,7668,3750,CASUAL
20641,5221,9753,CASUAL
20642,2014,7780,CLOSE
20643,8405,9599,CASUAL
20644,2216,8849,CASUAL
20645,6333,7081,CASUAL
20646,3324,6900,CLOSE
20647,2763,1292,CASUAL
20648,1490,6839,CASUAL
20649,5945,5742,CLOSE
20650,8230,9608,CASUAL
20651,7497,8874,CLOSE
20652,315,8905,CASUAL
20653,6762,5176,CLOSE
20654,1684,2936,DISTANT
20655,4982,9341,CLOSE
20656,5415,1028,DISTANT
20657,6008,8172,DISTANT
20658,1561,337,CLOSE
20659,9212,927,CLOSE
20660,3297,6140,CLOSE
20661,3692,2711,CASUAL
20662,4450,7787,CLOSE
20663,5847,5474,CASUAL
20664,5186,3618,DISTANT
20665,8887,4644,CASUAL
20666,2348,9823,DISTANT
20667,9861,2859,CASUAL
20668,5092,908,CASUAL
20669,2078,4733,CLOSE
20670,4516,8673,DISTANT
20671,3795,1609,DISTANT
20672,2357,2031,CLOSE
20673,1999,4933,CASUAL
20674,5973,8341,DISTANT
20675,8947,7457,DISTANT
20676,9020,8765,CASUAL
20677,3374,6836,CASUAL
20678,6012,3662,CASUAL
20679,5943,1456,CLOSE
20680,2005,1150,DISTANT
20681,3641,4678,CLOSE
20682,6214,1718,CLOSE
20683,5671,4753,CLOSE
20684,8338,9336,CLOSE
20685,8123,5292,DISTANT
20686,9034,9530,CLOSE
20687,2363,9762,CLOSE
20688,7444,303,DISTANT
20689,9658,8612,DISTANT
20690,6647,4697,CASUAL
20691,4385,7627,DISTANT
20692,1165,906,CLOSE
20693,9820,5899,CLOSE
20694,8353,7177,CLOSE
20695,4683,4822,CLOSE
20696,5338,2071,CASUAL
20697,2749,9660,CLOSE
20698,394,9741,DISTANT
20699,8630,5314,CASUAL
20700,2333,2927,CLOSE
20701,2806,6979,DISTANT
20702,5172,6877,CASUAL
20703,3784,7105,DISTANT
20704,9201,8699,CASUAL
20705,1931,2390,CLOSE
20706,2264,5687,CASUAL
20707,542,2816,CASUAL
20708,3821,4558,DISTANT
20709,8412,6550,CLOSE
20710,5149,9619,DISTANT
20711,1940,3219,CLOSE
20712,5452,5162,DISTANT
20713,7546,7364,CASUAL
20714,4082,38,CASUAL
20715,4200,2980,CLOSE
20716,2900,1571,DISTANT
20717,3027,3209,CASUAL
20718,3864,3010,DISTANT
20719,7206,9868,DISTANT
20720,6009,8117,DISTANT
20721,3921,1262,DISTANT
20722,6064,6193,CLOSE
20723,4881,3878,CLOSE
20724,1889,7742,CASUAL
20725,1906,2233,DISTANT
20726,8551,8669,CLOSE
20727,6638,2835,DISTANT
20728,9608,2154,DISTANT
20729,2004,8414,DISTANT
20730,5912,4704,CLOSE
20731,2512,8825,DISTANT
20732,3265,8409,CASUAL
20733,3141,4128,CASUAL
20734,5879,4519,CLOSE
20735,142,3876,DISTANT
20736,1463,3606,CLOSE
20737,4095,1848,DISTANT
20738,1976,9406,CLOSE
20739,3285,4062,DISTANT
20740,6455,4398,CLOSE
20741,1681,9154,DISTANT
20742,5492,8286,CLOSE
20743,9792,4554,CASUAL
20744,7289,9092,CLOSE
20745,4013,194,CASUAL
20746,898,3996,DISTANT
20747,4759,3918,CASUAL
20748,9801,6243,CASUAL
20749,1025,2853,CLOSE
20750,3408,3994,DISTANT
20751,9754,2467,DISTANT
20752,8136,5867,DISTANT
20753,8491,790,CLOSE
20754,7752,7418,DISTANT
20755,2783,8635,CASUAL
20756,4253,7901,CLOSE
20757,1801,6003,DISTANT
20758,2714,5431,DISTANT
20759,409,6498,DISTANT
20760,987,9062,CLOSE
20761,6689,4365,DISTANT
20762,8697,5556,CASUAL
20763,4840,8561,DISTANT
20764,429,1932,DISTANT
20765,4593,956,CASUAL
20766,7975,5776,CLOSE
20767,4523,9235,CLOSE
20768,5439,9794,CASUAL
20769,1542,8426,CLOSE
20770,1572,2105,CASUAL
20771,206,2871,DISTANT
20772,326,1570,CLOSE
20773,9576,7869,CLOSE
20774,4736,662,CLOSE
20775,1301,9225,CLOSE
20776,6120,9888,CLOSE
20777,3157,4927,CLOSE
20778,830,7881,CASUAL
20779,263,5951,DISTANT
20780,4774,6366,CLOSE
20781,6426,3802,CASUAL
20782,3631,366,DISTANT
20783,8281,773,CLOSE
20784,5467,998,CASUAL
20785,5350,3760,CASUAL
20786,5914,6914,CASUAL
20787,1708,7157,DISTANT
20788,3966,4720,DISTANT
20789,5388,484,CLOSE
20790,5373,3499,CLOSE
20791,1842,7965,CASUAL
20792,9098,2172,CLOSE
20793,5602,9666,CASUAL
20794,2953,3169,CLOSE
20795,6356,7024,CLOSE
20796,4911,3340,DISTANT
20797,8208,3468,DISTANT
20798,86,8044,CASUAL
20799,1185,393,DISTANT
20800,1350,1822,CLOSE
20801,1679,5698,CLOSE
20802,5790,4199,CASUAL
20803,579,8932,CASUAL
20804,5772,8831,DISTANT
20805,9262,4481,DISTANT
20806,8894,7543,CLOSE
20807,515,4398,CASUAL
20808,9921,7553,CASUAL
20809,9210,4832,DISTANT
20810,9084,4598,CASUAL
20811,4943,8932,CLOSE
20812,4078,99,DISTANT
20813,3341,9775,DISTANT
20814,6093,7555,DISTANT
20815,4165,2177,DISTANT
20816,7430,2258,CASUAL
20817,9015,7330,CASUAL
20818,1775,1761,CLOSE
20819,7639,43,CLOSE
20820,8514,6622,DISTANT
20821,4813,745,CASUAL
20822,9452,2313,CASUAL
20823,6345,1112,CASUAL
20824,5841,7749,CASUAL
20825,1599,7705,CLOSE
20826,5445,913,CLOSE
20827,4883,7465,CASUAL
20828,9317,9282,CASUAL
20829,6426,1815,CLOSE
20830,8465,4569,CASUAL
20831,4801,6893,CLOSE
20832,6094,393,CASUAL
20833,4004,5631,DISTANT
20834,5569,503,CASUAL
20835,1320,31,CASUAL
20836,2224,3919,CASUAL
20837,7898,4805,CASUAL
20838,7585,3027,CLOSE
20839,8563,5684,DISTANT
20840,6272,6646,CASUAL
20841,2768,3122,CASUAL
20842,427,6807,DISTANT
20843,1025,8302,CLOSE
20844,5561,3051,DISTANT
20845,5752,3755,CASUAL
20846,6380,8953,CASUAL
20847,7127,831,DISTANT
20848,5373,157,DISTANT
20849,653,264,DISTANT
20850,2774,2152,CASUAL
20851,8818,6794,CLOSE
20852,9635,6122,DISTANT
20853,5589,3259,CASUAL
20854,6165,4716,DISTANT
20855,3987,3283,DISTANT
20856,3833,1366,CASUAL
20857,9159,6710,CASUAL
20858,1475,9054,CLOSE
20859,2029,5355,DISTANT
20860,9414,1239,CASUAL
20861,5141,303,CLOSE
20862,8133,2760,CASUAL
20863,8089,1195,CLOSE
20864,5135,5488,CLOSE
20865,8718,8397,CASUAL
20866,5752,4492,DISTANT
20867,1471,1626,CLOSE
20868,2322,7535,CLOSE
20869,2888,8970,CLOSE
20870,3631,6646,DISTANT
20871,8959,2933,CASUAL
20872,4441,9901,DISTANT
20873,6714,3174,DISTANT
20874,1067,4657,CASUAL
20875,9216,6515,CLOSE
20876,4521,3006,DISTANT
20877,9781,6672,CLOSE
20878,7508,6725,DISTANT
20879,2222,7803,DISTANT
20880,9198,968,CLOSE
20881,243,7442,DISTANT
20882,7823,1257,CLOSE
20883,2068,8593,CLOSE
20884,5485,3945,DISTANT
20885,4346,6083,CLOSE
20886,2836,1270,DISTANT
20887,3778,7306,CLOSE
20888,5391,8088,DISTANT
20889,1200,8043,CASUAL
20890,6805,8140,DISTANT
20891,3676,3842,CLOSE
20892,6177,8810,CLOSE
20893,8222,4415,DISTANT
20894,7160,3147,CASUAL
20895,7853,1595,CLOSE
20896,8901,9716,CASUAL
20897,3561,8896,DISTANT
20898,7356,814,CLOSE
20899,1885,8404,DISTANT
20900,7244,339,CASUAL
20901,8010,4166,CLOSE
20902,5774,8822,DISTANT
20903,5333,9244,DISTANT
20904,1117,8114,CASUAL
20905,6572,209,CASUAL
20906,6405,3163,CLOSE
20907,5070,3306,DISTANT
20908,7322,465,DISTANT
20909,4056,6454,CLOSE
20910,9664,2706,DISTANT
20911,8034,8355,DISTANT
20912,3141,8682,DISTANT
20913,2714,8156,CASUAL
20914,8737,4729,CLOSE
20915,7008,6487,DISTANT
20916,7558,2930,CLOSE
20917,8749,2691,CLOSE
20918,4714,9110,DISTANT
20919,5858,9373,CASUAL
20920,7089,6824,CASUAL
20921,9052,2741,CLOSE
20922,2995,7310,CASUAL
20923,1924,7543,DISTANT
20924,333,3093,DISTANT
20925,7445,4489,DISTANT
20926,1264,603,DISTANT
20927,351,5838,DISTANT
20928,681,830,DISTANT
20929,1190,4728,CASUAL
20930,3506,8177,CASUAL
20931,3731,6997,DISTANT
20932,2502,3577,CASUAL
20933,8685,3118,CASUAL
20934,7378,6280,CASUAL
20935,4758,4486,DISTANT
20936,2813,5346,CLOSE
20937,9274,8131,CLOSE
20938,7642,2517,CLOSE
20939,5987,9049,DISTANT
20940,5732,2757,CLOSE
20941,6895,2161,DISTANT
20942,6454,6715,CLOSE
20943,9386,7240,CLOSE
20944,1695,3515,CASUAL
20945,3164,6979,DISTANT
20946,2876,8340,DISTANT
20947,2147,3246,CASUAL
20948,6958,4048,CLOSE
20949,9238,6811,DISTANT
20950,1745,6939,CLOSE
20951,2365,4964,CASUAL
20952,9228,4348,CLOSE
20953,6589,9687,DISTANT
20954,480,9843,CASUAL
20955,5934,1844,CLOSE
20956,4168,9772,CASUAL
20957,2247,3637,CLOSE
20958,8050,6951,CASUAL
20959,8560,2249,CLOSE
20960,2213,536,CASUAL
20961,9324,733,CLOSE
20962,4753,4178,CLOSE
20963,9963,293,CLOSE
20964,6566,3400,DISTANT
20965,3046,4695,DISTANT
20966,1800,3033,CLOSE
20967,5380,2048,DISTANT
20968,3164,5036,DISTANT
20969,3670,5222,DISTANT
20970,7767,3496,CLOSE
20971,4789,2534,CLOSE
20972,6186,7918,DISTANT
20973,2553,6906,CASUAL
20974,7290,3411,DISTANT
20975,4220,3300,DISTANT
20976,5092,6926,DISTANT
20977,4115,7006,CLOSE
20978,4643,798,CASUAL
20979,6693,7457,CLOSE
20980,9787,7938,CLOSE
20981,3192,9800,CLOSE
20982,7809,7359,DISTANT
20983,9826,4925,DISTANT
20984,2048,4943,DISTANT
20985,6316,5672,DISTANT
20986,5823,3859,DISTANT
20987,6303,8778,CASUAL
20988,1858,5320,CASUAL
20989,6401,9437,CASUAL
20990,5865,1102,CASUAL
20991,5128,2927,DISTANT
20992,1068,641,CLOSE
20993,6531,701,DISTANT
20994,6083,5981,CLOSE
20995,3179,5994,DISTANT
20996,563,318,DISTANT
20997,2187,8281,CLOSE
20998,3510,4920,CASUAL
20999,1200,7969,DISTANT
21000,6705,8065,DISTANT
21001,1357,5573,DISTANT
21002,3077,8491,CASUAL
21003,8834,7253,CASUAL
21004,3794,8816,CLOSE
21005,5151,2489,DISTANT
21006,2942,511,DISTANT
21007,5370,214,DISTANT
21008,6416,1114,DISTANT
21009,1036,2038,DISTANT
21010,744,1194,DISTANT
21011,4581,8817,DISTANT
21012,1575,2369,CASUAL
21013,1699,6766,CLOSE
21014,372,648,CLOSE
21015,8600,7728,CLOSE
21016,2825,630,DISTANT
21017,2251,4452,CASUAL
21018,7655,70,DISTANT
21019,1119,3178,CLOSE
21020,8415,1391,DISTANT
21021,5867,8286,DISTANT
21022,9991,3979,CASUAL
21023,2460,8510,DISTANT
21024,8911,3984,DISTANT
21025,1508,649,CASUAL
21026,286,7727,CASUAL
21027,7093,2772,CLOSE
21028,2552,1488,CASUAL
21029,954,8080,CASUAL
21030,293,7381,DISTANT
21031,8567,9195,DISTANT
21032,5539,7912,CASUAL
21033,4223,1301,DISTANT
21034,7228,2519,CASUAL
21035,5229,8004,CASUAL
21036,637,1759,CLOSE
21037,3277,3100,CLOSE
21038,2952,1638,CASUAL
21039,5749,712,CASUAL
21040,6087,1104,DISTANT
21041,4350,4386,CLOSE
21042,3828,9983,CLOSE
21043,9785,1315,CLOSE
21044,5961,3385,CASUAL
21045,8823,7235,CLOSE
21046,2725,7516,DISTANT
21047,9576,8407,CASUAL
21048,8915,2468,DISTANT
21049,3928,6296,CLOSE
21050,8910,7743,DISTANT
21051,2668,1450,DISTANT
21052,3048,304,DISTANT
21053,6949,7444,DISTANT
21054,1716,9299,CLOSE
21055,2890,2693,CLOSE
21056,7200,8360,CASUAL
21057,1894,8360,CASUAL
21058,5421,7744,CLOSE
21059,3630,9398,DISTANT
21060,9473,3739,DISTANT
21061,1075,2789,CASUAL
21062,6717,5769,CASUAL
21063,3675,4988,DISTANT
21064,2813,9831,DISTANT
21065,1206,4830,CLOSE
21066,1400,2113,DISTANT
21067,41,6641,CLOSE
21068,3062,6212,DISTANT
21069,5407,357,CLOSE
21070,7771,6409,CASUAL
21071,9018,7687,CASUAL
21072,4533,4401,CLOSE
21073,4554,773,DISTANT
21074,6933,412,CASUAL
21075,7625,3839,CLOSE
21076,7076,8762,CASUAL
21077,3044,9327,CLOSE
21078,164,27,DISTANT
21079,2487,1486,CLOSE
21080,6675,5796,DISTANT
21081,2580,616,CLOSE
21082,8701,392,CLOSE
21083,3595,2107,DISTANT
21084,7189,3597,DISTANT
21085,146,5286,DISTANT
21086,875,6609,CLOSE
21087,1466,6602,CLOSE
21088,7498,1648,DISTANT
21089,2817,1212,DISTANT
21090,7430,1051,CASUAL
21091,1300,5410,CASUAL
21092,3699,5972,DISTANT
21093,6994,6651,CLOSE
21094,8202,7096,DISTANT
21095,3852,6851,CLOSE
21096,658,7661,DISTANT
21097,9045,6155,DISTANT
21098,1853,8323,CASUAL
21099,115,1063,DISTANT
21100,7205,2173,CASUAL
21101,4540,7727,CLOSE
21102,8105,2540,DISTANT
21103,7674,9722,CLOSE
21104,9883,4151,CLOSE
21105,9258,8404,CLOSE
21106,6242,5181,DISTANT
21107,1922,1081,CASUAL
21108,3339,1617,DISTANT
21109,9694,4891,CASUAL
21110,8445,9269,CASUAL
21111,772,9276,CASUAL
21112,3558,8406,CASUAL
21113,3117,9819,CASUAL
21114,5075,9673,CASUAL
21115,1023,3059,CASUAL
21116,4518,3010,CASUAL
21117,3171,5285,CASUAL
21118,5251,5137,CLOSE
21119,3285,9373,DISTANT
21120,6860,2393,CASUAL
21121,9948,7817,CASUAL
21122,2268,1659,CLOSE
21123,4819,4958,CASUAL
21124,6813,6783,DISTANT
21125,3042,1272,DISTANT
21126,487,7681,CLOSE
21127,300,8022,CLOSE
21128,9654,3517,DISTANT
21129,4768,7323,DISTANT
21130,3849,8816,CASUAL
21131,3798,78,CLOSE
21132,1178,6997,DISTANT
21133,2504,8887,DISTANT
21134,9918,1080,CASUAL
21135,9738,6957,DISTANT
21136,8120,8723,CASUAL
21137,903,3804,CASUAL
21138,3528,3494,CLOSE
21139,4331,6062,CASUAL
21140,1758,8060,DISTANT
21141,5006,8782,CLOSE
21142,5193,7098,DISTANT
21143,7350,865,DISTANT
21144,8060,7959,DISTANT
21145,188,4560,CLOSE
21146,3460,6530,DISTANT
21147,1029,8744,CLOSE
21148,4755,3821,CASUAL
21149,2047,4001,DISTANT
21150,2963,2711,CLOSE
21151,5603,4415,DISTANT
21152,1782,3086,CLOSE
21153,323,4319,DISTANT
21154,7212,9861,DISTANT
21155,2985,4261,CASUAL
21156,2324,5063,CASUAL
21157,1164,8619,CLOSE
21158,5897,2297,DISTANT
21159,115,9899,CASUAL
21160,3130,84,DISTANT
21161,1236,9038,CLOSE
21162,8413,211,CLOSE
21163,6450,4882,CASUAL
21164,4903,2604,DISTANT
21165,1868,1167,DISTANT
21166,8335,8442,DISTANT
21167,84,4017,CLOSE
21168,8511,5646,CASUAL
21169,3633,324,CLOSE
21170,9795,1409,CLOSE
21171,3910,4970,CLOSE
21172,8001,3089,CLOSE
21173,870,3915,DISTANT
21174,8358,2840,CLOSE
21175,1574,6848,CLOSE
21176,6203,1995,DISTANT
21177,9167,6517,CLOSE
21178,4407,5117,CASUAL
21179,9784,6799,CASUAL
21180,819,2164,CASUAL
21181,1619,9752,DISTANT
21182,796,2903,CASUAL
21183,9590,7819,CASUAL
21184,4023,4139,CLOSE
21185,6162,2647,CASUAL
21186,6874,8822,DISTANT
21187,1855,7655,CASUAL
21188,2104,4196,CLOSE
21189,2124,7421,DISTANT
21190,1087,5118,DISTANT
21191,5054,4508,DISTANT
21192,9388,8965,CASUAL
21193,8367,3405,CASUAL
21194,8593,3342,DISTANT
21195,4004,7246,CLOSE
21196,9999,8879,DISTANT
21197,5606,2413,CLOSE
21198,9696,8137,CLOSE
21199,5901,2258,DISTANT
21200,8793,457,CASUAL
21201,5147,799,CLOSE
21202,8925,3495,CASUAL
21203,5327,7645,DISTANT
21204,5200,7034,DISTANT
21205,1189,4469,DISTANT
21206,4762,2236,DISTANT
21207,4700,6326,CLOSE
21208,2066,9685,DISTANT
21209,7179,1226,CLOSE
21210,12,9525,DISTANT
21211,9286,9307,DISTANT
21212,5580,4285,CLOSE
21213,6009,3629,CASUAL
21214,1685,6751,CLOSE
21215,5924,7216,CASUAL
21216,235,3450,DISTANT
21217,840,1186,CASUAL
21218,8359,9370,CLOSE
21219,546,2394,CASUAL
21220,3594,4459,DISTANT
21221,2375,5203,CASUAL
21222,6858,8158,DISTANT
21223,2112,1106,DISTANT
21224,4807,8265,CASUAL
21225,196,6445,CLOSE
21226,672,1974,CLOSE
21227,5691,8566,CASUAL
21228,9658,8730,CASUAL
21229,9762,9007,CASUAL
21230,8021,9510,CASUAL
21231,9315,4984,DISTANT
21232,8143,7849,DISTANT
21233,5841,6642,CASUAL
21234,7202,4769,CLOSE
21235,6823,9616,DISTANT
21236,2827,4813,CASUAL
21237,9301,4320,CASUAL
21238,5823,4798,CASUAL
21239,2403,8057,CLOSE
21240,4576,7785,CASUAL
21241,4828,705,CASUAL
21242,9365,5053,CLOSE
21243,875,4760,DISTANT
21244,7200,8267,DISTANT
21245,8880,614,DISTANT
21246,588,8843,CASUAL
21247,6941,2065,CLOSE
21248,42,1860,DISTANT
21249,2109,1596,CLOSE
21250,1265,5724,DISTANT
21251,784,3100,CLOSE
21252,9493,8543,DISTANT
21253,4414,164,CASUAL
21254,8523,5858,CASUAL
21255,9783,3274,CASUAL
21256,3755,4633,CLOSE
21257,3444,7794,CLOSE
21258,9717,407,DISTANT
21259,8223,19,DISTANT
21260,5191,4316,DISTANT
21261,9922,1837,DISTANT
21262,4151,7976,CLOSE
21263,9756,8447,CASUAL
21264,94,5814,CASUAL
21265,9793,7010,CLOSE
21266,1732,5288,CASUAL
21267,862,7714,CLOSE
21268,3425,9362,DISTANT
21269,1178,2266,CLOSE
21270,9067,832,CLOSE
21271,7557,1532,CLOSE
21272,9,4970,CASUAL
21273,8732,7355,CLOSE
21274,8054,4723,CLOSE
21275,8008,2616,CLOSE
21276,945,8262,CLOSE
21277,7659,2112,CLOSE
21278,8914,6234,CASUAL
21279,3348,5752,CLOSE
21280,5541,6436,DISTANT
21281,6430,678,DISTANT
21282,2430,9060,CLOSE
21283,5545,1308,CASUAL
21284,2895,3671,DISTANT
21285,3094,4911,CASUAL
21286,1013,8588,CLOSE
21287,1872,9546,CLOSE
21288,9509,1223,CLOSE
21289,1644,1418,DISTANT
21290,9701,8997,CLOSE
21291,3092,9652,CASUAL
21292,3860,8194,CLOSE
21293,9697,4191,DISTANT
21294,8840,7874,DISTANT
21295,685,2460,CASUAL
21296,8316,854,CASUAL
21297,5845,6432,CASUAL
21298,8790,519,CLOSE
21299,50,5102,CASUAL
21300,1650,8798,DISTANT
21301,1989,436,DISTANT
21302,5682,8933,CASUAL
21303,3016,6033,CLOSE
21304,6980,8543,CLOSE
21305,1952,1381,CLOSE
21306,7974,1503,DISTANT
21307,6132,4403,DISTANT
21308,924,9055,DISTANT
21309,4245,6616,DISTANT
21310,8764,5541,DISTANT
21311,8111,1019,CLOSE
21312,6690,5760,CLOSE
21313,166,4439,CASUAL
21314,9135,3798,CASUAL
21315,7402,8854,CLOSE
21316,8086,33,DISTANT
21317,3712,4841,CASUAL
21318,2753,1278,CASUAL
21319,7418,2993,CASUAL
21320,6172,2782,DISTANT
21321,6136,2864,CLOSE
21322,4655,6717,CLOSE
21323,8713,2066,DISTANT
21324,4039,3495,CLOSE
21325,8096,158,DISTANT
21326,72,5112,DISTANT
21327,3293,7519,CLOSE
21328,2543,5820,CASUAL
21329,4375,7744,DISTANT
21330,6025,4685,CLOSE
21331,3963,7672,CLOSE
21332,1164,7963,CASUAL
21333,4858,5928,CASUAL
21334,1469,3850,DISTANT
21335,7270,4979,CLOSE
21336,5164,6352,CASUAL
21337,6853,8062,CLOSE
21338,8306,6396,CLOSE
21339,7278,1333,CLOSE
21340,8844,686,CASUAL
21341,9240,180,CASUAL
21342,4455,2714,DISTANT
21343,3951,5415,DISTANT
21344,1591,9992,DISTANT
21345,895,9173,DISTANT
21346,4046,2408,DISTANT
21347,3430,6903,DISTANT
21348,9186,2402,CLOSE
21349,3221,1409,CASUAL
21350,6642,9006,DISTANT
21351,4706,2311,DISTANT
21352,9991,4923,CLOSE
21353,3379,268,CLOSE
21354,2228,4167,DISTANT
21355,7721,5435,DISTANT
21356,4453,1648,CLOSE
21357,8879,51,CLOSE
21358,3811,7332,CASUAL
21359,4318,5691,DISTANT
21360,654,2036,CLOSE
21361,2215,6985,CASUAL
21362,8286,3534,CASUAL
21363,8750,7741,CASUAL
21364,6039,2246,CLOSE
21365,1110,1488,DISTANT
21366,8116,5582,CASUAL
21367,2812,7382,DISTANT
21368,3976,9068,DISTANT
21369,8245,5637,DISTANT
21370,2957,9529,CASUAL
21371,3667,7775,DISTANT
21372,3614,525,DISTANT
21373,3503,2997,DISTANT
21374,8674,5046,DISTANT
21375,2926,3411,CLOSE
21376,3862,5799,DISTANT
21377,6365,3203,DISTANT
21378,1787,4870,CASUAL
21379,5581,6295,DISTANT
21380,4504,5038,CASUAL
21381,5470,5121,CASUAL
21382,6528,3596,CASUAL
21383,7458,9399,CLOSE
21384,8774,6699,CLOSE
21385,6767,750,DISTANT
21386,3846,9065,DISTANT
21387,1042,6118,DISTANT
21388,7268,5976,CASUAL
21389,6915,8205,DISTANT
21390,8162,6813,DISTANT
21391,9539,2963,CASUAL
21392,4052,2286,CASUAL
21393,8621,4063,CASUAL
21394,1732,7584,DISTANT
21395,4921,4497,CASUAL
21396,8437,7652,DISTANT
21397,3272,8693,DISTANT
21398,725,5352,DISTANT
21399,82,986,CLOSE
21400,4848,4489,CASUAL
21401,3018,3294,CASUAL
21402,3673,3998,CASUAL
21403,2702,4743,CLOSE
21404,3725,4639,DISTANT
21405,4914,7243,CASUAL
21406,7086,4068,DISTANT
21407,987,610,CASUAL
21408,9184,1953,CLOSE
21409,48,614,CASUAL
21410,3901,1835,CASUAL
21411,6013,5826,CLOSE
21412,692,6170,CLOSE
21413,3059,2453,DISTANT
21414,4322,2133,CASUAL
21415,3995,3158,CLOSE
21416,2235,4801,DISTANT
21417,6512,8358,DISTANT
21418,1516,7598,CASUAL
21419,6082,5816,CLOSE
21420,2310,3965,CLOSE
21421,7634,3104,CLOSE
21422,819,5459,CASUAL
21423,6397,8979,DISTANT
21424,8573,5238,CLOSE
21425,7121,552,DISTANT
21426,6330,3035,DISTANT
21427,3775,4077,CLOSE
21428,5006,8842,CLOSE
21429,2893,1254,CLOSE
21430,8463,1065,CASUAL
21431,6838,348,CASUAL
21432,6209,6128,CASUAL
21433,5759,5435,DISTANT
21434,9195,8599,DISTANT
21435,1481,3198,CLOSE
21436,8946,1419,CASUAL
21437,8264,2129,DISTANT
21438,3188,1784,CASUAL
21439,3981,9592,CLOSE
21440,1070,7023,DISTANT
21441,8829,1926,CASUAL
21442,4574,2124,CASUAL
21443,860,2613,CLOSE
21444,4980,6849,CASUAL
21445,3819,6242,CLOSE
21446,1455,4786,CLOSE
21447,4273,6712,CLOSE
21448,4517,2601,CASUAL
21449,2455,665,CLOSE
21450,7648,5998,CLOSE
21451,821,1691,CASUAL
21452,3527,8178,CLOSE
21453,7305,4913,DISTANT
21454,6177,9390,CASUAL
21455,8584,7161,CLOSE
21456,3577,3319,CLOSE
21457,2358,3217,CLOSE
21458,9970,555,DISTANT
21459,5802,1348,CLOSE
21460,9551,6382,CLOSE
21461,7060,580,DISTANT
21462,6524,2361,CLOSE
21463,5933,9889,CLOSE
21464,6240,3141,CLOSE
21465,5159,6805,CLOSE
21466,5262,6130,CLOSE
21467,7153,1156,CASUAL
21468,2315,5968,DISTANT
21469,6641,8920,DISTANT
21470,2486,3592,CASUAL
21471,2838,790,CLOSE
21472,3464,645,CLOSE
21473,4865,1870,CLOSE
21474,628,8302,CLOSE
21475,4527,2852,CLOSE
21476,771,2480,CASUAL
21477,5394,5757,CLOSE
21478,9557,782,CASUAL
21479,4325,494,CASUAL
21480,7104,57,DISTANT
21481,6448,7252,CASUAL
21482,1306,4841,CLOSE
21483,5109,4553,CASUAL
21484,4965,1758,DISTANT
21485,5151,2784,DISTANT
21486,4772,6862,DISTANT
21487,2630,6354,DISTANT
21488,6685,5817,CLOSE
21489,7062,403,CLOSE
21490,4598,9053,DISTANT
21491,4077,4608,CLOSE
21492,5685,5855,CASUAL
21493,300,2679,CASUAL
21494,3368,4536,CASUAL
21495,3599,5398,CLOSE
21496,9597,7917,CLOSE
21497,8033,4972,CASUAL
21498,8742,4451,CASUAL
21499,6549,5760,DISTANT
21500,918,2805,DISTANT
21501,3403,8674,DISTANT
21502,1407,5446,CLOSE
21503,4780,8788,DISTANT
21504,1122,5815,DISTANT
21505,9032,6962,CLOSE
21506,7404,9905,CLOSE
21507,3587,6181,CASUAL
21508,1802,9746,CLOSE
21509,5369,9315,CASUAL
21510,7043,2262,CASUAL
21511,1991,7257,DISTANT
21512,2333,6022,DISTANT
21513,6750,7414,CASUAL
21514,9151,9877,CASUAL
21515,3966,7385,CASUAL
21516,6234,1987,DISTANT
21517,4593,6574,DISTANT
21518,9625,5324,CLOSE
21519,4914,3321,CASUAL
21520,7032,1561,CASUAL
21521,8210,2429,DISTANT
21522,9601,5294,DISTANT
21523,4749,5467,DISTANT
21524,502,8691,CLOSE
21525,7693,4989,CLOSE
21526,2335,1124,DISTANT
21527,8881,1103,CASUAL
21528,36,5053,DISTANT
21529,4686,1736,DISTANT
21530,3674,8774,CASUAL
21531,463,1212,DISTANT
21532,2142,714,CLOSE
21533,4600,9245,CASUAL
21534,1324,2513,CASUAL
21535,9106,6606,CLOSE
21536,6230,975,DISTANT
21537,9794,6045,DISTANT
21538,6073,1996,CASUAL
21539,5039,3492,CASUAL
21540,4900,5373,CASUAL
21541,7527,7869,DISTANT
21542,2178,58,CASUAL
21543,6606,6575,DISTANT
21544,3608,5775,DISTANT
21545,2030,1239,CASUAL
21546,8093,1114,DISTANT
21547,5927,377,DISTANT
21548,8377,6532,CLOSE
21549,3803,8557,CASUAL
21550,3956,3508,DISTANT
21551,1814,7413,CASUAL
21552,6329,1785,DISTANT
21553,9526,4724,DISTANT
21554,6813,7262,CLOSE
21555,8361,5004,DISTANT
21556,6581,3227,DISTANT
21557,5893,8706,DISTANT
21558,2181,7691,DISTANT
21559,6484,3962,DISTANT
21560,9119,1353,CLOSE
21561,3260,3124,DISTANT
21562,9853,9286,CASUAL
21563,1097,6724,CASUAL
21564,4751,3759,CLOSE
21565,1594,3339,CLOSE
21566,2114,1993,DISTANT
21567,4327,8480,DISTANT
21568,9214,4382,CASUAL
21569,1149,7686,DISTANT
21570,445,1035,DISTANT
21571,3875,2573,DISTANT
21572,1787,7921,DISTANT
21573,1053,9639,DISTANT
21574,9139,6853,DISTANT
21575,1610,1261,DISTANT
21576,6041,3197,CLOSE
21577,521,682,CLOSE
21578,9193,8371,CLOSE
21579,7502,2339,DISTANT
21580,7550,6438,DISTANT
21581,448,8753,CASUAL
21582,872,6766,DISTANT
21583,5117,6811,CLOSE
21584,28,6140,CASUAL
21585,221,1953,CASUAL
21586,4129,9043,CLOSE
21587,8974,3331,CLOSE
21588,3776,2874,CASUAL
21589,1812,4626,DISTANT
21590,5494,8080,DISTANT
21591,649,472,CASUAL
21592,8739,8607,CLOSE
21593,9440,4893,CLOSE
21594,614,6351,CLOSE
21595,1386,9174,CASUAL
21596,3400,4807,DISTANT
21597,7187,1701,DISTANT
21598,2779,8764,CLOSE
21599,2375,2407,CASUAL
21600,6345,5322,DISTANT
21601,9909,5565,CASUAL
21602,5462,6318,DISTANT
21603,2558,7167,DISTANT
21604,5477,7230,DISTANT
21605,5399,3479,DISTANT
21606,885,2407,CLOSE
21607,1247,8891,DISTANT
21608,822,4002,DISTANT
21609,4683,5611,CLOSE
21610,8198,7986,DISTANT
21611,4481,9508,CLOSE
21612,382,1030,CLOSE
21613,2382,1343,DISTANT
21614,4436,2219,CLOSE
21615,1492,2218,CASUAL
21616,6933,9892,CASUAL
21617,7657,7464,CASUAL
21618,3689,9831,CLOSE
21619,4950,441,DISTANT
21620,1184,4432,CASUAL
21621,6231,7646,CLOSE
21622,3797,3304,CLOSE
21623,3702,1099,CLOSE
21624,8873,8607,CLOSE
21625,7300,8936,CLOSE
21626,6172,6625,DISTANT
21627,215,7574,CLOSE
21628,4830,9704,CASUAL
21629,468,7471,DISTANT
21630,9517,2019,DISTANT
21631,4269,7911,CASUAL
21632,1619,2090,DISTANT
21633,6266,481,CLOSE
21634,7447,4131,CASUAL
21635,201,1944,CLOSE
21636,5212,1527,CASUAL
21637,1433,5937,CASUAL
21638,2228,7864,CLOSE
21639,8887,521,CLOSE
21640,8869,7432,CASUAL
21641,4195,2344,DISTANT
21642,5447,8182,CLOSE
21643,3391,2797,DISTANT
21644,1024,3523,CLOSE
21645,7405,4400,CLOSE
21646,8890,454,CLOSE
21647,4891,1482,CASUAL
21648,4076,4360,CASUAL
21649,1518,3104,DISTANT
21650,7923,3831,DISTANT
21651,4794,5352,DISTANT
21652,2069,6257,CASUAL
21653,8322,6179,CASUAL
21654,375,4829,CASUAL
21655,9368,4176,DISTANT
21656,1075,9452,CASUAL
21657,6446,4394,CASUAL
21658,9208,8724,CLOSE
21659,9656,9947,CASUAL
21660,7763,3611,CASUAL
21661,1946,3809,DISTANT
21662,8111,4451,CLOSE
21663,741,9658,DISTANT
21664,4509,76,CLOSE
21665,9796,8395,CLOSE
21666,9919,8712,CASUAL
21667,2748,8124,CASUAL
21668,8962,5942,DISTANT
21669,3360,7531,CLOSE
21670,7352,8928,CLOSE
21671,2721,5901,CLOSE
21672,2792,9465,CLOSE
21673,3899,860,DISTANT
21674,8400,7993,DISTANT
21675,4969,2941,DISTANT
21676,5379,1970,DISTANT
21677,7569,5590,CASUAL
21678,8487,582,CASUAL
21679,7176,526,DISTANT
21680,6620,2736,DISTANT
21681,3359,6687,CLOSE
21682,7712,1211,CLOSE
21683,3531,8395,DISTANT
21684,9649,446,CASUAL
21685,6417,1315,DISTANT
21686,4199,2765,CASUAL
21687,555,4337,CASUAL
21688,7149,8846,DISTANT
21689,9427,1629,CASUAL
21690,806,47,CLOSE
21691,8100,1497,CLOSE
21692,4097,4793,CLOSE
21693,4575,255,CLOSE
21694,3661,944,DISTANT
21695,8146,883,DISTANT
21696,2438,6057,CLOSE
21697,557,7947,CASUAL
21698,6591,1346,DISTANT
21699,9660,442,CLOSE
21700,2025,6704,CLOSE
21701,2249,3836,CLOSE
21702,9398,6882,DISTANT
21703,7090,7721,DISTANT
21704,7654,7540,CASUAL
21705,1354,15,CASUAL
21706,5819,9878,CLOSE
21707,4300,2082,CLOSE
21708,8376,998,DISTANT
21709,6082,3574,CASUAL
21710,60,428,DISTANT
21711,8058,7401,DISTANT
21712,447,8246,CLOSE
21713,8507,415,CASUAL
21714,4317,5380,DISTANT
21715,8032,4526,CLOSE
21716,6005,6198,CLOSE
21717,4356,2600,DISTANT
21718,4649,3119,CLOSE
21719,2561,9396,DISTANT
21720,9519,3347,DISTANT
21721,5423,6356,CLOSE
21722,9663,8532,CASUAL
21723,2556,4782,DISTANT
21724,6211,7606,DISTANT
21725,3117,6870,CASUAL
21726,6745,7694,CLOSE
21727,5753,6505,DISTANT
21728,8202,5819,DISTANT
21729,6492,1714,DISTANT
21730,1805,6462,CLOSE
21731,9914,2721,DISTANT
21732,316,813,CASUAL
21733,9,3758,CASUAL
21734,115,1088,DISTANT
21735,9242,1631,CASUAL
21736,6074,2359,CASUAL
21737,9736,5295,CASUAL
21738,7808,5763,CLOSE
21739,5852,1112,CASUAL
21740,6818,5847,CLOSE
21741,172,3895,CLOSE
21742,5731,5639,CLOSE
21743,3797,6518,DISTANT
21744,7951,2300,CASUAL
21745,61,1813,CASUAL
21746,5083,1084,CLOSE
21747,43,14,CASUAL
21748,4227,4420,DISTANT
21749,5544,741,CASUAL
21750,2483,4390,CASUAL
21751,6139,8024,CLOSE
21752,7890,429,CLOSE
21753,8686,9833,CASUAL
21754,5572,4059,CASUAL
21755,4600,2863,CLOSE
21756,4805,698,DISTANT
21757,4680,5582,CLOSE
21758,2238,5726,CLOSE
21759,6953,7075,DISTANT
21760,96,4634,DISTANT
21761,553,7317,CLOSE
21762,6820,2300,CLOSE
21763,829,4554,CLOSE
21764,8113,7392,CASUAL
21765,6190,9883,DISTANT
21766,1383,329,CASUAL
21767,1206,3274,DISTANT
21768,1463,6523,CASUAL
21769,568,7579,CLOSE
21770,6088,3919,CASUAL
21771,7133,3401,CASUAL
21772,1081,7483,CASUAL
21773,2628,8923,DISTANT
21774,1600,1704,CASUAL
21775,398,8553,CASUAL
21776,2016,1325,CASUAL
21777,6847,8871,CASUAL
21778,4959,6317,DISTANT
21779,5170,7783,CLOSE
21780,1914,5574,CASUAL
21781,6040,1886,DISTANT
21782,7925,3845,CASUAL
21783,6852,658,DISTANT
21784,3954,4383,CLOSE
21785,8273,6604,CLOSE
21786,1646,7628,CASUAL
21787,868,9114,CASUAL
21788,201,8769,CLOSE
21789,1399,2522,CASUAL
21790,1173,2486,DISTANT
21791,1343,1633,CLOSE
21792,5178,8104,CLOSE
21793,9690,2666,CASUAL
21794,1235,4275,DISTANT
21795,145,9107,CASUAL
21796,7310,6633,CASUAL
21797,1190,664,CLOSE
21798,930,9020,CLOSE
21799,7226,4480,DISTANT
21800,9850,9141,CASUAL
21801,9295,8462,DISTANT
21802,5892,6070,CASUAL
21803,4250,2747,CASUAL
21804,382,472,CLOSE
21805,1261,9517,CASUAL
21806,168,6514,CASUAL
21807,4407,1281,CASUAL
21808,4825,2678,CASUAL
21809,5452,6193,DISTANT
21810,7247,1392,DISTANT
21811,521,9774,DISTANT
21812,7694,5731,DISTANT
21813,2778,5464,CASUAL
21814,5574,3347,DISTANT
21815,738,2038,CLOSE
21816,725,6436,DISTANT
21817,6792,4343,CASUAL
21818,9977,5859,CLOSE
21819,5511,5829,CASUAL
21820,3441,5742,CASUAL
21821,6400,3247,CASUAL
21822,8717,2776,CLOSE
21823,3948,5742,CASUAL
21824,7887,8112,CLOSE
21825,4111,6540,CASUAL
21826,1018,951,DISTANT
21827,3812,292,DISTANT
21828,3173,9797,CLOSE
21829,2016,4747,DISTANT
21830,3061,5657,CLOSE
21831,1943,5936,DISTANT
21832,3521,4115,DISTANT
21833,6016,7513,CLOSE
21834,4008,32,CASUAL
21835,7608,7572,CLOSE
21836,9729,611,CLOSE
21837,7312,2350,CLOSE
21838,6888,4211,DISTANT
21839,3410,6188,CLOSE
21840,5656,2697,CLOSE
21841,1405,5946,CASUAL
21842,7516,1085,DISTANT
21843,4531,4255,CLOSE
21844,5154,976,CLOSE
21845,5300,6816,CASUAL
21846,6747,347,CASUAL
21847,6792,3764,CLOSE
21848,1441,4757,CASUAL
21849,1528,9609,CASUAL
21850,6290,2517,CASUAL
21851,7771,4311,DISTANT
21852,222,5609,CASUAL
21853,9836,9812,CLOSE
21854,9843,3599,CLOSE
21855,1250,9886,CASUAL
21856,9251,4661,CASUAL
21857,9176,6632,DISTANT
21858,6289,1761,CLOSE
21859,4886,2392,CLOSE
21860,7084,2487,CLOSE
21861,9489,5712,CASUAL
21862,9899,7945,DISTANT
21863,3415,1141,CASUAL
21864,6024,8346,CASUAL
21865,4563,760,CLOSE
21866,6646,9733,CASUAL
21867,1952,2099,CASUAL
21868,1004,4210,CASUAL
21869,3574,5262,CASUAL
21870,7072,9900,CLOSE
21871,9453,2896,CLOSE
21872,6798,9311,DISTANT
21873,1238,2811,CLOSE
21874,8705,1761,DISTANT
21875,2460,8281,DISTANT
21876,5047,8010,DISTANT
21877,5231,6619,CASUAL
21878,185,4005,DISTANT
21879,3756,5718,DISTANT
21880,5507,530,DISTANT
21881,3780,2533,CASUAL
21882,410,3721,DISTANT
21883,710,8661,DISTANT
21884,9898,2052,DISTANT
21885,7158,549,CLOSE
21886,5585,3620,DISTANT
21887,5597,9849,CLOSE
21888,7302,2835,CLOSE
21889,2965,5982,CASUAL
21890,345,6469,DISTANT
21891,3504,8033,CASUAL
21892,8664,13,CASUAL
21893,5574,6902,CLOSE
21894,2674,1107,CASUAL
21895,8871,8880,CLOSE
21896,7769,247,DISTANT
21897,8616,3497,CLOSE
21898,9930,4901,CASUAL
21899,6601,8236,DISTANT
21900,3046,9945,DISTANT
21901,6594,345,CASUAL
21902,6081,2884,CASUAL
21903,6749,6181,CLOSE
21904,4885,5970,CLOSE
21905,4465,6197,CASUAL
21906,422,6687,CLOSE
21907,4103,2196,DISTANT
21908,3816,3123,CLOSE
21909,3687,571,DISTANT
21910,548,8686,CASUAL
21911,6590,2163,CLOSE
21912,2827,9215,CASUAL
21913,1138,9362,CASUAL
21914,9621,8451,CASUAL
21915,3594,4821,CASUAL
21916,8896,9102,CLOSE
21917,4896,7738,CASUAL
21918,2583,5318,CLOSE
21919,9845,7767,CASUAL
21920,3604,968,CASUAL
21921,9351,2111,CLOSE
21922,9512,1494,CLOSE
21923,2428,8593,CASUAL
21924,9153,8685,CASUAL
21925,551,4511,DISTANT
21926,665,8037,CASUAL
21927,325,8887,DISTANT
21928,993,5033,DISTANT
21929,846,6768,CLOSE
21930,4509,5352,CLOSE
21931,2561,6653,DISTANT
21932,8390,2345,DISTANT
21933,1023,1485,CLOSE
21934,6560,6039,CASUAL
21935,6730,6253,CLOSE
21936,3041,615,CASUAL
21937,5959,7023,CLOSE
21938,5098,4837,CASUAL
21939,7506,440,CLOSE
21940,8881,7663,CASUAL
21941,262,5757,CLOSE
21942,1864,8398,CLOSE
21943,3416,5134,CLOSE
21944,3731,2662,CASUAL
21945,8302,7645,CASUAL
21946,8919,2323,CASUAL
21947,5347,8117,CLOSE
21948,3527,5432,DISTANT
21949,9554,484,DISTANT
21950,1446,2624,CLOSE
21951,7369,6439,DISTANT
21952,5412,8722,CASUAL
21953,477,5851,CASUAL
21954,5459,9019,DISTANT
21955,7866,8918,DISTANT
21956,973,456,CLOSE
21957,7984,7631,DISTANT
21958,3123,8784,DISTANT
21959,665,267,CASUAL
21960,3273,9830,CLOSE
21961,3499,8172,CLOSE
21962,413,2008,CLOSE
21963,2877,2582,CASUAL
21964,3362,4323,CASUAL
21965,8563,237,DISTANT
21966,147,581,CASUAL
21967,7854,9631,DISTANT
21968,8039,4485,CASUAL
21969,7955,2936,CASUAL
21970,9621,7018,CASUAL
21971,5951,1554,CASUAL
21972,8881,2996,CLOSE
21973,2609,1630,DISTANT
21974,6197,3792,CLOSE
21975,9612,3427,DISTANT
21976,448,6617,DISTANT
21977,4985,5832,CLOSE
21978,9177,2724,CASUAL
21979,4848,4335,CLOSE
21980,5352,2352,DISTANT
21981,8818,16,CLOSE
21982,4101,5533,CASUAL
21983,9464,3710,CASUAL
21984,1097,9050,DISTANT
21985,3145,2943,CLOSE
21986,7784,4704,CASUAL
21987,5428,3481,CASUAL
21988,4862,7843,DISTANT
21989,2777,7068,DISTANT
21990,9186,6923,CASUAL
21991,9085,5126,CASUAL
21992,5151,3692,CLOSE
21993,3006,7126,DISTANT
21994,7268,7249,CLOSE
21995,5272,8640,DISTANT
21996,5840,953,CLOSE
21997,4569,3790,CLOSE
21998,2134,4995,CASUAL
21999,7177,6015,DISTANT
22000,9264,8003,CASUAL
22001,3869,4750,DISTANT
22002,9836,5308,DISTANT
22003,4858,5403,CASUAL
22004,5394,5170,CASUAL
22005,575,9819,CLOSE
22006,3710,9227,CASUAL
22007,8102,3005,DISTANT
22008,5897,9411,DISTANT
22009,6215,8933,CASUAL
22010,4543,4831,DISTANT
22011,9747,5949,DISTANT
22012,9112,8279,CASUAL
22013,74,7531,CLOSE
22014,1955,4529,DISTANT
22015,9715,264,CLOSE
22016,3937,2360,CLOSE
22017,5013,8927,CASUAL
22018,2750,5240,CLOSE
22019,5152,6408,CLOSE
22020,4978,4476,DISTANT
22021,8567,1639,CASUAL
22022,285,3875,CASUAL
22023,5458,4798,DISTANT
22024,2966,752,DISTANT
22025,2401,5800,CLOSE
22026,9355,5267,DISTANT
22027,1797,9808,DISTANT
22028,8622,4337,DISTANT
22029,853,7693,DISTANT
22030,6956,1627,CLOSE
22031,5429,3228,CLOSE
22032,1350,2557,CLOSE
22033,2979,994,DISTANT
22034,8036,1592,CLOSE
22035,2778,3886,DISTANT
22036,6265,1706,CLOSE
22037,8219,9250,CLOSE
22038,2675,9647,CLOSE
22039,1659,1175,DISTANT
22040,267,3304,DISTANT
22041,759,9543,CLOSE
22042,7036,3687,CASUAL
22043,3841,889,DISTANT
22044,6190,4140,DISTANT
22045,6140,3887,CASUAL
22046,6307,3879,CLOSE
22047,5337,3945,CLOSE
22048,6252,117,CLOSE
22049,5861,3893,CLOSE
22050,2618,3782,DISTANT
22051,8612,7969,CLOSE
22052,2601,3578,CLOSE
22053,5510,7858,DISTANT
22054,8114,4302,CASUAL
22055,4695,7515,CASUAL
22056,1942,4919,CLOSE
22057,4962,9158,CLOSE
22058,94,2676,CLOSE
22059,5272,3536,DISTANT
22060,9352,9095,CASUAL
22061,5399,3641,DISTANT
22062,8678,3196,CLOSE
22063,8809,4846,DISTANT
22064,6307,5721,CLOSE
22065,2980,9337,CLOSE
22066,3890,6668,CLOSE
22067,5156,4247,CASUAL
22068,7201,4902,DISTANT
22069,6421,7465,CASUAL
22070,2959,5877,CASUAL
22071,3174,5825,CLOSE
22072,5392,8773,CLOSE
22073,6725,5843,DISTANT
22074,3007,679,CASUAL
22075,9251,9642,CLOSE
22076,7542,8781,CLOSE
22077,3102,5027,CASUAL
22078,6632,4805,DISTANT
22079,4257,4101,CLOSE
22080,6765,5992,CASUAL
22081,4343,4975,CASUAL
22082,7923,7405,CLOSE
22083,1962,2588,CLOSE
22084,7839,1365,CLOSE
22085,9065,4512,DISTANT
22086,451,1046,DISTANT
22087,9679,3976,CLOSE
22088,5731,6045,DISTANT
22089,9276,9976,DISTANT
22090,7419,6311,CLOSE
22091,9656,1772,DISTANT
22092,7402,3575,DISTANT
22093,6740,7828,CASUAL
22094,9567,7208,CASUAL
22095,4108,6046,CASUAL
22096,8862,9941,CASUAL
22097,8750,8932,CLOSE
22098,9297,3953,CASUAL
22099,9530,1949,CLOSE
22100,8752,7496,CASUAL
22101,1999,8125,DISTANT
22102,9374,6099,CLOSE
22103,8568,1035,CASUAL
22104,4969,4832,DISTANT
22105,7473,8000,CASUAL
22106,7429,7648,DISTANT
22107,1525,7261,CLOSE
22108,8826,5831,CASUAL
22109,5801,1788,CLOSE
22110,6957,6133,DISTANT
22111,5849,2461,CLOSE
22112,6401,9726,CLOSE
22113,332,2404,DISTANT
22114,793,382,DISTANT
22115,5420,1761,CASUAL
22116,2297,1149,CASUAL
22117,3606,109,CLOSE
22118,1781,4648,CLOSE
22119,3905,7922,CASUAL
22120,6934,7331,CASUAL
22121,7785,8315,CLOSE
22122,6552,8125,CLOSE
22123,8189,1970,CLOSE
22124,7172,4829,CASUAL
22125,2539,7994,DISTANT
22126,6978,4595,DISTANT
22127,6581,8389,CLOSE
22128,8115,6216,DISTANT
22129,141,707,CASUAL
22130,8281,1560,CLOSE
22131,4903,7496,CLOSE
22132,5355,5330,DISTANT
22133,1485,5341,CASUAL
22134,6086,2507,CASUAL
22135,9902,4432,CASUAL
22136,9198,3674,DISTANT
22137,6278,1865,DISTANT
22138,7893,4138,CLOSE
22139,9192,1656,CASUAL
22140,8338,8761,CASUAL
22141,7223,8871,CASUAL
22142,2081,9245,CASUAL
22143,4530,7913,CLOSE
22144,7073,8739,CLOSE
22145,34,3118,CASUAL
22146,9500,1978,CLOSE
22147,3887,3060,CASUAL
22148,3646,6609,CLOSE
22149,1104,5359,CLOSE
22150,3730,5247,CLOSE
22151,3328,1185,DISTANT
22152,2648,6522,CASUAL
22153,5033,3350,CLOSE
22154,7485,3602,CLOSE
22155,3317,2046,CLOSE
22156,6822,3839,CLOSE
22157,185,4561,CASUAL
22158,5435,2711,DISTANT
22159,7675,958,CLOSE
22160,6380,7666,CLOSE
22161,2116,3562,DISTANT
22162,5576,150,CASUAL
22163,6648,7968,DISTANT
22164,229,89,DISTANT
22165,4088,6983,DISTANT
22166,1597,1346,CLOSE
22167,1011,4506,DISTANT
22168,9973,4466,CASUAL
22169,9892,4117,DISTANT
22170,3817,1501,CASUAL
22171,3432,5750,CLOSE
22172,5896,9697,CASUAL
22173,7391,1142,DISTANT
22174,7285,3864,CLOSE
22175,1053,1346,DISTANT
22176,6332,9806,CASUAL
22177,1692,3271,DISTANT
22178,6585,4572,DISTANT
22179,9887,2388,CASUAL
22180,1062,2396,CASUAL
22181,6263,8791,CLOSE
22182,4652,4738,DISTANT
22183,8258,3196,CASUAL
22184,2301,7752,CLOSE
22185,4774,9484,DISTANT
22186,1452,2806,CLOSE
22187,6832,7647,CLOSE
22188,3734,2159,DISTANT
22189,8946,653,DISTANT
22190,8351,8414,CLOSE
22191,8904,8681,DISTANT
22192,6318,1574,CLOSE
22193,6077,3919,DISTANT
22194,7265,4202,CASUAL
22195,858,9420,DISTANT
22196,3917,5678,CASUAL
22197,2589,2447,DISTANT
22198,5070,4105,DISTANT
22199,3819,1885,DISTANT
22200,4960,7642,DISTANT
22201,5504,373,CASUAL
22202,1553,9030,DISTANT
22203,5495,2323,DISTANT
22204,7839,7995,CLOSE
22205,3458,9434,CLOSE
22206,9929,6761,CLOSE
22207,2678,7681,DISTANT
22208,3831,226,DISTANT
22209,3737,7595,CLOSE
22210,9065,2369,CLOSE
22211,1112,8818,CASUAL
22212,3994,5998,CASUAL
22213,378,1138,CASUAL
22214,9452,3811,CLOSE
22215,3384,7459,CASUAL
22216,3735,6142,DISTANT
22217,10,4227,DISTANT
22218,758,6449,CASUAL
22219,7880,6034,CLOSE
22220,6034,323,CASUAL
22221,2615,9637,CLOSE
22222,8152,1454,DISTANT
22223,3639,6974,CASUAL
22224,6067,3523,CLOSE
22225,3688,7546,CASUAL
22226,7056,5369,CASUAL
22227,8957,2912,DISTANT
22228,9270,5705,CASUAL
22229,9566,8873,CLOSE
22230,3384,702,DISTANT
22231,3638,6708,CASUAL
22232,6856,664,DISTANT
22233,8905,474,CASUAL
22234,5037,8778,CASUAL
22235,7527,4500,DISTANT
22236,1989,8384,CLOSE
22237,5180,8720,CASUAL
22238,2320,7746,CLOSE
22239,3826,8537,DISTANT
22240,6193,1796,DISTANT
22241,1853,771,DISTANT
22242,3557,8868,CASUAL
22243,1645,3332,CLOSE
22244,3643,4562,CLOSE
22245,3253,544,CLOSE
22246,5724,1615,CASUAL
22247,7937,7128,DISTANT
22248,7335,3010,DISTANT
22249,142,6187,CLOSE
22250,2215,5726,DISTANT
22251,8010,1550,CLOSE
22252,3600,2878,CLOSE
22253,6198,8664,DISTANT
22254,3599,6340,CASUAL
22255,8013,9282,DISTANT
22256,5751,4171,CASUAL
22257,4553,404,CASUAL
22258,1055,2837,CASUAL
22259,6447,3269,CLOSE
22260,9940,8020,DISTANT
22261,1742,4213,CLOSE
22262,2368,6609,CASUAL
22263,6579,3470,DISTANT
22264,4234,9891,DISTANT
22265,6093,780,DISTANT
22266,7554,4553,CLOSE
22267,6277,3303,DISTANT
22268,3269,4546,DISTANT
22269,5659,2364,CLOSE
22270,4970,8565,DISTANT
22271,724,4054,CASUAL
22272,1054,8354,CLOSE
22273,7859,8086,CLOSE
22274,1799,7474,CLOSE
22275,7751,9702,DISTANT
22276,7926,1581,CLOSE
22277,4470,9053,CASUAL
22278,6877,7463,CASUAL
22279,1808,878,DISTANT
22280,2571,3313,CLOSE
22281,4263,3633,CASUAL
22282,7458,3785,CLOSE
22283,5984,8769,CASUAL
22284,6503,4477,CASUAL
22285,5759,4791,CLOSE
22286,6653,8209,CLOSE
22287,9456,5484,CASUAL
22288,2810,2546,CLOSE
22289,5502,5914,CASUAL
22290,8809,3921,CLOSE
22291,8976,7821,CASUAL
22292,9239,3550,DISTANT
22293,8830,3324,CLOSE
22294,6914,2169,DISTANT
22295,1001,6258,DISTANT
22296,8918,2609,CLOSE
22297,78,8061,DISTANT
22298,132,9200,CLOSE
22299,8,1754,CLOSE
22300,4093,4681,DISTANT
22301,6387,6738,CASUAL
22302,8565,19,CASUAL
22303,3255,6631,CASUAL
22304,670,9198,CASUAL
22305,3374,9757,CASUAL
22306,9331,2868,CASUAL
22307,749,2368,DISTANT
22308,1635,2055,CLOSE
22309,3970,5468,CASUAL
22310,4519,245,CASUAL
22311,5556,4113,DISTANT
22312,9186,7990,CASUAL
22313,6497,9401,CASUAL
22314,285,6631,CASUAL
22315,465,1059,CASUAL
22316,2975,1737,DISTANT
22317,8809,7843,DISTANT
22318,3109,8527,CLOSE
22319,6935,3917,CASUAL
22320,3108,9186,CLOSE
22321,8597,735,CLOSE
22322,2638,4974,CLOSE
22323,989,7468,CLOSE
22324,2617,1955,DISTANT
22325,3440,7556,CASUAL
22326,7585,8236,CLOSE
22327,7488,3113,DISTANT
22328,5939,7401,DISTANT
22329,5981,8683,CLOSE
22330,7398,2494,CASUAL
22331,8191,1962,DISTANT
22332,4856,7194,CASUAL
22333,4604,8393,CLOSE
22334,1938,334,DISTANT
22335,5796,5039,DISTANT
22336,854,1287,CASUAL
22337,7440,9289,CASUAL
22338,742,6577,CLOSE
22339,3708,1968,CLOSE
22340,1533,1825,CASUAL
22341,1631,5159,CLOSE
22342,3271,2726,CASUAL
22343,1735,7679,CLOSE
22344,8991,6999,DISTANT
22345,4034,7244,CLOSE
22346,61,8040,CLOSE
22347,9848,624,CASUAL
22348,5358,6444,DISTANT
22349,1132,7250,DISTANT
22350,8729,201,DISTANT
22351,7750,4619,DISTANT
22352,4712,1482,DISTANT
22353,2296,5479,DISTANT
22354,3758,3439,CLOSE
22355,5822,3348,CASUAL
22356,8033,7120,DISTANT
22357,6147,9032,CLOSE
22358,7177,5174,CASUAL
22359,3951,8774,DISTANT
22360,1844,323,CASUAL
22361,4072,9077,DISTANT
22362,9194,5424,CLOSE
22363,1396,5417,CASUAL
22364,5647,6585,DISTANT
22365,2170,6552,DISTANT
22366,3552,1058,DISTANT
22367,6840,7528,CASUAL
22368,8620,221,CASUAL
22369,445,3786,DISTANT
22370,3778,4040,CLOSE
22371,8239,5609,CASUAL
22372,3609,9331,CASUAL
22373,3231,3351,CASUAL
22374,4420,1837,CLOSE
22375,4460,2546,CLOSE
22376,4043,6710,CASUAL
22377,5943,1704,CASUAL
22378,1542,7413,DISTANT
22379,879,6757,CASUAL
22380,9109,5723,DISTANT
22381,5158,194,CASUAL
22382,1311,4930,DISTANT
22383,5492,2325,CASUAL
22384,9460,7653,DISTANT
22385,1409,1310,CLOSE
22386,8987,8408,DISTANT
22387,7197,980,CLOSE
22388,2737,142,CLOSE
22389,9834,6252,CLOSE
22390,9719,5102,CLOSE
22391,6149,9563,CLOSE
22392,4700,708,CLOSE
22393,5593,4864,CLOSE
22394,4908,6252,CASUAL
22395,2960,101,CASUAL
22396,2354,4046,DISTANT
22397,5140,3026,DISTANT
22398,4379,4140,CLOSE
22399,8245,7110,DISTANT
22400,2216,4822,CASUAL
22401,9508,9743,CLOSE
22402,9777,8123,DISTANT
22403,2212,4473,CASUAL
22404,8181,9627,CASUAL
22405,3440,1052,DISTANT
22406,1724,5015,DISTANT
22407,3268,3903,DISTANT
22408,3289,5157,CLOSE
22409,1047,2642,CLOSE
22410,230,5648,CASUAL
22411,2992,1203,CASUAL
22412,1188,9164,DISTANT
22413,4169,3537,CLOSE
22414,9737,1892,CLOSE
22415,1330,8473,DISTANT
22416,8327,9315,CASUAL
22417,7098,126,CASUAL
22418,7730,9974,DISTANT
22419,9755,4003,DISTANT
22420,8308,5710,CLOSE
22421,5880,6823,DISTANT
22422,6353,6427,DISTANT
22423,3131,6383,CLOSE
22424,7750,3464,CLOSE
22425,7051,9450,CLOSE
22426,5878,6054,CLOSE
22427,1725,772,CLOSE
22428,9047,2621,CASUAL
22429,6069,145,CLOSE
22430,518,5764,CLOSE
22431,9093,9550,CLOSE
22432,7034,2555,CASUAL
22433,4443,509,CASUAL
22434,6003,4110,CASUAL
22435,3789,3498,CLOSE
22436,7728,1333,CASUAL
22437,753,2336,CASUAL
22438,3212,7919,CASUAL
22439,6339,9023,CLOSE
22440,9872,4661,CLOSE
22441,2745,4559,DISTANT
22442,2888,4736,CASUAL
22443,1991,7647,CASUAL
22444,9580,3212,DISTANT
22445,6656,4729,CLOSE
22446,9073,9137,CLOSE
22447,4361,2465,CASUAL
22448,1691,2809,DISTANT
22449,9053,9013,DISTANT
22450,7104,1420,DISTANT
22451,7906,1075,DISTANT
22452,7275,7263,DISTANT
22453,4032,9840,CLOSE
22454,1844,8885,DISTANT
22455,5133,5839,CLOSE
22456,1226,2757,DISTANT
22457,5012,8180,CASUAL
22458,5267,1409,CLOSE
22459,3001,633,CLOSE
22460,9560,7377,CASUAL
22461,4398,4809,CLOSE
22462,1941,4795,CASUAL
22463,2236,9218,CASUAL
22464,4803,4549,DISTANT
22465,2129,7368,CLOSE
22466,6196,5105,CLOSE
22467,1592,4714,CASUAL
22468,8372,2496,CLOSE
22469,7,3337,CLOSE
22470,3992,4459,DISTANT
22471,2992,5990,DISTANT
22472,2533,6178,CASUAL
22473,7662,6389,CASUAL
22474,9022,9599,DISTANT
22475,9127,4264,DISTANT
22476,5188,4515,CASUAL
22477,2519,7579,CASUAL
22478,4371,2673,DISTANT
22479,3259,4576,CLOSE
22480,7760,5901,DISTANT
22481,3072,3401,CLOSE
22482,6259,4058,DISTANT
22483,3856,1863,CLOSE
22484,6828,8140,CLOSE
22485,2013,4125,DISTANT
22486,9504,4989,DISTANT
22487,8183,4562,DISTANT
22488,2828,581,DISTANT
22489,9664,2409,CLOSE
22490,874,3886,CLOSE
22491,4999,6964,CLOSE
22492,6139,9346,CLOSE
22493,8810,6325,DISTANT
22494,9530,6195,CLOSE
22495,2341,1291,DISTANT
22496,8558,8926,CASUAL
22497,9830,138,CASUAL
22498,2838,1633,CLOSE
22499,2699,5398,DISTANT
22500,1702,4729,DISTANT
22501,9868,1481,CLOSE
22502,5005,9518,CLOSE
22503,8247,2018,CLOSE
22504,2078,4988,CASUAL
22505,1115,7212,CLOSE
22506,6755,4335,CLOSE
22507,4321,1951,DISTANT
22508,212,226,CASUAL
22509,9062,7989,CLOSE
22510,765,2705,CLOSE
22511,2636,1971,CLOSE
22512,6916,5992,CLOSE
22513,7818,1976,DISTANT
22514,9904,6276,DISTANT
22515,882,1158,DISTANT
22516,6966,7432,DISTANT
22517,397,196,CASUAL
22518,8346,2661,CLOSE
22519,894,722,CASUAL
22520,2856,2279,CASUAL
22521,4837,5344,DISTANT
22522,9965,8735,CLOSE
22523,9151,9339,CASUAL
22524,604,277,DISTANT
22525,664,5644,DISTANT
22526,5480,1082,CLOSE
22527,6388,9099,CLOSE
22528,4969,4206,DISTANT
22529,3567,5341,CASUAL
22530,8363,9911,CASUAL
22531,3003,8484,CASUAL
22532,2745,2612,DISTANT
22533,1300,6447,CASUAL
22534,8656,3012,DISTANT
22535,8818,9433,DISTANT
22536,2284,197,DISTANT
22537,4709,3918,CLOSE
22538,8376,3765,CLOSE
22539,7790,3671,CLOSE
22540,1402,5332,DISTANT
22541,9661,2096,CASUAL
22542,9669,8887,CLOSE
22543,5834,3045,CLOSE
22544,3343,7471,CASUAL
22545,6,274,DISTANT
22546,7208,7165,DISTANT
22547,7460,1100,CASUAL
22548,5115,8436,CLOSE
22549,4150,3147,DISTANT
22550,9671,3445,CASUAL
22551,4713,5265,DISTANT
22552,2120,1079,DISTANT
22553,9186,8378,CLOSE
22554,8484,3827,DISTANT
22555,1900,6248,CLOSE
22556,6184,1752,DISTANT
22557,2354,121,DISTANT
22558,2299,9322,CASUAL
22559,8198,5849,DISTANT
22560,3795,9446,CLOSE
22561,840,1978,CLOSE
22562,8016,1060,CASUAL
22563,4337,6604,CLOSE
22564,6308,2785,CLOSE
22565,7270,3570,CLOSE
22566,1591,643,DISTANT
22567,3535,1968,CASUAL
22568,1900,7491,CLOSE
22569,2493,1286,CLOSE
22570,2660,7886,CLOSE
22571,5033,5691,DISTANT
22572,2293,7897,DISTANT
22573,5092,2476,DISTANT
22574,4906,4347,CLOSE
22575,4180,6314,DISTANT
22576,4798,3691,DISTANT
22577,5561,4840,DISTANT
22578,7267,8439,CLOSE
22579,2394,7042,CLOSE
22580,7845,9217,CLOSE
22581,5002,1811,DISTANT
22582,6527,4914,DISTANT
22583,1851,204,DISTANT
22584,5442,9207,CLOSE
22585,6877,3800,DISTANT
22586,5579,4164,DISTANT
22587,2648,3407,DISTANT
22588,6210,9651,DISTANT
22589,6046,7911,CLOSE
22590,3157,2177,DISTANT
22591,2299,9876,CLOSE
22592,8469,8780,CASUAL
22593,719,7014,CASUAL
22594,2071,3553,CASUAL
22595,9338,2364,CLOSE
22596,6114,6846,CLOSE
22597,1660,9989,DISTANT
22598,7113,5184,CASUAL
22599,4589,37,CASUAL
22600,2678,2338,DISTANT
22601,7297,2128,DISTANT
22602,4139,6394,CASUAL
22603,7636,6315,DISTANT
22604,7797,185,CASUAL
22605,6674,2346,CASUAL
22606,9119,850,DISTANT
22607,7067,8807,CLOSE
22608,245,8094,CLOSE
22609,565,5666,CLOSE
22610,4298,4206,CLOSE
22611,1766,3960,CLOSE
22612,8258,33,CLOSE
22613,9837,9690,CLOSE
22614,3816,5751,CASUAL
22615,377,4279,CASUAL
22616,3758,7743,CASUAL
22617,1553,7649,DISTANT
22618,3301,8388,DISTANT
22619,5657,8243,DISTANT
22620,9469,9302,DISTANT
22621,9904,3996,DISTANT
22622,7010,9757,CASUAL
22623,4453,2060,CASUAL
22624,5170,127,CASUAL
22625,8746,2033,DISTANT
22626,8604,497,CLOSE
22627,5438,1221,CLOSE
22628,913,670,CLOSE
22629,2215,7408,CASUAL
22630,7087,4810,DISTANT
22631,4413,157,DISTANT
22632,7569,7853,CASUAL
22633,1317,320,DISTANT
22634,4020,6525,CASUAL
22635,9097,49,CASUAL
22636,7110,7141,CLOSE
22637,6873,198,CASUAL
22638,699,8322,CASUAL
22639,9955,3809,CLOSE
22640,2158,1240,CLOSE
22641,8956,2878,DISTANT
22642,7541,9757,DISTANT
22643,4573,5528,DISTANT
22644,3,3034,CASUAL
22645,1064,9871,CLOSE
22646,2020,7205,CASUAL
22647,8074,9887,CLOSE
22648,2528,7174,DISTANT
22649,7497,3809,CLOSE
22650,7022,6350,CLOSE
22651,5778,6118,CASUAL
22652,7927,9460,CLOSE
22653,21,291,CLOSE
22654,450,4747,CASUAL
22655,8267,663,CASUAL
22656,1898,7196,CLOSE
22657,9801,930,CLOSE
22658,8380,4888,DISTANT
22659,8015,5383,CASUAL
22660,4144,90,DISTANT
22661,1807,7892,CASUAL
22662,1387,3076,CLOSE
22663,5153,1285,DISTANT
22664,5990,9874,CLOSE
22665,7643,8239,CLOSE
22666,9300,1399,CLOSE
22667,506,2202,DISTANT
22668,7413,9151,DISTANT
22669,5785,9042,DISTANT
22670,2042,5380,DISTANT
22671,4891,8244,DISTANT
22672,1089,2864,CLOSE
22673,7139,6835,CLOSE
22674,2035,452,CASUAL
22675,1800,8597,CASUAL
22676,5111,8744,CASUAL
22677,7971,6968,DISTANT
22678,9650,8957,DISTANT
22679,659,4596,CLOSE
22680,9476,9927,CLOSE
22681,840,3535,DISTANT
22682,1961,9039,CLOSE
22683,6238,6314,DISTANT
22684,34,6756,CASUAL
22685,2900,5356,DISTANT
22686,2676,7053,CLOSE
22687,8787,6776,CLOSE
22688,1706,8826,CASUAL
22689,1867,6645,CASUAL
22690,8822,4692,CLOSE
22691,287,528,CLOSE
22692,1587,4015,CASUAL
22693,6778,7885,DISTANT
22694,1447,8166,CASUAL
22695,581,8854,CLOSE
22696,4744,7503,CASUAL
22697,9232,5914,CLOSE
22698,4861,3460,CLOSE
22699,7595,1348,CLOSE
22700,4383,8792,CASUAL
22701,7426,4907,CASUAL
22702,6448,8817,DISTANT
22703,2911,4671,CASUAL
22704,6956,4325,CASUAL
22705,2444,4617,CASUAL
22706,2052,1798,DISTANT
22707,7211,4683,CASUAL
22708,5430,2254,CLOSE
22709,3184,8661,CASUAL
22710,4735,1759,CASUAL
22711,6557,696,CLOSE
22712,356,6276,CASUAL
22713,2159,9727,CASUAL
22714,4915,2997,CASUAL
22715,3030,6780,CLOSE
22716,7757,5423,CASUAL
22717,7931,9288,CASUAL
22718,9486,6007,CLOSE
22719,3923,4343,DISTANT
22720,535,1821,CLOSE
22721,5448,1422,CLOSE
22722,1177,5339,CASUAL
22723,1316,4388,DISTANT
22724,7693,2114,CASUAL
22725,8619,9945,CASUAL
22726,5462,381,CLOSE
22727,7591,1698,CASUAL
22728,4545,8402,CLOSE
22729,4024,1943,DISTANT
22730,9312,7741,CASUAL
22731,8721,4753,CLOSE
22732,328,6331,CASUAL
22733,3845,3919,CASUAL
22734,1772,3518,CASUAL
22735,524,7629,DISTANT
22736,2761,3986,CASUAL
22737,7807,6060,CLOSE
22738,4519,8101,CASUAL
22739,5568,8157,CLOSE
22740,8066,3456,DISTANT
22741,5896,2423,CLOSE
22742,8330,1599,CASUAL
22743,2063,95,CLOSE
22744,775,6547,DISTANT
22745,2236,2327,CASUAL
22746,4865,6738,DISTANT
22747,9431,416,CASUAL
22748,2558,5883,DISTANT
22749,9770,6465,CASUAL
22750,8271,4787,CASUAL
22751,2875,5290,DISTANT
22752,2912,7541,CLOSE
22753,2513,7719,CASUAL
22754,7826,5611,CASUAL
22755,3582,3793,CASUAL
22756,3505,6905,CASUAL
22757,4976,5809,DISTANT
22758,3806,1251,CASUAL
22759,4654,2221,DISTANT
22760,1472,1267,DISTANT
22761,352,6885,CASUAL
22762,4174,3317,DISTANT
22763,8803,189,DISTANT
22764,1996,3165,CLOSE
22765,6835,1617,DISTANT
22766,976,7902,CASUAL
22767,6170,3007,DISTANT
22768,6348,7123,DISTANT
22769,3868,4102,CASUAL
22770,7552,3093,CLOSE
22771,4003,6572,CLOSE
22772,8913,7874,DISTANT
22773,6206,8726,CLOSE
22774,2803,4005,DISTANT
22775,9310,927,DISTANT
22776,6192,1476,CASUAL
22777,7258,8541,CLOSE
22778,5162,4330,DISTANT
22779,2342,8528,CLOSE
22780,3985,9028,CASUAL
22781,6333,5289,CASUAL
22782,8439,3552,DISTANT
22783,6028,6278,CASUAL
22784,6125,1343,CLOSE
22785,4567,4444,CASUAL
22786,2881,9016,CASUAL
22787,5122,1545,DISTANT
22788,4994,7046,CLOSE
22789,6936,5234,DISTANT
22790,4432,6750,CASUAL
22791,588,9575,CLOSE
22792,9680,4080,DISTANT
22793,958,2024,CASUAL
22794,8898,6184,DISTANT
22795,4671,194,CASUAL
22796,8877,1453,DISTANT
22797,3988,1114,CLOSE
22798,4012,481,DISTANT
22799,405,7929,CASUAL
22800,4834,3544,DISTANT
22801,2893,734,DISTANT
22802,4875,9216,CLOSE
22803,612,4338,DISTANT
22804,6789,5230,DISTANT
22805,6975,2027,DISTANT
22806,6497,1989,DISTANT
22807,8787,3974,CLOSE
22808,4179,3824,DISTANT
22809,6758,988,CLOSE
22810,174,7982,DISTANT
22811,728,9816,CLOSE
22812,6003,351,CLOSE
22813,6931,2608,CASUAL
22814,7098,3378,CASUAL
22815,8070,8716,CLOSE
22816,4830,4977,CLOSE
22817,6703,7558,CLOSE
22818,3547,6119,DISTANT
22819,2164,4141,DISTANT
22820,635,4441,CASUAL
22821,7076,3924,CASUAL
22822,3262,1706,CASUAL
22823,3599,3650,CLOSE
22824,1380,7828,CLOSE
22825,3219,1237,DISTANT
22826,5047,8442,CLOSE
22827,6517,8079,CLOSE
22828,3873,7841,DISTANT
22829,2346,7240,DISTANT
22830,911,4804,CASUAL
22831,3766,350,CLOSE
22832,5557,1561,CLOSE
22833,3580,6015,DISTANT
22834,4996,4600,CASUAL
22835,3898,7265,CASUAL
22836,3820,3886,CLOSE
22837,8308,1989,DISTANT
22838,776,4007,CLOSE
22839,3228,8660,CASUAL
22840,5019,7503,DISTANT
22841,3210,5336,CLOSE
22842,3741,3979,DISTANT
22843,9169,4526,DISTANT
22844,3802,6325,CASUAL
22845,8621,61,DISTANT
22846,9587,2708,DISTANT
22847,2465,2163,CASUAL
22848,5902,9267,CLOSE
22849,6346,6208,DISTANT
22850,2358,2429,DISTANT
22851,9353,7023,CLOSE
22852,8692,534,CLOSE
22853,275,443,CLOSE
22854,5623,3681,CASUAL
22855,2808,3019,CASUAL
22856,1382,4391,CASUAL
22857,8073,2760,CLOSE
22858,1424,895,CASUAL
22859,9688,2991,DISTANT
22860,744,4341,CLOSE
22861,9608,4596,CLOSE
22862,3650,5910,CASUAL
22863,8976,2478,CASUAL
22864,9098,6612,CASUAL
22865,3567,7330,CASUAL
22866,8479,7035,DISTANT
22867,5236,8936,DISTANT
22868,6638,6087,CASUAL
22869,1944,9811,CASUAL
22870,1652,9577,DISTANT
22871,2080,9266,CLOSE
22872,9126,161,CLOSE
22873,4635,1131,DISTANT
22874,7615,9802,DISTANT
22875,7622,5758,CLOSE
22876,88,1384,CASUAL
22877,4073,6104,DISTANT
22878,8858,2527,CLOSE
22879,9216,1958,CLOSE
22880,2246,700,CLOSE
22881,1798,4285,CLOSE
22882,7121,529,CASUAL
22883,3509,3056,CLOSE
22884,1626,7894,DISTANT
22885,1403,166,CLOSE
22886,3203,6414,DISTANT
22887,1595,9924,CASUAL
22888,4375,2122,CASUAL
22889,3802,879,DISTANT
22890,3484,8203,DISTANT
22891,7953,8419,CLOSE
22892,3593,6688,CASUAL
22893,9184,3804,CASUAL
22894,9832,3187,CLOSE
22895,1673,9582,DISTANT
22896,8743,6432,DISTANT
22897,1158,1336,DISTANT
22898,804,3488,CLOSE
22899,1659,1444,CLOSE
22900,6978,2066,CASUAL
22901,6550,4814,CASUAL
22902,7809,9429,CLOSE
22903,8343,1779,DISTANT
22904,9879,5375,CASUAL
22905,5514,5572,CLOSE
22906,2626,9419,CLOSE
22907,6806,204,DISTANT
22908,7668,7527,CLOSE
22909,9723,3804,DISTANT
22910,6958,7746,CLOSE
22911,2789,2697,CASUAL
22912,8982,4695,DISTANT
22913,6758,5657,DISTANT
22914,5165,1385,DISTANT
22915,7804,2087,DISTANT
22916,8875,7068,DISTANT
22917,7959,9069,CLOSE
22918,6417,1635,CASUAL
22919,4724,2596,CLOSE
22920,6695,6197,CASUAL
22921,2277,1175,CASUAL
22922,3383,292,DISTANT
22923,6440,6069,CLOSE
22924,4083,4254,CASUAL
22925,9835,3297,CASUAL
22926,3074,9448,CASUAL
22927,6669,43,CASUAL
22928,404,9832,CASUAL
22929,6462,221,CASUAL
22930,4581,6933,CLOSE
22931,4285,8560,DISTANT
22932,3632,9086,CLOSE
22933,3465,8279,CLOSE
22934,6920,8052,DISTANT
22935,1128,5274,DISTANT
22936,2173,1380,CLOSE
22937,493,6131,DISTANT
22938,3520,313,CASUAL
22939,686,3157,CLOSE
22940,8469,8198,CLOSE
22941,6944,2364,CASUAL
22942,2842,3318,CASUAL
22943,4241,5674,CASUAL
22944,6579,7021,CASUAL
22945,4955,5552,CLOSE
22946,809,7907,DISTANT
22947,1221,8094,CLOSE
22948,1331,853,CLOSE
22949,5920,5444,CASUAL
22950,319,8006,CASUAL
22951,7898,1208,CASUAL
22952,866,8799,CASUAL
22953,1402,2035,CASUAL
22954,1570,6770,CASUAL
22955,3531,3076,CLOSE
22956,5962,4207,DISTANT
22957,2796,3396,CLOSE
22958,7235,4770,CLOSE
22959,5503,4726,CLOSE
22960,9496,2125,CASUAL
22961,7758,8628,CLOSE
22962,396,5955,DISTANT
22963,1077,6636,CASUAL
22964,1982,5322,CLOSE
22965,7069,2453,CASUAL
22966,1344,442,CASUAL
22967,7129,2966,DISTANT
22968,1014,9086,DISTANT
22969,28,145,CASUAL
22970,4535,3205,CASUAL
22971,4380,7492,DISTANT
22972,3944,1942,DISTANT
22973,6710,7967,CASUAL
22974,7397,6232,CASUAL
22975,8427,2741,CLOSE
22976,1959,9675,DISTANT
22977,9331,2339,CLOSE
22978,349,8133,DISTANT
22979,8809,6527,CASUAL
22980,5265,3540,CLOSE
22981,8225,2747,DISTANT
22982,1316,3760,DISTANT
22983,1861,5091,CLOSE
22984,7291,770,DISTANT
22985,8333,5555,CLOSE
22986,339,6455,DISTANT
22987,3324,6060,CASUAL
22988,3017,4736,CLOSE
22989,6234,2608,CLOSE
22990,8763,7744,CASUAL
22991,5192,9855,CASUAL
22992,3716,9729,CASUAL
22993,2396,1498,DISTANT
22994,1294,6058,CLOSE
22995,3275,3162,CLOSE
22996,6196,4643,DISTANT
22997,6782,9982,CASUAL
22998,6130,4760,CLOSE
22999,2981,7670,CASUAL
23000,8319,2178,CLOSE
23001,9628,4677,DISTANT
23002,7251,2303,CASUAL
23003,726,2106,DISTANT
23004,914,8265,CLOSE
23005,1449,8599,CASUAL
23006,4050,4275,DISTANT
23007,5549,3343,CASUAL
23008,8549,3519,CASUAL
23009,2402,1341,CASUAL
23010,1183,6723,CLOSE
23011,9477,2313,CLOSE
23012,2378,1678,CASUAL
23013,453,8015,DISTANT
23014,6259,2849,CASUAL
23015,5856,4413,CLOSE
23016,4039,1553,CLOSE
23017,2693,9044,CASUAL
23018,1403,8609,CASUAL
23019,5375,3097,CASUAL
23020,7100,2247,CLOSE
23021,7681,8169,CASUAL
23022,1537,7324,DISTANT
23023,5328,3556,DISTANT
23024,9834,1152,CASUAL
23025,3096,4194,CLOSE
23026,5845,6060,CASUAL
23027,3439,6212,CLOSE
23028,7718,5681,CASUAL
23029,8911,6769,CASUAL
23030,6822,1559,CASUAL
23031,7493,8561,DISTANT
23032,7513,800,DISTANT
23033,2585,6711,CLOSE
23034,8735,2247,CLOSE
23035,6839,5682,DISTANT
23036,3160,3192,CASUAL
23037,8925,7539,DISTANT
23038,7129,9095,CASUAL
23039,3525,2014,CASUAL
23040,6205,7920,CLOSE
23041,9388,5794,DISTANT
23042,3417,6808,CLOSE
23043,6763,2333,CASUAL
23044,3545,8494,CLOSE
23045,8173,3443,CLOSE
23046,9784,7442,CLOSE
23047,9210,3552,CLOSE
23048,9454,6901,CASUAL
23049,2813,1331,CASUAL
23050,4404,8279,DISTANT
23051,7291,1588,CLOSE
23052,1671,4475,DISTANT
23053,7390,937,DISTANT
23054,83,4255,DISTANT
23055,5786,6978,CLOSE
23056,7638,9366,CLOSE
23057,8257,8564,CASUAL
23058,8885,2257,DISTANT
23059,1111,1099,CLOSE
23060,1355,7435,CLOSE
23061,3605,8620,CASUAL
23062,2903,2495,CASUAL
23063,4737,278,CLOSE
23064,659,7923,CASUAL
23065,7764,3761,DISTANT
23066,8408,1963,CASUAL
23067,4390,5984,DISTANT
23068,3245,3230,DISTANT
23069,7420,1212,CASUAL
23070,7697,7536,CASUAL
23071,1345,3270,DISTANT
23072,8654,3937,CASUAL
23073,8911,6249,DISTANT
23074,9696,768,CASUAL
23075,2757,1443,CASUAL
23076,4278,5369,CASUAL
23077,5426,7157,CLOSE
23078,225,9013,CASUAL
23079,6306,9818,CASUAL
23080,1367,9397,CASUAL
23081,5337,1867,CLOSE
23082,6740,1241,DISTANT
23083,3063,9901,CASUAL
23084,1173,1743,CLOSE
23085,7908,7711,DISTANT
23086,9910,6360,CASUAL
23087,7271,4168,DISTANT
23088,1579,98,CASUAL
23089,3378,7946,DISTANT
23090,1091,3992,CASUAL
23091,786,3582,DISTANT
23092,7625,6498,CASUAL
23093,4012,2491,CLOSE
23094,4831,5739,CASUAL
23095,4329,1739,DISTANT
23096,7581,4858,CLOSE
23097,785,229,CLOSE
23098,5434,1951,CLOSE
23099,4648,5125,CASUAL
23100,6454,759,CASUAL
23101,2345,5113,CASUAL
23102,8801,5537,CASUAL
23103,1966,8375,CLOSE
23104,4203,9828,DISTANT
23105,4748,8454,CLOSE
23106,4849,1224,CLOSE
23107,248,7465,DISTANT
23108,7827,7271,CASUAL
23109,3629,9356,CLOSE
23110,6935,203,CASUAL
23111,6445,5851,DISTANT
23112,7362,3247,DISTANT
23113,3717,8234,CLOSE
23114,638,6418,CASUAL
23115,5629,1897,CASUAL
23116,6923,6658,CLOSE
23117,3792,3807,CLOSE
23118,6465,3866,CASUAL
23119,81,7665,CASUAL
23120,3270,1925,CLOSE
23121,4168,7780,DISTANT
23122,3409,5420,DISTANT
23123,6231,8136,CLOSE
23124,3113,4020,DISTANT
23125,3277,6434,DISTANT
23126,1978,13,CASUAL
23127,4591,4146,CASUAL
23128,5100,5557,CASUAL
23129,1585,2562,DISTANT
23130,2052,6276,DISTANT
23131,6164,4444,CASUAL
23132,9938,5812,CASUAL
23133,7939,1515,DISTANT
23134,714,1688,CASUAL
23135,1674,2931,DISTANT
23136,4676,3516,CLOSE
23137,7907,1097,DISTANT
23138,5143,1561,CASUAL
23139,7423,5985,CASUAL
23140,2030,3058,DISTANT
23141,7164,9348,CLOSE
23142,948,9855,CASUAL
23143,2858,7420,CLOSE
23144,4287,6591,DISTANT
23145,9128,5843,DISTANT
23146,5171,6439,CLOSE
23147,1436,5219,DISTANT
23148,4985,9997,CLOSE
23149,8756,8021,DISTANT
23150,111,4753,CLOSE
23151,98,7085,CASUAL
23152,6925,1918,DISTANT
23153,9253,3421,CASUAL
23154,4636,1864,DISTANT
23155,5235,280,CASUAL
23156,1739,276,CLOSE
23157,5218,9202,CASUAL
23158,6514,5131,CLOSE
23159,5114,3705,CASUAL
23160,8548,315,CLOSE
23161,9121,6306,CLOSE
23162,3965,3179,CLOSE
23163,9638,561,DISTANT
23164,8811,9872,DISTANT
23165,8869,8527,DISTANT
23166,7638,8867,DISTANT
23167,4258,1046,DISTANT
23168,2825,5768,DISTANT
23169,7524,9628,DISTANT
23170,9549,5291,DISTANT
23171,6085,9916,DISTANT
23172,8480,8737,DISTANT
23173,8059,2692,DISTANT
23174,7997,1382,CASUAL
23175,9707,458,CASUAL
23176,5434,5526,CASUAL
23177,6290,1195,CLOSE
23178,1228,1666,CLOSE
23179,4085,9024,DISTANT
23180,6250,9255,DISTANT
23181,2374,3248,CASUAL
23182,7559,4268,CLOSE
23183,2818,4770,CLOSE
23184,5780,5619,CLOSE
23185,9286,3853,CLOSE
23186,4204,9419,CLOSE
23187,9407,4555,CASUAL
23188,1741,9905,CLOSE
23189,4472,9659,CLOSE
23190,8395,1691,DISTANT
23191,1475,5332,DISTANT
23192,4673,101,CASUAL
23193,5745,9262,DISTANT
23194,3036,2864,CASUAL
23195,7773,5866,CASUAL
23196,4147,7331,CASUAL
23197,7722,315,CASUAL
23198,7896,6124,DISTANT
23199,3192,2541,CLOSE
23200,4172,2408,DISTANT
23201,1847,7258,CLOSE
23202,6100,2429,CLOSE
23203,3623,9889,DISTANT
23204,4886,6079,CASUAL
23205,9381,4533,DISTANT
23206,3232,6430,CLOSE
23207,1336,3944,CASUAL
23208,8447,8855,CLOSE
23209,4384,9249,CASUAL
23210,9927,9815,CASUAL
23211,1393,3947,DISTANT
23212,9482,6669,CASUAL
23213,108,686,CASUAL
23214,5852,2668,CLOSE
23215,8894,1388,CLOSE
23216,192,8949,CLOSE
23217,9123,9880,CLOSE
23218,3231,2904,CLOSE
23219,8726,2920,CASUAL
23220,2418,2327,CASUAL
23221,7936,282,DISTANT
23222,3292,1009,CLOSE
23223,5914,4760,DISTANT
23224,1308,7711,CASUAL
23225,9175,5177,DISTANT
23226,6397,547,CASUAL
23227,3249,779,CLOSE
23228,3758,7355,CLOSE
23229,2178,3512,CLOSE
23230,2412,416,CASUAL
23231,9107,2686,CASUAL
23232,2982,5199,CLOSE
23233,1297,6895,CLOSE
23234,1354,392,CASUAL
23235,2669,9445,CASUAL
23236,9754,489,CASUAL
23237,922,9089,DISTANT
23238,216,8506,DISTANT
23239,7416,6641,CASUAL
23240,3310,928,DISTANT
23241,8416,7712,CASUAL
23242,9913,8144,DISTANT
23243,3435,444,DISTANT
23244,6904,8093,CASUAL
23245,1244,4478,CLOSE
23246,2584,6333,CLOSE
23247,298,770,CLOSE
23248,4708,4615,CLOSE
23249,5240,358,DISTANT
23250,4016,8737,DISTANT
23251,6306,9628,CLOSE
23252,7508,7917,CLOSE
23253,5269,1372,CLOSE
23254,9606,7725,CASUAL
23255,2587,9262,CASUAL
23256,1247,5219,DISTANT
23257,9271,896,CASUAL
23258,4781,2631,CLOSE
23259,2359,6024,DISTANT
23260,5532,7803,DISTANT
23261,5020,6526,CLOSE
23262,5388,4091,CASUAL
23263,4050,8966,CASUAL
23264,1238,5252,CASUAL
23265,3509,6490,CLOSE
23266,2675,8678,CASUAL
23267,7021,6472,CASUAL
23268,1485,1467,CLOSE
23269,8539,4268,CASUAL
23270,5664,2937,CLOSE
23271,5203,6888,DISTANT
23272,1231,3292,CASUAL
23273,6090,9694,DISTANT
23274,8716,1361,CLOSE
23275,1638,6740,CASUAL
23276,5622,5352,DISTANT
23277,4638,5236,CLOSE
23278,7642,4022,CASUAL
23279,7290,3841,CASUAL
23280,3158,4886,DISTANT
23281,484,811,CLOSE
23282,1273,5747,CLOSE
23283,1956,433,CASUAL
23284,8111,7183,DISTANT
23285,4538,8878,DISTANT
23286,8334,249,CLOSE
23287,3040,1311,CLOSE
23288,9334,319,CLOSE
23289,353,4946,DISTANT
23290,7200,4558,CLOSE
23291,3266,9949,CASUAL
23292,4095,2562,DISTANT
23293,9671,4688,DISTANT
23294,6323,561,CLOSE
23295,1205,3680,DISTANT
23296,9533,8483,CASUAL
23297,7234,1598,CLOSE
23298,4651,9682,CASUAL
23299,9466,7932,CASUAL
23300,4119,1657,CASUAL
23301,683,1801,CLOSE
23302,2901,3364,CLOSE
23303,7061,4555,DISTANT
23304,5526,1586,CASUAL
23305,9614,8526,CASUAL
23306,9845,7932,CASUAL
23307,7273,3589,CLOSE
23308,6615,2714,DISTANT
23309,5166,8309,DISTANT
23310,5025,3248,CLOSE
23311,116,5349,CLOSE
23312,5320,4237,DISTANT
23313,2859,9585,CASUAL
23314,4095,7212,DISTANT
23315,1301,8412,CLOSE
23316,8106,2842,CLOSE
23317,5494,7141,CLOSE
23318,9113,8243,CASUAL
23319,2293,4646,DISTANT
23320,2626,2313,CLOSE
23321,1949,5979,CASUAL
23322,3639,1613,CLOSE
23323,6128,7857,DISTANT
23324,4403,4645,CASUAL
23325,532,3535,DISTANT
23326,1825,2959,CASUAL
23327,1664,163,CASUAL
23328,961,5190,CLOSE
23329,3942,7338,DISTANT
23330,4502,6646,CLOSE
23331,8484,3201,CASUAL
23332,3836,3374,DISTANT
23333,2701,3518,DISTANT
23334,4009,4945,CASUAL
23335,4400,9956,CLOSE
23336,8736,4064,DISTANT
23337,2292,7962,DISTANT
23338,8435,2258,CASUAL
23339,3589,6289,CLOSE
23340,5440,8564,CASUAL
23341,9269,6742,CLOSE
23342,2173,1649,CASUAL
23343,9745,9677,CASUAL
23344,3543,6347,CLOSE
23345,7686,4582,CLOSE
23346,8323,5938,DISTANT
23347,8187,7369,DISTANT
23348,2807,8966,CASUAL
23349,5912,5519,DISTANT
23350,4705,9533,DISTANT
23351,5369,3976,CASUAL
23352,4882,819,CLOSE
23353,8169,4056,DISTANT
23354,5150,2819,CLOSE
23355,8769,8030,CASUAL
23356,4980,3031,CLOSE
23357,5488,7150,DISTANT
23358,5993,4243,CLOSE
23359,2372,1038,CLOSE
23360,150,9939,DISTANT
23361,4643,2618,DISTANT
23362,6001,6740,CASUAL
23363,9925,2974,CLOSE
23364,2772,853,CASUAL
23365,3955,3384,DISTANT
23366,6250,2038,CLOSE
23367,8091,3003,DISTANT
23368,6262,2399,CASUAL
23369,1476,3976,CLOSE
23370,1744,5471,DISTANT
23371,7849,4040,CASUAL
23372,913,9789,CLOSE
23373,762,9523,CLOSE
23374,1661,8518,CLOSE
23375,9422,9340,DISTANT
23376,3626,530,CLOSE
23377,5146,6984,CASUAL
23378,2742,7108,CASUAL
23379,9598,1878,DISTANT
23380,49,7386,CASUAL
23381,5891,607,DISTANT
23382,1161,129,CLOSE
23383,5981,1508,DISTANT
23384,953,6976,CLOSE
23385,2567,456,DISTANT
23386,5599,4451,CLOSE
23387,1296,888,CASUAL
23388,6889,5460,CASUAL
23389,6223,513,CASUAL
23390,5422,8847,DISTANT
23391,4442,6440,CASUAL
23392,4455,7882,CASUAL
23393,5130,3544,CLOSE
23394,8318,4575,DISTANT
23395,8108,2444,DISTANT
23396,7871,4483,CLOSE
23397,9469,4917,DISTANT
23398,7590,8150,DISTANT
23399,3986,890,DISTANT
23400,9403,443,CASUAL
23401,2043,8167,CASUAL
23402,9616,8755,CASUAL
23403,2625,7084,DISTANT
23404,767,2934,CASUAL
23405,7542,136,DISTANT
23406,5195,3270,CASUAL
23407,4808,7640,CLOSE
23408,8240,1793,CLOSE
23409,7654,2641,DISTANT
23410,3140,1138,CLOSE
23411,4464,8488,DISTANT
23412,9073,3083,DISTANT
23413,370,8429,DISTANT
23414,6629,281,DISTANT
23415,2989,1055,DISTANT
23416,3605,3288,CLOSE
23417,661,1850,CLOSE
23418,916,4033,CASUAL
23419,14,9186,DISTANT
23420,6900,3047,CLOSE
23421,1781,2784,CLOSE
23422,1616,2932,CASUAL
23423,6549,8520,CASUAL
23424,5048,5672,DISTANT
23425,344,8186,CASUAL
23426,7355,6847,CASUAL
23427,2110,9119,DISTANT
23428,9011,3048,CLOSE
23429,6831,9402,CLOSE
23430,4719,5014,CASUAL
23431,3609,6341,CLOSE
23432,7152,7877,CASUAL
23433,855,5913,CASUAL
23434,6903,3261,CASUAL
23435,5480,6987,CLOSE
23436,7588,4237,CLOSE
23437,8265,3774,CLOSE
23438,2494,2269,CLOSE
23439,5331,8839,DISTANT
23440,1655,6322,CLOSE
23441,8181,578,CASUAL
23442,7840,4677,CLOSE
23443,9794,792,DISTANT
23444,2284,2152,CASUAL
23445,1433,3281,DISTANT
23446,3446,3273,CASUAL
23447,9647,6961,CASUAL
23448,5793,6252,CASUAL
23449,1493,7124,CASUAL
23450,8608,1996,CLOSE
23451,3976,5722,DISTANT
23452,8757,2765,CASUAL
23453,2454,1978,CLOSE
23454,42,3929,CASUAL
23455,9724,8289,CLOSE
23456,8854,6380,DISTANT
23457,3840,7784,CLOSE
23458,807,8622,CASUAL
23459,2469,8880,DISTANT
23460,6809,7661,CASUAL
23461,9224,9594,CLOSE
23462,7758,7914,DISTANT
23463,3503,2898,CASUAL
23464,5919,5956,CLOSE
23465,9842,9203,CASUAL
23466,755,4569,CASUAL
23467,9252,6946,DISTANT
23468,2882,784,CASUAL
23469,765,1968,CLOSE
23470,8957,4260,CASUAL
23471,2120,4240,DISTANT
23472,6841,4794,DISTANT
23473,1363,921,CLOSE
23474,3402,969,CASUAL
23475,9176,6864,CASUAL
23476,2375,4298,DISTANT
23477,7771,6599,CASUAL
23478,9423,9622,DISTANT
23479,6238,5276,DISTANT
23480,2677,548,CASUAL
23481,3608,1514,CASUAL
23482,1687,2402,DISTANT
23483,9433,4970,DISTANT
23484,578,9547,CASUAL
23485,517,9297,CASUAL
23486,1171,1212,DISTANT
23487,3477,2630,DISTANT
23488,5905,6637,CASUAL
23489,6187,9237,DISTANT
23490,6123,8726,DISTANT
23491,7496,5792,CLOSE
23492,1903,2792,CLOSE
23493,5649,1507,DISTANT
23494,1755,3597,CLOSE
23495,1737,3321,CLOSE
23496,5541,8602,CASUAL
23497,4275,8152,DISTANT
23498,9655,9367,CASUAL
23499,9939,6190,CASUAL
23500,9985,4834,CLOSE
23501,9002,8389,DISTANT
23502,3432,4432,CASUAL
23503,2043,4387,CLOSE
23504,3964,1513,DISTANT
23505,3127,6315,CLOSE
23506,7104,9031,CLOSE
23507,6020,6253,CLOSE
23508,3009,6744,CASUAL
23509,4028,9628,CASUAL
23510,3068,9807,CLOSE
23511,1521,6995,CASUAL
23512,7028,9801,CASUAL
23513,648,813,DISTANT
23514,918,7231,CASUAL
23515,267,5348,CASUAL
23516,6214,4605,CLOSE
23517,441,4975,CLOSE
23518,5531,6533,CASUAL
23519,3384,4531,CLOSE
23520,1813,7795,DISTANT
23521,2815,6215,DISTANT
23522,6653,2107,DISTANT
23523,6447,7338,CLOSE
23524,2135,9009,CASUAL
23525,5871,6291,CLOSE
23526,2218,7141,CLOSE
23527,2695,7151,CASUAL
23528,299,2301,CLOSE
23529,9784,5558,DISTANT
23530,7831,1401,CLOSE
23531,7776,7200,CLOSE
23532,3467,8934,CLOSE
23533,8855,5816,CLOSE
23534,6554,814,DISTANT
23535,5576,2967,CLOSE
23536,2360,9376,DISTANT
23537,2039,9032,CLOSE
23538,5645,2966,DISTANT
23539,133,9151,DISTANT
23540,5380,3698,CLOSE
23541,7126,1554,CLOSE
23542,409,603,CASUAL
23543,4572,9358,CASUAL
23544,7306,6648,CASUAL
23545,5962,8631,DISTANT
23546,7472,1306,DISTANT
23547,9632,9539,CLOSE
23548,6497,5380,DISTANT
23549,4434,8445,CLOSE
23550,5988,7151,DISTANT
23551,8193,4403,CLOSE
23552,4496,5757,CASUAL
23553,5149,6872,DISTANT
23554,5290,9314,DISTANT
23555,5716,7342,CLOSE
23556,5599,9004,DISTANT
23557,9276,4045,CLOSE
23558,861,8284,DISTANT
23559,7344,6046,CLOSE
23560,6530,3489,CASUAL
23561,7163,7209,DISTANT
23562,493,425,DISTANT
23563,5272,3886,CASUAL
23564,6852,1187,CASUAL
23565,4330,7765,DISTANT
23566,688,3333,CLOSE
23567,8160,8919,CASUAL
23568,4598,3917,DISTANT
23569,226,2229,CASUAL
23570,2342,4849,CASUAL
23571,1697,8464,CASUAL
23572,1203,2742,CLOSE
23573,4239,6222,CASUAL
23574,7481,2103,DISTANT
23575,9644,7937,DISTANT
23576,6733,2546,DISTANT
23577,5581,6950,DISTANT
23578,9097,4959,DISTANT
23579,2072,517,CLOSE
23580,18,8638,CASUAL
23581,9809,7503,DISTANT
23582,9273,85,CASUAL
23583,2853,7272,CLOSE
23584,3069,6497,CASUAL
23585,3218,2477,CLOSE
23586,4428,844,DISTANT
23587,453,6401,DISTANT
23588,3900,1126,CLOSE
23589,3750,4082,DISTANT
23590,6053,3548,DISTANT
23591,2216,3561,CLOSE
23592,9359,6188,CLOSE
23593,6101,4372,DISTANT
23594,3170,644,DISTANT
23595,6187,3758,DISTANT
23596,1024,6056,CLOSE
23597,715,2309,CLOSE
23598,645,8466,DISTANT
23599,9083,9899,CLOSE
23600,896,4944,CASUAL
23601,7895,4710,CASUAL
23602,3432,8008,DISTANT
23603,137,3529,DISTANT
23604,4931,106,DISTANT
23605,9217,2379,CLOSE
23606,1031,3329,DISTANT
23607,9805,13,CLOSE
23608,1959,5064,CASUAL
23609,5163,4811,DISTANT
23610,9770,6112,DISTANT
23611,5369,5884,CASUAL
23612,303,5423,CLOSE
23613,4184,8175,CASUAL
23614,9428,9851,DISTANT
23615,4781,3190,CLOSE
23616,5430,573,CASUAL
23617,3155,9178,DISTANT
23618,1345,3169,CASUAL
23619,9571,6470,CLOSE
23620,558,94,DISTANT
23621,7816,5183,CLOSE
23622,6323,4812,CLOSE
23623,6599,3274,DISTANT
23624,7623,5330,CLOSE
23625,3046,3198,CASUAL
23626,4932,6395,DISTANT
23627,6977,8270,CASUAL
23628,1115,2967,CLOSE
23629,1056,8966,CASUAL
23630,47,440,CASUAL
23631,4743,6316,CASUAL
23632,7245,8504,CASUAL
23633,5260,1087,CASUAL
23634,3427,6120,DISTANT
23635,9770,8745,CLOSE
23636,4453,32,CLOSE
23637,3089,6906,CLOSE
23638,3844,9798,DISTANT
23639,2020,4475,CASUAL
23640,4188,6703,CLOSE
23641,1374,1699,DISTANT
23642,5741,4667,CLOSE
23643,1096,7360,CLOSE
23644,4915,9153,CLOSE
23645,3289,445,CASUAL
23646,9386,7786,DISTANT
23647,7856,5003,CLOSE
23648,2244,3611,CASUAL
23649,4296,1218,DISTANT
23650,1261,5346,CASUAL
23651,4942,2307,DISTANT
23652,6406,2709,CLOSE
23653,1536,4256,DISTANT
23654,5491,9362,DISTANT
23655,7911,4060,CLOSE
23656,4249,7312,DISTANT
23657,4102,6846,DISTANT
23658,2335,469,CASUAL
23659,3472,5428,CASUAL
23660,4014,9648,CASUAL
23661,3304,3395,DISTANT
23662,8980,8234,DISTANT
23663,1441,6716,CASUAL
23664,2255,2236,CLOSE
23665,3727,7829,CASUAL
23666,5760,3535,CLOSE
23667,1605,3693,CASUAL
23668,6298,4017,CASUAL
23669,819,3279,DISTANT
23670,5537,6758,CLOSE
23671,6153,8073,DISTANT
23672,1310,6814,CLOSE
23673,8300,143,CLOSE
23674,5796,5569,CASUAL
23675,989,482,DISTANT
23676,9723,3804,CLOSE
23677,4527,8142,CLOSE
23678,9544,6553,DISTANT
23679,6526,7516,CLOSE
23680,7957,6259,DISTANT
23681,9002,3211,CLOSE
23682,2025,9228,CLOSE
23683,5050,104,CASUAL
23684,6931,6394,CASUAL
23685,4924,4724,CASUAL
23686,6044,1790,DISTANT
23687,4605,9417,DISTANT
23688,8540,1728,CLOSE
23689,443,6198,CLOSE
23690,441,5246,CASUAL
23691,7885,1799,CASUAL
23692,1302,6912,DISTANT
23693,2217,406,DISTANT
23694,8174,8269,CLOSE
23695,8819,5490,CLOSE
23696,6582,7054,CLOSE
23697,81,567,CASUAL
23698,7665,2431,CLOSE
23699,3545,1529,CASUAL
23700,6779,6097,DISTANT
23701,1230,2742,CASUAL
23702,378,8238,DISTANT
23703,2181,8843,CLOSE
23704,669,4345,CASUAL
23705,9909,2576,DISTANT
23706,1421,829,DISTANT
23707,3427,138,CASUAL
23708,6697,9053,DISTANT
23709,6009,5186,DISTANT
23710,2958,2228,DISTANT
23711,9629,7625,CLOSE
23712,4083,9387,CLOSE
23713,8030,62,CASUAL
23714,510,7549,CLOSE
23715,9790,1425,CLOSE
23716,7968,1278,CASUAL
23717,6326,7747,CASUAL
23718,6177,8544,CASUAL
23719,5338,1723,DISTANT
23720,7060,7635,CASUAL
23721,6925,3279,CASUAL
23722,6705,8586,DISTANT
23723,404,3300,DISTANT
23724,3127,6106,CASUAL
23725,6372,9278,DISTANT
23726,5474,1274,CASUAL
23727,1249,3360,CASUAL
23728,3661,7466,CASUAL
23729,7052,887,CLOSE
23730,4293,8610,CASUAL
23731,800,5482,CLOSE
23732,1922,8952,CLOSE
23733,1307,833,DISTANT
23734,6055,4950,CASUAL
23735,5776,529,CLOSE
23736,8478,7219,DISTANT
23737,7876,8652,CASUAL
23738,6056,4519,CASUAL
23739,8317,7725,DISTANT
23740,9256,658,CLOSE
23741,8578,5327,CLOSE
23742,291,5079,CLOSE
23743,1245,929,DISTANT
23744,8934,3067,DISTANT
23745,3669,2154,CASUAL
23746,6755,6277,CASUAL
23747,6496,8358,CLOSE
23748,8382,2337,CASUAL
23749,5204,5338,CLOSE
23750,3480,2608,CLOSE
23751,1032,8787,CASUAL
23752,9004,399,CASUAL
23753,381,2778,CASUAL
23754,6083,551,DISTANT
23755,5398,7735,DISTANT
23756,6597,4097,CASUAL
23757,7514,3169,DISTANT
23758,6935,7901,CLOSE
23759,309,8284,DISTANT
23760,889,5696,CLOSE
23761,1372,3625,CLOSE
23762,3275,3050,DISTANT
23763,4678,9831,DISTANT
23764,5308,8251,CLOSE
23765,2469,5920,CASUAL
23766,3824,6478,CLOSE
23767,5973,9557,CLOSE
23768,9268,2543,CLOSE
23769,3786,2595,DISTANT
23770,4931,4101,DISTANT
23771,2104,7371,CLOSE
23772,5426,2492,CASUAL
23773,4168,9720,CLOSE
23774,7015,1241,CASUAL
23775,9643,2080,CASUAL
23776,9396,4074,DISTANT
23777,410,6978,DISTANT
23778,7855,2239,DISTANT
23779,4820,9267,CASUAL
23780,8412,8801,DISTANT
23781,8547,1989,CLOSE
23782,7460,403,DISTANT
23783,6125,5402,CASUAL
23784,7926,127,CASUAL
23785,7605,596,CASUAL
23786,4619,2297,CLOSE
23787,9789,6809,DISTANT
23788,5061,6078,CLOSE
23789,7502,6633,DISTANT
23790,1692,2273,CLOSE
23791,6505,582,DISTANT
23792,1928,5901,CLOSE
23793,7931,96,CASUAL
23794,105,5654,CLOSE
23795,8857,7431,CASUAL
23796,8966,3015,DISTANT
23797,9583,1956,CLOSE
23798,2545,4005,CASUAL
23799,4031,7410,CASUAL
23800,1837,7802,CLOSE
23801,2613,3901,DISTANT
23802,7121,3863,CASUAL
23803,1709,9037,CLOSE
23804,2100,4238,CLOSE
23805,4625,4766,DISTANT
23806,9898,2452,CASUAL
23807,9686,4654,CASUAL
23808,8663,7810,CLOSE
23809,7123,8285,CASUAL
23810,9218,6767,CLOSE
23811,3744,2,DISTANT
23812,3086,3312,CLOSE
23813,9469,8041,CLOSE
23814,7588,5089,CASUAL
23815,9011,7465,CLOSE
23816,343,3681,CASUAL
23817,5533,166,DISTANT
23818,7090,7967,DISTANT
23819,7362,2810,DISTANT
23820,9547,3575,CASUAL
23821,1607,8456,DISTANT
23822,6290,1407,CLOSE
23823,5355,2611,CASUAL
23824,8871,9951,DISTANT
23825,6679,5541,CLOSE
23826,438,2437,CASUAL
23827,2248,4933,CLOSE
23828,1236,261,DISTANT
23829,2392,6521,DISTANT
23830,7045,2198,CASUAL
23831,4463,7472,DISTANT
23832,1955,3243,DISTANT
23833,342,7638,DISTANT
23834,7373,2459,DISTANT
23835,7557,7733,CASUAL
23836,7136,5381,CLOSE
23837,1838,6970,DISTANT
23838,3793,3352,CASUAL
23839,8774,8704,DISTANT
23840,1984,2773,DISTANT
23841,4678,4348,DISTANT
23842,1002,446,CLOSE
23843,8770,5320,CASUAL
23844,4122,2033,CLOSE
23845,6465,8029,CLOSE
23846,5186,3072,DISTANT
23847,3114,1382,DISTANT
23848,1843,9681,CLOSE
23849,9260,3110,CASUAL
23850,1643,4036,DISTANT
23851,8559,588,DISTANT
23852,3392,30,CLOSE
23853,336,7075,DISTANT
23854,5024,4127,DISTANT
23855,5715,6261,DISTANT
23856,4286,6747,DISTANT
23857,1398,7213,CASUAL
23858,5335,4103,CASUAL
23859,8674,402,DISTANT
23860,1997,8192,DISTANT
23861,4491,2460,DISTANT
23862,6885,3310,CASUAL
23863,3403,1586,DISTANT
23864,5141,3,DISTANT
23865,3064,9637,CASUAL
23866,6771,2929,DISTANT
23867,8094,3378,CASUAL
23868,5192,7118,DISTANT
23869,1832,1654,DISTANT
23870,7097,1229,DISTANT
23871,4511,4165,DISTANT
23872,3789,2623,DISTANT
23873,9908,3151,DISTANT
23874,3779,9718,CLOSE
23875,4333,1282,CLOSE
23876,7980,2890,CASUAL
23877,2918,6212,CLOSE
23878,6081,9342,DISTANT
23879,9265,142,DISTANT
23880,3090,3943,CLOSE
23881,4736,4404,CASUAL
23882,7458,5546,DISTANT
23883,6183,2540,DISTANT
23884,5036,9848,CLOSE
23885,6020,9240,DISTANT
23886,615,2714,DISTANT
23887,2608,5851,DISTANT
23888,626,1263,CASUAL
23889,17,9521,CASUAL
23890,9242,2246,CASUAL
23891,2654,8679,DISTANT
23892,4073,7769,DISTANT
23893,8330,4565,CASUAL
23894,7163,2446,CASUAL
23895,620,3400,CASUAL
23896,9607,6810,CASUAL
23897,3667,2219,CLOSE
23898,3306,7316,DISTANT
23899,1202,2626,CLOSE
23900,2634,6614,DISTANT
23901,8292,9744,DISTANT
23902,816,4191,CLOSE
23903,5542,4617,CLOSE
23904,6631,337,DISTANT
23905,63,8797,CLOSE
23906,9511,5179,DISTANT
23907,6847,8433,DISTANT
23908,1669,6526,CASUAL
23909,8754,7372,CASUAL
23910,311,1633,DISTANT
23911,708,4530,CASUAL
23912,3064,2399,CLOSE
23913,4178,9378,DISTANT
23914,4118,1183,CASUAL
23915,9393,7868,DISTANT
23916,3280,6021,DISTANT
23917,5601,4570,CLOSE
23918,1955,4990,CLOSE
23919,4576,5401,CLOSE
23920,2988,1051,DISTANT
23921,1543,1455,CLOSE
23922,1703,1439,CLOSE
23923,477,1073,CASUAL
23924,2472,875,DISTANT
23925,9410,6978,CASUAL
23926,1752,5174,CASUAL
23927,9361,7875,DISTANT
23928,4005,6806,DISTANT
23929,2487,9273,CASUAL
23930,818,7960,CLOSE
23931,8448,7429,CASUAL
23932,4201,2114,DISTANT
23933,6121,2636,CLOSE
23934,4704,8813,CLOSE
23935,2623,849,CASUAL
23936,2268,2347,CLOSE
23937,1982,3587,CLOSE
23938,5865,23,CASUAL
23939,1344,6526,CLOSE
23940,9858,8859,CLOSE
23941,1761,1223,CLOSE
23942,455,3676,CASUAL
23943,2798,9712,CASUAL
23944,3508,3115,CASUAL
23945,1232,43,CASUAL
23946,776,2994,CASUAL
23947,2278,1478,CLOSE
23948,6136,1076,DISTANT
23949,530,389,DISTANT
23950,1060,7578,CLOSE
23951,8064,4416,DISTANT
23952,5949,6989,DISTANT
23953,7940,1404,CLOSE
23954,1809,3992,CLOSE
23955,7811,5280,CLOSE
23956,2830,5006,CASUAL
23957,7284,7273,CLOSE
23958,5708,7042,DISTANT
23959,3189,5907,CASUAL
23960,4684,3694,DISTANT
23961,799,1148,DISTANT
23962,6818,7644,CASUAL
23963,7611,3539,DISTANT
23964,3142,5276,CASUAL
23965,6603,4933,CLOSE
23966,6530,9622,DISTANT
23967,737,584,CLOSE
23968,9111,7009,DISTANT
23969,5053,6227,CASUAL
23970,4552,3495,DISTANT
23971,4067,7065,CASUAL
23972,8222,3978,DISTANT
23973,6589,9647,CASUAL
23974,2030,8183,CASUAL
23975,855,2268,DISTANT
23976,8913,672,CLOSE
23977,9984,545,CLOSE
23978,6730,9298,CLOSE
23979,7569,6721,CASUAL
23980,3551,3288,DISTANT
23981,3231,9116,CLOSE
23982,3724,4340,CLOSE
23983,5712,2515,CLOSE
23984,9128,1485,CLOSE
23985,1867,511,CASUAL
23986,8302,9230,CASUAL
23987,7120,5569,CASUAL
23988,3249,5490,DISTANT
23989,5012,6598,DISTANT
23990,5426,3728,CLOSE
23991,3918,1865,DISTANT
23992,6825,7127,DISTANT
23993,9550,7540,DISTANT
23994,9279,9190,CLOSE
23995,54,6807,CLOSE
23996,5654,4944,DISTANT
23997,1232,3349,CLOSE
23998,1705,6846,DISTANT
23999,2170,6667,CLOSE
24000,966,1423,CASUAL
24001,9456,8504,DISTANT
24002,1425,6159,CLOSE
24003,7150,2882,CLOSE
24004,5170,7504,CLOSE
24005,2473,2440,CASUAL
24006,751,7186,CASUAL
24007,1381,681,CASUAL
24008,9824,90,DISTANT
24009,8648,712,CASUAL
24010,9390,2461,DISTANT
24011,5546,9829,CLOSE
24012,1516,220,CASUAL
24013,4127,5009,CLOSE
24014,7788,816,CASUAL
24015,2307,4837,CASUAL
24016,7347,6915,CLOSE
24017,567,5528,CLOSE
24018,3737,2281,CASUAL
24019,5757,9168,CASUAL
24020,642,1649,CASUAL
24021,6963,6386,CLOSE
24022,3969,5727,CLOSE
24023,841,1765,CLOSE
24024,8020,6579,DISTANT
24025,9508,4224,CLOSE
24026,3023,4733,CASUAL
24027,6845,3699,DISTANT
24028,223,7175,CASUAL
24029,2895,1064,CASUAL
24030,670,8461,CASUAL
24031,4798,873,CLOSE
24032,6956,4485,DISTANT
24033,5855,1932,DISTANT
24034,5007,5588,CASUAL
24035,2592,4369,DISTANT
24036,2677,4638,CLOSE
24037,3663,5856,DISTANT
24038,1754,5518,CASUAL
24039,2000,9331,CLOSE
24040,7268,3438,CASUAL
24041,9087,1105,CASUAL
24042,1522,131,CLOSE
24043,3278,240,DISTANT
24044,5706,6797,CLOSE
24045,7228,3509,DISTANT
24046,7694,4044,CLOSE
24047,4498,9923,CLOSE
24048,232,4393,CASUAL
24049,5570,6403,CASUAL
24050,3938,5953,DISTANT
24051,7105,3186,DISTANT
24052,7835,5030,CASUAL
24053,9908,8094,CLOSE
24054,6284,313,CASUAL
24055,9618,4961,DISTANT
24056,3360,7632,CASUAL
24057,5335,7128,DISTANT
24058,4908,5365,CASUAL
24059,5538,1315,CASUAL
24060,1806,8669,DISTANT
24061,8994,630,CLOSE
24062,8330,3544,CASUAL
24063,4152,7656,CLOSE
24064,5011,6050,CLOSE
24065,9182,4180,DISTANT
24066,4090,8400,DISTANT
24067,5576,9530,CLOSE
24068,4227,7875,CASUAL
24069,3967,4398,CLOSE
24070,7165,4876,DISTANT
24071,4540,4124,CASUAL
24072,9166,1289,CASUAL
24073,6429,4,CASUAL
24074,4158,5726,CLOSE
24075,6058,7920,DISTANT
24076,1390,3640,DISTANT
24077,3128,8280,DISTANT
24078,8441,4042,CLOSE
24079,350,9164,CLOSE
24080,7455,8551,CLOSE
24081,2136,4182,CLOSE
24082,3978,6021,CASUAL
24083,6794,893,CLOSE
24084,8796,1401,CASUAL
24085,4672,4166,DISTANT
24086,3837,4601,CLOSE
24087,6701,3680,DISTANT
24088,2733,6971,CASUAL
24089,4740,3645,DISTANT
24090,5976,659,CASUAL
24091,3533,3835,CASUAL
24092,1598,548,DISTANT
24093,1146,937,CASUAL
24094,36,5573,CLOSE
24095,5338,4530,CASUAL
24096,3718,8893,DISTANT
24097,1380,9548,CLOSE
24098,136,3258,CASUAL
24099,8954,5252,CASUAL
24100,7422,708,CASUAL
24101,5955,6770,DISTANT
24102,5481,8328,CASUAL
24103,2223,6607,DISTANT
24104,1819,140,DISTANT
24105,9012,1448,CASUAL
24106,6906,3482,DISTANT
24107,4247,7967,CASUAL
24108,5801,3632,CASUAL
24109,8100,208,DISTANT
24110,6550,9223,CLOSE
24111,3936,7192,DISTANT
24112,3269,4434,DISTANT
24113,4727,5561,DISTANT
24114,2151,8544,CASUAL
24115,5171,9104,DISTANT
24116,4219,7596,CASUAL
24117,7377,3159,CLOSE
24118,5901,5086,DISTANT
24119,6820,1587,DISTANT
24120,2562,6445,CASUAL
24121,1752,1457,DISTANT
24122,154,4392,CASUAL
24123,6326,9682,CASUAL
24124,7085,1462,CASUAL
24125,509,2248,DISTANT
24126,6304,4416,CLOSE
24127,717,1933,CASUAL
24128,7875,9760,DISTANT
24129,3292,796,CASUAL
24130,5587,7717,DISTANT
24131,1232,9124,CLOSE
24132,6727,6526,CLOSE
24133,2701,7637,DISTANT
24134,3173,7569,CLOSE
24135,5708,9077,DISTANT
24136,8248,128,CLOSE
24137,5506,7294,CASUAL
24138,1412,1638,CLOSE
24139,2622,2425,CLOSE
24140,3610,3518,CASUAL
24141,310,1632,CASUAL
24142,7736,7724,CLOSE
24143,8353,5766,CASUAL
24144,4901,3219,CLOSE
24145,4135,5210,DISTANT
24146,2680,6676,CLOSE
24147,2686,5493,CASUAL
24148,7188,5567,CLOSE
24149,7929,8422,DISTANT
24150,215,2730,CLOSE
24151,9538,6616,CASUAL
24152,2128,4415,CLOSE
24153,7366,6594,DISTANT
24154,745,6801,DISTANT
24155,5572,7936,DISTANT
24156,590,5804,CLOSE
24157,1864,7341,CLOSE
24158,8165,739,DISTANT
24159,8372,4764,CLOSE
24160,6821,7819,DISTANT
24161,5248,6552,DISTANT
24162,8216,8046,DISTANT
24163,408,1388,DISTANT
24164,8479,5867,CASUAL
24165,1381,6694,CLOSE
24166,7789,3699,CASUAL
24167,5999,5327,CLOSE
24168,610,6472,CLOSE
24169,7210,3165,CLOSE
24170,248,9996,CLOSE
24171,3447,9728,CASUAL
24172,3577,9754,DISTANT
24173,2546,8145,CASUAL
24174,8641,3524,CASUAL
24175,2903,2331,DISTANT
24176,2347,8113,CLOSE
24177,4179,9731,CLOSE
24178,3259,3043,DISTANT
24179,3414,3364,DISTANT
24180,3644,9533,CLOSE
24181,4591,9117,CASUAL
24182,3403,1539,CASUAL
24183,5955,7672,CASUAL
24184,2145,425,CLOSE
24185,8568,8421,DISTANT
24186,8411,9881,DISTANT
24187,9600,3847,DISTANT
24188,9468,5674,CASUAL
24189,4812,934,CASUAL
24190,8785,1655,CLOSE
24191,7541,1555,DISTANT
24192,7671,3872,CLOSE
24193,8375,4451,CLOSE
24194,9478,7926,CLOSE
24195,4452,7661,CASUAL
24196,8913,3851,CLOSE
24197,1870,6358,CLOSE
24198,5214,5101,CASUAL
24199,1432,130,DISTANT
24200,5679,9592,DISTANT
24201,6400,7425,CASUAL
24202,4550,1827,CASUAL
24203,5273,6701,CASUAL
24204,7005,1056,CLOSE
24205,6720,528,DISTANT
24206,2388,3602,DISTANT
24207,3531,26,DISTANT
24208,3998,4104,CLOSE
24209,2105,8946,DISTANT
24210,8815,6186,CASUAL
24211,4923,5389,DISTANT
24212,6949,6836,CASUAL
24213,3860,4559,CLOSE
24214,230,2517,CLOSE
24215,6980,307,DISTANT
24216,9439,4929,DISTANT
24217,3628,60,CLOSE
24218,1935,3393,CLOSE
24219,3798,6505,CLOSE
24220,8521,9874,CASUAL
24221,616,8126,CLOSE
24222,5495,8376,CLOSE
24223,4223,2100,CLOSE
24224,805,4675,DISTANT
24225,8939,5263,CLOSE
24226,7785,8291,CASUAL
24227,5012,6095,CASUAL
24228,4214,7894,DISTANT
24229,7187,5545,CLOSE
24230,9967,8776,DISTANT
24231,5149,1706,CASUAL
24232,3545,5909,CASUAL
24233,5501,6691,CLOSE
24234,4402,4701,CASUAL
24235,2725,6573,CLOSE
24236,3187,1343,CASUAL
24237,6108,6229,CLOSE
24238,2466,1695,DISTANT
24239,4921,8919,DISTANT
24240,1104,8326,DISTANT
24241,2457,8930,CLOSE
24242,2011,5201,CASUAL
24243,8139,6874,CASUAL
24244,1047,9736,CASUAL
24245,795,3372,CASUAL
24246,605,1814,CLOSE
24247,3319,1164,CASUAL
24248,6702,9793,DISTANT
24249,5977,9631,DISTANT
24250,8238,9111,DISTANT
24251,4531,7992,CASUAL
24252,6829,3559,DISTANT
24253,5846,6207,CASUAL
24254,5792,4827,CASUAL
24255,856,5344,DISTANT
24256,6368,2667,CASUAL
24257,5430,2601,CASUAL
24258,1145,761,CLOSE
24259,2115,610,CLOSE
24260,7195,3614,CASUAL
24261,645,6521,CASUAL
24262,8117,7503,CASUAL
24263,5248,9785,DISTANT
24264,3910,8496,CLOSE
24265,2314,8015,DISTANT
24266,5400,7048,CLOSE
24267,6815,7629,DISTANT
24268,8596,1852,CASUAL
24269,607,884,DISTANT
24270,9695,7561,CLOSE
24271,8012,4567,DISTANT
24272,4753,2718,CASUAL
24273,6295,7602,DISTANT
24274,6394,2343,CLOSE
24275,4543,6199,CASUAL
24276,9549,7340,DISTANT
24277,4017,5992,CLOSE
24278,7804,5913,CLOSE
24279,3106,5450,CASUAL
24280,6396,655,CASUAL
24281,2886,3547,CASUAL
24282,6634,9832,DISTANT
24283,6272,9406,DISTANT
24284,998,2082,DISTANT
24285,7787,1607,CLOSE
24286,2988,8175,CLOSE
24287,9874,4172,CLOSE
24288,7604,4987,DISTANT
24289,7137,1308,CASUAL
24290,3645,5185,CASUAL
24291,7599,6739,DISTANT
24292,4160,7728,DISTANT
24293,6460,859,CLOSE
24294,6943,8884,DISTANT
24295,5419,8793,CASUAL
24296,2388,6553,CLOSE
24297,8912,8582,DISTANT
24298,352,4051,CLOSE
24299,4119,8413,CLOSE
24300,799,2535,CASUAL
24301,1752,37,DISTANT
24302,9357,5120,DISTANT
24303,5603,9284,CLOSE
24304,4483,7160,DISTANT
24305,3582,1049,DISTANT
24306,6983,8361,DISTANT
24307,2226,9225,DISTANT
24308,5817,4418,DISTANT
24309,9173,8633,DISTANT
24310,7818,6815,DISTANT
24311,3063,3095,DISTANT
24312,630,4581,DISTANT
24313,1800,7576,DISTANT
24314,6801,2127,CASUAL
24315,124,3670,CASUAL
24316,6450,1027,CLOSE
24317,5051,3547,DISTANT
24318,4893,5074,CLOSE
24319,4159,1989,DISTANT
24320,7424,6201,CASUAL
24321,3806,8754,CASUAL
24322,3579,9352,DISTANT
24323,2524,6631,CASUAL
24324,4288,575,CLOSE
24325,4923,5599,CASUAL
24326,7437,7244,CASUAL
24327,5956,677,DISTANT
24328,4910,1977,CLOSE
24329,4026,8839,CLOSE
24330,1077,9900,DISTANT
24331,6035,4394,CASUAL
24332,8785,5812,DISTANT
24333,5511,232,CLOSE
24334,2784,8335,CLOSE
24335,6729,3842,DISTANT
24336,314,2665,DISTANT
24337,1945,1410,CASUAL
24338,9641,8234,DISTANT
24339,8718,7193,CLOSE
24340,952,6345,CLOSE
24341,9468,1052,CASUAL
24342,2428,9184,CLOSE
24343,4423,4775,CLOSE
24344,6437,9132,CASUAL
24345,2665,7371,CLOSE
24346,9889,3010,DISTANT
24347,706,4010,DISTANT
24348,4840,573,CASUAL
24349,6235,8603,CASUAL
24350,4462,6070,CLOSE
24351,502,6552,DISTANT
24352,3998,5988,CASUAL
24353,1748,3981,CASUAL
24354,533,8754,DISTANT
24355,3546,6158,DISTANT
24356,132,2929,CLOSE
24357,9695,3056,CASUAL
24358,1164,6694,CASUAL
24359,8706,5991,CLOSE
24360,6864,9233,DISTANT
24361,1627,482,CASUAL
24362,6834,9983,DISTANT
24363,5972,5062,DISTANT
24364,8260,6232,CLOSE
24365,2310,1882,DISTANT
24366,4798,932,CASUAL
24367,8974,5092,CLOSE
24368,6924,469,CASUAL
24369,606,9585,CASUAL
24370,2385,2012,CASUAL
24371,7909,67,CLOSE
24372,2246,2033,CASUAL
24373,3166,7789,DISTANT
24374,9695,3567,DISTANT
24375,2147,3964,CLOSE
24376,2551,5730,CASUAL
24377,3000,8572,CLOSE
24378,6303,8655,CLOSE
24379,2083,6402,CASUAL
24380,4532,2676,CASUAL
24381,8639,7674,CLOSE
24382,3218,6663,DISTANT
24383,3706,4794,DISTANT
24384,9118,9015,CLOSE
24385,556,8821,DISTANT
24386,4292,2068,CLOSE
24387,6242,9418,CASUAL
24388,9472,1832,CASUAL
24389,5068,1444,CASUAL
24390,6793,8025,CLOSE
24391,4760,5002,CLOSE
24392,8919,7853,DISTANT
24393,5437,2089,CASUAL
24394,334,5228,CLOSE
24395,1377,4889,CLOSE
24396,1931,5364,CLOSE
24397,8547,6943,CLOSE
24398,1463,5745,CASUAL
24399,5985,6913,DISTANT
24400,7441,9655,DISTANT
24401,4811,4923,DISTANT
24402,5336,9605,CLOSE
24403,9567,9558,CASUAL
24404,1771,5841,DISTANT
24405,8380,8275,DISTANT
24406,5495,2710,CASUAL
24407,2398,8933,DISTANT
24408,3129,4188,DISTANT
24409,720,4624,CLOSE
24410,3901,6987,CASUAL
24411,3914,2317,CASUAL
24412,3591,2526,CASUAL
24413,8431,7125,CLOSE
24414,3606,111,DISTANT
24415,7825,7140,CLOSE
24416,6074,6507,CASUAL
24417,4845,9954,CLOSE
24418,5256,8029,CLOSE
24419,6359,2871,CLOSE
24420,3698,3402,DISTANT
24421,1601,1866,CLOSE
24422,2581,8888,DISTANT
24423,5515,4799,CLOSE
24424,7525,4690,CASUAL
24425,53,7426,CASUAL
24426,2747,8581,CASUAL
24427,7454,8236,CLOSE
24428,2397,9404,CLOSE
24429,7361,5815,DISTANT
24430,4326,3055,DISTANT
24431,9788,1650,CASUAL
24432,7073,6289,CASUAL
24433,5711,2330,CLOSE
24434,9801,9476,DISTANT
24435,1640,7323,CASUAL
24436,9336,8779,CLOSE
24437,8160,5774,CASUAL
24438,3174,5256,DISTANT
24439,4080,5881,DISTANT
24440,7585,7493,CLOSE
24441,3476,8213,CASUAL
24442,6621,5475,DISTANT
24443,3357,4604,CLOSE
24444,5030,1691,DISTANT
24445,4200,3810,CASUAL
24446,1850,8470,CLOSE
24447,4469,3569,CLOSE
24448,3957,8724,DISTANT
24449,2528,2086,DISTANT
24450,8780,3136,CLOSE
24451,4280,1229,CASUAL
24452,8929,8865,CASUAL
24453,1701,6974,CASUAL
24454,1357,6621,CASUAL
24455,7892,6804,CASUAL
24456,9048,8207,CLOSE
24457,5761,3908,CLOSE
24458,3774,5333,DISTANT
24459,6449,2189,CASUAL
24460,3724,2892,CLOSE
24461,5554,8426,CASUAL
24462,9171,6886,CLOSE
24463,8261,6612,DISTANT
24464,2099,2379,CLOSE
24465,288,2963,CLOSE
24466,7983,5406,CLOSE
24467,2501,3286,CASUAL
24468,1134,280,CLOSE
24469,1708,6000,CLOSE
24470,6307,381,CLOSE
24471,2696,2183,DISTANT
24472,7622,4171,CLOSE
24473,2198,597,CLOSE
24474,5810,6932,CASUAL
24475,9200,4653,CASUAL
24476,9038,7622,CLOSE
24477,1058,6825,CASUAL
24478,2401,404,CASUAL
24479,4492,2498,DISTANT
24480,9699,5019,DISTANT
24481,251,7588,CLOSE
24482,4788,3607,CASUAL
24483,9969,4948,CASUAL
24484,2210,8588,CASUAL
24485,2179,5890,CASUAL
24486,6807,3654,CASUAL
24487,3649,7065,DISTANT
24488,829,6345,CASUAL
24489,9877,698,DISTANT
24490,2345,8488,CASUAL
24491,264,2456,CLOSE
24492,5674,4337,CLOSE
24493,6828,2090,DISTANT
24494,3999,1174,DISTANT
24495,6769,4377,DISTANT
24496,2651,842,DISTANT
24497,1574,9160,CASUAL
24498,2063,7572,DISTANT
24499,4273,5579,CASUAL
24500,3846,4400,CLOSE
24501,6355,2234,DISTANT
24502,8354,6478,DISTANT
24503,7217,9048,CLOSE
24504,8710,6704,CLOSE
24505,3181,3498,CLOSE
24506,6708,8969,CASUAL
24507,508,3593,CLOSE
24508,4857,2297,CLOSE
24509,4363,6537,CASUAL
24510,2210,861,CLOSE
24511,8255,6597,CASUAL
24512,180,5728,CLOSE
24513,4296,5316,DISTANT
24514,2247,3156,CLOSE
24515,3531,4117,DISTANT
24516,2626,1760,CASUAL
24517,148,3591,DISTANT
24518,7173,3717,DISTANT
24519,6980,1798,DISTANT
24520,157,9222,CASUAL
24521,9731,4691,CLOSE
24522,4948,3490,CASUAL
24523,8373,2664,DISTANT
24524,1368,4964,CLOSE
24525,3950,7313,CASUAL
24526,1507,6732,CASUAL
24527,1760,4754,CLOSE
24528,8512,3281,DISTANT
24529,1231,6552,CASUAL
24530,2704,5067,DISTANT
24531,528,2192,DISTANT
24532,9751,6222,DISTANT
24533,895,7203,CASUAL
24534,7332,5623,CLOSE
24535,3637,2028,CLOSE
24536,8332,2780,DISTANT
24537,1487,6143,DISTANT
24538,8336,9886,CASUAL
24539,5793,1420,DISTANT
24540,2849,5744,CLOSE
24541,3281,563,CASUAL
24542,1941,3432,CLOSE
24543,3596,1070,CLOSE
24544,3687,5662,CASUAL
24545,9143,8443,CLOSE
24546,5094,1533,CLOSE
24547,9364,1117,DISTANT
24548,5649,9389,CLOSE
24549,7690,1872,CLOSE
24550,826,5098,CASUAL
24551,438,7713,CASUAL
24552,1647,8991,CASUAL
24553,3555,3393,DISTANT
24554,2209,4204,DISTANT
24555,7185,5873,CLOSE
24556,7259,2832,CLOSE
24557,8810,60,CASUAL
24558,9257,9589,CLOSE
24559,3624,4374,CLOSE
24560,2864,8554,CLOSE
24561,9544,5749,CASUAL
24562,4808,3516,CLOSE
24563,9262,4816,DISTANT
24564,3417,5743,CASUAL
24565,4943,7035,CLOSE
24566,8980,4850,CASUAL
24567,1542,6368,CLOSE
24568,5479,6723,CLOSE
24569,14,3903,DISTANT
24570,8375,7343,DISTANT
24571,7968,2435,DISTANT
24572,5283,7653,DISTANT
24573,8492,8464,CASUAL
24574,3382,7858,CLOSE
24575,8987,8411,CASUAL
24576,3276,7465,DISTANT
24577,962,3423,DISTANT
24578,1361,4720,DISTANT
24579,5131,874,CASUAL
24580,9881,9660,CLOSE
24581,2480,416,DISTANT
24582,9087,3295,CLOSE
24583,8330,9625,CASUAL
24584,2088,1743,CASUAL
24585,3216,1295,DISTANT
24586,9216,1011,CLOSE
24587,5241,6595,CLOSE
24588,2213,8155,CLOSE
24589,5429,7442,CASUAL
24590,9088,6796,DISTANT
24591,1724,1393,CLOSE
24592,1604,3373,CLOSE
24593,4021,3411,CLOSE
24594,9165,1614,CASUAL
24595,7204,6825,DISTANT
24596,9293,2653,DISTANT
24597,7529,1176,CASUAL
24598,2274,7738,DISTANT
24599,3462,2369,CLOSE
24600,8752,5159,CLOSE
24601,6248,8112,DISTANT
24602,1231,3905,DISTANT
24603,7822,8949,CASUAL
24604,252,9753,CASUAL
24605,3660,202,CLOSE
24606,8968,2036,CLOSE
24607,8772,326,CLOSE
24608,5707,4263,DISTANT
24609,2912,5822,DISTANT
24610,9475,7458,CLOSE
24611,1372,3266,CASUAL
24612,5874,8161,CLOSE
24613,3757,9665,CLOSE
24614,5271,4745,CLOSE
24615,7244,6461,CASUAL
24616,8450,8011,CASUAL
24617,7944,2095,DISTANT
24618,3002,1253,DISTANT
24619,1974,3003,DISTANT
24620,2164,3995,CASUAL
24621,7522,9960,CASUAL
24622,465,8024,DISTANT
24623,9213,9785,DISTANT
24624,6470,3006,CLOSE
24625,4021,7976,CLOSE
24626,5257,5376,CASUAL
24627,6372,3464,CLOSE
24628,7893,955,CASUAL
24629,9628,3674,CLOSE
24630,4707,3641,CASUAL
24631,8890,9594,CASUAL
24632,3856,3746,CASUAL
24633,8078,723,CASUAL
24634,8572,8606,CASUAL
24635,4009,2728,DISTANT
24636,8083,1503,CASUAL
24637,1384,899,DISTANT
24638,9443,4250,DISTANT
24639,9868,7116,DISTANT
24640,2162,7306,CLOSE
24641,9279,8672,CLOSE
24642,5860,3347,CASUAL
24643,363,1953,DISTANT
24644,9157,8131,DISTANT
24645,7149,9635,CLOSE
24646,4950,5203,DISTANT
24647,6294,1273,CLOSE
24648,271,2764,DISTANT
24649,2209,1145,DISTANT
24650,606,7632,CLOSE
24651,9931,5062,CASUAL
24652,6386,7195,DISTANT
24653,8791,1738,CLOSE
24654,8093,2347,DISTANT
24655,7699,2289,DISTANT
24656,500,3995,CLOSE
24657,7845,7264,DISTANT
24658,1106,9890,CASUAL
24659,1888,124,CASUAL
24660,7559,844,CLOSE
24661,6359,8111,CLOSE
24662,9760,7592,CLOSE
24663,8734,2959,CASUAL
24664,6212,7768,DISTANT
24665,3301,5777,DISTANT
24666,787,7310,CASUAL
24667,2185,2908,DISTANT
24668,2085,5805,DISTANT
24669,7482,1049,DISTANT
24670,6020,8228,CLOSE
24671,2107,8786,DISTANT
24672,9659,3821,CASUAL
24673,5244,9196,CASUAL
24674,6269,5705,DISTANT
24675,5043,4287,CASUAL
24676,8581,8934,CASUAL
24677,9745,9464,CASUAL
24678,7515,3384,DISTANT
24679,3579,1939,CASUAL
24680,98,9895,DISTANT
24681,5329,2190,CASUAL
24682,4876,4249,CASUAL
24683,3153,494,CASUAL
24684,5360,76,CASUAL
24685,3332,2320,CLOSE
24686,5310,445,CASUAL
24687,2646,63,DISTANT
24688,2592,5778,DISTANT
24689,2704,9379,CLOSE
24690,9307,3748,CASUAL
24691,478,8470,DISTANT
24692,5014,4560,DISTANT
24693,3708,9526,CLOSE
24694,2659,8934,CASUAL
24695,3183,9872,CASUAL
24696,5520,5016,DISTANT
24697,3764,6371,CLOSE
24698,4804,6943,DISTANT
24699,8272,80,DISTANT
24700,4151,1514,DISTANT
24701,7162,8619,CASUAL
24702,7897,2311,CLOSE
24703,1441,9356,DISTANT
24704,8295,1503,CLOSE
24705,6602,8779,CASUAL
24706,3519,102,DISTANT
24707,4824,2284,CLOSE
24708,171,7248,DISTANT
24709,1342,6882,CASUAL
24710,9428,943,CLOSE
24711,3794,716,CASUAL
24712,181,8215,CLOSE
24713,9926,3316,CASUAL
24714,5017,6306,CLOSE
24715,7373,2827,DISTANT
24716,5737,6287,DISTANT
24717,2176,3445,CASUAL
24718,3145,1426,DISTANT
24719,4969,1385,DISTANT
24720,6167,3885,CLOSE
24721,3891,2089,CLOSE
24722,8834,105,DISTANT
24723,1894,8625,CASUAL
24724,2923,1666,CLOSE
24725,7715,4420,CASUAL
24726,6132,2176,CLOSE
24727,6936,4638,DISTANT
24728,7744,7965,CLOSE
24729,1693,3087,DISTANT
24730,205,4129,CASUAL
24731,3029,7010,CASUAL
24732,8464,3911,DISTANT
24733,4355,898,DISTANT
24734,9551,9765,CASUAL
24735,6932,9377,CASUAL
24736,4666,3517,DISTANT
24737,4075,1516,CLOSE
24738,5363,8818,DISTANT
24739,3332,2314,DISTANT
24740,1265,7790,CLOSE
24741,42,5226,CLOSE
24742,7964,4184,CLOSE
24743,3906,6356,CASUAL
24744,4746,4662,CLOSE
24745,4,2810,CLOSE
24746,6109,2362,DISTANT
24747,4702,4210,CLOSE
24748,1363,6616,DISTANT
24749,2661,507,CLOSE
24750,6831,8840,CLOSE
24751,4711,8212,CASUAL
24752,864,9821,DISTANT
24753,1337,4551,CLOSE
24754,3389,1117,DISTANT
24755,1925,1752,DISTANT
24756,2226,4667,CLOSE
24757,6822,8955,CLOSE
24758,8573,7578,CLOSE
24759,9500,5354,CASUAL
24760,3316,6882,CLOSE
24761,4895,9119,DISTANT
24762,1006,7539,CLOSE
24763,7384,6530,CLOSE
24764,9794,3047,CLOSE
24765,7410,9799,DISTANT
24766,7721,6358,CLOSE
24767,3292,3157,CLOSE
24768,6681,8997,CASUAL
24769,3936,307,CLOSE
24770,4755,3469,CLOSE
24771,6987,4760,CLOSE
24772,1014,3705,DISTANT
24773,693,1659,DISTANT
24774,1150,2892,DISTANT
24775,7339,426,DISTANT
24776,4570,1601,CASUAL
24777,5925,5595,CASUAL
24778,7934,566,DISTANT
24779,9321,9924,DISTANT
24780,720,4452,DISTANT
24781,6525,4563,CASUAL
24782,8184,8176,CASUAL
24783,8167,2597,CASUAL
24784,7602,2246,CASUAL
24785,9461,3158,CLOSE
24786,5195,2788,CASUAL
24787,7980,5451,CLOSE
24788,4635,709,DISTANT
24789,8644,2609,DISTANT
24790,6413,8960,CLOSE
24791,815,470,CLOSE
24792,1699,8196,CASUAL
24793,5082,9978,CLOSE
24794,5496,9276,DISTANT
24795,3709,7043,CLOSE
24796,8160,3372,CASUAL
24797,6559,1636,CASUAL
24798,783,5341,DISTANT
24799,1306,5717,CASUAL
24800,9377,4886,DISTANT
24801,6832,5649,CLOSE
24802,8770,7064,CASUAL
24803,3558,5527,CLOSE
24804,1617,2474,DISTANT
24805,3324,4406,CLOSE
24806,6812,3751,CLOSE
24807,2891,1302,DISTANT
24808,4781,5099,CASUAL
24809,4327,2530,CASUAL
24810,3340,5398,CASUAL
24811,1933,8056,CLOSE
24812,2132,8102,CASUAL
24813,7765,3928,CASUAL
24814,9562,9088,CASUAL
24815,8456,5408,CASUAL
24816,6972,1454,CASUAL
24817,8981,7065,CASUAL
24818,9563,8594,CASUAL
24819,1605,4851,DISTANT
24820,7813,1427,CASUAL
24821,5980,2444,DISTANT
24822,3684,288,DISTANT
24823,5301,3890,DISTANT
24824,3503,5687,CLOSE
24825,7202,63,DISTANT
24826,5596,2443,CASUAL
24827,6316,8302,CASUAL
24828,9411,2685,CLOSE
24829,918,1273,CASUAL
24830,9135,1988,CASUAL
24831,2723,7696,DISTANT
24832,3763,2968,DISTANT
24833,8592,7,DISTANT
24834,4770,4244,CLOSE
24835,9455,5771,DISTANT
24836,9111,5664,CLOSE
24837,6981,4115,CASUAL
24838,2761,2115,CLOSE
24839,4133,1497,CLOSE
24840,423,6544,DISTANT
24841,5894,5245,CASUAL
24842,3340,7995,CASUAL
24843,1388,6690,CASUAL
24844,2904,2827,CLOSE
24845,4138,7955,CLOSE
24846,2756,6433,CASUAL
24847,6458,4377,DISTANT
24848,9675,8558,CASUAL
24849,5897,2190,DISTANT
24850,5213,5776,CLOSE
24851,6412,2465,DISTANT
24852,455,7492,CASUAL
24853,564,1255,CASUAL
24854,7421,9622,CLOSE
24855,3549,8418,CASUAL
24856,6596,408,DISTANT
24857,688,975,CASUAL
24858,9405,4665,DISTANT
24859,6513,3988,DISTANT
24860,1323,9428,CASUAL
24861,620,6968,CLOSE
24862,9422,4805,DISTANT
24863,1092,8770,CLOSE
24864,9150,1920,CLOSE
24865,2819,2835,DISTANT
24866,2899,9608,CASUAL
24867,3813,1919,CASUAL
24868,6482,1851,CASUAL
24869,5546,2019,CASUAL
24870,8244,5364,CASUAL
24871,7688,4524,DISTANT
24872,3633,9490,DISTANT
24873,7508,8369,CLOSE
24874,5481,5612,DISTANT
24875,2595,4299,CLOSE
24876,4570,9169,DISTANT
24877,4627,294,DISTANT
24878,6924,6641,CASUAL
24879,7733,2529,CASUAL
24880,5997,2695,DISTANT
24881,7840,6248,CLOSE
24882,8979,2352,CLOSE
24883,1358,6858,CLOSE
24884,4646,2646,CASUAL
24885,7118,7365,CASUAL
24886,1254,5416,CLOSE
24887,5337,5395,CASUAL
24888,3792,3929,DISTANT
24889,449,3110,CLOSE
24890,5672,8194,DISTANT
24891,8656,6369,CASUAL
24892,9762,4340,DISTANT
24893,8947,3488,DISTANT
24894,3672,271,CASUAL
24895,3727,1683,CLOSE
24896,4017,7724,CASUAL
24897,6408,8269,CLOSE
24898,8270,1453,CLOSE
24899,7267,1429,CLOSE
24900,6627,6658,CASUAL
24901,1023,8942,CASUAL
24902,551,353,CASUAL
24903,1747,9213,DISTANT
24904,2620,9905,DISTANT
24905,6527,5408,DISTANT
24906,2173,3686,CASUAL
24907,1348,8989,CLOSE
24908,6243,7451,CASUAL
24909,2722,7956,CLOSE
24910,80,1376,CASUAL
24911,9663,9041,DISTANT
24912,469,6125,DISTANT
24913,1774,4999,CASUAL
24914,7380,7379,CLOSE
24915,548,4633,CLOSE
24916,3366,9267,CASUAL
24917,9763,5782,CLOSE
24918,8911,5045,DISTANT
24919,634,3556,CLOSE
24920,6937,100,DISTANT
24921,2081,4012,CASUAL
24922,7298,9092,CLOSE
24923,9278,5194,CLOSE
24924,3620,9204,CLOSE
24925,688,2811,CLOSE
24926,9591,5686,DISTANT
24927,2227,976,CASUAL
24928,8884,8439,CLOSE
24929,8134,5102,CASUAL
24930,3892,8412,DISTANT
24931,7700,5364,DISTANT
24932,6569,7840,DISTANT
24933,1298,4893,DISTANT
24934,9553,7918,CASUAL
24935,2934,6641,DISTANT
24936,6073,9223,CASUAL
24937,6284,7334,DISTANT
24938,5107,5878,CASUAL
24939,3887,4887,CLOSE
24940,3669,1338,DISTANT
24941,3867,9206,DISTANT
24942,7450,6064,CLOSE
24943,6417,9619,CASUAL
24944,8175,3196,CLOSE
24945,3361,6614,DISTANT
24946,2079,3429,CLOSE
24947,7532,4067,DISTANT
24948,7445,3649,CLOSE
24949,1081,2795,CASUAL
24950,9487,5774,CASUAL
24951,114,2236,CLOSE
24952,3221,284,DISTANT
24953,54,8228,CLOSE
24954,2844,3516,CASUAL
24955,6981,3329,CASUAL
24956,3394,4000,CLOSE
24957,1135,9790,CASUAL
24958,8397,535,CASUAL
24959,5798,3906,CLOSE
24960,413,7274,CASUAL
24961,3583,7235,CLOSE
24962,8581,9227,CLOSE
24963,5878,6709,CLOSE
24964,8274,7180,CASUAL
24965,6763,6435,CLOSE
24966,6268,2579,DISTANT
24967,1770,9354,CASUAL
24968,7324,9489,CLOSE
24969,8987,4701,CASUAL
24970,9354,6893,CLOSE
24971,4980,3685,CASUAL
24972,1769,4640,CASUAL
24973,4432,9072,CASUAL
24974,5362,1857,CLOSE
24975,7247,9371,DISTANT
24976,5028,7040,CASUAL
24977,7001,7592,CASUAL
24978,1687,4925,DISTANT
24979,8053,5346,CLOSE
24980,6051,9369,CASUAL
24981,4635,6526,CASUAL
24982,5085,5853,CASUAL
24983,6615,5055,CASUAL
24984,1830,3049,CLOSE
24985,8093,8543,CLOSE
24986,3983,4309,CASUAL
24987,776,2518,CASUAL
24988,5826,7713,CLOSE
24989,3288,448,DISTANT
24990,8420,208,DISTANT
24991,1993,3088,DISTANT
24992,9195,7035,DISTANT
24993,6906,8309,DISTANT
24994,6900,8606,CASUAL
24995,5689,3243,CASUAL
24996,6061,4747,CASUAL
24997,1157,6161,CLOSE
24998,5784,9995,DISTANT
24999,2575,9958,CLOSE
25000,3866,2581,DISTANT
25001,4738,1401,CASUAL
25002,468,3377,DISTANT
25003,2060,3023,CASUAL
25004,7471,5817,CLOSE
25005,4454,4236,DISTANT
25006,6392,9409,DISTANT
25007,5355,9226,CASUAL
25008,8672,3094,CASUAL
25009,4691,6672,CASUAL
25010,2127,6420,CASUAL
25011,3558,5719,DISTANT
25012,3688,704,CASUAL
25013,6209,2093,DISTANT
25014,2775,6361,CASUAL
25015,5386,2827,CLOSE
25016,2624,8820,CLOSE
25017,1622,1078,CASUAL
25018,8485,2115,DISTANT
25019,9660,2716,CLOSE
25020,7120,2540,DISTANT
25021,9260,9196,CASUAL
25022,1152,5154,DISTANT
25023,9737,9890,CLOSE
25024,4497,7304,CLOSE
25025,666,1837,DISTANT
25026,299,289,CASUAL
25027,3150,3856,CASUAL
25028,8073,3021,CLOSE
25029,3026,4218,CASUAL
25030,2272,5747,CASUAL
25031,4880,1093,DISTANT
25032,6678,138,CASUAL
25033,5904,7311,CLOSE
25034,951,9456,DISTANT
25035,7342,5046,CASUAL
25036,7185,8518,DISTANT
25037,8678,4230,CASUAL
25038,4480,8942,CASUAL
25039,6448,3720,CLOSE
25040,8699,8904,CASUAL
25041,5654,1118,CLOSE
25042,4642,5878,DISTANT
25043,3197,8559,CASUAL
25044,536,8262,CLOSE
25045,8997,9045,CASUAL
25046,5193,452,DISTANT
25047,5365,2604,DISTANT
25048,3752,1612,DISTANT
25049,1984,144,CASUAL
25050,6944,5664,DISTANT
25051,3399,6815,CASUAL
25052,3093,8827,DISTANT
25053,4267,9118,CASUAL
25054,1869,608,CASUAL
25055,3575,3846,CLOSE
25056,224,535,DISTANT
25057,243,7202,DISTANT
25058,3570,4343,CASUAL
25059,1039,2530,CLOSE
25060,7317,961,CLOSE
25061,6868,4255,DISTANT
25062,6574,2907,CASUAL
25063,2623,2978,CLOSE
25064,9237,2501,CASUAL
25065,5520,2463,CASUAL
25066,2976,6164,CASUAL
25067,3707,8908,CLOSE
25068,8565,3789,DISTANT
25069,3944,2541,CLOSE
25070,6316,7167,CASUAL
25071,9837,8464,CASUAL
25072,3727,6364,DISTANT
25073,2301,4167,DISTANT
25074,7276,5572,DISTANT
25075,1259,7743,DISTANT
25076,8559,1741,CLOSE
25077,4765,7078,CLOSE
25078,3689,9236,CLOSE
25079,3901,5549,CASUAL
25080,7302,2230,CASUAL
25081,3282,3461,DISTANT
25082,683,6589,CASUAL
25083,7644,2044,DISTANT
25084,8934,3531,DISTANT
25085,1859,1274,DISTANT
25086,8437,4071,DISTANT
25087,6095,6429,CLOSE
25088,9812,3641,CASUAL
25089,1935,9854,CASUAL
25090,209,8064,CASUAL
25091,9108,4502,DISTANT
25092,3578,9063,DISTANT
25093,7135,2554,CASUAL
25094,1485,6150,DISTANT
25095,8136,846,DISTANT
25096,8310,1459,CLOSE
25097,3934,9504,DISTANT
25098,5506,8689,CLOSE
25099,728,331,DISTANT
25100,7909,6908,CLOSE
25101,699,1496,DISTANT
25102,4061,3827,CLOSE
25103,9637,4748,CASUAL
25104,661,2622,CLOSE
25105,9246,9789,CLOSE
25106,519,4060,CASUAL
25107,4436,6600,CLOSE
25108,6180,4505,DISTANT
25109,1866,5096,CLOSE
25110,9205,1027,CASUAL
25111,6086,994,CLOSE
25112,1484,9501,CLOSE
25113,3668,6326,CLOSE
25114,967,600,CASUAL
25115,5825,9309,CLOSE
25116,598,6753,CASUAL
25117,4493,7969,CLOSE
25118,715,2510,CLOSE
25119,9793,8740,DISTANT
25120,9885,7466,DISTANT
25121,1283,7570,DISTANT
25122,3153,8912,DISTANT
25123,9766,4840,DISTANT
25124,4685,7066,DISTANT
25125,7295,4677,DISTANT
25126,9846,4452,CASUAL
25127,4102,6099,CLOSE
25128,3674,4179,DISTANT
25129,6233,1429,DISTANT
25130,38,3519,CASUAL
25131,6396,7377,DISTANT
25132,6715,7765,CASUAL
25133,4956,9888,DISTANT
25134,6096,8730,CLOSE
25135,7257,7600,CASUAL
25136,7124,5669,DISTANT
25137,2963,7789,CLOSE
25138,7865,1110,CASUAL
25139,7319,3755,CLOSE
25140,1529,8955,CASUAL
25141,9388,4413,CLOSE
25142,4602,5492,CASUAL
25143,5751,7577,DISTANT
25144,7294,6501,CASUAL
25145,5388,9618,DISTANT
25146,7725,3175,DISTANT
25147,4047,5922,DISTANT
25148,3769,9382,DISTANT
25149,1600,3970,CLOSE
25150,4632,4698,CASUAL
25151,2481,2818,CASUAL
25152,4537,9927,CLOSE
25153,994,8840,CLOSE
25154,2563,3149,DISTANT
25155,8841,8955,DISTANT
25156,5338,3317,CASUAL
25157,4889,4876,CASUAL
25158,7151,8267,CASUAL
25159,8226,370,DISTANT
25160,5715,1417,DISTANT
25161,8296,4528,DISTANT
25162,5232,2514,DISTANT
25163,6610,8531,DISTANT
25164,2388,1648,CASUAL
25165,3922,5151,DISTANT
25166,3445,9785,CASUAL
25167,9378,7607,CASUAL
25168,663,2248,DISTANT
25169,8258,3786,CASUAL
25170,4777,2489,CLOSE
25171,4712,9514,CLOSE
25172,4168,6555,CASUAL
25173,1582,9742,CASUAL
25174,2467,3686,CASUAL
25175,5590,5282,CASUAL
25176,4781,5017,CASUAL
25177,7676,4377,CLOSE
25178,2740,8827,DISTANT
25179,5339,2529,DISTANT
25180,7832,9751,CASUAL
25181,1156,8454,CLOSE
25182,7837,7323,CLOSE
25183,8824,3321,CLOSE
25184,7486,8273,CASUAL
25185,5535,709,DISTANT
25186,2726,5502,DISTANT
25187,9868,7200,DISTANT
25188,9962,1545,CLOSE
25189,655,5238,CLOSE
25190,1944,1614,CASUAL
25191,4616,4256,DISTANT
25192,8047,1168,CASUAL
25193,8499,8234,CLOSE
25194,9865,9490,CLOSE
25195,5532,5541,CLOSE
25196,8323,2666,CASUAL
25197,3233,2366,CLOSE
25198,2979,7512,CASUAL
25199,972,5608,CLOSE
25200,3925,564,DISTANT
25201,3606,8182,DISTANT
25202,4871,255,DISTANT
25203,4713,3815,CASUAL
25204,3551,3786,DISTANT
25205,8595,7351,CASUAL
25206,7646,3729,DISTANT
25207,9175,2712,CLOSE
25208,8712,7710,CLOSE
25209,8400,3630,CLOSE
25210,9599,2494,DISTANT
25211,7281,5994,CASUAL
25212,8623,8028,CASUAL
25213,8203,3923,DISTANT
25214,253,9500,CLOSE
25215,3974,9222,DISTANT
25216,4958,358,CLOSE
25217,6349,2612,CLOSE
25218,1817,5453,DISTANT
25219,8414,5149,CASUAL
25220,5952,4774,DISTANT
25221,7219,1304,CLOSE
25222,8965,7145,CASUAL
25223,4183,8571,CASUAL
25224,3983,1421,CASUAL
25225,6219,1881,DISTANT
25226,9975,7427,DISTANT
25227,1106,9092,DISTANT
25228,3367,5278,CLOSE
25229,3161,6857,CLOSE
25230,3073,767,CLOSE
25231,8708,516,CASUAL
25232,930,6144,DISTANT
25233,6926,8958,CLOSE
25234,293,6508,CASUAL
25235,427,5866,CASUAL
25236,3827,7945,CASUAL
25237,1583,2187,CLOSE
25238,5439,6050,CASUAL
25239,2175,5592,CASUAL
25240,5083,8761,CASUAL
25241,9588,4495,CLOSE
25242,7936,847,DISTANT
25243,7884,3711,DISTANT
25244,3754,6293,CASUAL
25245,9381,425,CLOSE
25246,9510,304,DISTANT
25247,2561,1828,CLOSE
25248,4557,5089,CASUAL
25249,5491,1205,CASUAL
25250,7204,2753,DISTANT
25251,309,5786,DISTANT
25252,7046,1150,CASUAL
25253,5032,4604,DISTANT
25254,5425,9871,CASUAL
25255,2374,2122,DISTANT
25256,1720,1935,CLOSE
25257,1793,4997,CASUAL
25258,8093,2074,DISTANT
25259,4439,5437,DISTANT
25260,4217,2808,CLOSE
25261,7370,2447,CLOSE
25262,8934,7183,DISTANT
25263,8035,9630,CASUAL
25264,1948,3584,CASUAL
25265,9305,9008,DISTANT
25266,7752,3623,DISTANT
25267,7585,8631,CLOSE
25268,9536,627,CLOSE
25269,2325,7177,DISTANT
25270,9174,8755,CLOSE
25271,665,6274,DISTANT
25272,932,5169,CLOSE
25273,863,5262,CASUAL
25274,8413,5758,CLOSE
25275,5261,5411,DISTANT
25276,9467,3527,CASUAL
25277,9754,7667,CLOSE
25278,4624,5646,CASUAL
25279,9989,8191,DISTANT
25280,2868,1395,DISTANT
25281,636,3755,CLOSE
25282,2614,4238,CASUAL
25283,7141,8944,CLOSE
25284,9877,6046,CASUAL
25285,7929,8675,CLOSE
25286,4196,7463,CLOSE
25287,9083,8536,DISTANT
25288,9498,6409,CLOSE
25289,3142,7502,CASUAL
25290,4350,577,CLOSE
25291,8911,76,CLOSE
25292,7234,7063,DISTANT
25293,3663,5391,CLOSE
25294,639,4279,CLOSE
25295,8097,4399,CASUAL
25296,4532,4690,CLOSE
25297,7713,4835,CLOSE
25298,2982,4543,CASUAL
25299,4761,9442,CLOSE
25300,9300,2748,CASUAL
25301,1353,8364,CLOSE
25302,8539,9357,DISTANT
25303,8960,7714,CASUAL
25304,6533,5531,DISTANT
25305,3635,9266,CASUAL
25306,7400,3328,CLOSE
25307,5150,6863,CASUAL
25308,8035,7303,CASUAL
25309,5070,599,CLOSE
25310,5274,8970,DISTANT
25311,5543,7781,CASUAL
25312,256,739,CLOSE
25313,468,8244,CLOSE
25314,7280,5424,CLOSE
25315,1520,7433,CASUAL
25316,1676,9252,CASUAL
25317,1709,4654,DISTANT
25318,7924,8233,CLOSE
25319,423,4274,CLOSE
25320,2114,5096,CLOSE
25321,3008,8867,CASUAL
25322,8315,2523,CLOSE
25323,9368,3153,CASUAL
25324,5394,5492,DISTANT
25325,2461,5017,CLOSE
25326,8196,2791,CASUAL
25327,1057,8966,CLOSE
25328,459,8204,CASUAL
25329,968,9506,CASUAL
25330,5813,9586,CLOSE
25331,930,9420,CLOSE
25332,3782,6189,DISTANT
25333,1523,1283,DISTANT
25334,3723,742,CASUAL
25335,4471,963,CLOSE
25336,4055,7712,DISTANT
25337,7276,5114,CLOSE
25338,2387,3577,CLOSE
25339,4800,2875,CASUAL
25340,7834,3877,CLOSE
25341,2900,857,CLOSE
25342,1669,8581,CLOSE
25343,7052,457,CLOSE
25344,1698,2925,CASUAL
25345,2008,8499,CLOSE
25346,2214,3024,CLOSE
25347,3177,5582,DISTANT
25348,5442,3549,DISTANT
25349,8453,3381,CLOSE
25350,5996,4334,CASUAL
25351,8492,4030,DISTANT
25352,7068,8107,DISTANT
25353,1758,452,CLOSE
25354,4368,9929,CLOSE
25355,8515,2574,CLOSE
25356,2567,272,DISTANT
25357,1663,3595,DISTANT
25358,2261,3732,CLOSE
25359,2258,330,CLOSE
25360,7501,6858,CLOSE
25361,2083,2078,DISTANT
25362,9968,4559,CASUAL
25363,4173,7420,CASUAL
25364,5379,4786,DISTANT
25365,6056,8819,CLOSE
25366,6032,137,DISTANT
25367,760,756,CLOSE
25368,3481,1490,DISTANT
25369,2054,4655,CASUAL
25370,5951,1117,DISTANT
25371,2253,9178,CASUAL
25372,7980,9130,DISTANT
25373,8385,9033,CLOSE
25374,8826,9634,DISTANT
25375,5523,8758,CASUAL
25376,765,2301,CASUAL
25377,8795,1145,CLOSE
25378,4217,7000,CASUAL
25379,8558,1228,CASUAL
25380,4011,8564,CLOSE
25381,3126,3607,CASUAL
25382,9145,4181,DISTANT
25383,4730,8068,CLOSE
25384,2606,2347,CASUAL
25385,1876,8554,CASUAL
25386,2781,9838,CASUAL
25387,2637,9421,CASUAL
25388,9732,6289,DISTANT
25389,7610,3644,CASUAL
25390,5298,2857,CLOSE
25391,4288,9971,DISTANT
25392,4615,5626,CLOSE
25393,35,3901,CLOSE
25394,9085,7744,CASUAL
25395,9094,2396,CLOSE
25396,7190,9718,DISTANT
25397,9507,5863,DISTANT
25398,4781,639,CASUAL
25399,8070,9164,CLOSE
25400,3396,1478,DISTANT
25401,6538,8321,CASUAL
25402,9366,3626,DISTANT
25403,2082,6293,CLOSE
25404,2988,1410,DISTANT
25405,9929,88,CLOSE
25406,8298,2386,CASUAL
25407,8410,3300,DISTANT
25408,5606,3510,CLOSE
25409,9877,5231,CASUAL
25410,3888,2078,CLOSE
25411,9397,8841,DISTANT
25412,4695,7429,DISTANT
25413,8330,2546,CASUAL
25414,5875,3936,CLOSE
25415,1594,3483,CLOSE
25416,2340,1333,DISTANT
25417,5304,1442,CLOSE
25418,9923,4841,CASUAL
25419,6770,3443,DISTANT
25420,3226,2496,DISTANT
25421,6850,9792,CLOSE
25422,1355,4958,CASUAL
25423,2158,5766,DISTANT
25424,3670,6164,CLOSE
25425,7988,2003,CASUAL
25426,4356,8583,CASUAL
25427,5400,1101,CASUAL
25428,9964,4640,CASUAL
25429,2148,683,CLOSE
25430,6392,8577,CASUAL
25431,7409,1837,DISTANT
25432,5427,639,CASUAL
25433,3447,8696,DISTANT
25434,8568,9960,CASUAL
25435,5461,8638,DISTANT
25436,1663,7122,CLOSE
25437,1357,4596,CASUAL
25438,5351,5834,DISTANT
25439,5677,925,CLOSE
25440,7973,8285,DISTANT
25441,1758,3534,DISTANT
25442,9433,5373,CASUAL
25443,9707,3236,DISTANT
25444,2510,2922,CASUAL
25445,6882,6835,DISTANT
25446,4570,2295,CASUAL
25447,1942,5244,CASUAL
25448,1147,3401,CLOSE
25449,4021,4463,DISTANT
25450,3393,1595,CASUAL
25451,5057,2023,CASUAL
25452,3485,2377,CASUAL
25453,9420,7968,DISTANT
25454,4384,8293,DISTANT
25455,5510,3158,CASUAL
25456,6615,5380,CLOSE
25457,1756,6475,CLOSE
25458,9898,9546,CASUAL
25459,7028,981,DISTANT
25460,858,2681,CLOSE
25461,8698,9344,CLOSE
25462,1106,3175,CASUAL
25463,9662,5344,DISTANT
25464,3521,8460,CLOSE
25465,3368,8458,DISTANT
25466,1294,415,CASUAL
25467,6916,5242,CASUAL
25468,502,8511,DISTANT
25469,5698,9480,DISTANT
25470,4643,9581,DISTANT
25471,1090,2181,CLOSE
25472,193,2528,DISTANT
25473,9876,4666,DISTANT
25474,2125,4492,DISTANT
25475,7932,669,CASUAL
25476,4978,9811,CLOSE
25477,5691,5715,DISTANT
25478,5925,9892,CASUAL
25479,1186,7162,CLOSE
25480,5973,3206,DISTANT
25481,2587,2498,CASUAL
25482,4706,3838,CASUAL
25483,2050,4969,CASUAL
25484,9730,7078,CASUAL
25485,6102,7922,CLOSE
25486,4895,7312,DISTANT
25487,9029,3256,CASUAL
25488,43,4531,DISTANT
25489,8085,3641,CASUAL
25490,5348,8781,CLOSE
25491,5588,4599,CASUAL
25492,6825,420,CASUAL
25493,709,6107,CASUAL
25494,7540,3031,CLOSE
25495,4921,1809,CASUAL
25496,7613,4666,CLOSE
25497,6215,2790,CLOSE
25498,7288,6252,CASUAL
25499,9877,1808,CASUAL
25500,9513,2872,CLOSE
25501,3499,4100,CASUAL
25502,7091,9710,CLOSE
25503,1324,4337,DISTANT
25504,8805,929,DISTANT
25505,147,9132,DISTANT
25506,9587,3459,DISTANT
25507,6506,5175,CASUAL
25508,3724,4964,CASUAL
25509,709,8828,CLOSE
25510,9973,5975,DISTANT
25511,9981,8108,DISTANT
25512,726,1656,CASUAL
25513,1053,8781,DISTANT
25514,4781,9752,DISTANT
25515,5643,8223,CASUAL
25516,2331,8139,DISTANT
25517,5869,2829,DISTANT
25518,572,357,DISTANT
25519,9475,2544,CLOSE
25520,7161,4527,CASUAL
25521,7247,3549,DISTANT
25522,3292,3301,DISTANT
25523,578,1786,CASUAL
25524,725,9478,CLOSE
25525,9082,9407,CLOSE
25526,3609,3625,CASUAL
25527,7768,497,DISTANT
25528,2208,6474,CASUAL
25529,2283,5010,CLOSE
25530,1219,3268,DISTANT
25531,8081,2380,CASUAL
25532,7874,6319,CASUAL
25533,9284,5125,CLOSE
25534,5961,2059,CASUAL
25535,3506,6808,DISTANT
25536,9203,4524,CLOSE
25537,5312,3730,CLOSE
25538,4982,1109,CASUAL
25539,1949,5421,CASUAL
25540,3354,7137,DISTANT
25541,1729,8715,DISTANT
25542,991,790,DISTANT
25543,5943,9091,DISTANT
25544,8017,5521,CASUAL
25545,7897,6268,CLOSE
25546,4543,2110,DISTANT
25547,2544,7104,CASUAL
25548,955,994,CASUAL
25549,8630,5918,CASUAL
25550,9953,1171,CASUAL
25551,6730,2297,DISTANT
25552,6736,5769,CASUAL
25553,2164,8427,CLOSE
25554,9308,1998,CASUAL
25555,5712,3459,CASUAL
25556,2073,4447,CASUAL
25557,8510,1631,DISTANT
25558,5411,457,DISTANT
25559,7946,5809,DISTANT
25560,700,2735,DISTANT
25561,6258,3520,CASUAL
25562,6681,1954,CASUAL
25563,7005,3016,CLOSE
25564,8049,3453,CASUAL
25565,2595,6716,DISTANT
25566,5632,809,CASUAL
25567,6430,2751,CLOSE
25568,3397,4191,CLOSE
25569,4369,1158,DISTANT
25570,1295,7211,CASUAL
25571,4902,2748,CLOSE
25572,1394,3090,DISTANT
25573,5099,1293,DISTANT
25574,8369,4663,DISTANT
25575,8011,5590,CLOSE
25576,1859,7621,DISTANT
25577,7627,4799,DISTANT
25578,5393,6073,CASUAL
25579,3609,3229,CLOSE
25580,3633,9466,DISTANT
25581,11,2276,CASUAL
25582,9459,8314,CLOSE
25583,3383,369,CLOSE
25584,6748,5771,DISTANT
25585,3397,6935,CASUAL
25586,5896,7087,CASUAL
25587,6188,3911,DISTANT
25588,468,8481,DISTANT
25589,3264,3152,DISTANT
25590,6950,8994,DISTANT
25591,53,5701,DISTANT
25592,5546,2208,CLOSE
25593,265,543,CLOSE
25594,6915,6231,DISTANT
25595,7528,9615,CASUAL
25596,5625,6563,CLOSE
25597,5305,5814,DISTANT
25598,2824,8230,CLOSE
25599,5709,6352,CASUAL
25600,6525,5916,CLOSE
25601,8909,1038,CLOSE
25602,1329,830,CLOSE
25603,6424,3636,CLOSE
25604,8989,8421,CLOSE
25605,1753,4,CASUAL
25606,9408,9484,CLOSE
25607,6263,8705,CASUAL
25608,9757,3447,CASUAL
25609,9942,9438,CLOSE
25610,4354,2867,DISTANT
25611,8203,258,CLOSE
25612,5694,2687,CASUAL
25613,3011,2307,CLOSE
25614,8730,2149,CASUAL
25615,5024,2965,DISTANT
25616,5512,8396,CASUAL
25617,6384,8288,DISTANT
25618,5036,6374,CLOSE
25619,430,2453,DISTANT
25620,126,2922,CASUAL
25621,5595,3752,DISTANT
25622,3275,6301,CLOSE
25623,8150,2755,CASUAL
25624,3755,1226,DISTANT
25625,4206,8717,CLOSE
25626,1846,2061,DISTANT
25627,8417,6106,DISTANT
25628,8616,6917,CLOSE
25629,3616,4080,CLOSE
25630,2236,9954,DISTANT
25631,5268,5779,DISTANT
25632,2146,1611,CASUAL
25633,9547,2111,CLOSE
25634,7492,6174,CLOSE
25635,5397,4023,DISTANT
25636,974,1914,CLOSE
25637,5385,9374,DISTANT
25638,3016,1092,CASUAL
25639,5755,2259,DISTANT
25640,2160,9293,DISTANT
25641,7114,7982,DISTANT
25642,2545,9429,DISTANT
25643,5279,5350,CLOSE
25644,9350,3360,CASUAL
25645,2854,5946,DISTANT
25646,3653,9609,DISTANT
25647,2489,2759,CLOSE
25648,4238,1612,CASUAL
25649,3001,494,CLOSE
25650,4610,3974,DISTANT
25651,5585,3239,DISTANT
25652,1897,1801,CASUAL
25653,6771,4486,CASUAL
25654,315,18,DISTANT
25655,9562,6262,CASUAL
25656,2345,6742,CASUAL
25657,1981,4888,CLOSE
25658,2719,9806,DISTANT
25659,3263,4436,DISTANT
25660,4913,9509,DISTANT
25661,2195,6982,DISTANT
25662,9969,5809,DISTANT
25663,1925,9900,DISTANT
25664,3349,2663,CLOSE
25665,8631,5149,DISTANT
25666,7282,3786,CLOSE
25667,3973,3953,CLOSE
25668,5332,976,CLOSE
25669,3159,4995,DISTANT
25670,4012,8330,CASUAL
25671,142,3811,DISTANT
25672,842,7610,CASUAL
25673,1587,6210,CASUAL
25674,2818,4237,CASUAL
25675,228,2976,CASUAL
25676,4712,5773,DISTANT
25677,7359,9172,CASUAL
25678,5960,5626,DISTANT
25679,5778,2385,DISTANT
25680,6551,1993,CLOSE
25681,6575,3138,DISTANT
25682,3638,8207,CASUAL
25683,2662,5552,CASUAL
25684,5117,8554,CASUAL
25685,6889,3970,CASUAL
25686,4116,6484,DISTANT
25687,2742,7627,DISTANT
25688,5856,5708,DISTANT
25689,5613,1184,CASUAL
25690,2511,6076,DISTANT
25691,8553,520,CLOSE
25692,5652,5636,DISTANT
25693,3155,8723,CASUAL
25694,1976,9801,DISTANT
25695,9423,3817,CLOSE
25696,1017,1605,CASUAL
25697,5183,4473,CLOSE
25698,2411,8758,CLOSE
25699,5746,2106,DISTANT
25700,8399,5901,DISTANT
25701,969,5668,CASUAL
25702,7121,5508,CASUAL
25703,7865,6274,CASUAL
25704,9711,758,CLOSE
25705,2303,2124,DISTANT
25706,2241,9277,DISTANT
25707,8675,9689,DISTANT
25708,3073,2751,CLOSE
25709,4358,3523,DISTANT
25710,9528,1046,CASUAL
25711,2436,5810,CASUAL
25712,942,6700,CLOSE
25713,7516,2809,DISTANT
25714,7710,7650,CASUAL
25715,551,3646,CLOSE
25716,8127,9865,CASUAL
25717,7866,6618,CLOSE
25718,5855,1898,DISTANT
25719,1969,2401,DISTANT
25720,9046,6458,DISTANT
25721,3815,438,CASUAL
25722,8427,1750,CASUAL
25723,2355,3978,DISTANT
25724,1663,388,DISTANT
25725,4547,4233,CLOSE
25726,8468,6883,CASUAL
25727,3436,7729,CASUAL
25728,4688,7103,DISTANT
25729,1625,3224,DISTANT
25730,657,1821,CLOSE
25731,3882,4418,DISTANT
25732,3965,819,CASUAL
25733,9774,8352,CASUAL
25734,8865,498,CLOSE
25735,681,3150,DISTANT
25736,3059,7196,CASUAL
25737,7612,1654,CASUAL
25738,1127,6069,CASUAL
25739,7150,835,CLOSE
25740,3869,8525,DISTANT
25741,7951,2267,CASUAL
25742,3471,2652,DISTANT
25743,7432,7712,DISTANT
25744,7389,8959,CLOSE
25745,6436,64,CLOSE
25746,3997,1553,CASUAL
25747,9755,2743,CLOSE
25748,4231,2617,DISTANT
25749,9529,4696,CLOSE
25750,7965,2371,CASUAL
25751,2430,6233,CASUAL
25752,7306,7093,DISTANT
25753,2068,9478,CASUAL
25754,8623,9368,CLOSE
25755,6576,4502,CLOSE
25756,8251,3665,DISTANT
25757,7725,4388,DISTANT
25758,6482,5354,DISTANT
25759,2012,2673,CASUAL
25760,5520,743,CASUAL
25761,2707,4814,CASUAL
25762,483,6317,CLOSE
25763,3782,87,CLOSE
25764,6061,300,CASUAL
25765,927,3447,CASUAL
25766,3615,3052,DISTANT
25767,3901,98,CLOSE
25768,1326,326,CASUAL
25769,9918,7197,CLOSE
25770,3000,4208,CASUAL
25771,4257,3047,CASUAL
25772,4363,8454,CLOSE
25773,676,7983,CLOSE
25774,5079,384,CLOSE
25775,7334,6520,CLOSE
25776,8606,1903,CLOSE
25777,1620,9379,CLOSE
25778,7002,4798,CLOSE
25779,337,4337,CLOSE
25780,8723,7169,CLOSE
25781,2839,9236,DISTANT
25782,8507,1548,CASUAL
25783,2041,4549,CASUAL
25784,5398,4709,DISTANT
25785,4958,1920,CASUAL
25786,5346,1392,DISTANT
25787,5324,8149,DISTANT
25788,671,2981,CASUAL
25789,8685,2883,DISTANT
25790,3650,2180,CLOSE
25791,7115,4934,CLOSE
25792,5987,102,CLOSE
25793,2751,7185,CASUAL
25794,4343,4627,CASUAL
25795,6994,4239,DISTANT
25796,481,4990,CLOSE
25797,5909,9918,DISTANT
25798,3718,1012,DISTANT
25799,391,9279,DISTANT
25800,617,1637,CASUAL
25801,8422,1556,DISTANT
25802,4012,1841,CASUAL
25803,3478,6812,CLOSE
25804,1264,3678,CLOSE
25805,9506,3980,CASUAL
25806,2578,5305,DISTANT
25807,8793,3030,DISTANT
25808,3337,6199,DISTANT
25809,5640,6097,DISTANT
25810,3376,4233,DISTANT
25811,3447,9636,CASUAL
25812,6135,1010,CASUAL
25813,7410,2991,CLOSE
25814,9908,61,CLOSE
25815,7643,3536,CLOSE
25816,28,7916,CLOSE
25817,1845,6033,DISTANT
25818,1449,4062,DISTANT
25819,4203,7442,DISTANT
25820,9275,53,CASUAL
25821,3168,252,CLOSE
25822,5294,7632,CLOSE
25823,199,8028,DISTANT
25824,7999,7492,CLOSE
25825,2861,8703,DISTANT
25826,5782,5252,DISTANT
25827,2544,3908,DISTANT
25828,1896,2732,CASUAL
25829,7539,6619,CLOSE
25830,6178,2828,DISTANT
25831,3064,7357,CLOSE
25832,4366,7597,CLOSE
25833,8572,5486,CASUAL
25834,6709,7504,CLOSE
25835,8218,5714,CASUAL
25836,8204,5558,CASUAL
25837,7463,7586,DISTANT
25838,9718,8463,CASUAL
25839,7813,7571,CASUAL
25840,1166,3987,DISTANT
25841,9052,7023,DISTANT
25842,9252,9984,CLOSE
25843,1746,9318,CLOSE
25844,2944,7487,DISTANT
25845,1556,1992,CLOSE
25846,3979,7458,DISTANT
25847,1240,7502,CASUAL
25848,3819,7544,DISTANT
25849,9322,6113,CLOSE
25850,6658,8337,CLOSE
25851,1185,4378,CASUAL
25852,6867,5531,CASUAL
25853,8364,833,CLOSE
25854,7533,1996,CLOSE
25855,3450,6462,DISTANT
25856,8995,1944,CLOSE
25857,9092,5093,DISTANT
25858,5427,5677,CASUAL
25859,8117,2145,DISTANT
25860,473,9828,CLOSE
25861,1294,9396,DISTANT
25862,2543,9133,DISTANT
25863,160,423,CASUAL
25864,1300,5723,CASUAL
25865,4291,7260,DISTANT
25866,8606,2892,CASUAL
25867,3844,9929,CASUAL
25868,7230,6746,CLOSE
25869,1585,619,DISTANT
25870,9629,451,CLOSE
25871,9231,1460,CLOSE
25872,785,5624,CLOSE
25873,8522,5420,CLOSE
25874,2483,4996,CASUAL
25875,937,4092,CLOSE
25876,2921,4631,CASUAL
25877,2836,4436,CASUAL
25878,6867,7637,DISTANT
25879,4147,3822,DISTANT
25880,8933,2644,DISTANT
25881,501,1730,CLOSE
25882,6358,1463,CASUAL
25883,6651,3248,CASUAL
25884,2899,8834,CASUAL
25885,5,8642,CLOSE
25886,6406,7751,CASUAL
25887,2950,4812,DISTANT
25888,3640,9502,DISTANT
25889,1395,1168,CASUAL
25890,4062,5084,DISTANT
25891,7280,198,DISTANT
25892,3057,3922,CASUAL
25893,6767,5320,DISTANT
25894,7776,6489,DISTANT
25895,9100,2825,DISTANT
25896,2158,7556,DISTANT
25897,5279,3880,DISTANT
25898,9805,8383,DISTANT
25899,8045,5750,DISTANT
25900,5397,1857,CASUAL
25901,9309,4856,DISTANT
25902,1303,5928,CASUAL
25903,9131,9230,CLOSE
25904,8394,4994,CASUAL
25905,3031,5453,CLOSE
25906,1563,3939,CLOSE
25907,2079,6199,CLOSE
25908,6700,5641,DISTANT
25909,1783,6696,CLOSE
25910,550,6030,CLOSE
25911,4853,7869,CASUAL
25912,9359,7764,CLOSE
25913,5913,6841,CLOSE
25914,6640,5254,DISTANT
25915,5561,4663,CLOSE
25916,9648,2350,CLOSE
25917,6936,6207,CLOSE
25918,7631,9758,DISTANT
25919,7300,910,CLOSE
25920,2073,1467,CASUAL
25921,4489,605,DISTANT
25922,5759,7841,CASUAL
25923,3981,2628,DISTANT
25924,4467,6095,CLOSE
25925,8881,8835,DISTANT
25926,9439,4943,DISTANT
25927,6466,6077,DISTANT
25928,1401,7555,CLOSE
25929,2130,1622,CASUAL
25930,6418,7795,CLOSE
25931,2985,6592,DISTANT
25932,9682,8120,DISTANT
25933,4855,4763,CLOSE
25934,6933,7852,DISTANT
25935,3276,8933,CASUAL
25936,4923,5911,DISTANT
25937,5511,8240,DISTANT
25938,153,8049,CLOSE
25939,6056,7691,CLOSE
25940,3398,7904,DISTANT
25941,6602,8061,CASUAL
25942,2031,9417,DISTANT
25943,2466,7586,CLOSE
25944,2975,4368,DISTANT
25945,5362,3918,DISTANT
25946,3160,9162,DISTANT
25947,6394,4059,DISTANT
25948,6685,9353,CLOSE
25949,8882,2619,CLOSE
25950,6644,4761,CASUAL
25951,7577,1908,CASUAL
25952,6616,6103,CASUAL
25953,2941,9086,CASUAL
25954,4722,6394,CASUAL
25955,8201,7281,CLOSE
25956,1176,7139,DISTANT
25957,216,1677,CLOSE
25958,3378,2128,DISTANT
25959,3653,2307,DISTANT
25960,3345,1526,CASUAL
25961,8357,8050,DISTANT
25962,4403,1845,CASUAL
25963,2153,821,DISTANT
25964,5694,789,CLOSE
25965,1482,6127,DISTANT
25966,7832,3655,CASUAL
25967,53,8242,CASUAL
25968,8482,5748,CASUAL
25969,7768,444,CASUAL
25970,9629,5015,CASUAL
25971,3562,8846,CLOSE
25972,7714,1791,DISTANT
25973,9279,3244,DISTANT
25974,2506,3389,CLOSE
25975,6285,7852,CLOSE
25976,8504,3715,DISTANT
25977,8538,3232,CASUAL
25978,1751,5883,CLOSE
25979,5940,5121,DISTANT
25980,6477,2788,CLOSE
25981,3041,5083,DISTANT
25982,3052,3250,CLOSE
25983,7712,553,CASUAL
25984,8607,9441,CASUAL
25985,3300,7889,DISTANT
25986,3241,2816,DISTANT
25987,2238,8298,CASUAL
25988,7707,2250,CLOSE
25989,3185,4898,CLOSE
25990,6079,4352,CLOSE
25991,3152,116,DISTANT
25992,2292,5211,CASUAL
25993,9789,5735,CLOSE
25994,6396,7004,CLOSE
25995,8092,4565,DISTANT
25996,9851,4349,CLOSE
25997,2244,6583,CASUAL
25998,9606,5430,CASUAL
25999,3620,2517,CASUAL
26000,4193,4479,CASUAL
26001,8734,8589,DISTANT
26002,1830,4541,CLOSE
26003,5686,4910,DISTANT
26004,9274,358,CASUAL
26005,3953,4972,DISTANT
26006,3412,9483,CLOSE
26007,1252,1467,DISTANT
26008,3784,7616,CASUAL
26009,6670,2736,DISTANT
26010,8150,6020,CASUAL
26011,1107,4316,CLOSE
26012,8878,899,CASUAL
26013,5599,9981,DISTANT
26014,9922,5176,DISTANT
26015,785,3997,CASUAL
26016,1860,706,CLOSE
26017,5191,6420,CLOSE
26018,4903,9325,CLOSE
26019,18,183,DISTANT
26020,2014,1057,CLOSE
26021,4588,1713,CASUAL
26022,4568,5038,CLOSE
26023,8362,8606,CASUAL
26024,4536,1338,DISTANT
26025,8443,303,CLOSE
26026,9560,4884,CASUAL
26027,8002,8682,CLOSE
26028,6307,5974,DISTANT
26029,3007,1126,CASUAL
26030,3149,2877,CASUAL
26031,901,249,CASUAL
26032,7451,8090,CASUAL
26033,2195,2099,CASUAL
26034,8677,579,CLOSE
26035,8782,2759,CLOSE
26036,5525,2857,CASUAL
26037,7491,9283,CASUAL
26038,5990,3875,CLOSE
26039,5304,6798,CLOSE
26040,3838,1292,CLOSE
26041,3180,4805,DISTANT
26042,7681,3167,DISTANT
26043,8116,2380,CASUAL
26044,9416,540,DISTANT
26045,8563,4512,DISTANT
26046,7633,7493,CASUAL
26047,3611,4883,DISTANT
26048,7857,2202,CASUAL
26049,1854,8532,CASUAL
26050,8835,2559,CASUAL
26051,6345,5946,CASUAL
26052,3478,2102,CASUAL
26053,6195,8810,CASUAL
26054,4394,1004,CASUAL
26055,2778,9525,CLOSE
26056,6701,2869,CLOSE
26057,5067,1535,DISTANT
26058,251,398,CLOSE
26059,7009,8078,CASUAL
26060,395,6907,CLOSE
26061,4592,6407,CLOSE
26062,3631,7864,DISTANT
26063,8537,8286,CASUAL
26064,5796,4833,DISTANT
26065,1291,1040,DISTANT
26066,6766,3167,DISTANT
26067,1738,4751,CASUAL
26068,1506,5712,DISTANT
26069,9595,9124,DISTANT
26070,4758,6316,CLOSE
26071,11,4669,CLOSE
26072,3419,3581,CLOSE
26073,7502,988,CLOSE
26074,8050,8062,CASUAL
26075,4198,2670,CASUAL
26076,2544,8886,CASUAL
26077,559,1319,CASUAL
26078,3228,3214,DISTANT
26079,1746,6869,CLOSE
26080,5227,6697,DISTANT
26081,6508,9839,CASUAL
26082,4471,5908,DISTANT
26083,9723,1880,CLOSE
26084,3562,686,CLOSE
26085,9593,3526,CASUAL
26086,5415,2777,CASUAL
26087,8665,9159,CASUAL
26088,6697,1834,CLOSE
26089,9750,7241,CASUAL
26090,4789,4352,DISTANT
26091,1863,8451,CLOSE
26092,6880,6207,CLOSE
26093,2129,8948,CLOSE
26094,3859,256,CASUAL
26095,298,626,DISTANT
26096,6632,8045,CLOSE
26097,8874,4203,CLOSE
26098,815,1524,CASUAL
26099,902,7971,CLOSE
26100,4349,1849,DISTANT
26101,4257,7651,DISTANT
26102,1724,3671,DISTANT
26103,8775,3173,DISTANT
26104,8308,6727,DISTANT
26105,5334,618,DISTANT
26106,535,3547,CASUAL
26107,6034,8238,CLOSE
26108,4792,7125,CLOSE
26109,6777,6610,CASUAL
26110,3493,7193,DISTANT
26111,7807,383,DISTANT
26112,2679,6518,DISTANT
26113,7928,3741,CASUAL
26114,8437,9092,CASUAL
26115,2914,1718,CLOSE
26116,2942,1890,DISTANT
26117,5181,5607,CASUAL
26118,2562,3481,DISTANT
26119,1219,6969,DISTANT
26120,173,5945,CLOSE
26121,6357,9123,CASUAL
26122,5177,5829,CASUAL
26123,3000,2841,CLOSE
26124,3374,2296,CASUAL
26125,4372,8106,CLOSE
26126,686,1056,CLOSE
26127,1924,4590,CLOSE
26128,6950,2831,DISTANT
26129,2501,8082,DISTANT
26130,4225,4774,CASUAL
26131,4973,4544,CASUAL
26132,9105,5355,CLOSE
26133,2161,333,CLOSE
26134,3278,3711,DISTANT
26135,1096,9418,CASUAL
26136,3778,4559,CASUAL
26137,7896,4338,DISTANT
26138,3984,2719,CASUAL
26139,6919,1074,CASUAL
26140,9830,9649,CASUAL
26141,5140,152,CASUAL
26142,8287,9289,CASUAL
26143,6971,3692,CASUAL
26144,9693,9969,CASUAL
26145,1532,1140,DISTANT
26146,9146,9545,CASUAL
26147,9548,2995,DISTANT
26148,9583,8334,CASUAL
26149,2188,5199,DISTANT
26150,3563,7618,DISTANT
26151,3941,7526,CLOSE
26152,5879,2229,DISTANT
26153,6007,357,CLOSE
26154,4355,9707,CLOSE
26155,627,281,CLOSE
26156,4298,4349,CASUAL
26157,1904,415,CLOSE
26158,8529,3559,CLOSE
26159,3626,9562,CLOSE
26160,6161,5836,CASUAL
26161,5915,4461,CASUAL
26162,1467,8642,CLOSE
26163,838,467,DISTANT
26164,9357,3509,DISTANT
26165,3174,4715,DISTANT
26166,4194,1325,CLOSE
26167,7227,5026,CASUAL
26168,9649,4844,DISTANT
26169,5502,1515,CASUAL
26170,3312,1380,CLOSE
26171,901,1832,DISTANT
26172,8471,6232,CLOSE
26173,2186,125,CLOSE
26174,7211,2776,DISTANT
26175,8747,3422,CLOSE
26176,4550,57,CLOSE
26177,1161,8565,DISTANT
26178,6585,4969,CLOSE
26179,2879,3048,CLOSE
26180,588,6443,CLOSE
26181,4849,3539,CLOSE
26182,6472,3655,DISTANT
26183,3155,3517,CLOSE
26184,4445,2276,CASUAL
26185,7337,6064,CLOSE
26186,8584,6877,CLOSE
26187,6786,1214,CASUAL
26188,139,1260,CASUAL
26189,5434,6608,DISTANT
26190,8522,9281,CLOSE
26191,2142,3198,DISTANT
26192,2351,7853,CASUAL
26193,5603,3282,DISTANT
26194,509,8631,CASUAL
26195,6085,5352,CLOSE
26196,384,7989,CLOSE
26197,4945,2824,CASUAL
26198,1506,7795,CLOSE
26199,525,1757,CLOSE
26200,5364,5484,CLOSE
26201,1459,5771,CLOSE
26202,3557,2086,CLOSE
26203,25,4666,CASUAL
26204,8553,8094,DISTANT
26205,9933,759,DISTANT
26206,1476,9455,CLOSE
26207,3079,5940,DISTANT
26208,5647,8883,CASUAL
26209,4998,5498,DISTANT
26210,3918,4594,DISTANT
26211,4098,9059,CLOSE
26212,291,3823,CASUAL
26213,5942,9217,CASUAL
26214,8543,4715,CLOSE
26215,4600,170,CASUAL
26216,9964,8111,DISTANT
26217,8716,1212,DISTANT
26218,7940,4677,CASUAL
26219,3981,8788,DISTANT
26220,5605,8262,CASUAL
26221,2447,9529,CLOSE
26222,3163,9656,CLOSE
26223,5548,2421,CASUAL
26224,7068,4469,DISTANT
26225,6646,8671,CASUAL
26226,4205,1348,DISTANT
26227,4039,6889,CASUAL
26228,6800,1145,CLOSE
26229,5001,8219,CLOSE
26230,6764,1510,DISTANT
26231,1052,7038,DISTANT
26232,4712,8592,CLOSE
26233,2910,4971,CASUAL
26234,8355,6794,CLOSE
26235,9427,6751,CASUAL
26236,1348,356,CLOSE
26237,7159,9943,CLOSE
26238,6130,2035,CASUAL
26239,343,720,DISTANT
26240,7366,8966,DISTANT
26241,5415,9560,CLOSE
26242,8841,4744,CASUAL
26243,3475,4384,CLOSE
26244,635,7806,CASUAL
26245,3753,3206,CLOSE
26246,4620,7784,CASUAL
26247,8473,3124,DISTANT
26248,4407,4445,DISTANT
26249,2309,2135,CASUAL
26250,4505,4244,CLOSE
26251,4117,1961,CLOSE
26252,8158,3962,CASUAL
26253,9566,3597,CLOSE
26254,9667,9157,DISTANT
26255,6770,9096,CLOSE
26256,7091,4400,CASUAL
26257,9205,8986,CASUAL
26258,1820,6795,DISTANT
26259,148,9400,DISTANT
26260,4182,3382,CASUAL
26261,8436,3443,CLOSE
26262,7088,5948,DISTANT
26263,5157,1309,DISTANT
26264,8275,9329,CLOSE
26265,8455,5614,CLOSE
26266,566,1214,CASUAL
26267,9382,7576,CASUAL
26268,1163,6386,DISTANT
26269,6324,9788,DISTANT
26270,7941,5236,DISTANT
26271,9357,5275,DISTANT
26272,8994,6254,CASUAL
26273,4574,983,CASUAL
26274,1597,1475,CASUAL
26275,3881,2092,CASUAL
26276,5862,3705,DISTANT
26277,5665,4382,DISTANT
26278,5118,8867,CASUAL
26279,2572,5871,DISTANT
26280,2078,2804,CLOSE
26281,8603,1068,DISTANT
26282,3708,6539,CASUAL
26283,7184,6477,DISTANT
26284,4837,5082,DISTANT
26285,9585,3031,CASUAL
26286,3090,1691,DISTANT
26287,904,2352,CLOSE
26288,8203,7746,CLOSE
26289,6213,9761,CLOSE
26290,657,879,CLOSE
26291,3654,6139,CASUAL
26292,7563,3095,CASUAL
26293,8082,937,CLOSE
26294,8915,6048,CASUAL
26295,9624,3842,CASUAL
26296,3352,3812,DISTANT
26297,2491,9754,CLOSE
26298,4565,5847,CASUAL
26299,7811,6088,DISTANT
26300,4297,4636,DISTANT
26301,1033,7755,DISTANT
26302,1127,9493,CASUAL
26303,9411,4037,CLOSE
26304,6770,9028,CLOSE
26305,9147,5053,CASUAL
26306,5546,5354,CASUAL
26307,8153,9434,CLOSE
26308,1640,3648,DISTANT
26309,2215,286,CLOSE
26310,5240,9385,DISTANT
26311,8583,9811,CASUAL
26312,5644,9294,CLOSE
26313,1404,426,CLOSE
26314,7401,2986,DISTANT
26315,2788,7013,CLOSE
26316,1450,3838,DISTANT
26317,8347,8099,CASUAL
26318,4204,8828,DISTANT
26319,5892,4926,CASUAL
26320,5398,5673,CASUAL
26321,7437,6259,CASUAL
26322,4112,9552,CASUAL
26323,9551,7939,CLOSE
26324,8517,4170,DISTANT
26325,9644,4044,CLOSE
26326,9591,1333,CLOSE
26327,5577,6878,DISTANT
26328,1035,5730,DISTANT
26329,8527,8536,DISTANT
26330,6201,8369,DISTANT
26331,8157,2759,CLOSE
26332,6446,1625,CASUAL
26333,3443,9336,CASUAL
26334,2466,4109,DISTANT
26335,493,9766,CLOSE
26336,7168,365,CLOSE
26337,9811,3335,DISTANT
26338,2175,851,DISTANT
26339,9101,8440,CASUAL
26340,6503,8657,CLOSE
26341,7704,9545,CASUAL
26342,6724,149,DISTANT
26343,5971,4200,CLOSE
26344,6126,7326,CASUAL
26345,3434,4968,DISTANT
26346,1765,5876,CASUAL
26347,500,6686,CLOSE
26348,3981,7367,DISTANT
26349,9853,6424,CLOSE
26350,9798,8676,CLOSE
26351,3893,3732,CLOSE
26352,9072,6094,DISTANT
26353,6646,2858,CLOSE
26354,6979,4725,CASUAL
26355,5750,7502,CLOSE
26356,7894,2855,CLOSE
26357,805,526,CLOSE
26358,1685,2027,CLOSE
26359,5692,9210,DISTANT
26360,4513,7107,DISTANT
26361,9296,8974,CASUAL
26362,3233,3288,DISTANT
26363,7788,5966,CLOSE
26364,459,3192,CASUAL
26365,2185,7624,CASUAL
26366,3975,5666,DISTANT
26367,2654,1792,CLOSE
26368,3514,472,CASUAL
26369,1759,6616,DISTANT
26370,1561,3961,CASUAL
26371,9781,2741,CASUAL
26372,5958,7367,CLOSE
26373,7132,6580,CLOSE
26374,9999,685,CASUAL
26375,1569,524,CLOSE
26376,6218,381,CASUAL
26377,5700,3572,CASUAL
26378,5693,6769,CLOSE
26379,5609,7293,CLOSE
26380,4743,9725,DISTANT
26381,5249,412,DISTANT
26382,4499,8512,CASUAL
26383,4367,2350,DISTANT
26384,6130,1014,DISTANT
26385,6299,2155,CLOSE
26386,8621,6217,CLOSE
26387,3756,6986,CLOSE
26388,1607,8911,CLOSE
26389,5509,8352,CASUAL
26390,7044,8966,DISTANT
26391,5021,4079,CASUAL
26392,5250,3364,DISTANT
26393,8482,2479,CASUAL
26394,2846,3065,CASUAL
26395,7387,5743,CLOSE
26396,6316,7915,CASUAL
26397,1760,6814,DISTANT
26398,402,9301,CLOSE
26399,4505,9433,CASUAL
26400,7500,6739,CLOSE
26401,3015,271,CASUAL
26402,2563,4760,DISTANT
26403,8125,4248,DISTANT
26404,7987,3856,CASUAL
26405,3730,9079,CLOSE
26406,8569,8857,CLOSE
26407,5697,5554,CLOSE
26408,3379,4726,CASUAL
26409,7047,8188,CASUAL
26410,5825,1114,CLOSE
26411,9217,2895,CLOSE
26412,594,8389,CASUAL
26413,9936,9636,CLOSE
26414,2540,7213,DISTANT
26415,912,6753,CLOSE
26416,2696,7181,CASUAL
26417,5188,8901,CLOSE
26418,919,8075,CLOSE
26419,316,2738,DISTANT
26420,9465,8671,DISTANT
26421,7006,5894,CASUAL
26422,622,6436,CASUAL
26423,8294,5888,CLOSE
26424,9545,1851,CASUAL
26425,6404,5629,DISTANT
26426,1950,6344,CLOSE
26427,4775,6185,DISTANT
26428,5283,8943,CLOSE
26429,3536,2823,CASUAL
26430,67,4593,CASUAL
26431,7335,408,CASUAL
26432,4631,6340,DISTANT
26433,4459,703,CLOSE
26434,6974,9262,DISTANT
26435,1297,2301,CLOSE
26436,1693,7332,CLOSE
26437,4240,4664,DISTANT
26438,3876,7473,DISTANT
26439,282,2665,DISTANT
26440,5002,6271,CASUAL
26441,8757,6587,DISTANT
26442,5236,8413,CASUAL
26443,7795,8617,CLOSE
26444,9251,6344,DISTANT
26445,9636,8405,DISTANT
26446,8187,442,CLOSE
26447,1776,5006,DISTANT
26448,1760,3066,DISTANT
26449,3747,8848,CASUAL
26450,8268,1599,CLOSE
26451,725,9131,CLOSE
26452,8262,3417,CLOSE
26453,383,3324,CLOSE
26454,3035,5675,CASUAL
26455,8867,8890,CASUAL
26456,287,6135,DISTANT
26457,2595,2925,DISTANT
26458,3713,9706,DISTANT
26459,1491,7939,CLOSE
26460,8113,8562,CASUAL
26461,6879,1277,DISTANT
26462,4208,8534,CASUAL
26463,7285,9475,CLOSE
26464,4436,336,CASUAL
26465,3914,3676,CASUAL
26466,3433,807,DISTANT
26467,6428,4951,DISTANT
26468,9925,5513,CASUAL
26469,5295,184,CLOSE
26470,3144,9124,DISTANT
26471,6047,8964,CLOSE
26472,3634,4156,CASUAL
26473,8336,6302,DISTANT
26474,1269,5055,DISTANT
26475,476,8510,DISTANT
26476,3520,308,CASUAL
26477,198,5135,DISTANT
26478,780,7385,CASUAL
26479,2135,7530,DISTANT
26480,1040,1608,DISTANT
26481,2684,4025,DISTANT
26482,5977,7326,CLOSE
26483,7951,9836,DISTANT
26484,9160,3179,CLOSE
26485,9348,836,CASUAL
26486,6991,5269,CASUAL
26487,7365,8026,DISTANT
26488,3348,5723,DISTANT
26489,7350,5749,DISTANT
26490,7382,3244,CASUAL
26491,451,9066,DISTANT
26492,5446,8574,DISTANT
26493,1016,2443,DISTANT
26494,5382,6,CASUAL
26495,4833,1149,DISTANT
26496,7277,3574,DISTANT
26497,8797,5586,CLOSE
26498,8774,5066,DISTANT
26499,136,3573,CLOSE
26500,6496,9291,CASUAL
26501,6293,8519,CLOSE
26502,8044,9883,DISTANT
26503,250,6670,CASUAL
26504,8549,4684,CASUAL
26505,354,247,CASUAL
26506,5530,3574,CASUAL
26507,1508,2330,CLOSE
26508,2099,4227,CASUAL
26509,877,2683,CASUAL
26510,3849,921,CLOSE
26511,9802,2096,DISTANT
26512,9352,7447,DISTANT
26513,4232,9438,CLOSE
26514,1228,7143,CLOSE
26515,9059,3453,CLOSE
26516,3650,7470,DISTANT
26517,4741,6384,CLOSE
26518,8043,1848,DISTANT
26519,134,9305,CASUAL
26520,5477,1720,CLOSE
26521,3425,2766,CLOSE
26522,881,8030,CASUAL
26523,7770,6541,CLOSE
26524,3435,1319,DISTANT
26525,1876,9530,DISTANT
26526,1043,5434,CASUAL
26527,3894,2160,CLOSE
26528,2889,6632,CASUAL
26529,2891,8042,CLOSE
26530,5434,2504,CASUAL
26531,7464,7490,CLOSE
26532,6165,6094,CLOSE
26533,6450,9853,DISTANT
26534,4821,4568,CASUAL
26535,5326,3915,CLOSE
26536,9662,2570,DISTANT
26537,5911,7019,CLOSE
26538,9478,2243,CLOSE
26539,7694,63,CLOSE
26540,8801,4637,DISTANT
26541,478,6492,CASUAL
26542,9099,9214,DISTANT
26543,1378,6551,CASUAL
26544,40,2933,CASUAL
26545,5765,4096,CASUAL
26546,2572,2147,CASUAL
26547,3671,9248,CASUAL
26548,6276,223,CASUAL
26549,4553,6042,DISTANT
26550,3810,600,CLOSE
26551,8728,6159,CASUAL
26552,3184,7290,DISTANT
26553,2581,8453,CASUAL
26554,3552,5012,DISTANT
26555,85,8047,DISTANT
26556,5780,6406,CASUAL
26557,8471,9494,CLOSE
26558,2118,1696,CLOSE
26559,1334,4860,CLOSE
26560,4664,7920,CLOSE
26561,1801,7471,CASUAL
26562,8333,2669,CLOSE
26563,9464,596,CLOSE
26564,7460,6838,CASUAL
26565,8229,742,DISTANT
26566,3135,896,CASUAL
26567,297,7464,DISTANT
26568,8305,4200,CASUAL
26569,702,1658,DISTANT
26570,9672,2095,DISTANT
26571,2386,7135,DISTANT
26572,4484,1530,CASUAL
26573,420,9402,DISTANT
26574,4123,6386,CASUAL
26575,4725,7548,CASUAL
26576,9189,1425,CASUAL
26577,842,5366,CASUAL
26578,8562,4903,DISTANT
26579,5423,3172,CASUAL
26580,891,7336,CASUAL
26581,2559,2269,DISTANT
26582,8128,2515,CLOSE
26583,9455,4405,CASUAL
26584,9362,7271,DISTANT
26585,7981,8337,DISTANT
26586,5759,4137,CLOSE
26587,9197,7091,DISTANT
26588,9137,9019,DISTANT
26589,3643,8571,CLOSE
26590,7757,3675,DISTANT
26591,1258,9848,CLOSE
26592,7404,4829,CASUAL
26593,4402,8277,CLOSE
26594,6745,5318,CLOSE
26595,6743,3453,CASUAL
26596,3358,4082,DISTANT
26597,7081,2588,CASUAL
26598,3711,7490,CASUAL
26599,5083,5284,CASUAL
26600,978,5205,CLOSE
26601,6466,2452,DISTANT
26602,8180,5409,CASUAL
26603,4243,3869,DISTANT
26604,7396,6247,DISTANT
26605,7470,4893,CLOSE
26606,8521,7449,CASUAL
26607,2531,270,CLOSE
26608,636,8488,CASUAL
26609,8951,4669,DISTANT
26610,711,2650,CLOSE
26611,9774,7000,CASUAL
26612,9749,4459,DISTANT
26613,2865,3985,CLOSE
26614,8945,6792,DISTANT
26615,4361,4538,CASUAL
26616,526,717,CASUAL
26617,1617,9060,DISTANT
26618,5498,3486,DISTANT
26619,5833,5094,CLOSE
26620,2929,7066,CLOSE
26621,9257,4895,CLOSE
26622,8740,2002,CASUAL
26623,8868,2665,CASUAL
26624,8153,3951,DISTANT
26625,3612,5723,DISTANT
26626,7663,9556,CLOSE
26627,2310,4420,CASUAL
26628,9561,9727,CLOSE
26629,126,5833,CLOSE
26630,6663,1154,CASUAL
26631,5767,7406,CLOSE
26632,66,373,DISTANT
26633,9526,5119,DISTANT
26634,2310,8147,DISTANT
26635,2961,4776,CASUAL
26636,877,1220,CASUAL
26637,3547,2902,CASUAL
26638,3507,9751,CASUAL
26639,603,9293,CASUAL
26640,4084,6200,CLOSE
26641,4157,965,CASUAL
26642,8990,9574,DISTANT
26643,2902,5416,CASUAL
26644,3824,8121,CLOSE
26645,3262,723,DISTANT
26646,4913,6978,CASUAL
26647,5648,9236,CLOSE
26648,3214,6056,CASUAL
26649,370,2045,DISTANT
26650,8674,606,DISTANT
26651,2333,2398,DISTANT
26652,7945,7996,CASUAL
26653,1172,1574,DISTANT
26654,7075,7746,DISTANT
26655,2389,2671,DISTANT
26656,1791,7457,DISTANT
26657,5928,6449,CASUAL
26658,4080,8713,CLOSE
26659,2762,7646,CLOSE
26660,3075,4185,CASUAL
26661,1200,1854,DISTANT
26662,2332,6210,CLOSE
26663,2178,9935,CLOSE
26664,3656,5922,DISTANT
26665,2592,3081,CLOSE
26666,7281,2315,CASUAL
26667,9840,5789,CASUAL
26668,8328,5431,DISTANT
26669,535,8799,CASUAL
26670,230,6921,DISTANT
26671,3300,7549,CLOSE
26672,893,1570,CASUAL
26673,3126,9141,DISTANT
26674,3119,1500,CASUAL
26675,1749,8205,DISTANT
26676,3135,1906,CLOSE
26677,2018,6360,CLOSE
26678,2325,8962,CASUAL
26679,8682,2478,DISTANT
26680,2458,7490,DISTANT
26681,4426,4153,CLOSE
26682,9766,4331,CASUAL
26683,3626,7256,DISTANT
26684,2687,4284,DISTANT
26685,3226,3607,DISTANT
26686,251,2394,CASUAL
26687,4881,4972,DISTANT
26688,469,966,CASUAL
26689,4887,7973,DISTANT
26690,8831,7238,DISTANT
26691,5776,4798,DISTANT
26692,1570,4984,CASUAL
26693,5417,6184,CASUAL
26694,2494,3608,DISTANT
26695,9446,1100,CLOSE
26696,691,8872,DISTANT
26697,3874,9287,DISTANT
26698,3665,3902,DISTANT
26699,7962,9572,DISTANT
26700,2223,7838,CLOSE
26701,2887,958,CASUAL
26702,1966,4495,CLOSE
26703,4181,864,CLOSE
26704,9154,9484,CLOSE
26705,3967,4320,CASUAL
26706,7350,5218,CLOSE
26707,1987,2674,CASUAL
26708,1329,961,CLOSE
26709,4671,8603,CLOSE
26710,6584,1376,CLOSE
26711,8082,4882,DISTANT
26712,2212,8154,CASUAL
26713,1237,4576,CASUAL
26714,7500,9117,DISTANT
26715,5860,8398,DISTANT
26716,4544,6480,CLOSE
26717,215,7270,CASUAL
26718,7556,4217,CLOSE
26719,4663,3089,DISTANT
26720,2211,2843,DISTANT
26721,1807,9106,CASUAL
26722,9482,8840,DISTANT
26723,5101,3007,DISTANT
26724,7692,4865,CLOSE
26725,8403,1438,CASUAL
26726,8168,2921,CASUAL
26727,9468,2874,CASUAL
26728,6303,2867,CASUAL
26729,1806,5499,DISTANT
26730,1134,6801,DISTANT
26731,3423,8911,CLOSE
26732,3656,4801,CASUAL
26733,2508,2008,DISTANT
26734,5007,5028,CASUAL
26735,5548,369,CASUAL
26736,1817,3317,CLOSE
26737,338,9073,DISTANT
26738,177,7500,CLOSE
26739,1062,1645,CLOSE
26740,9271,7796,CASUAL
26741,4253,1931,DISTANT
26742,277,3803,DISTANT
26743,5225,4593,DISTANT
26744,3016,4444,DISTANT
26745,389,9011,DISTANT
26746,566,5476,CASUAL
26747,7575,3158,CASUAL
26748,4684,7240,CLOSE
26749,3325,4135,CLOSE
26750,3561,9323,DISTANT
26751,7090,2976,CASUAL
26752,4449,5235,DISTANT
26753,1162,4432,DISTANT
26754,8073,3731,CLOSE
26755,2016,2414,DISTANT
26756,3796,8655,CLOSE
26757,5517,712,CASUAL
26758,4070,7457,DISTANT
26759,6747,8397,CLOSE
26760,42,5361,CLOSE
26761,4922,3533,CASUAL
26762,2466,1763,CASUAL
26763,8396,9000,DISTANT
26764,9489,7339,CLOSE
26765,3633,3261,CASUAL
26766,2524,4597,DISTANT
26767,9467,7347,CLOSE
26768,1772,3398,CASUAL
26769,3082,4527,CLOSE
26770,9939,132,CASUAL
26771,6384,4560,DISTANT
26772,8318,1500,CASUAL
26773,5775,436,DISTANT
26774,2149,6211,CASUAL
26775,9764,6609,CLOSE
26776,637,2608,DISTANT
26777,6643,249,CASUAL
26778,5363,5771,CASUAL
26779,9605,7383,DISTANT
26780,3044,3164,CLOSE
26781,8074,9784,CASUAL
26782,8771,1621,DISTANT
26783,4218,7655,DISTANT
26784,9827,402,CLOSE
26785,690,6910,DISTANT
26786,1633,5024,CASUAL
26787,757,3537,CLOSE
26788,9245,7639,CLOSE
26789,770,7660,DISTANT
26790,6886,8609,DISTANT
26791,3589,622,DISTANT
26792,7592,8004,CLOSE
26793,9767,9378,CASUAL
26794,2371,6906,CASUAL
26795,487,5752,CASUAL
26796,8352,6319,CASUAL
26797,1309,1146,DISTANT
26798,3436,4309,DISTANT
26799,7744,8800,CLOSE
26800,2429,5514,CASUAL
26801,759,9646,DISTANT
26802,1294,7374,DISTANT
26803,2897,3341,CASUAL
26804,6951,1315,DISTANT
26805,5395,6828,DISTANT
26806,2280,4947,DISTANT
26807,3933,6569,CASUAL
26808,9155,4669,DISTANT
26809,3941,1964,CLOSE
26810,7333,8399,DISTANT
26811,8946,3000,CASUAL
26812,9621,9221,CASUAL
26813,4865,7700,CLOSE
26814,2436,637,CASUAL
26815,8107,4552,CASUAL
26816,5114,4963,CASUAL
26817,5456,4718,CLOSE
26818,2391,3917,DISTANT
26819,9170,6250,DISTANT
26820,6082,3976,DISTANT
26821,3488,5833,CASUAL
26822,7394,423,DISTANT
26823,4342,4685,CASUAL
26824,245,1579,CASUAL
26825,7191,2608,DISTANT
26826,4019,6303,CLOSE
26827,7942,3606,CLOSE
26828,1863,6548,CASUAL
26829,9390,6092,CLOSE
26830,4870,4084,CASUAL
26831,1444,3354,CASUAL
26832,5495,1355,CLOSE
26833,9993,2506,CASUAL
26834,9693,2987,DISTANT
26835,8736,8493,DISTANT
26836,8263,3669,CLOSE
26837,4535,3914,CASUAL
26838,8214,9852,DISTANT
26839,6655,9065,CASUAL
26840,785,7059,DISTANT
26841,7317,1758,CASUAL
26842,4210,4044,CLOSE
26843,119,1594,CLOSE
26844,1464,6503,CASUAL
26845,5216,2767,CLOSE
26846,3191,131,CASUAL
26847,9252,4814,CLOSE
26848,9363,2280,DISTANT
26849,3914,717,DISTANT
26850,7898,7157,CASUAL
26851,9679,9752,CLOSE
26852,5280,8876,DISTANT
26853,6388,257,DISTANT
26854,8136,6135,DISTANT
26855,6668,3993,DISTANT
26856,7588,9766,CASUAL
26857,3586,2475,CASUAL
26858,3038,9428,CASUAL
26859,1,5768,CLOSE
26860,8152,6491,CLOSE
26861,5358,9528,CLOSE
26862,3283,6175,DISTANT
26863,2969,4362,CLOSE
26864,8284,5176,CLOSE
26865,6499,9939,CLOSE
26866,8841,9784,CASUAL
26867,6051,1125,CLOSE
26868,901,190,DISTANT
26869,1923,9751,CASUAL
26870,3929,4734,DISTANT
26871,7465,8487,CASUAL
26872,9212,5543,DISTANT
26873,4708,739,CASUAL
26874,488,916,DISTANT
26875,6673,5935,CASUAL
26876,9935,1025,CASUAL
26877,1957,57,CASUAL
26878,6074,8152,CASUAL
26879,9524,8750,CLOSE
26880,9461,9901,CASUAL
26881,3424,5918,CASUAL
26882,7283,6463,CASUAL
26883,8468,304,CASUAL
26884,3000,6207,CASUAL
26885,6256,2318,CASUAL
26886,3408,2902,CASUAL
26887,6311,9936,CASUAL
26888,1600,1600,CASUAL
26889,6317,1406,CLOSE
26890,4881,7909,DISTANT
26891,1508,792,CLOSE
26892,9732,9247,DISTANT
26893,5,9830,CLOSE
26894,2925,9414,DISTANT
26895,2783,2177,DISTANT
26896,8073,1767,CASUAL
26897,9070,7776,CLOSE
26898,9496,3085,CLOSE
26899,4379,877,CLOSE
26900,993,8889,CLOSE
26901,350,8077,CASUAL
26902,6373,3035,DISTANT
26903,1752,4737,CASUAL
26904,5488,4824,CASUAL
26905,207,3651,CASUAL
26906,5079,5777,CASUAL
26907,2648,2133,DISTANT
26908,2219,9695,CASUAL
26909,6717,9801,CLOSE
26910,8373,8620,CLOSE
26911,6126,7941,DISTANT
26912,4182,4411,CLOSE
26913,490,8211,CLOSE
26914,1570,7993,CLOSE
26915,1776,8582,DISTANT
26916,2231,2458,CLOSE
26917,8818,1008,CASUAL
26918,4803,6161,CASUAL
26919,7812,9180,CLOSE
26920,6640,5145,CLOSE
26921,7704,6830,CLOSE
26922,4113,5291,DISTANT
26923,3732,9648,CLOSE
26924,1735,2934,CLOSE
26925,6575,4521,CLOSE
26926,430,5239,CASUAL
26927,3142,4261,CLOSE
26928,1360,5843,DISTANT
26929,6138,1215,CLOSE
26930,7169,1731,CLOSE
26931,966,8568,DISTANT
26932,5049,1257,CASUAL
26933,4804,9948,DISTANT
26934,5448,5349,CLOSE
26935,5998,3822,CASUAL
26936,1218,790,DISTANT
26937,1350,8895,CASUAL
26938,9439,6459,DISTANT
26939,9061,6705,DISTANT
26940,4484,367,DISTANT
26941,9241,3621,DISTANT
26942,4231,56,DISTANT
26943,2677,9597,DISTANT
26944,5908,5717,CLOSE
26945,3426,8476,DISTANT
26946,108,6074,DISTANT
26947,9984,4404,CASUAL
26948,3030,1,DISTANT
26949,7036,947,CLOSE
26950,7848,3327,DISTANT
26951,2297,6761,DISTANT
26952,258,8032,CLOSE
26953,2479,1215,CASUAL
26954,9248,1626,DISTANT
26955,5411,9129,CASUAL
26956,9064,4653,DISTANT
26957,3623,9564,CASUAL
26958,2561,7652,CASUAL
26959,6361,3471,CASUAL
26960,9629,1039,DISTANT
26961,3372,4940,CLOSE
26962,7041,3114,CASUAL
26963,6994,9664,CLOSE
26964,2058,6148,CASUAL
26965,4387,6861,CLOSE
26966,4753,6961,CLOSE
26967,1639,8217,DISTANT
26968,8109,8283,CLOSE
26969,9894,3233,DISTANT
26970,6120,9241,DISTANT
26971,2258,8265,CASUAL
26972,3919,2515,CASUAL
26973,5318,654,CLOSE
26974,3839,3088,CASUAL
26975,3184,7587,CASUAL
26976,6527,2690,CASUAL
26977,1490,600,DISTANT
26978,5577,7704,CASUAL
26979,8985,3309,CLOSE
26980,5119,5232,CLOSE
26981,4430,2731,CLOSE
26982,7135,9952,DISTANT
26983,361,2722,CASUAL
26984,1291,6782,CASUAL
26985,1716,5757,DISTANT
26986,7540,7616,CASUAL
26987,1378,1990,CASUAL
26988,9955,1882,CASUAL
26989,5750,6610,DISTANT
26990,3408,5544,DISTANT
26991,4719,2778,DISTANT
26992,7981,1128,CLOSE
26993,7680,5030,CASUAL
26994,1372,5613,CASUAL
26995,637,4692,CASUAL
26996,8229,4217,CASUAL
26997,6241,1365,CASUAL
26998,3669,840,DISTANT
26999,7830,8110,CASUAL
27000,2209,6504,DISTANT
27001,2449,9722,CLOSE
27002,438,2408,DISTANT
27003,660,1965,CLOSE
27004,5993,2950,DISTANT
27005,8233,4445,CASUAL
27006,7606,5682,CASUAL
27007,5177,8536,DISTANT
27008,2553,5900,CLOSE
27009,1688,6770,DISTANT
27010,7068,2021,DISTANT
27011,8236,7877,DISTANT
27012,8587,2519,CLOSE
27013,2001,9714,CLOSE
27014,7830,2357,CLOSE
27015,9674,6463,CASUAL
27016,9318,5769,CLOSE
27017,6302,6483,DISTANT
27018,5448,8771,CASUAL
27019,739,5468,DISTANT
27020,1511,2119,CLOSE
27021,7607,1460,DISTANT
27022,7029,9577,DISTANT
27023,8058,5839,CLOSE
27024,5586,912,CLOSE
27025,1570,4864,CLOSE
27026,3585,4539,CLOSE
27027,5186,1245,CASUAL
27028,6757,5278,CLOSE
27029,607,8721,DISTANT
27030,125,6986,CASUAL
27031,368,312,CLOSE
27032,4524,4684,CASUAL
27033,7645,6339,CLOSE
27034,9372,4449,DISTANT
27035,2223,8513,CASUAL
27036,9868,4173,CLOSE
27037,763,8251,CASUAL
27038,5416,421,DISTANT
27039,8100,6619,CLOSE
27040,5456,1368,DISTANT
27041,2964,7251,CLOSE
27042,3186,9152,DISTANT
27043,9275,7676,CLOSE
27044,756,7936,DISTANT
27045,8697,5157,DISTANT
27046,2692,8893,DISTANT
27047,9992,5779,DISTANT
27048,7608,8182,DISTANT
27049,9463,5690,CLOSE
27050,4271,8409,CASUAL
27051,2268,5828,CASUAL
27052,8932,9201,CASUAL
27053,185,3598,CASUAL
27054,918,5759,CASUAL
27055,1137,6221,CASUAL
27056,2289,3479,CASUAL
27057,9811,1844,CASUAL
27058,2238,8273,CASUAL
27059,3931,1772,CLOSE
27060,7760,2320,CLOSE
27061,9697,1859,CLOSE
27062,7275,1634,DISTANT
27063,8229,806,CASUAL
27064,4581,6988,CLOSE
27065,6253,7587,CASUAL
27066,3860,9680,CASUAL
27067,7671,8195,CASUAL
27068,2280,358,DISTANT
27069,9443,1105,CLOSE
27070,1760,5571,DISTANT
27071,667,602,CASUAL
27072,2247,1008,CLOSE
27073,8469,7298,DISTANT
27074,9450,5102,DISTANT
27075,2976,164,CLOSE
27076,6592,4627,DISTANT
27077,6539,4365,CASUAL
27078,84,1882,CASUAL
27079,1143,6326,CASUAL
27080,7952,4824,DISTANT
27081,813,7091,DISTANT
27082,1450,6613,CASUAL
27083,9913,8058,CASUAL
27084,6850,3719,CLOSE
27085,1470,234,CASUAL
27086,5020,9309,CLOSE
27087,1930,6175,CASUAL
27088,3925,4291,CLOSE
27089,2040,6459,CASUAL
27090,2206,3113,DISTANT
27091,7471,5248,DISTANT
27092,5980,2655,CLOSE
27093,8276,883,CLOSE
27094,6711,4650,DISTANT
27095,9925,2775,DISTANT
27096,1983,6906,DISTANT
27097,9552,6779,CLOSE
27098,7864,7119,DISTANT
27099,9682,9239,DISTANT
27100,1167,3455,CASUAL
27101,24,1776,DISTANT
27102,4705,4281,CASUAL
27103,9131,2855,CLOSE
27104,6912,2893,CASUAL
27105,6607,9794,DISTANT
27106,1546,4453,CASUAL
27107,5864,1214,CLOSE
27108,5386,8852,DISTANT
27109,6202,3209,CLOSE
27110,9334,4642,CASUAL
27111,771,2497,DISTANT
27112,7882,8324,DISTANT
27113,3577,9864,DISTANT
27114,7589,9927,DISTANT
27115,2480,9710,CLOSE
27116,6148,1862,DISTANT
27117,5597,4691,CLOSE
27118,6296,7779,DISTANT
27119,9785,7040,CASUAL
27120,4886,4914,CLOSE
27121,1154,4231,DISTANT
27122,27,1851,CLOSE
27123,2997,1864,CASUAL
27124,2352,8678,CASUAL
27125,7907,7866,DISTANT
27126,1754,5827,CASUAL
27127,5859,6336,CASUAL
27128,3225,156,CLOSE
27129,5378,4107,CASUAL
27130,657,7550,CLOSE
27131,7261,941,CLOSE
27132,5293,4457,CASUAL
27133,2378,7612,CLOSE
27134,3410,6573,CLOSE
27135,4292,737,DISTANT
27136,9999,8306,DISTANT
27137,9986,1601,DISTANT
27138,5163,2228,CLOSE
27139,9169,7527,CLOSE
27140,7384,5245,DISTANT
27141,8684,5042,CLOSE
27142,6989,5107,CASUAL
27143,5206,8126,DISTANT
27144,7647,1857,CASUAL
27145,557,1958,CLOSE
27146,4255,5882,CLOSE
27147,3945,1993,DISTANT
27148,7372,9179,CASUAL
27149,138,5497,CASUAL
27150,7037,2936,CLOSE
27151,4394,8139,DISTANT
27152,5294,9707,DISTANT
27153,3095,9774,DISTANT
27154,5999,9499,CASUAL
27155,4127,6309,DISTANT
27156,8441,7177,CLOSE
27157,2112,8797,DISTANT
27158,3557,2362,DISTANT
27159,4727,5763,DISTANT
27160,229,1116,DISTANT
27161,2297,6716,CLOSE
27162,2585,2333,CLOSE
27163,2715,2336,CLOSE
27164,6998,5451,CLOSE
27165,8012,3873,CLOSE
27166,6235,5514,CASUAL
27167,4834,7663,DISTANT
27168,1959,8195,DISTANT
27169,8698,9166,CLOSE
27170,3248,9618,CLOSE
27171,2426,4562,DISTANT
27172,8900,7513,DISTANT
27173,3220,1314,CASUAL
27174,6551,7617,CLOSE
27175,534,6825,CASUAL
27176,8660,582,CASUAL
27177,1579,8073,CLOSE
27178,1874,4685,CASUAL
27179,8912,7100,CLOSE
27180,9194,6413,CASUAL
27181,8093,8501,CASUAL
27182,5571,4595,CASUAL
27183,2836,6370,CLOSE
27184,639,8441,CLOSE
27185,9073,9747,DISTANT
27186,3829,1684,CLOSE
27187,9952,6556,DISTANT
27188,1061,7888,DISTANT
27189,4919,6174,DISTANT
27190,8762,9487,CLOSE
27191,3210,8213,CLOSE
27192,2209,773,DISTANT
27193,8637,3686,DISTANT
27194,8943,8728,DISTANT
27195,7119,6417,DISTANT
27196,1267,2992,CASUAL
27197,5368,9571,DISTANT
27198,3475,1057,DISTANT
27199,5248,1733,DISTANT
27200,4071,9152,CASUAL
27201,3039,2206,CASUAL
27202,1059,1399,CLOSE
27203,7138,3895,CLOSE
27204,4631,2635,DISTANT
27205,7219,1851,CASUAL
27206,2659,7581,DISTANT
27207,6041,4912,CLOSE
27208,9622,6995,DISTANT
27209,233,5382,CLOSE
27210,4480,7002,CLOSE
27211,5192,2763,CASUAL
27212,1637,9239,CASUAL
27213,9867,2324,CLOSE
27214,9815,6637,CASUAL
27215,2466,9455,CASUAL
27216,6360,2487,DISTANT
27217,2466,4099,DISTANT
27218,2058,9782,CLOSE
27219,8944,2113,DISTANT
27220,4261,9563,CASUAL
27221,3626,7136,CLOSE
27222,9302,6499,CASUAL
27223,5530,5274,DISTANT
27224,8893,4078,CASUAL
27225,4158,5080,CASUAL
27226,50,409,CASUAL
27227,2066,9680,CLOSE
27228,3834,2469,DISTANT
27229,7934,875,CASUAL
27230,745,2458,DISTANT
27231,9502,2261,DISTANT
27232,9379,8631,CLOSE
27233,7800,7934,CASUAL
27234,6150,3824,CASUAL
27235,6667,8052,DISTANT
27236,6175,1194,DISTANT
27237,5051,4097,CASUAL
27238,3234,9944,CASUAL
27239,1944,6263,CLOSE
27240,2897,3174,CASUAL
27241,4065,2783,CASUAL
27242,7540,8648,DISTANT
27243,497,878,CLOSE
27244,4984,3246,CLOSE
27245,3684,2129,CASUAL
27246,3786,2054,DISTANT
27247,8277,6781,DISTANT
27248,4754,748,DISTANT
27249,2277,6322,CASUAL
27250,3096,8850,CASUAL
27251,8272,396,CASUAL
27252,5762,9777,DISTANT
27253,9285,1159,CLOSE
27254,371,3842,DISTANT
27255,5446,2636,CASUAL
27256,8067,2695,CASUAL
27257,7506,790,CASUAL
27258,7579,9563,DISTANT
27259,5895,2243,DISTANT
27260,7700,542,CASUAL
27261,4425,9487,CLOSE
27262,2298,5774,DISTANT
27263,2205,6359,CASUAL
27264,9657,266,DISTANT
27265,3527,7151,CLOSE
27266,4955,6103,CLOSE
27267,2595,8034,CASUAL
27268,9758,4922,CASUAL
27269,5550,1855,CLOSE
27270,8767,5783,DISTANT
27271,949,2253,DISTANT
27272,3264,5352,DISTANT
27273,4715,5556,CASUAL
27274,6696,43,CASUAL
27275,4640,9079,CLOSE
27276,3794,5062,CASUAL
27277,9474,9393,CLOSE
27278,5016,1106,CASUAL
27279,6525,4777,CASUAL
27280,7781,9267,DISTANT
27281,4357,678,DISTANT
27282,6255,3613,CASUAL
27283,329,1246,CASUAL
27284,9975,4911,CASUAL
27285,7385,1060,DISTANT
27286,6443,8927,CASUAL
27287,9784,9785,CASUAL
27288,3913,136,CLOSE
27289,1589,2474,CASUAL
27290,3560,6800,CLOSE
27291,8943,4567,CLOSE
27292,323,3730,CASUAL
27293,1248,4509,CASUAL
27294,5103,1801,CLOSE
27295,5924,8452,CLOSE
27296,6955,6821,CLOSE
27297,8577,7472,DISTANT
27298,5914,9568,CASUAL
27299,327,8841,CASUAL
27300,4200,6834,CLOSE
27301,8435,1202,CLOSE
27302,7629,4971,CLOSE
27303,3946,4629,DISTANT
27304,6626,59,CASUAL
27305,4169,7459,CLOSE
27306,1153,946,DISTANT
27307,8413,6072,CASUAL
27308,4301,2579,DISTANT
27309,2746,1134,DISTANT
27310,4579,7099,DISTANT
27311,4312,4406,CLOSE
27312,4430,188,CASUAL
27313,4538,5306,CASUAL
27314,1075,5367,CASUAL
27315,6785,4779,CASUAL
27316,1595,1111,DISTANT
27317,1603,4347,DISTANT
27318,7298,5841,DISTANT
27319,7818,7777,DISTANT
27320,8112,3264,DISTANT
27321,827,4867,DISTANT
27322,7359,8421,CLOSE
27323,3993,7746,DISTANT
27324,3607,832,DISTANT
27325,2739,8992,DISTANT
27326,6966,7319,CASUAL
27327,3176,5484,DISTANT
27328,3296,7461,CASUAL
27329,6797,9333,DISTANT
27330,3405,9197,CASUAL
27331,7649,97,DISTANT
27332,5545,2913,CASUAL
27333,7772,4042,DISTANT
27334,5379,3034,CLOSE
27335,5634,3488,DISTANT
27336,770,7753,DISTANT
27337,3560,2075,DISTANT
27338,4271,6542,CASUAL
27339,2834,671,CASUAL
27340,1557,1359,DISTANT
27341,9080,336,CLOSE
27342,4326,6330,CLOSE
27343,940,8405,CLOSE
27344,633,2536,DISTANT
27345,1116,9178,CLOSE
27346,2791,6155,DISTANT
27347,6831,1596,CASUAL
27348,1067,7536,DISTANT
27349,1422,1406,CASUAL
27350,830,147,CASUAL
27351,7660,4715,CLOSE
27352,9371,4756,CASUAL
27353,879,1370,CASUAL
27354,4361,60,DISTANT
27355,1628,1915,CLOSE
27356,9355,2579,DISTANT
27357,6898,7256,CLOSE
27358,199,892,DISTANT
27359,8823,9116,DISTANT
27360,9821,8959,DISTANT
27361,4690,8813,DISTANT
27362,2558,5081,DISTANT
27363,9955,7077,DISTANT
27364,8649,8560,DISTANT
27365,2824,1141,DISTANT
27366,9579,7783,DISTANT
27367,7766,6769,CASUAL
27368,4922,8716,CASUAL
27369,1944,4143,CASUAL
27370,4875,1282,CASUAL
27371,3465,1457,DISTANT
27372,9413,902,CASUAL
27373,2318,8555,CLOSE
27374,7117,2135,CASUAL
27375,1569,1909,CASUAL
27376,6320,7977,DISTANT
27377,4263,1730,CLOSE
27378,8147,7818,DISTANT
27379,299,6441,CASUAL
27380,2094,2939,DISTANT
27381,8252,8752,CLOSE
27382,3928,7830,DISTANT
27383,2351,2243,CASUAL
27384,5535,7063,DISTANT
27385,2481,1344,DISTANT
27386,9959,8409,CLOSE
27387,7392,3535,CASUAL
27388,959,5149,CASUAL
27389,852,7118,DISTANT
27390,3300,818,CASUAL
27391,8289,4568,CLOSE
27392,1830,5842,DISTANT
27393,8409,6215,CASUAL
27394,9563,1112,DISTANT
27395,1190,5855,DISTANT
27396,6370,5336,CLOSE
27397,9919,8831,CASUAL
27398,2201,7418,CLOSE
27399,4496,871,CLOSE
27400,3925,5315,CASUAL
27401,2272,3839,DISTANT
27402,9786,6299,CASUAL
27403,104,7367,CLOSE
27404,8327,4359,CASUAL
27405,3775,6670,DISTANT
27406,7233,9213,CLOSE
27407,8821,7386,DISTANT
27408,9932,6570,CASUAL
27409,9380,5198,CLOSE
27410,1111,9074,CLOSE
27411,2005,5066,DISTANT
27412,5592,8434,CASUAL
27413,9941,6103,CLOSE
27414,7831,4248,DISTANT
27415,8181,5473,DISTANT
27416,8533,2847,CASUAL
27417,8756,4814,CLOSE
27418,5027,6588,DISTANT
27419,7750,8722,CLOSE
27420,3729,5967,CASUAL
27421,701,4659,DISTANT
27422,7827,2014,DISTANT
27423,1553,8705,CLOSE
27424,2021,9812,DISTANT
27425,5430,783,CLOSE
27426,5560,7288,CLOSE
27427,1558,6720,DISTANT
27428,9405,8726,DISTANT
27429,6713,9650,CLOSE
27430,6297,1364,DISTANT
27431,6024,2308,DISTANT
27432,1460,9695,DISTANT
27433,9575,9122,CASUAL
27434,3620,7898,CLOSE
27435,4605,7830,DISTANT
27436,8905,337,CLOSE
27437,6150,6063,DISTANT
27438,8244,9845,CLOSE
27439,8572,5150,CASUAL
27440,4211,2625,CASUAL
27441,7671,7344,DISTANT
27442,6353,3581,CASUAL
27443,3702,296,CASUAL
27444,5799,7270,CLOSE
27445,877,7683,CLOSE
27446,1496,3670,DISTANT
27447,3063,3391,DISTANT
27448,3252,7480,CASUAL
27449,6619,5704,CASUAL
27450,860,12,CASUAL
27451,4168,6016,DISTANT
27452,5436,8770,CLOSE
27453,2878,864,CLOSE
27454,3767,9259,CLOSE
27455,2623,3586,DISTANT
27456,7067,3333,CLOSE
27457,9100,6383,CASUAL
27458,2955,4471,DISTANT
27459,7518,1800,CASUAL
27460,4719,5682,CLOSE
27461,3156,6876,CLOSE
27462,5361,6688,CLOSE
27463,8225,357,DISTANT
27464,240,1018,CLOSE
27465,1668,7008,CASUAL
27466,8897,480,CLOSE
27467,3737,809,DISTANT
27468,7701,7486,DISTANT
27469,3243,5126,DISTANT
27470,6963,9805,CASUAL
27471,9440,3030,CLOSE
27472,565,9546,CLOSE
27473,3411,4453,CASUAL
27474,6581,7571,CLOSE
27475,1930,8191,CLOSE
27476,7557,9960,CLOSE
27477,2666,299,CASUAL
27478,362,2759,CASUAL
27479,7223,9802,CLOSE
27480,624,3166,CLOSE
27481,3420,876,DISTANT
27482,867,19,CASUAL
27483,2129,4913,CLOSE
27484,5242,1417,DISTANT
27485,9580,8002,CLOSE
27486,929,2704,DISTANT
27487,3107,5837,CASUAL
27488,2322,4322,DISTANT
27489,9380,3873,DISTANT
27490,5816,3253,CLOSE
27491,6442,6623,CLOSE
27492,196,4168,CLOSE
27493,6851,9458,CLOSE
27494,7166,8862,CASUAL
27495,555,2925,CASUAL
27496,8111,8561,CASUAL
27497,1185,3151,CASUAL
27498,1641,6216,CLOSE
27499,7709,7950,DISTANT
27500,1716,2566,CASUAL
27501,2699,450,DISTANT
27502,8496,4645,DISTANT
27503,2645,3792,CLOSE
27504,7473,6356,DISTANT
27505,7357,5345,CASUAL
27506,655,5104,CASUAL
27507,5506,150,CASUAL
27508,9086,5193,DISTANT
27509,3191,4981,DISTANT
27510,534,2171,CLOSE
27511,3054,4420,DISTANT
27512,2903,7182,DISTANT
27513,2926,6379,CLOSE
27514,4115,8060,CASUAL
27515,6764,8255,DISTANT
27516,6188,2943,CASUAL
27517,3707,2691,CASUAL
27518,7048,838,DISTANT
27519,2610,9358,CLOSE
27520,7990,481,CLOSE
27521,9366,5724,CLOSE
27522,925,8871,CASUAL
27523,8416,691,CLOSE
27524,6579,3988,DISTANT
27525,7996,3185,DISTANT
27526,3452,7879,CLOSE
27527,9269,6783,CASUAL
27528,3645,2079,CASUAL
27529,5669,9462,CLOSE
27530,9094,160,DISTANT
27531,4110,8279,CLOSE
27532,4929,6309,CASUAL
27533,9845,8474,CASUAL
27534,5501,7479,DISTANT
27535,9702,4613,CASUAL
27536,9543,7452,CASUAL
27537,2796,500,CLOSE
27538,9914,740,CASUAL
27539,7791,3759,CLOSE
27540,8517,3502,CLOSE
27541,8423,9970,CLOSE
27542,6858,838,CASUAL
27543,665,7359,CLOSE
27544,396,2215,CLOSE
27545,8625,5911,DISTANT
27546,5554,1407,DISTANT
27547,2359,5815,CASUAL
27548,5261,9316,DISTANT
27549,5951,5116,DISTANT
27550,2628,5655,CASUAL
27551,7746,4358,CASUAL
27552,413,4805,CASUAL
27553,8197,9017,CASUAL
27554,4170,8925,CLOSE
27555,451,5974,DISTANT
27556,5374,9334,CLOSE
27557,9189,3527,CASUAL
27558,9916,7102,DISTANT
27559,5587,5811,DISTANT
27560,4193,2783,CLOSE
27561,5286,291,CASUAL
27562,3409,3012,DISTANT
27563,1573,9733,CASUAL
27564,7188,6719,CLOSE
27565,8640,8385,CLOSE
27566,6650,2300,CASUAL
27567,496,9469,CLOSE
27568,6436,9970,CASUAL
27569,488,7481,CLOSE
27570,9872,3612,CLOSE
27571,8013,693,DISTANT
27572,5345,5179,CLOSE
27573,4587,8989,CLOSE
27574,6279,2601,CASUAL
27575,1973,2426,CASUAL
27576,2675,8187,DISTANT
27577,1062,1662,DISTANT
27578,3632,5138,CLOSE
27579,6064,5467,CLOSE
27580,898,7416,DISTANT
27581,1914,8010,CASUAL
27582,4735,2,CLOSE
27583,223,6589,CLOSE
27584,5896,2955,CASUAL
27585,5528,2966,DISTANT
27586,5339,3637,DISTANT
27587,815,9184,CLOSE
27588,387,9962,CASUAL
27589,2649,8459,CASUAL
27590,1405,5480,CLOSE
27591,3032,4475,CASUAL
27592,3803,6942,CASUAL
27593,1184,1240,DISTANT
27594,9585,4828,DISTANT
27595,5204,6915,DISTANT
27596,304,8755,CLOSE
27597,7239,9108,DISTANT
27598,1672,6067,DISTANT
27599,5534,5202,CASUAL
27600,2609,5082,DISTANT
27601,9541,6356,CASUAL
27602,2659,7752,DISTANT
27603,218,1590,CASUAL
27604,5149,8416,CLOSE
27605,2511,2488,DISTANT
27606,7301,3178,DISTANT
27607,1881,8534,CLOSE
27608,7753,8581,CASUAL
27609,7945,6262,CASUAL
27610,1293,9712,CASUAL
27611,1245,8960,CASUAL
27612,9766,8172,CLOSE
27613,6498,3237,DISTANT
27614,744,862,DISTANT
27615,8920,4729,CLOSE
27616,8380,4881,CLOSE
27617,6227,7317,CASUAL
27618,9573,1206,CLOSE
27619,941,9148,CLOSE
27620,6673,2226,CLOSE
27621,25,2436,DISTANT
27622,4791,2648,DISTANT
27623,7073,2128,CLOSE
27624,8678,9308,DISTANT
27625,763,7831,CLOSE
27626,7436,5433,CASUAL
27627,9534,476,CLOSE
27628,7594,8595,CASUAL
27629,5655,8728,CLOSE
27630,3976,2860,CASUAL
27631,6212,3883,CASUAL
27632,6590,3605,CASUAL
27633,6395,4048,CASUAL
27634,5334,726,CASUAL
27635,3647,5817,CASUAL
27636,4585,9706,DISTANT
27637,2073,5997,DISTANT
27638,411,2307,CLOSE
27639,5523,4467,CLOSE
27640,6566,9283,CLOSE
27641,1155,799,DISTANT
27642,2072,4430,CLOSE
27643,9454,7778,CASUAL
27644,5476,573,DISTANT
27645,2509,4854,DISTANT
27646,4933,4760,CLOSE
27647,8190,7309,CASUAL
27648,4724,6328,DISTANT
27649,303,4479,CASUAL
27650,4188,8054,CASUAL
27651,898,6664,CASUAL
27652,1515,1881,DISTANT
27653,4811,8521,CLOSE
27654,7546,821,CLOSE
27655,5209,7285,CLOSE
27656,7782,2810,CLOSE
27657,6429,2142,DISTANT
27658,565,5539,DISTANT
27659,8045,686,DISTANT
27660,1116,5804,CLOSE
27661,8668,9189,CASUAL
27662,5593,2849,CASUAL
27663,6332,2068,DISTANT
27664,4351,4229,DISTANT
27665,9895,2325,DISTANT
27666,6838,4387,DISTANT
27667,2603,4522,DISTANT
27668,7936,3967,DISTANT
27669,4774,3440,CASUAL
27670,3282,9501,CLOSE
27671,8101,8533,CASUAL
27672,4968,4253,CASUAL
27673,6296,3165,CLOSE
27674,5438,4668,CLOSE
27675,7853,9077,CASUAL
27676,3758,5733,CLOSE
27677,451,1475,CASUAL
27678,7033,3155,DISTANT
27679,7853,8155,CASUAL
27680,2268,2947,CLOSE
27681,965,2241,CASUAL
27682,5369,2639,DISTANT
27683,5631,7122,DISTANT
27684,1720,1775,DISTANT
27685,6564,2731,CLOSE
27686,1398,1907,CLOSE
27687,3204,6242,CLOSE
27688,9982,6642,DISTANT
27689,1338,1683,CASUAL
27690,2810,886,CASUAL
27691,698,8763,DISTANT
27692,9624,3103,CASUAL
27693,3108,3579,DISTANT
27694,9628,8511,CLOSE
27695,9999,3827,CLOSE
27696,8274,3862,CASUAL
27697,4724,2654,CASUAL
27698,1533,5603,CLOSE
27699,7461,6811,CASUAL
27700,9990,8639,DISTANT
27701,4370,5893,CASUAL
27702,9934,6339,DISTANT
27703,2877,6892,DISTANT
27704,4727,7304,DISTANT
27705,438,5217,CASUAL
27706,2913,7923,CLOSE
27707,698,5107,CASUAL
27708,6835,6921,DISTANT
27709,8509,3687,DISTANT
27710,6910,7657,DISTANT
27711,6551,6287,CASUAL
27712,4224,8747,CLOSE
27713,6037,1641,CASUAL
27714,303,588,DISTANT
27715,1038,6504,CASUAL
27716,199,2511,CLOSE
27717,5785,5443,DISTANT
27718,8984,3529,CASUAL
27719,1249,7393,CASUAL
27720,9530,756,CLOSE
27721,2848,9525,DISTANT
27722,4306,9416,DISTANT
27723,4002,8369,CASUAL
27724,3246,8245,DISTANT
27725,8866,1402,CASUAL
27726,7366,1449,CASUAL
27727,5289,6757,CLOSE
27728,4005,7420,CASUAL
27729,6311,1704,CLOSE
27730,1543,6524,DISTANT
27731,8063,6095,DISTANT
27732,3814,6590,DISTANT
27733,8972,6248,CASUAL
27734,5153,2282,CLOSE
27735,422,3430,CLOSE
27736,7106,2075,CLOSE
27737,9811,1077,CASUAL
27738,4134,5917,CASUAL
27739,3178,5194,DISTANT
27740,3027,4190,DISTANT
27741,5260,8649,CLOSE
27742,6845,2767,CLOSE
27743,9390,6686,CLOSE
27744,2490,4865,DISTANT
27745,3560,4098,CASUAL
27746,7749,5515,CLOSE
27747,3684,2009,CLOSE
27748,9880,104,CLOSE
27749,6558,6032,DISTANT
27750,641,2393,CASUAL
27751,3489,2592,CLOSE
27752,1378,7577,CASUAL
27753,4253,1149,CASUAL
27754,8825,8000,DISTANT
27755,2454,5629,CASUAL
27756,5073,8757,DISTANT
27757,7320,4780,DISTANT
27758,1286,8695,CLOSE
27759,8648,6784,CASUAL
27760,6452,1501,CASUAL
27761,9322,3336,CASUAL
27762,920,4288,CLOSE
27763,570,696,DISTANT
27764,6866,7807,DISTANT
27765,4180,3846,DISTANT
27766,486,2506,DISTANT
27767,657,2823,DISTANT
27768,5267,8192,CLOSE
27769,6693,530,DISTANT
27770,9109,5746,CASUAL
27771,5888,2161,CASUAL
27772,4169,3643,CLOSE
27773,2952,2822,DISTANT
27774,8840,6675,DISTANT
27775,3634,1136,DISTANT
27776,6293,9587,CASUAL
27777,5019,4091,DISTANT
27778,9618,1203,CASUAL
27779,8185,3087,CASUAL
27780,1004,2315,DISTANT
27781,2156,4631,DISTANT
27782,8611,4024,CASUAL
27783,3650,1370,CASUAL
27784,5981,9783,DISTANT
27785,2862,8708,CLOSE
27786,2621,7380,CLOSE
27787,3414,5383,CLOSE
27788,1131,1925,CASUAL
27789,568,9358,CLOSE
27790,4134,7403,CASUAL
27791,5022,6011,CLOSE
27792,5579,3633,DISTANT
27793,5828,1421,DISTANT
27794,1465,4808,CLOSE
27795,5482,7025,CLOSE
27796,6538,3736,CASUAL
27797,6874,2168,DISTANT
27798,7127,9310,CLOSE
27799,4496,9807,CLOSE
27800,1678,8333,CLOSE
27801,8767,1143,CLOSE
27802,9087,2946,CLOSE
27803,2184,8028,CLOSE
27804,9797,4120,CLOSE
27805,8589,9378,CASUAL
27806,6022,5829,CLOSE
27807,5502,3028,DISTANT
27808,5701,4590,CLOSE
27809,721,2927,CLOSE
27810,1784,5700,DISTANT
27811,9061,8763,CLOSE
27812,5908,8793,CLOSE
27813,7623,6303,CASUAL
27814,8530,2759,CASUAL
27815,1773,5511,CASUAL
27816,7602,3727,DISTANT
27817,3836,2506,CLOSE
27818,9568,1136,CASUAL
27819,8692,1485,CLOSE
27820,4258,2047,CLOSE
27821,5222,87,CASUAL
27822,782,7478,DISTANT
27823,594,967,CASUAL
27824,3276,5693,DISTANT
27825,4466,5849,CASUAL
27826,5767,2814,CASUAL
27827,6654,5818,CLOSE
27828,4044,8755,DISTANT
27829,6460,5527,CLOSE
27830,9204,4735,DISTANT
27831,9750,4317,CLOSE
27832,1478,3559,CASUAL
27833,6610,2781,DISTANT
27834,5087,8232,CLOSE
27835,1189,9553,CLOSE
27836,7124,2278,DISTANT
27837,7923,7038,CLOSE
27838,8615,7691,DISTANT
27839,8664,38,DISTANT
27840,9501,4480,CLOSE
27841,5392,5160,DISTANT
27842,6450,6073,CASUAL
27843,6331,8841,CASUAL
27844,342,6657,CLOSE
27845,5824,9336,DISTANT
27846,2576,6636,CLOSE
27847,6565,5517,CASUAL
27848,9446,585,CLOSE
27849,7120,3097,DISTANT
27850,8493,3952,DISTANT
27851,8998,864,CASUAL
27852,8165,2354,CLOSE
27853,7607,4241,CASUAL
27854,6076,5346,DISTANT
27855,2014,3403,CASUAL
27856,3918,5209,CASUAL
27857,9855,4272,CASUAL
27858,4172,1662,DISTANT
27859,4238,818,DISTANT
27860,2692,1125,CLOSE
27861,5818,4071,CLOSE
27862,2224,141,CASUAL
27863,7039,3986,DISTANT
27864,8987,1178,DISTANT
27865,8750,1515,CASUAL
27866,7296,8082,CASUAL
27867,396,5526,CLOSE
27868,727,2218,DISTANT
27869,2159,5167,CLOSE
27870,537,8238,CASUAL
27871,6176,1346,DISTANT
27872,1796,7661,CLOSE
27873,3666,7404,CASUAL
27874,9395,1877,DISTANT
27875,5899,4401,DISTANT
27876,867,4707,CASUAL
27877,4195,7866,CASUAL
27878,8303,5581,CASUAL
27879,256,6930,CLOSE
27880,6019,4529,DISTANT
27881,52,3711,DISTANT
27882,6928,7883,CASUAL
27883,2926,6260,CASUAL
27884,9391,737,CASUAL
27885,328,2178,CASUAL
27886,4813,8885,CLOSE
27887,1902,7525,DISTANT
27888,3788,3115,CLOSE
27889,2285,2709,CASUAL
27890,1207,9790,CASUAL
27891,1653,249,CASUAL
27892,1364,7933,CLOSE
27893,730,5020,DISTANT
27894,1951,3189,CLOSE
27895,6189,9130,CLOSE
27896,3648,6878,CASUAL
27897,5570,9385,CLOSE
27898,9174,4486,CASUAL
27899,15,804,DISTANT
27900,7998,1600,CASUAL
27901,814,8610,CASUAL
27902,1704,8645,CLOSE
27903,7661,5051,CASUAL
27904,5619,4986,DISTANT
27905,6812,8476,DISTANT
27906,2500,5770,CLOSE
27907,8477,1071,DISTANT
27908,9386,1337,DISTANT
27909,4881,4505,DISTANT
27910,951,9278,DISTANT
27911,841,6411,DISTANT
27912,920,5935,CASUAL
27913,8395,3324,DISTANT
27914,2862,3141,CLOSE
27915,4413,1738,DISTANT
27916,1774,4345,DISTANT
27917,6367,3028,CASUAL
27918,6011,6668,DISTANT
27919,5992,6917,CASUAL
27920,5187,9009,DISTANT
27921,7977,6795,CLOSE
27922,3960,2567,CLOSE
27923,655,1844,CASUAL
27924,2466,8411,DISTANT
27925,7334,1361,CLOSE
27926,4062,7084,DISTANT
27927,4566,51,CLOSE
27928,5780,9801,CLOSE
27929,22,3637,DISTANT
27930,1149,9913,DISTANT
27931,5448,9257,DISTANT
27932,7464,2189,CASUAL
27933,5458,6361,CLOSE
27934,8515,7763,CLOSE
27935,5769,2193,CLOSE
27936,6817,4659,CLOSE
27937,1515,7310,CASUAL
27938,5488,7584,CASUAL
27939,5695,6651,DISTANT
27940,6197,3745,CASUAL
27941,8554,6631,DISTANT
27942,848,2272,DISTANT
27943,6465,3892,CLOSE
27944,3162,429,DISTANT
27945,9342,1373,DISTANT
27946,210,2156,CLOSE
27947,824,8984,CASUAL
27948,8656,3165,CASUAL
27949,7490,8013,CASUAL
27950,2692,9498,CASUAL
27951,6141,1572,DISTANT
27952,4802,8666,CASUAL
27953,1079,6018,CLOSE
27954,666,2766,CASUAL
27955,2808,1860,DISTANT
27956,571,2440,CASUAL
27957,2435,3013,CASUAL
27958,360,1341,CASUAL
27959,4839,9344,CLOSE
27960,9769,6185,CASUAL
27961,1369,6797,DISTANT
27962,3254,4774,DISTANT
27963,4691,2101,DISTANT
27964,3321,8825,CASUAL
27965,2141,3380,DISTANT
27966,5897,6903,CASUAL
27967,4809,7921,CASUAL
27968,4308,394,CLOSE
27969,663,7019,DISTANT
27970,2962,424,CASUAL
27971,7823,4102,CASUAL
27972,4475,2591,CASUAL
27973,2000,453,CLOSE
27974,8014,4685,CASUAL
27975,9084,7377,DISTANT
27976,8344,1251,CLOSE
27977,7193,8725,DISTANT
27978,9604,6886,CASUAL
27979,8707,6602,CASUAL
27980,198,9066,CASUAL
27981,2028,2082,CLOSE
27982,622,4638,CLOSE
27983,9210,3274,CASUAL
27984,2844,4319,CLOSE
27985,1425,6873,DISTANT
27986,1162,324,DISTANT
27987,7183,3608,DISTANT
27988,9136,5286,CLOSE
27989,2958,2023,CASUAL
27990,6223,9320,CLOSE
27991,6473,9684,CLOSE
27992,3287,6252,DISTANT
27993,6063,9965,CASUAL
27994,3903,7121,DISTANT
27995,2183,9407,CASUAL
27996,1767,7414,DISTANT
27997,1111,6429,DISTANT
27998,4121,830,DISTANT
27999,534,6314,DISTANT
28000,4910,79,DISTANT
28001,3546,7479,CLOSE
28002,5200,1506,CLOSE
28003,8593,922,CASUAL
28004,1726,2194,CLOSE
28005,8682,9190,CLOSE
28006,6100,7678,DISTANT
28007,3100,5628,CLOSE
28008,1429,9660,CLOSE
28009,2208,9169,CASUAL
28010,4775,2429,CLOSE
28011,959,3674,CLOSE
28012,7112,7109,CASUAL
28013,2790,5647,CASUAL
28014,2972,1262,CASUAL
28015,3766,8416,CASUAL
28016,8964,4717,DISTANT
28017,5237,8186,DISTANT
28018,6567,8260,CLOSE
28019,1796,3220,DISTANT
28020,2306,7579,DISTANT
28021,3974,1818,DISTANT
28022,2833,8082,CASUAL
28023,565,3071,CLOSE
28024,3231,3474,DISTANT
28025,4986,9068,CLOSE
28026,443,8038,CASUAL
28027,2717,3113,DISTANT
28028,9000,9794,CASUAL
28029,3555,5263,CASUAL
28030,1109,2472,CLOSE
28031,8427,5189,DISTANT
28032,7866,8272,DISTANT
28033,5547,5620,CLOSE
28034,3833,523,DISTANT
28035,4384,1139,CLOSE
28036,5258,4796,CLOSE
28037,87,8661,CLOSE
28038,7964,2857,CASUAL
28039,7006,8369,CASUAL
28040,9085,6301,CASUAL
28041,2693,7571,CASUAL
28042,8311,7522,CLOSE
28043,7962,8313,DISTANT
28044,2969,8457,DISTANT
28045,4905,5030,CASUAL
28046,9418,9798,CASUAL
28047,9963,3687,CASUAL
28048,7252,6622,DISTANT
28049,8857,1979,CASUAL
28050,3818,3830,DISTANT
28051,9691,377,CLOSE
28052,1655,760,CLOSE
28053,7546,1321,CASUAL
28054,5435,9307,CLOSE
28055,6713,2604,CASUAL
28056,171,4802,CLOSE
28057,2056,4097,CASUAL
28058,1189,6317,CASUAL
28059,9743,6690,CLOSE
28060,8365,667,DISTANT
28061,6045,231,CASUAL
28062,6920,4557,DISTANT
28063,3316,4102,CASUAL
28064,2961,39,CLOSE
28065,8140,5173,CASUAL
28066,3092,5616,DISTANT
28067,366,6697,DISTANT
28068,9157,1318,CASUAL
28069,7357,2345,CASUAL
28070,738,4114,CASUAL
28071,9856,380,DISTANT
28072,3499,5389,CLOSE
28073,4822,6834,DISTANT
28074,8328,9841,DISTANT
28075,9503,6863,CLOSE
28076,4149,9020,DISTANT
28077,1169,484,DISTANT
28078,388,8721,CLOSE
28079,1434,2458,CASUAL
28080,3626,7152,DISTANT
28081,5234,2345,CASUAL
28082,5015,4551,CLOSE
28083,8782,4213,DISTANT
28084,2611,1698,DISTANT
28085,8306,1296,CASUAL
28086,5971,8712,DISTANT
28087,1459,2167,CLOSE
28088,5439,8274,CASUAL
28089,3714,7719,CASUAL
28090,4184,6786,DISTANT
28091,1857,8892,CLOSE
28092,4576,3052,DISTANT
28093,6946,8243,CLOSE
28094,5199,1539,CLOSE
28095,8394,5201,CLOSE
28096,3992,4597,CASUAL
28097,3765,2091,CASUAL
28098,4648,1398,CASUAL
28099,5640,571,CASUAL
28100,9313,389,CASUAL
28101,9634,817,CLOSE
28102,2613,395,CLOSE
28103,3735,8957,CASUAL
28104,3585,3089,CASUAL
28105,1830,8570,DISTANT
28106,4948,7934,CASUAL
28107,8079,8330,CASUAL
28108,2553,1698,CLOSE
28109,4096,5372,DISTANT
28110,1473,7213,DISTANT
28111,1124,3641,CASUAL
28112,406,1820,CLOSE
28113,4302,7706,CASUAL
28114,1002,861,DISTANT
28115,5390,6761,DISTANT
28116,5102,3448,CLOSE
28117,7688,1119,CLOSE
28118,8930,8412,CASUAL
28119,3084,2928,CASUAL
28120,4662,5530,CASUAL
28121,9679,6896,CLOSE
28122,9679,7473,CASUAL
28123,2260,3146,DISTANT
28124,5180,4108,CLOSE
28125,4178,5941,CASUAL
28126,3368,6149,CLOSE
28127,2849,7936,DISTANT
28128,3409,8752,CASUAL
28129,6311,6937,DISTANT
28130,8061,2146,CLOSE
28131,9950,2761,DISTANT
28132,6998,7971,CLOSE
28133,9684,8221,CLOSE
28134,5179,4466,DISTANT
28135,4541,4902,CASUAL
28136,6596,8486,CASUAL
28137,757,3390,DISTANT
28138,7899,7725,CLOSE
28139,4169,8113,CASUAL
28140,1797,2816,DISTANT
28141,2238,4995,CLOSE
28142,3178,1362,DISTANT
28143,4771,2876,CASUAL
28144,5408,662,CASUAL
28145,9515,4756,CASUAL
28146,3437,9775,CASUAL
28147,5644,7020,CASUAL
28148,5953,2299,CASUAL
28149,4122,652,CASUAL
28150,3966,4984,CASUAL
28151,9077,5256,CLOSE
28152,961,7767,DISTANT
28153,7217,2287,CASUAL
28154,1468,3895,DISTANT
28155,4557,8557,CASUAL
28156,9818,1887,CASUAL
28157,2575,2420,CASUAL
28158,2679,6889,DISTANT
28159,614,8038,CASUAL
28160,5185,6198,CASUAL
28161,1714,1003,CLOSE
28162,9768,398,CLOSE
28163,6891,607,DISTANT
28164,2148,9063,CASUAL
28165,9060,6050,DISTANT
28166,7703,3721,CASUAL
28167,4258,5113,CASUAL
28168,1248,1223,CLOSE
28169,9331,9263,DISTANT
28170,8161,3233,CLOSE
28171,5842,9791,CLOSE
28172,8249,7640,CLOSE
28173,8122,913,DISTANT
28174,2033,1887,CASUAL
28175,5118,3192,CASUAL
28176,6639,4285,CASUAL
28177,9290,2528,CASUAL
28178,7380,5911,CLOSE
28179,7883,5446,CLOSE
28180,6201,7991,CASUAL
28181,3639,4824,CASUAL
28182,6152,1098,CLOSE
28183,6413,7993,CASUAL
28184,3511,9888,CASUAL
28185,4987,2982,DISTANT
28186,8876,3943,CLOSE
28187,469,4719,CASUAL
28188,5174,7543,DISTANT
28189,3497,2770,DISTANT
28190,242,6888,CASUAL
28191,4814,7204,CASUAL
28192,2414,6926,DISTANT
28193,8094,4815,DISTANT
28194,6693,1799,CLOSE
28195,8959,4380,DISTANT
28196,682,5549,DISTANT
28197,4940,5119,DISTANT
28198,1537,1634,CASUAL
28199,4838,2853,CLOSE
28200,8342,4479,CASUAL
28201,8917,1754,CLOSE
28202,4252,8484,DISTANT
28203,7529,6786,CASUAL
28204,8650,9593,CASUAL
28205,8317,8405,CASUAL
28206,6181,13,CASUAL
28207,230,2042,CLOSE
28208,7013,5716,CASUAL
28209,6557,213,DISTANT
28210,7515,9369,CLOSE
28211,5030,4883,DISTANT
28212,6005,5524,DISTANT
28213,1930,6595,DISTANT
28214,8700,7274,CLOSE
28215,4713,9867,CASUAL
28216,7932,6127,CASUAL
28217,1491,5108,CASUAL
28218,7084,2765,CASUAL
28219,4328,8696,CLOSE
28220,2592,3299,DISTANT
28221,2685,7840,CLOSE
28222,8380,910,DISTANT
28223,8479,4486,DISTANT
28224,2141,3898,CLOSE
28225,2643,705,DISTANT
28226,3349,4189,DISTANT
28227,1968,8707,CASUAL
28228,1151,6492,CLOSE
28229,9491,1092,DISTANT
28230,8161,268,CLOSE
28231,6020,2863,CLOSE
28232,2100,5085,CASUAL
28233,7046,1947,CLOSE
28234,9793,4154,CLOSE
28235,1521,6397,CLOSE
28236,5455,7269,DISTANT
28237,6715,8643,DISTANT
28238,2875,1976,CLOSE
28239,1294,3053,DISTANT
28240,4459,3695,CASUAL
28241,8764,3573,CASUAL
28242,7098,1328,DISTANT
28243,6969,2733,CASUAL
28244,6837,621,CASUAL
28245,9985,6742,CLOSE
28246,9906,487,CLOSE
28247,3683,9171,CLOSE
28248,7627,1383,CASUAL
28249,2264,5468,DISTANT
28250,1723,4068,CASUAL
28251,9577,5462,DISTANT
28252,7003,8555,CLOSE
28253,7279,5574,DISTANT
28254,7146,8401,DISTANT
28255,5792,5556,CASUAL
28256,1894,3266,CASUAL
28257,3089,1130,CLOSE
28258,2420,7501,CLOSE
28259,3651,4545,DISTANT
28260,2396,6457,DISTANT
28261,9891,6774,CLOSE
28262,1844,8084,CLOSE
28263,9698,5328,CASUAL
28264,8936,781,CASUAL
28265,542,1709,DISTANT
28266,9678,8258,CASUAL
28267,220,2961,CASUAL
28268,748,897,DISTANT
28269,3114,3861,DISTANT
28270,8161,1960,DISTANT
28271,1439,4043,CASUAL
28272,5754,7873,CLOSE
28273,6864,1368,CASUAL
28274,4610,6087,CLOSE
28275,5470,7377,CLOSE
28276,3406,4894,DISTANT
28277,8716,7224,CLOSE
28278,3680,2604,CLOSE
28279,6957,3193,CASUAL
28280,3593,7910,CLOSE
28281,5397,984,CLOSE
28282,8714,6381,DISTANT
28283,8668,8956,DISTANT
28284,1355,176,CLOSE
28285,9244,7016,CASUAL
28286,8027,5527,CASUAL
28287,8529,7087,CLOSE
28288,3530,2389,CLOSE
28289,1034,5399,CASUAL
28290,3996,2163,DISTANT
28291,2319,2238,CLOSE
28292,1358,3630,DISTANT
28293,6869,5904,CLOSE
28294,409,5953,DISTANT
28295,2793,8157,DISTANT
28296,1910,9952,CLOSE
28297,2112,3451,CASUAL
28298,5962,4518,CASUAL
28299,2789,9161,CASUAL
28300,6762,2445,CLOSE
28301,5993,7958,CASUAL
28302,619,8160,CLOSE
28303,9599,4138,DISTANT
28304,3981,9413,CASUAL
28305,2190,375,CASUAL
28306,5369,4579,CLOSE
28307,9793,1711,DISTANT
28308,9865,2899,CASUAL
28309,3848,987,DISTANT
28310,8997,6160,DISTANT
28311,1585,4139,CLOSE
28312,5980,7661,CLOSE
28313,8425,6711,CASUAL
28314,6264,6911,DISTANT
28315,9239,969,CLOSE
28316,8460,1683,CASUAL
28317,3248,879,CASUAL
28318,3032,5355,DISTANT
28319,3534,7522,DISTANT
28320,6879,5780,CLOSE
28321,5062,4255,DISTANT
28322,3223,817,CLOSE
28323,5558,2787,CLOSE
28324,7492,7744,CLOSE
28325,3930,2062,CASUAL
28326,643,7332,CASUAL
28327,1194,6949,DISTANT
28328,9443,7319,CLOSE
28329,3579,5182,CLOSE
28330,8742,4646,CLOSE
28331,2328,2635,CLOSE
28332,3602,7505,CLOSE
28333,2715,5047,CASUAL
28334,8858,5521,DISTANT
28335,4048,9425,CASUAL
28336,768,5737,DISTANT
28337,540,1053,CASUAL
28338,2439,7131,CLOSE
28339,487,4569,CLOSE
28340,4642,9796,CASUAL
28341,2078,2477,CASUAL
28342,290,9594,CASUAL
28343,6009,6103,DISTANT
28344,2076,3493,DISTANT
28345,5121,6376,CLOSE
28346,761,4128,CLOSE
28347,1824,6753,CLOSE
28348,3987,3445,DISTANT
28349,5441,4972,CLOSE
28350,1379,7068,DISTANT
28351,4289,3679,CLOSE
28352,39,729,DISTANT
28353,9552,9845,CLOSE
28354,7388,6323,CLOSE
28355,2170,6082,DISTANT
28356,1081,8728,CLOSE
28357,7351,5328,DISTANT
28358,720,8576,CASUAL
28359,6316,250,CLOSE
28360,9462,4846,CLOSE
28361,1324,828,CASUAL
28362,6787,7266,CASUAL
28363,1175,8709,CLOSE
28364,5552,9134,CLOSE
28365,7791,7795,CLOSE
28366,723,3852,CASUAL
28367,8378,6578,CASUAL
28368,1362,2464,DISTANT
28369,3629,4215,CASUAL
28370,1194,5210,CLOSE
28371,3296,1759,DISTANT
28372,8581,2194,DISTANT
28373,3568,9755,DISTANT
28374,3780,4545,CASUAL
28375,5064,2464,DISTANT
28376,343,7355,DISTANT
28377,4170,5107,DISTANT
28378,4449,4996,CLOSE
28379,3329,7195,CLOSE
28380,8109,5505,CASUAL
28381,1813,8008,DISTANT
28382,3742,293,CASUAL
28383,9861,997,CASUAL
28384,3533,8564,CLOSE
28385,2782,4048,DISTANT
28386,5136,6701,CLOSE
28387,8027,2257,CASUAL
28388,9417,424,DISTANT
28389,626,7789,CASUAL
28390,1312,8971,DISTANT
28391,6879,5934,CLOSE
28392,7019,9500,CLOSE
28393,755,6626,CASUAL
28394,6774,4956,CASUAL
28395,7318,263,CASUAL
28396,7372,3110,CASUAL
28397,9770,3040,CASUAL
28398,9717,4333,CLOSE
28399,1748,8382,CLOSE
28400,6877,5730,CASUAL
28401,7133,4405,CLOSE
28402,896,4260,DISTANT
28403,8363,5492,CASUAL
28404,3578,361,DISTANT
28405,7463,6864,CLOSE
28406,4085,5754,DISTANT
28407,6780,3346,CLOSE
28408,2210,8240,CLOSE
28409,2901,6135,DISTANT
28410,1883,4645,CLOSE
28411,269,7268,CLOSE
28412,1080,3167,CLOSE
28413,9803,338,CLOSE
28414,7218,4944,DISTANT
28415,2284,1214,CASUAL
28416,2190,2154,CASUAL
28417,9946,1247,CASUAL
28418,4870,2461,CASUAL
28419,7783,6843,DISTANT
28420,3588,5012,CASUAL
28421,685,2863,CASUAL
28422,3032,8605,CASUAL
28423,8180,7515,CLOSE
28424,788,9866,CASUAL
28425,6077,1588,DISTANT
28426,8915,728,CASUAL
28427,7334,7159,CLOSE
28428,2809,2861,CASUAL
28429,5932,1462,CLOSE
28430,8009,6511,CASUAL
28431,657,1472,CASUAL
28432,2005,7747,CLOSE
28433,496,8789,DISTANT
28434,7211,7572,CLOSE
28435,2901,3425,CASUAL
28436,50,4308,CASUAL
28437,6143,2382,CLOSE
28438,3974,5309,CLOSE
28439,2162,2135,CLOSE
28440,2878,6917,DISTANT
28441,76,1540,DISTANT
28442,8558,8117,CASUAL
28443,3554,6042,CASUAL
28444,1061,255,CLOSE
28445,4451,2547,CLOSE
28446,275,2022,CASUAL
28447,312,7849,CASUAL
28448,405,6851,CLOSE
28449,2790,9775,DISTANT
28450,9652,4214,CLOSE
28451,6332,9876,CASUAL
28452,3557,4637,CLOSE
28453,4738,3331,DISTANT
28454,8650,6464,CASUAL
28455,6511,7812,CASUAL
28456,3700,206,CLOSE
28457,9528,1616,CLOSE
28458,6252,6204,DISTANT
28459,7389,7285,DISTANT
28460,2687,572,CLOSE
28461,9895,4383,CASUAL
28462,7854,6061,CLOSE
28463,1270,2365,DISTANT
28464,2471,2275,CASUAL
28465,6059,4220,DISTANT
28466,3776,832,CLOSE
28467,1035,2678,DISTANT
28468,3489,1162,CLOSE
28469,191,2474,CLOSE
28470,2266,6100,DISTANT
28471,6706,6864,DISTANT
28472,8335,8756,CLOSE
28473,8179,9107,CLOSE
28474,5467,3023,CLOSE
28475,36,9361,DISTANT
28476,2593,8038,CLOSE
28477,1922,486,CLOSE
28478,6200,8064,DISTANT
28479,2261,999,CLOSE
28480,9713,4973,DISTANT
28481,8269,1767,DISTANT
28482,8566,2584,CASUAL
28483,1989,553,CLOSE
28484,1738,5936,CLOSE
28485,7490,6028,DISTANT
28486,4645,7958,CLOSE
28487,7237,7140,CLOSE
28488,7393,4533,DISTANT
28489,8166,8282,CLOSE
28490,6136,1235,CASUAL
28491,3805,9967,CLOSE
28492,5492,9751,CLOSE
28493,8840,9870,DISTANT
28494,7233,9323,DISTANT
28495,6572,1485,DISTANT
28496,8062,3726,CLOSE
28497,2659,6905,CASUAL
28498,3120,6388,CLOSE
28499,5124,7797,DISTANT
28500,3935,7977,DISTANT
28501,5642,8108,CASUAL
28502,7029,607,CLOSE
28503,4916,9950,DISTANT
28504,8562,9966,CLOSE
28505,6229,8376,CASUAL
28506,8217,8453,CLOSE
28507,1766,7014,DISTANT
28508,2310,8045,DISTANT
28509,1141,8520,CASUAL
28510,2449,1297,DISTANT
28511,9168,1676,CASUAL
28512,3077,6025,DISTANT
28513,5779,9489,CLOSE
28514,1522,4101,CLOSE
28515,8976,7148,CASUAL
28516,8847,1958,CLOSE
28517,4994,6579,CLOSE
28518,5776,5055,DISTANT
28519,5376,747,DISTANT
28520,6921,9186,CASUAL
28521,6342,9487,CLOSE
28522,4094,3853,CASUAL
28523,4916,8446,CASUAL
28524,101,7782,DISTANT
28525,6321,7812,CLOSE
28526,8419,2887,CASUAL
28527,1764,1641,DISTANT
28528,3985,8707,CLOSE
28529,5970,1723,CASUAL
28530,7896,279,CLOSE
28531,1309,4639,CLOSE
28532,795,8104,CASUAL
28533,6916,2233,CLOSE
28534,3720,4989,CASUAL
28535,1417,4491,CASUAL
28536,6474,2824,DISTANT
28537,3524,3907,DISTANT
28538,7757,793,CLOSE
28539,1791,5506,CLOSE
28540,5605,9540,CLOSE
28541,5355,9438,CASUAL
28542,7039,8684,DISTANT
28543,9560,4690,CASUAL
28544,5634,1769,DISTANT
28545,8530,2435,CLOSE
28546,1036,5079,CASUAL
28547,3691,6116,CLOSE
28548,55,5774,CLOSE
28549,1320,5023,CLOSE
28550,4823,876,DISTANT
28551,7642,7803,CASUAL
28552,9338,9037,CASUAL
28553,7066,5244,CASUAL
28554,1818,9729,CLOSE
28555,8488,3322,CLOSE
28556,7174,1530,CLOSE
28557,7940,2965,CASUAL
28558,693,499,CASUAL
28559,437,6552,CLOSE
28560,8530,9320,DISTANT
28561,2023,516,CLOSE
28562,2667,6517,CLOSE
28563,7361,7976,DISTANT
28564,1475,1449,CLOSE
28565,7444,9594,DISTANT
28566,8539,8393,CLOSE
28567,9240,1480,CLOSE
28568,3336,735,CASUAL
28569,3358,5184,DISTANT
28570,3264,8548,DISTANT
28571,1918,1820,CLOSE
28572,9820,183,DISTANT
28573,4706,9829,DISTANT
28574,1507,3799,CASUAL
28575,6715,2998,CLOSE
28576,8813,5319,CASUAL
28577,4797,2754,DISTANT
28578,3569,7787,CASUAL
28579,5749,3140,CASUAL
28580,5284,2016,CLOSE
28581,8689,7111,CASUAL
28582,7917,4361,CLOSE
28583,5536,2133,CASUAL
28584,8067,7248,DISTANT
28585,1776,5817,CLOSE
28586,9110,8837,DISTANT
28587,4590,188,DISTANT
28588,9815,2643,DISTANT
28589,6375,8103,CASUAL
28590,255,8617,CASUAL
28591,8683,4642,DISTANT
28592,3207,4849,CLOSE
28593,9875,9963,DISTANT
28594,5235,7394,CASUAL
28595,1214,4394,CLOSE
28596,6445,705,CLOSE
28597,2686,6311,CASUAL
28598,7769,8501,CLOSE
28599,5254,3851,CLOSE
28600,1644,4473,CASUAL
28601,9351,1832,DISTANT
28602,5233,2195,CLOSE
28603,8717,3724,DISTANT
28604,2759,5692,CASUAL
28605,7364,9580,DISTANT
28606,5245,5068,CASUAL
28607,6126,2945,CASUAL
28608,8089,2783,CASUAL
28609,8184,7109,DISTANT
28610,3187,3686,DISTANT
28611,1560,3305,CLOSE
28612,5077,1815,DISTANT
28613,2626,4222,DISTANT
28614,840,6937,DISTANT
28615,1358,2156,CASUAL
28616,4533,1467,CASUAL
28617,1422,7173,CASUAL
28618,3970,6348,CLOSE
28619,7822,7933,CASUAL
28620,3073,9376,DISTANT
28621,1082,2476,DISTANT
28622,2325,4353,CASUAL
28623,7807,3679,CLOSE
28624,4340,3021,CLOSE
28625,1021,1195,DISTANT
28626,2144,9239,CLOSE
28627,8935,5733,DISTANT
28628,7846,7819,CASUAL
28629,7360,8787,DISTANT
28630,1024,7108,DISTANT
28631,1489,4188,CLOSE
28632,8199,2505,CLOSE
28633,5240,2271,CLOSE
28634,3735,2698,DISTANT
28635,6517,6685,CASUAL
28636,8513,1395,DISTANT
28637,2006,1683,CASUAL
28638,9367,1697,CASUAL
28639,5783,1596,CLOSE
28640,874,2857,CLOSE
28641,8011,6248,CLOSE
28642,9456,281,CLOSE
28643,5068,7398,CLOSE
28644,9407,6150,DISTANT
28645,4187,8438,CASUAL
28646,3335,9239,DISTANT
28647,9463,7279,CLOSE
28648,9214,6598,CASUAL
28649,558,8749,CLOSE
28650,1228,5859,DISTANT
28651,3468,3218,CLOSE
28652,2287,5704,DISTANT
28653,604,8672,DISTANT
28654,8116,4451,DISTANT
28655,5594,8633,DISTANT
28656,2087,6510,CASUAL
28657,4753,3973,CASUAL
28658,5193,3138,CLOSE
28659,1733,5149,CLOSE
28660,9542,1190,CLOSE
28661,2442,9780,DISTANT
28662,3914,960,CLOSE
28663,2299,3313,CASUAL
28664,6271,251,CLOSE
28665,3315,736,CASUAL
28666,9715,2696,CLOSE
28667,1196,6389,CLOSE
28668,6621,9156,CLOSE
28669,3534,9224,CASUAL
28670,5840,1136,DISTANT
28671,139,2013,DISTANT
28672,1287,9909,CASUAL
28673,8505,7129,CLOSE
28674,5169,9303,DISTANT
28675,1737,3980,DISTANT
28676,874,8128,DISTANT
28677,5199,7987,CLOSE
28678,5838,8233,CLOSE
28679,5370,7537,CLOSE
28680,5213,9200,CLOSE
28681,4829,188,DISTANT
28682,7388,815,CASUAL
28683,9828,8091,CASUAL
28684,7704,9537,CASUAL
28685,1295,5406,CASUAL
28686,184,5360,DISTANT
28687,2787,9133,DISTANT
28688,3363,8106,CLOSE
28689,5962,7000,DISTANT
28690,7236,7480,CLOSE
28691,4685,4553,DISTANT
28692,7733,1775,CASUAL
28693,5040,9324,DISTANT
28694,8007,1045,CASUAL
28695,3205,9853,CLOSE
28696,3535,9271,CLOSE
28697,3568,2953,CASUAL
28698,9071,7998,DISTANT
28699,3941,4812,CLOSE
28700,2372,3297,CASUAL
28701,2964,9458,CLOSE
28702,4441,6571,CLOSE
28703,6598,817,CASUAL
28704,7506,1855,DISTANT
28705,9390,5985,DISTANT
28706,2910,8984,CASUAL
28707,3938,8211,CASUAL
28708,8512,8068,DISTANT
28709,3152,3371,DISTANT
28710,1743,1204,DISTANT
28711,5964,4647,DISTANT
28712,6854,4305,DISTANT
28713,3896,999,DISTANT
28714,2214,6644,CASUAL
28715,1592,3965,DISTANT
28716,5098,6396,CLOSE
28717,6205,3508,CLOSE
28718,2553,3118,CLOSE
28719,926,3776,DISTANT
28720,6819,266,CASUAL
28721,5042,5753,CASUAL
28722,4431,6772,CASUAL
28723,5510,6518,CLOSE
28724,2108,7085,CASUAL
28725,8708,2923,DISTANT
28726,810,416,CASUAL
28727,9799,8649,CASUAL
28728,1988,8240,CLOSE
28729,5772,6378,CASUAL
28730,8171,2913,CASUAL
28731,3307,1588,CLOSE
28732,1993,2239,CASUAL
28733,3985,3294,DISTANT
28734,1173,4148,CLOSE
28735,9628,5733,CLOSE
28736,4045,7641,CASUAL
28737,1757,2880,CASUAL
28738,8417,6958,DISTANT
28739,2762,6344,CLOSE
28740,6016,1063,CLOSE
28741,2210,7630,CASUAL
28742,5499,6851,CLOSE
28743,3115,8294,CASUAL
28744,9380,557,CASUAL
28745,496,8796,CASUAL
28746,7621,5127,DISTANT
28747,1897,5427,CLOSE
28748,5990,7884,DISTANT
28749,3200,9207,CLOSE
28750,5841,4542,DISTANT
28751,6588,2801,DISTANT
28752,9312,918,CLOSE
28753,473,4897,CLOSE
28754,689,5471,DISTANT
28755,1810,8349,CLOSE
28756,9411,4683,CASUAL
28757,901,767,CLOSE
28758,6334,5575,DISTANT
28759,0,2110,DISTANT
28760,2158,3733,CASUAL
28761,3439,7921,CASUAL
28762,7722,876,CASUAL
28763,1309,7235,CASUAL
28764,1321,9186,CASUAL
28765,3688,7870,CASUAL
28766,5043,3985,CLOSE
28767,6955,9247,CASUAL
28768,164,7633,CLOSE
28769,8916,6869,CASUAL
28770,5141,535,CASUAL
28771,8451,975,CASUAL
28772,6197,1487,CLOSE
28773,8540,2016,DISTANT
28774,9977,2994,CLOSE
28775,5659,309,CASUAL
28776,680,3053,CASUAL
28777,7871,3053,CLOSE
28778,7472,4580,DISTANT
28779,9812,6480,DISTANT
28780,7020,6775,CASUAL
28781,4854,9244,DISTANT
28782,5797,6310,CLOSE
28783,7704,9254,CASUAL
28784,9813,5674,CLOSE
28785,4090,1450,DISTANT
28786,9986,2992,DISTANT
28787,1472,7453,DISTANT
28788,5078,2581,CASUAL
28789,1038,9763,CASUAL
28790,9707,7870,DISTANT
28791,3013,4650,CLOSE
28792,751,4395,DISTANT
28793,3071,4800,CLOSE
28794,9299,432,DISTANT
28795,1098,1260,DISTANT
28796,6632,2248,DISTANT
28797,7238,4968,CASUAL
28798,3664,1153,DISTANT
28799,4952,7356,CLOSE
28800,9972,1498,DISTANT
28801,5962,289,CLOSE
28802,6169,7448,CASUAL
28803,9828,4211,CLOSE
28804,7957,6790,CLOSE
28805,7506,9592,CASUAL
28806,1282,1554,DISTANT
28807,6130,2527,CLOSE
28808,2690,5652,CASUAL
28809,931,4266,DISTANT
28810,9811,5209,CLOSE
28811,6227,2429,DISTANT
28812,5701,153,CASUAL
28813,5092,9160,CASUAL
28814,4231,1354,CASUAL
28815,5275,5971,DISTANT
28816,3109,8901,CASUAL
28817,3793,1548,DISTANT
28818,3718,1628,CASUAL
28819,8722,5012,DISTANT
28820,1179,2330,CASUAL
28821,8409,6276,DISTANT
28822,4380,4450,CLOSE
28823,4930,8858,DISTANT
28824,8147,7023,CASUAL
28825,3820,1923,CASUAL
28826,3872,7109,DISTANT
28827,9793,3336,CASUAL
28828,5137,1081,CLOSE
28829,5965,9555,DISTANT
28830,2534,8210,CLOSE
28831,8834,6838,DISTANT
28832,9692,3731,DISTANT
28833,7528,9844,CASUAL
28834,3412,6699,CASUAL
28835,6193,7084,CASUAL
28836,8689,7937,CLOSE
28837,5208,6511,CASUAL
28838,201,3706,CASUAL
28839,2010,29,CLOSE
28840,6608,5016,CLOSE
28841,5197,4454,CASUAL
28842,2283,292,CASUAL
28843,8916,6926,CLOSE
28844,2743,9115,DISTANT
28845,8632,2107,CASUAL
28846,7050,4008,CASUAL
28847,9257,2917,CLOSE
28848,7476,954,DISTANT
28849,7061,5581,DISTANT
28850,932,5031,CASUAL
28851,481,4509,CASUAL
28852,5504,7248,CLOSE
28853,456,4500,CLOSE
28854,854,1208,DISTANT
28855,5330,4798,CASUAL
28856,3304,1260,CLOSE
28857,9935,2444,CLOSE
28858,4976,6179,DISTANT
28859,8747,6126,CASUAL
28860,8706,6041,CASUAL
28861,253,4395,CASUAL
28862,2687,3265,DISTANT
28863,1502,8383,CLOSE
28864,9688,5496,CLOSE
28865,7324,7654,CLOSE
28866,3806,3196,CLOSE
28867,8450,174,CLOSE
28868,5587,731,DISTANT
28869,4784,1154,CLOSE
28870,6263,8733,CLOSE
28871,9677,9668,DISTANT
28872,8969,8019,CLOSE
28873,7567,8581,CASUAL
28874,8070,4009,CASUAL
28875,7488,4118,DISTANT
28876,9603,5186,CASUAL
28877,9754,7351,CLOSE
28878,9109,5569,CLOSE
28879,4430,3661,DISTANT
28880,9888,1808,DISTANT
28881,5178,4491,DISTANT
28882,5797,9483,DISTANT
28883,3249,7144,CASUAL
28884,9983,8057,CASUAL
28885,5904,6971,CASUAL
28886,19,4249,DISTANT
28887,5729,4630,CLOSE
28888,8237,3875,CLOSE
28889,4419,2311,CASUAL
28890,7360,7016,DISTANT
28891,7045,820,CASUAL
28892,1801,8372,CASUAL
28893,5784,7451,DISTANT
28894,1818,7505,CASUAL
28895,510,7021,DISTANT
28896,7482,6246,CLOSE
28897,9912,2270,CASUAL
28898,2109,7946,DISTANT
28899,5981,317,CASUAL
28900,9748,2287,CASUAL
28901,2598,6446,CASUAL
28902,5165,2771,DISTANT
28903,6654,9735,CASUAL
28904,9728,1638,CLOSE
28905,5845,4554,CLOSE
28906,2979,9932,DISTANT
28907,1084,3471,CASUAL
28908,5297,5539,CASUAL
28909,2195,1079,CLOSE
28910,8761,1979,CASUAL
28911,7653,8870,CASUAL
28912,2591,1800,DISTANT
28913,884,9248,CASUAL
28914,6590,2385,DISTANT
28915,8519,9773,DISTANT
28916,7412,7462,CASUAL
28917,4702,2862,DISTANT
28918,9505,9239,CLOSE
28919,4499,5750,CASUAL
28920,703,26,DISTANT
28921,943,4193,CASUAL
28922,5996,8383,DISTANT
28923,4939,7287,CASUAL
28924,8690,5598,CLOSE
28925,2939,5800,DISTANT
28926,520,7153,DISTANT
28927,8446,5955,CASUAL
28928,4085,1903,CASUAL
28929,2486,3043,CLOSE
28930,219,2588,CASUAL
28931,2741,2819,CASUAL
28932,8936,2253,DISTANT
28933,5111,5450,CLOSE
28934,6437,8572,DISTANT
28935,5081,9542,DISTANT
28936,1337,1527,DISTANT
28937,2364,2774,CASUAL
28938,3331,1460,CASUAL
28939,1840,2506,CLOSE
28940,8821,6032,CLOSE
28941,5147,9897,DISTANT
28942,2096,3471,CASUAL
28943,2313,4025,CLOSE
28944,6383,1730,CLOSE
28945,2855,6679,CLOSE
28946,6621,3246,CLOSE
28947,1257,6661,CASUAL
28948,2797,2804,DISTANT
28949,8567,6117,DISTANT
28950,1541,4302,CASUAL
28951,580,8995,CLOSE
28952,5215,3427,CASUAL
28953,8887,4198,DISTANT
28954,3745,7358,CASUAL
28955,9509,5145,CASUAL
28956,5617,3413,DISTANT
28957,4437,582,CASUAL
28958,6270,4962,CLOSE
28959,2685,9219,CASUAL
28960,1788,6924,CASUAL
28961,8288,1188,CASUAL
28962,9470,2197,CLOSE
28963,2974,9037,DISTANT
28964,3963,5444,DISTANT
28965,7264,6602,CLOSE
28966,3211,3921,CASUAL
28967,598,8969,DISTANT
28968,4745,8894,CLOSE
28969,5434,1443,CLOSE
28970,4413,1719,CASUAL
28971,1705,898,DISTANT
28972,2042,2979,CLOSE
28973,2493,4347,DISTANT
28974,1957,607,DISTANT
28975,8578,117,CLOSE
28976,9569,1990,CLOSE
28977,1768,6986,DISTANT
28978,5894,622,DISTANT
28979,1859,6597,DISTANT
28980,3301,8454,CLOSE
28981,1380,884,CLOSE
28982,1951,6491,CASUAL
28983,1659,819,CLOSE
28984,9807,9976,CLOSE
28985,5804,9216,CASUAL
28986,6608,8482,CLOSE
28987,5752,1678,CASUAL
28988,9481,4207,DISTANT
28989,38,1097,CLOSE
28990,9253,476,CASUAL
28991,1649,4312,CASUAL
28992,8542,9290,CLOSE
28993,6132,8915,CASUAL
28994,2175,5095,DISTANT
28995,7920,9644,CASUAL
28996,5395,818,DISTANT
28997,7203,8997,DISTANT
28998,6829,9754,CASUAL
28999,1583,6988,DISTANT
29000,985,2643,DISTANT
29001,515,6997,CASUAL
29002,6193,4008,CASUAL
29003,2546,3081,DISTANT
29004,9617,7457,DISTANT
29005,7432,1187,CASUAL
29006,244,6845,CASUAL
29007,1723,9667,CLOSE
29008,7003,3275,CLOSE
29009,1073,7063,CLOSE
29010,8660,7094,DISTANT
29011,4585,8873,DISTANT
29012,6,7535,CASUAL
29013,7781,8099,DISTANT
29014,9637,438,CASUAL
29015,2334,9024,CASUAL
29016,7183,7408,DISTANT
29017,8462,5846,CASUAL
29018,8669,5417,DISTANT
29019,8746,7496,CLOSE
29020,2903,6425,CLOSE
29021,7749,1374,CLOSE
29022,8738,8056,CASUAL
29023,3744,2917,CLOSE
29024,569,5487,CLOSE
29025,8973,8110,CASUAL
29026,1564,2809,CASUAL
29027,7145,6240,CLOSE
29028,2458,466,DISTANT
29029,4322,7266,CLOSE
29030,4555,1445,CLOSE
29031,6224,1937,DISTANT
29032,6648,712,DISTANT
29033,822,8678,CASUAL
29034,239,3386,CASUAL
29035,9549,9925,DISTANT
29036,8436,6136,DISTANT
29037,3995,9358,DISTANT
29038,7333,5616,CLOSE
29039,4541,4937,DISTANT
29040,9834,8438,CLOSE
29041,2317,3567,CLOSE
29042,8618,7777,CLOSE
29043,1389,4404,DISTANT
29044,3612,5972,CASUAL
29045,2660,9363,DISTANT
29046,6743,8152,CASUAL
29047,7748,185,DISTANT
29048,4583,7474,CASUAL
29049,9131,5273,DISTANT
29050,1610,4900,DISTANT
29051,5850,3915,CLOSE
29052,7744,7331,CLOSE
29053,4596,2602,CASUAL
29054,4924,5928,DISTANT
29055,4316,6397,CLOSE
29056,3793,5230,CLOSE
29057,8405,3387,CASUAL
29058,4863,1836,CASUAL
29059,3840,7282,CLOSE
29060,8629,3214,DISTANT
29061,825,6250,CASUAL
29062,5016,4737,DISTANT
29063,4287,995,DISTANT
29064,544,2610,CASUAL
29065,6608,8351,CLOSE
29066,1666,7702,DISTANT
29067,1590,5787,CLOSE
29068,9436,1237,CLOSE
29069,6338,1114,DISTANT
29070,5999,8324,CLOSE
29071,721,9660,CLOSE
29072,5195,3326,CASUAL
29073,8203,7854,CASUAL
29074,9489,6516,DISTANT
29075,5400,5739,CLOSE
29076,675,5163,CLOSE
29077,2350,2854,CLOSE
29078,190,6790,CASUAL
29079,1845,9309,CASUAL
29080,3070,7080,CLOSE
29081,8652,4,CASUAL
29082,5788,6349,CASUAL
29083,3903,1251,CLOSE
29084,6391,2939,CASUAL
29085,4564,9581,CLOSE
29086,1429,8021,CLOSE
29087,4344,4559,CASUAL
29088,4360,2399,DISTANT
29089,3148,7159,CLOSE
29090,5090,51,CASUAL
29091,25,2030,DISTANT
29092,8815,3379,DISTANT
29093,9255,2815,CASUAL
29094,9955,2258,DISTANT
29095,8752,4045,DISTANT
29096,9938,1770,CLOSE
29097,8262,6353,CASUAL
29098,2322,793,CLOSE
29099,2397,8320,CASUAL
29100,8843,5136,DISTANT
29101,938,2942,CLOSE
29102,8586,8679,CASUAL
29103,4092,3119,DISTANT
29104,583,4260,DISTANT
29105,811,8391,CASUAL
29106,7067,6122,CASUAL
29107,4093,9957,CLOSE
29108,4160,7354,DISTANT
29109,8577,7301,DISTANT
29110,1298,2014,CASUAL
29111,6026,3888,CLOSE
29112,1314,7561,DISTANT
29113,2427,4285,CLOSE
29114,7117,8195,CLOSE
29115,3860,7688,DISTANT
29116,928,6968,CASUAL
29117,1899,3464,DISTANT
29118,9999,6868,CLOSE
29119,3953,9180,CLOSE
29120,4653,5765,DISTANT
29121,443,2562,CASUAL
29122,3770,1429,DISTANT
29123,4994,3997,DISTANT
29124,6448,5588,CASUAL
29125,4023,3560,CASUAL
29126,5228,9111,CLOSE
29127,1645,4935,DISTANT
29128,9865,8140,CASUAL
29129,9263,9798,DISTANT
29130,7183,6710,DISTANT
29131,2562,701,CASUAL
29132,1666,3449,DISTANT
29133,9048,1323,CASUAL
29134,2203,1148,CASUAL
29135,132,1882,CLOSE
29136,4839,4045,CLOSE
29137,2102,6927,DISTANT
29138,876,4568,CASUAL
29139,5496,7991,DISTANT
29140,4253,7595,CASUAL
29141,7644,3150,CLOSE
29142,2466,4670,CASUAL
29143,4030,5791,DISTANT
29144,776,3131,CASUAL
29145,9600,2368,CASUAL
29146,8067,2263,DISTANT
29147,6948,5695,CLOSE
29148,1346,8601,DISTANT
29149,7380,3013,CASUAL
29150,2227,9352,DISTANT
29151,9687,869,CASUAL
29152,9108,7011,DISTANT
29153,2343,2210,DISTANT
29154,6922,3394,DISTANT
29155,2794,2709,CLOSE
29156,1963,8343,CASUAL
29157,320,1424,CLOSE
29158,4193,7549,CASUAL
29159,6702,1825,CASUAL
29160,7078,8600,CLOSE
29161,1453,25,CASUAL
29162,5298,1243,CASUAL
29163,1155,6581,CLOSE
29164,9368,5103,CASUAL
29165,5940,7720,CLOSE
29166,9369,5849,CASUAL
29167,5800,3004,CASUAL
29168,9309,4246,CLOSE
29169,3015,3506,CASUAL
29170,8590,4695,CLOSE
29171,8611,9994,CLOSE
29172,4796,4888,DISTANT
29173,8483,894,CLOSE
29174,5498,4552,CLOSE
29175,9215,7921,CASUAL
29176,7190,3347,CASUAL
29177,6586,6802,CLOSE
29178,1606,4707,CLOSE
29179,8776,9231,CLOSE
29180,5425,6748,CLOSE
29181,9614,7526,DISTANT
29182,3100,1452,CLOSE
29183,3001,2321,DISTANT
29184,4940,8683,CLOSE
29185,6892,1972,CASUAL
29186,6905,6642,CASUAL
29187,2675,9505,CASUAL
29188,3772,2282,CASUAL
29189,4262,2063,CASUAL
29190,9974,5416,DISTANT
29191,5072,6851,CASUAL
29192,7653,7911,CLOSE
29193,341,9516,CASUAL
29194,1106,9443,CASUAL
29195,1266,7934,CASUAL
29196,9700,1745,CASUAL
29197,6686,4637,CASUAL
29198,5187,9378,CLOSE
29199,6117,3113,DISTANT
29200,8287,4244,CASUAL
29201,8321,8064,DISTANT
29202,1477,8118,CASUAL
29203,7012,5371,CLOSE
29204,8670,3744,CASUAL
29205,2599,8111,CASUAL
29206,6372,7576,DISTANT
29207,8425,3567,CASUAL
29208,8094,5640,CASUAL
29209,906,2291,CASUAL
29210,4540,44,CLOSE
29211,5514,2714,CLOSE
29212,4153,7186,CASUAL
29213,5457,6394,CLOSE
29214,1784,620,CLOSE
29215,8892,9486,CLOSE
29216,5518,3069,CASUAL
29217,8885,9355,DISTANT
29218,1232,511,CASUAL
29219,9355,658,CASUAL
29220,7181,3007,DISTANT
29221,8187,6687,CASUAL
29222,7753,5665,CASUAL
29223,3049,411,CASUAL
29224,6314,8130,CASUAL
29225,9043,7406,CLOSE
29226,2669,6934,DISTANT
29227,93,5161,DISTANT
29228,3708,2988,CASUAL
29229,4511,3679,CLOSE
29230,27,2143,CLOSE
29231,6860,5084,CASUAL
29232,2730,9173,DISTANT
29233,5137,118,CASUAL
29234,1714,2171,CASUAL
29235,8340,1139,CLOSE
29236,816,4471,DISTANT
29237,9106,9112,DISTANT
29238,2578,6628,CASUAL
29239,3501,7224,DISTANT
29240,3779,4992,DISTANT
29241,8036,8591,DISTANT
29242,178,2481,CLOSE
29243,3128,7512,DISTANT
29244,4926,958,DISTANT
29245,7155,7572,CASUAL
29246,6629,940,CASUAL
29247,6894,9085,DISTANT
29248,5341,8547,CLOSE
29249,8923,4883,DISTANT
29250,8855,7981,DISTANT
29251,1883,2935,CASUAL
29252,8161,5041,CASUAL
29253,7440,1956,DISTANT
29254,219,1702,CASUAL
29255,2240,5023,CLOSE
29256,2868,908,CASUAL
29257,8939,456,CLOSE
29258,6074,3520,CASUAL
29259,1593,5300,CLOSE
29260,3089,6332,DISTANT
29261,5967,4784,DISTANT
29262,3470,9901,DISTANT
29263,4432,4830,DISTANT
29264,4491,8269,CLOSE
29265,4327,7185,CLOSE
29266,9538,5048,DISTANT
29267,2955,6083,CLOSE
29268,5648,5855,CLOSE
29269,3142,173,CLOSE
29270,8567,349,CLOSE
29271,8690,5187,CASUAL
29272,9399,4598,CASUAL
29273,7828,5837,CLOSE
29274,2910,4319,DISTANT
29275,4373,4347,CASUAL
29276,8557,5404,CASUAL
29277,8677,4586,CASUAL
29278,8230,5569,DISTANT
29279,6721,8929,DISTANT
29280,9702,8449,DISTANT
29281,2843,7383,DISTANT
29282,9740,5028,CASUAL
29283,7332,5509,CASUAL
29284,9306,1498,CASUAL
29285,2759,9301,CASUAL
29286,5761,7407,CASUAL
29287,1462,7267,CASUAL
29288,7451,4177,CLOSE
29289,5977,8264,DISTANT
29290,8107,1085,CLOSE
29291,2930,3415,CLOSE
29292,8969,3622,DISTANT
29293,2809,1394,CLOSE
29294,3420,781,CLOSE
29295,2403,829,CASUAL
29296,4855,1904,CASUAL
29297,2521,1010,CLOSE
29298,7120,9972,CASUAL
29299,9744,5585,DISTANT
29300,4521,2850,CASUAL
29301,4790,7509,CLOSE
29302,5628,4701,CLOSE
29303,2785,4984,DISTANT
29304,5027,88,CLOSE
29305,6181,186,CASUAL
29306,4237,6461,DISTANT
29307,2356,4628,CASUAL
29308,9274,884,DISTANT
29309,9178,5342,DISTANT
29310,894,8223,CASUAL
29311,2151,8688,CLOSE
29312,3398,4161,CLOSE
29313,6270,4357,DISTANT
29314,8171,4500,CASUAL
29315,727,8567,CASUAL
29316,3110,9125,CLOSE
29317,7722,5743,DISTANT
29318,9566,9258,CASUAL
29319,1158,593,DISTANT
29320,9431,1927,DISTANT
29321,7281,7721,DISTANT
29322,8016,57,CLOSE
29323,8232,2596,DISTANT
29324,1741,6699,DISTANT
29325,258,2479,DISTANT
29326,4875,4972,CASUAL
29327,6815,2691,CLOSE
29328,847,4022,CLOSE
29329,4376,7290,CASUAL
29330,5594,3736,CASUAL
29331,6281,4158,CLOSE
29332,429,7011,CLOSE
29333,906,7286,CLOSE
29334,643,8788,CASUAL
29335,8069,9993,DISTANT
29336,5498,269,CLOSE
29337,2519,7054,CLOSE
29338,3740,5699,DISTANT
29339,904,5713,CLOSE
29340,6876,7339,CLOSE
29341,1412,4176,CASUAL
29342,3755,5019,CASUAL
29343,6229,8914,DISTANT
29344,4766,5679,DISTANT
29345,9988,8905,CASUAL
29346,9854,9936,DISTANT
29347,1831,3800,CLOSE
29348,1981,2832,CASUAL
29349,5706,1009,CASUAL
29350,87,3149,DISTANT
29351,2387,2988,CLOSE
29352,6891,3674,CLOSE
29353,3247,5197,DISTANT
29354,8249,2664,CLOSE
29355,8065,8866,CASUAL
29356,4602,7115,CASUAL
29357,5636,1226,CLOSE
29358,7322,2246,CASUAL
29359,3137,1384,DISTANT
29360,918,8470,CLOSE
29361,7846,4651,CASUAL
29362,8870,3601,CASUAL
29363,8939,422,DISTANT
29364,9845,4189,DISTANT
29365,629,9866,DISTANT
29366,4338,4801,DISTANT
29367,1913,5892,CLOSE
29368,1,6010,DISTANT
29369,4552,8434,DISTANT
29370,7844,582,CASUAL
29371,9270,2532,DISTANT
29372,6342,3342,DISTANT
29373,5652,4843,DISTANT
29374,8119,267,CASUAL
29375,2296,895,CLOSE
29376,4325,1128,CLOSE
29377,7758,2256,DISTANT
29378,6924,1787,CLOSE
29379,9635,1872,CLOSE
29380,5516,7425,CASUAL
29381,2630,8949,DISTANT
29382,6800,7859,DISTANT
29383,3744,4497,CLOSE
29384,139,8641,CLOSE
29385,9859,1820,DISTANT
29386,8577,5979,DISTANT
29387,6569,7523,CLOSE
29388,4578,1618,DISTANT
29389,4102,8385,CASUAL
29390,5779,9042,DISTANT
29391,7021,516,DISTANT
29392,7750,8339,CASUAL
29393,834,7063,DISTANT
29394,3853,5384,CASUAL
29395,3819,2963,CLOSE
29396,5272,391,CLOSE
29397,4105,4957,CLOSE
29398,4668,4596,CLOSE
29399,3992,5307,CASUAL
29400,2627,5138,CLOSE
29401,6976,4500,CLOSE
29402,1919,1615,CLOSE
29403,5534,4547,CLOSE
29404,6677,6192,CLOSE
29405,9846,7710,CASUAL
29406,1680,316,CLOSE
29407,2010,4598,DISTANT
29408,3898,6308,DISTANT
29409,6886,1495,CASUAL
29410,1921,3388,CLOSE
29411,3087,3160,DISTANT
29412,4364,8726,CLOSE
29413,8864,5011,CASUAL
29414,5908,8359,CLOSE
29415,738,2026,CASUAL
29416,8674,7479,CLOSE
29417,4905,9382,CASUAL
29418,7420,9684,CLOSE
29419,6005,1519,DISTANT
29420,179,1407,CLOSE
29421,914,5338,DISTANT
29422,9757,1855,CASUAL
29423,5992,5160,CLOSE
29424,8042,8745,CLOSE
29425,3695,281,DISTANT
29426,8175,5850,CASUAL
29427,4562,7804,CASUAL
29428,6105,2144,CLOSE
29429,4148,6226,DISTANT
29430,3545,6756,CASUAL
29431,8161,6777,CASUAL
29432,4738,9383,DISTANT
29433,7703,8972,DISTANT
29434,7253,152,CASUAL
29435,6636,5473,DISTANT
29436,1385,2827,CASUAL
29437,6970,9347,CLOSE
29438,2973,8259,CLOSE
29439,9479,1371,CASUAL
29440,6875,3896,DISTANT
29441,1517,6503,DISTANT
29442,4238,2228,CLOSE
29443,2530,4995,DISTANT
29444,3898,2091,DISTANT
29445,5863,5783,DISTANT
29446,2712,4740,DISTANT
29447,8960,9375,CLOSE
29448,2197,1955,CASUAL
29449,295,6701,CASUAL
29450,1695,284,CLOSE
29451,9732,2532,DISTANT
29452,2277,342,DISTANT
29453,5037,4682,DISTANT
29454,7462,6454,CLOSE
29455,4650,4362,DISTANT
29456,4401,3369,DISTANT
29457,1064,3649,CASUAL
29458,4452,6547,DISTANT
29459,2265,3398,CLOSE
29460,3099,6831,CLOSE
29461,3470,73,CASUAL
29462,8127,3818,DISTANT
29463,1958,9043,DISTANT
29464,8727,1802,CASUAL
29465,3081,8072,CASUAL
29466,9599,270,CASUAL
29467,1009,7111,CLOSE
29468,6587,8070,DISTANT
29469,3342,4520,CLOSE
29470,2575,6032,DISTANT
29471,2450,1718,DISTANT
29472,4779,5395,DISTANT
29473,7124,6564,CLOSE
29474,4498,8105,CASUAL
29475,4758,23,CASUAL
29476,627,5848,CLOSE
29477,8797,6296,DISTANT
29478,4025,6915,CASUAL
29479,4675,8211,CLOSE
29480,7308,6172,CLOSE
29481,7004,7987,CASUAL
29482,1949,1501,CLOSE
29483,990,2096,DISTANT
29484,2720,2186,CLOSE
29485,9975,4877,CLOSE
29486,8046,3990,CLOSE
29487,9113,8557,CLOSE
29488,9644,9883,DISTANT
29489,677,6181,DISTANT
29490,7140,8000,CLOSE
29491,1314,6897,CASUAL
29492,3006,3281,CASUAL
29493,5721,7873,DISTANT
29494,6968,3822,DISTANT
29495,247,9276,DISTANT
29496,72,4583,DISTANT
29497,3286,1541,CASUAL
29498,9166,6499,DISTANT
29499,8150,422,CASUAL
29500,424,5425,CASUAL
29501,5512,6685,CASUAL
29502,9699,6102,CASUAL
29503,4464,9634,CASUAL
29504,4923,436,CLOSE
29505,1830,2590,DISTANT
29506,9896,2989,CASUAL
29507,5717,9490,CASUAL
29508,3263,2604,DISTANT
29509,8042,4721,CLOSE
29510,652,922,CLOSE
29511,2295,1983,CLOSE
29512,1312,8862,CASUAL
29513,3454,8490,CLOSE
29514,9921,6751,CLOSE
29515,4812,2203,DISTANT
29516,4036,7959,CASUAL
29517,1599,3423,CLOSE
29518,5435,4957,CLOSE
29519,6642,1021,DISTANT
29520,6740,7161,DISTANT
29521,2833,9995,CLOSE
29522,5941,9575,CLOSE
29523,7848,4378,CASUAL
29524,3226,1095,DISTANT
29525,7645,6527,CLOSE
29526,7879,1899,CLOSE
29527,3535,4627,CLOSE
29528,2007,5089,CLOSE
29529,6372,5239,CLOSE
29530,6601,9073,CLOSE
29531,5731,7945,DISTANT
29532,3214,3963,CLOSE
29533,9295,7456,DISTANT
29534,1937,9226,CLOSE
29535,5622,5822,CASUAL
29536,4015,673,CLOSE
29537,9882,7143,CASUAL
29538,7828,8803,CASUAL
29539,2339,3082,DISTANT
29540,8833,5243,CLOSE
29541,7899,2369,CASUAL
29542,7491,2840,CASUAL
29543,1448,7561,CLOSE
29544,9623,7605,DISTANT
29545,176,7995,CASUAL
29546,7023,4913,CASUAL
29547,2406,6268,DISTANT
29548,7562,1913,DISTANT
29549,7603,7444,CASUAL
29550,1396,902,CASUAL
29551,6054,3994,DISTANT
29552,5921,5156,CLOSE
29553,9903,2023,CLOSE
29554,7930,6454,DISTANT
29555,4465,4827,CASUAL
29556,5684,1246,CLOSE
29557,5418,9747,CLOSE
29558,1573,5955,CASUAL
29559,5511,2768,CLOSE
29560,7980,2078,CASUAL
29561,8208,2690,CLOSE
29562,2648,4875,DISTANT
29563,1475,5166,CLOSE
29564,4393,7567,CLOSE
29565,6981,2430,CASUAL
29566,1469,8892,CLOSE
29567,3049,5103,DISTANT
29568,2812,6899,CLOSE
29569,6819,6832,CLOSE
29570,2970,2424,CLOSE
29571,5121,2565,CLOSE
29572,4384,9493,CLOSE
29573,6964,2591,CLOSE
29574,4758,2360,DISTANT
29575,1284,5269,DISTANT
29576,5396,4350,CLOSE
29577,9380,6201,DISTANT
29578,7359,7744,CASUAL
29579,8055,9056,CLOSE
29580,4425,1925,CASUAL
29581,4489,6239,CLOSE
29582,1370,8913,CASUAL
29583,3159,6000,DISTANT
29584,7215,2989,CASUAL
29585,1172,4710,CASUAL
29586,6463,9985,CASUAL
29587,5174,6289,CASUAL
29588,3907,3981,CLOSE
29589,1591,6331,CASUAL
29590,911,9348,CASUAL
29591,9885,6688,DISTANT
29592,38,8272,CLOSE
29593,3504,4975,DISTANT
29594,6508,811,DISTANT
29595,5381,2475,CASUAL
29596,9923,335,CLOSE
29597,453,9421,DISTANT
29598,8112,8878,DISTANT
29599,3813,5014,CASUAL
29600,4171,4048,DISTANT
29601,6915,2973,CLOSE
29602,1698,5148,CLOSE
29603,6633,39,DISTANT
29604,6450,4742,DISTANT
29605,6735,1743,CASUAL
29606,8045,9570,DISTANT
29607,6201,1738,CASUAL
29608,4972,357,CASUAL
29609,8737,8212,DISTANT
29610,5144,735,CLOSE
29611,8467,2217,CLOSE
29612,4181,3569,CASUAL
29613,5636,7742,DISTANT
29614,9758,6295,CLOSE
29615,7553,6882,CLOSE
29616,7415,8932,CASUAL
29617,6134,7106,CASUAL
29618,417,3177,CASUAL
29619,5716,4147,CLOSE
29620,8643,3434,CLOSE
29621,1946,2311,DISTANT
29622,3239,8877,DISTANT
29623,663,6808,CLOSE
29624,1987,9651,DISTANT
29625,6342,1581,DISTANT
29626,7806,2779,CLOSE
29627,855,4056,CLOSE
29628,6593,7258,CLOSE
29629,6732,3897,CASUAL
29630,2482,8472,DISTANT
29631,7291,9739,CLOSE
29632,925,3283,DISTANT
29633,4662,6940,DISTANT
29634,1594,8217,CASUAL
29635,2813,6516,CASUAL
29636,1193,8106,CASUAL
29637,3011,7543,DISTANT
29638,8602,4770,CLOSE
29639,6216,7020,CASUAL
29640,508,3090,CASUAL
29641,3582,9887,DISTANT
29642,7085,9767,DISTANT
29643,2170,1166,CLOSE
29644,5409,6932,CASUAL
29645,4693,7902,CLOSE
29646,9596,2461,CASUAL
29647,5554,1687,DISTANT
29648,1001,6396,CASUAL
29649,1325,9041,CLOSE
29650,2410,2546,DISTANT
29651,7563,9770,DISTANT
29652,2826,7511,CLOSE
29653,6329,3575,CLOSE
29654,3366,941,CASUAL
29655,6681,2247,CLOSE
29656,9671,5724,DISTANT
29657,2919,7973,CLOSE
29658,3094,6687,CLOSE
29659,4477,5731,DISTANT
29660,3468,7612,CLOSE
29661,9563,4152,CASUAL
29662,7013,2059,DISTANT
29663,7673,7672,CLOSE
29664,5939,3871,DISTANT
29665,6932,6359,DISTANT
29666,1767,1392,DISTANT
29667,7440,3401,DISTANT
29668,203,7370,CLOSE
29669,4968,6591,CLOSE
29670,9211,5504,DISTANT
29671,5002,4722,CASUAL
29672,6629,1817,DISTANT
29673,4103,2347,CLOSE
29674,2732,9365,DISTANT
29675,296,9542,CLOSE
29676,1102,2484,CASUAL
29677,2330,9486,DISTANT
29678,7067,6431,DISTANT
29679,205,190,CLOSE
29680,2868,9822,CLOSE
29681,1792,4932,CASUAL
29682,1575,6886,CASUAL
29683,9391,6356,CLOSE
29684,2299,6998,CASUAL
29685,7520,9656,CASUAL
29686,6162,5064,CLOSE
29687,7663,6398,CASUAL
29688,3412,9707,CLOSE
29689,2302,9478,CASUAL
29690,5691,7175,CASUAL
29691,2518,4159,CASUAL
29692,1765,1521,CASUAL
29693,2263,7709,CASUAL
29694,2312,1154,CASUAL
29695,6745,4098,DISTANT
29696,3244,792,CASUAL
29697,7109,1939,CASUAL
29698,1165,1476,DISTANT
29699,3494,8622,CLOSE
29700,5655,8218,DISTANT
29701,4886,9358,CASUAL
29702,8283,3674,CLOSE
29703,381,2986,DISTANT
29704,1622,3979,CASUAL
29705,2678,4504,CASUAL
29706,1783,4223,CLOSE
29707,8654,6922,DISTANT
29708,6088,4888,CLOSE
29709,3486,836,CLOSE
29710,1999,8938,CLOSE
29711,1858,7236,CLOSE
29712,6488,5189,DISTANT
29713,7245,4520,CASUAL
29714,4050,2944,CLOSE
29715,8122,6803,DISTANT
29716,3549,1284,CLOSE
29717,3897,8168,DISTANT
29718,2190,5467,CLOSE
29719,7407,9753,CASUAL
29720,3736,6331,CASUAL
29721,7804,6822,DISTANT
29722,8828,265,CLOSE
29723,1122,7991,CLOSE
29724,6746,3408,CLOSE
29725,4516,8235,DISTANT
29726,5545,8923,CASUAL
29727,2135,8522,CLOSE
29728,1952,4837,CASUAL
29729,7716,6096,CASUAL
29730,7414,22,CASUAL
29731,7878,7995,CASUAL
29732,8900,2882,CASUAL
29733,9336,6499,DISTANT
29734,7025,2040,CASUAL
29735,1987,7598,DISTANT
29736,6914,4772,CLOSE
29737,6254,3880,CLOSE
29738,7452,9380,CLOSE
29739,2696,2216,DISTANT
29740,9181,4247,CLOSE
29741,3876,5756,CASUAL
29742,7718,1158,DISTANT
29743,9124,6357,DISTANT
29744,5132,6058,CASUAL
29745,8950,653,DISTANT
29746,8866,9866,CLOSE
29747,7327,6686,CLOSE
29748,6070,5645,CASUAL
29749,3038,1554,CLOSE
29750,3835,6960,CLOSE
29751,624,894,CASUAL
29752,7309,3456,CASUAL
29753,8762,9364,CLOSE
29754,11,2972,CASUAL
29755,4525,2583,CASUAL
29756,6959,6948,DISTANT
29757,4490,3085,CASUAL
29758,9959,7198,CASUAL
29759,2798,5885,CASUAL
29760,303,2727,DISTANT
29761,1933,9570,DISTANT
29762,4035,7633,CASUAL
29763,8146,9014,DISTANT
29764,9754,8195,CLOSE
29765,2951,8492,CASUAL
29766,4697,7246,CASUAL
29767,6609,7021,DISTANT
29768,6492,6210,DISTANT
29769,9275,7120,CLOSE
29770,9953,1912,CLOSE
29771,9301,1164,CASUAL
29772,1666,3449,CLOSE
29773,2950,3590,DISTANT
29774,2419,7664,DISTANT
29775,139,1492,CLOSE
29776,4308,6715,DISTANT
29777,3734,2629,DISTANT
29778,1390,776,DISTANT
29779,332,5130,CLOSE
29780,8610,7128,DISTANT
29781,2947,664,DISTANT
29782,3686,4720,DISTANT
29783,6549,998,CASUAL
29784,2694,7852,DISTANT
29785,2478,3133,CLOSE
29786,8500,3297,CASUAL
29787,9606,777,DISTANT
29788,7829,7912,CLOSE
29789,3437,3544,CLOSE
29790,7029,6010,CLOSE
29791,3531,2193,CLOSE
29792,4171,6065,DISTANT
29793,9272,9999,CLOSE
29794,1667,8404,DISTANT
29795,8940,9768,DISTANT
29796,7947,7197,CLOSE
29797,7373,184,DISTANT
29798,3889,4797,CASUAL
29799,3348,1727,CLOSE
29800,3135,3505,CLOSE
29801,1728,9301,DISTANT
29802,3081,8965,CLOSE
29803,1337,2297,CASUAL
29804,4251,3936,CASUAL
29805,1017,9354,CASUAL
29806,4208,7566,CLOSE
29807,2714,7912,CLOSE
29808,4307,2561,CLOSE
29809,2798,6379,CLOSE
29810,9115,3163,CASUAL
29811,9711,5824,CASUAL
29812,7378,5711,CLOSE
29813,2156,511,CLOSE
29814,9403,9697,CLOSE
29815,8446,5890,CLOSE
29816,5403,2966,DISTANT
29817,5695,7733,CASUAL
29818,2692,9323,CLOSE
29819,2731,7464,DISTANT
29820,4540,3755,CASUAL
29821,7960,2906,DISTANT
29822,7253,6121,DISTANT
29823,1924,4943,CLOSE
29824,1441,6959,CLOSE
29825,7169,4905,CLOSE
29826,1286,6426,CLOSE
29827,9047,8987,DISTANT
29828,3622,5079,CLOSE
29829,6776,8679,CLOSE
29830,4493,7168,CASUAL
29831,8240,702,CASUAL
29832,5595,5015,CASUAL
29833,892,6177,DISTANT
29834,8875,223,CASUAL
29835,962,8950,CLOSE
29836,8286,202,CLOSE
29837,6604,1271,CLOSE
29838,5221,5882,CLOSE
29839,3807,5289,DISTANT
29840,9555,3131,CASUAL
29841,6696,8856,DISTANT
29842,8576,9870,CLOSE
29843,5984,2147,CLOSE
29844,7409,7797,CLOSE
29845,5076,5865,CLOSE
29846,8074,8262,CASUAL
29847,2378,1460,DISTANT
29848,3011,9726,CLOSE
29849,7174,4439,DISTANT
29850,9008,7489,DISTANT
29851,6664,7392,DISTANT
29852,4285,7466,CASUAL
29853,9174,6817,DISTANT
29854,2618,3664,CLOSE
29855,4445,5426,DISTANT
29856,8500,812,DISTANT
29857,3517,6960,CLOSE
29858,6251,7746,DISTANT
29859,9765,4267,CASUAL
29860,1292,3295,DISTANT
29861,889,8469,CASUAL
29862,4999,8832,CASUAL
29863,2380,1960,CASUAL
29864,3485,8780,CLOSE
29865,730,5365,CASUAL
29866,2335,5565,DISTANT
29867,7162,7934,CASUAL
29868,635,3664,CASUAL
29869,5545,9713,DISTANT
29870,7289,5669,DISTANT
29871,6514,7113,DISTANT
29872,1319,4720,CASUAL
29873,2325,6032,CLOSE
29874,1863,6849,CASUAL
29875,8277,7760,CLOSE
29876,1195,7137,CLOSE
29877,7414,3167,DISTANT
29878,5337,4032,CLOSE
29879,8988,9782,DISTANT
29880,3489,69,CASUAL
29881,6825,3216,CASUAL
29882,4424,1453,CASUAL
29883,6898,3586,CASUAL
29884,9240,5604,CASUAL
29885,5340,2492,CASUAL
29886,3369,6689,DISTANT
29887,3803,4480,DISTANT
29888,6978,4564,CLOSE
29889,3229,4217,DISTANT
29890,5270,9452,CLOSE
29891,6893,9143,CASUAL
29892,9470,6568,CLOSE
29893,631,1250,DISTANT
29894,6042,8897,CASUAL
29895,6349,3592,CLOSE
29896,7840,6082,CASUAL
29897,3583,1326,DISTANT
29898,3708,9212,CASUAL
29899,7412,3312,CLOSE
29900,8829,1519,CLOSE
29901,7253,9403,DISTANT
29902,122,9999,CASUAL
29903,8947,2666,CASUAL
29904,6846,358,DISTANT
29905,9973,1027,DISTANT
29906,2026,4112,CASUAL
29907,4043,2226,DISTANT
29908,3980,3257,CLOSE
29909,504,7557,DISTANT
29910,284,8680,DISTANT
29911,4808,757,CLOSE
29912,5157,9304,DISTANT
29913,5496,1144,CASUAL
29914,1422,8474,CASUAL
29915,6224,7529,CLOSE
29916,4675,7522,CASUAL
29917,4331,3494,CASUAL
29918,3468,4412,CLOSE
29919,7407,4084,CASUAL
29920,2006,4789,CLOSE
29921,5785,4712,CASUAL
29922,1966,9156,DISTANT
29923,5950,5256,CASUAL
29924,1949,9739,CLOSE
29925,4972,2651,CASUAL
29926,9878,8049,DISTANT
29927,738,4271,CLOSE
29928,870,203,DISTANT
29929,6095,1409,CLOSE
29930,5684,810,CASUAL
29931,2413,9137,CASUAL
29932,7573,928,DISTANT
29933,6750,2261,CASUAL
29934,8024,8908,CASUAL
29935,2992,2970,CASUAL
29936,3512,1373,CLOSE
29937,3223,7281,DISTANT
29938,172,3548,DISTANT
29939,589,2507,DISTANT
29940,1341,3502,CASUAL
29941,8254,9132,CASUAL
29942,5622,6329,CASUAL
29943,1825,8416,DISTANT
29944,5380,4536,CLOSE
29945,5654,1497,CLOSE
29946,4193,3380,CASUAL
29947,38,8458,CASUAL
29948,1574,8269,CASUAL
29949,9259,4993,CLOSE
29950,1023,1662,CLOSE
29951,384,1760,CASUAL
29952,2966,4195,CLOSE
29953,3496,9400,DISTANT
29954,7947,1517,CLOSE
29955,3271,1300,DISTANT
29956,5193,9857,CLOSE
29957,5173,8025,CASUAL
29958,4223,1947,CASUAL
29959,2449,616,CLOSE
29960,5754,1311,CASUAL
29961,3410,1195,CLOSE
29962,6129,5307,CASUAL
29963,2818,3372,DISTANT
29964,7219,6197,DISTANT
29965,3723,8260,CASUAL
29966,9747,9177,CASUAL
29967,4179,708,CLOSE
29968,120,5501,DISTANT
29969,118,8089,DISTANT
29970,9830,9608,CLOSE
29971,8126,8716,CLOSE
29972,3329,652,DISTANT
29973,221,561,CASUAL
29974,4798,267,CASUAL
29975,7719,4227,CLOSE
29976,6370,1290,CLOSE
29977,3387,6977,CASUAL
29978,9570,531,DISTANT
29979,144,7775,CASUAL
29980,6286,2913,CLOSE
29981,5693,6597,DISTANT
29982,6129,9611,CASUAL
29983,9951,2285,CLOSE
29984,5095,631,CASUAL
29985,5195,5347,CLOSE
29986,8630,6173,CLOSE
29987,3842,5421,CLOSE
29988,7355,450,CLOSE
29989,7489,9924,CASUAL
29990,6283,8026,DISTANT
29991,4402,7463,DISTANT
29992,211,2094,CLOSE
29993,2171,2328,CASUAL
29994,598,4452,CASUAL
29995,1969,6422,CASUAL
29996,2996,4502,DISTANT
29997,6337,698,DISTANT
29998,6415,5528,DISTANT
29999,8500,115,CASUAL
