id,from_id,to_id,exposure
0,3199,873,DISTANT
1,8532,9099,DISTANT
2,3548,5612,CASUAL
3,96,9325,CLOSE
4,9680,6421,DISTANT
5,1024,3583,DISTANT
6,4028,2084,DISTANT
7,7186,5644,CLOSE
8,7819,177,CLOSE
9,8970,4552,CLOSE
10,8011,5030,DISTANT
11,2779,9639,DISTANT
12,368,1717,CASUAL
13,8224,5629,DISTANT
14,5741,5673,CASUAL
15,7770,4592,DISTANT
16,2751,2005,DISTANT
17,9930,669,CLOSE
18,4640,2611,CLOSE
19,6862,8031,CLOSE
20,9230,3602,CLOSE
21,4666,7372,CASUAL
22,8547,344,CLOSE
23,4337,1145,CLOSE
24,6046,9316,CASUAL
25,1090,2045,CASUAL
26,1252,8914,CLOSE
27,9529,2725,CASUAL
28,3385,713,CLOSE
29,8513,2827,CLOSE
30,5412,2020,CASUAL
31,6296,4742,CASUAL
32,5667,1054,CLOSE
33,605,6189,CASUAL
34,6589,3568,CLOSE
35,4774,8243,CASUAL
36,3892,1086,DISTANT
37,6768,9202,CASUAL
38,9093,7163,CASUAL
39,2373,2990,DISTANT
40,4441,834,CASUAL
41,3354,6493,DISTANT
42,375,2137,CASUAL
43,7,4760,DISTANT
44,2289,5518,CLOSE
45,5142,2332,CASUAL
46,5918,5085,CASUAL
47,8392,7851,CASUAL
48,8184,3395,CLOSE
49,6430,9618,CASUAL
50,5539,4318,CLOSE
51,956,6874,DISTANT
52,9741,5346,CASUAL
53,5007,8047,DISTANT
54,5312,3765,DISTANT
55,9730,3747,DISTANT
56,9171,1283,DISTANT
57,7643,5623,CASUAL
58,1402,4729,CLOSE
59,9386,8645,DISTANT
60,8284,8700,CASUAL
61,8861,7743,DISTANT
62,7806,3737,CLOSE
63,674,5001,DISTANT
64,7630,15,DISTANT
65,8496,5468,CLOSE
66,2467,7803,CLOSE
67,8697,89,CASUAL
68,6971,1059,CLOSE
69,3742,6040,DISTANT
70,2082,3315,CLOSE
71,5542,8900,CLOSE
72,2783,7331,CASUAL
73,8653,8424,CLOSE
74,695,4577,CASUAL
75,8890,1375,CLOSE
76,3970,6107,CLOSE
77,9235,1103,CLOSE
78,5602,2402,CLOSE
79,8626,5592,CLOSE
80,9234,9481,CASUAL
81,2542,7807,CASUAL
82,1385,1250,CASUAL
83,239,6109,CLOSE
84,2897,9579,CASUAL
85,4270,2909,CLOSE
86,1751,6011,DISTANT
87,4964,6543,DISTANT
88,8969,2260,CASUAL
89,8981,9918,CASUAL
90,3413,743,DISTANT
91,9733,9383,CASUAL
92,3985,5946,CASUAL
93,6459,5240,DISTANT
94,5221,9645,CASUAL
95,3744,6496,CLOSE
96,7035,8789,CLOSE
97,935,1913,DISTANT
98,8866,213,CLOSE
99,8284,6514,CASUAL
100,8321,9564,CLOSE
101,1236,2719,CASUAL
102,4008,998,DISTANT
103,7196,3788,CLOSE
104,9953,8208,DISTANT
105,6539,2352,CLOSE
106,8770,9422,DISTANT
107,1562,6592,CASUAL
108,9935,1138,CLOSE
109,8475,8916,CASUAL
110,3830,6880,CLOSE
111,3101,4808,DISTANT
112,7001,796,CASUAL
113,2960,3434,CLOSE
114,201,1999,CLOSE
115,9755,1576,CASUAL
116,1661,1443,DISTANT
117,9224,8847,DISTANT
118,6638,647,DISTANT
119,2932,4242,CLOSE
120,1555,6086,CLOSE
121,8609,5820,DISTANT
122,6033,812,DISTANT
123,2026,928,DISTANT
124,8385,6350,DISTANT
125,7167,9462,CLOSE
126,491,8362,CASUAL
127,482,2044,CLOSE
128,1533,4964,CASUAL
129,2704,418,DISTANT
130,4404,3276,DISTANT
131,134,5529,CASUAL
132,6919,3480,CASUAL
133,150,2550,CASUAL
134,9976,5080,CLOSE
135,2536,883,DISTANT
136,6943,3038,CASUAL
137,2074,5423,CASUAL
138,4799,6872,DISTANT
139,4157,1349,CASUAL
140,9013,2606,CASUAL
141,4559,5801,DISTANT
142,8287,2166,CASUAL
143,4739,7103,CASUAL
144,9610,4838,CLOSE
145,5591,1163,DISTANT
146,9646,7585,DISTANT
147,2322,7541,CASUAL
148,2495,3040,DISTANT
149,4152,9719,DISTANT
150,6430,1248,DISTANT
151,8745,4750,CLOSE
152,3152,5256,CLOSE
153,8635,5893,CLOSE
154,1712,4882,DISTANT
155,7885,2620,CASUAL
156,7683,527,DISTANT
157,6993,2043,DISTANT
158,2311,1403,CLOSE
159,2319,471,CASUAL
160,5782,7402,CLOSE
161,1873,1696,CLOSE
162,1129,8428,DISTANT
163,8699,6010,CLOSE
164,6876,2343,CASUAL
165,4637,1283,DISTANT
166,296,3214,DISTANT
167,124,6177,CASUAL
168,8188,7115,DISTANT
169,9779,5462,DISTANT
170,8101,1434,CLOSE
171,8883,7499,CASUAL
172,8646,8497,DISTANT
173,6083,9568,CASUAL
174,2556,9866,CLOSE
175,9485,3061,CLOSE
176,5326,6417,CLOSE
177,5700,7950,CASUAL
178,8552,1461,DISTANT
179,7110,6863,CASUAL
180,5042,2876,DISTANT
181,5522,691,CASUAL
182,2818,3457,CASUAL
183,6581,7725,DISTANT
184,8430,7749,CLOSE
185,2495,9019,DISTANT
186,8200,8768,CASUAL
187,9275,8277,CASUAL
188,1568,9769,CLOSE
189,9507,1579,DISTANT
190,7737,1294,CASUAL
191,2724,4203,DISTANT
192,9202,2092,DISTANT
193,8758,8050,CLOSE
194,4992,6392,CLOSE
195,7544,9752,DISTANT
196,7267,5284,DISTANT
197,6555,6547,CLOSE
198,476,6568,CLOSE
199,1221,9573,DISTANT
200,7334,8324,CASUAL
201,7173,464,CASUAL
202,1193,2200,CLOSE
203,9827,1987,DISTANT
204,1850,642,CASUAL
205,9602,8846,CASUAL
206,2977,3427,CASUAL
207,9688,4315,CASUAL
208,9356,4127,CLOSE
209,2117,7991,CLOSE
210,1802,6965,CASUAL
211,6636,5246,CLOSE
212,2974,3553,CLOSE
213,6308,6995,CLOSE
214,1022,8078,CLOSE
215,228,5201,CASUAL
216,5923,4923,DISTANT
217,70,6012,DISTANT
218,7494,1331,DISTANT
219,5747,715,DISTANT
220,618,2124,CLOSE
221,8707,4773,CASUAL
222,7967,7661,DISTANT
223,8218,1037,DISTANT
224,9492,3734,CLOSE
225,2236,3235,CLOSE
226,885,7899,DISTANT
227,2988,4431,CLOSE
228,9729,6630,DISTANT
229,1024,1447,CLOSE
230,9634,7104,CASUAL
231,7574,2255,CASUAL
232,6777,8609,CASUAL
233,5410,8632,DISTANT
234,753,629,CLOSE
235,5115,9811,CLOSE
236,9075,1508,DISTANT
237,6403,6255,DISTANT
238,7015,2006,DISTANT
239,5964,747,CLOSE
240,9525,4784,CASUAL
241,3190,1893,DISTANT
242,9480,8301,CLOSE
243,7936,4386,DISTANT
244,7761,894,CLOSE
245,1327,6508,CLOSE
246,3774,4946,CLOSE
247,577,75,CLOSE
248,8018,3837,DISTANT
249,2933,448,CASUAL
250,7724,6653,DISTANT
251,1294,2141,DISTANT
252,1761,8280,DISTANT
253,8290,8753,CLOSE
254,3528,6827,DISTANT
255,2393,3542,CASUAL
256,1402,3915,CASUAL
257,6514,1466,CLOSE
258,2151,8585,DISTANT
259,3261,9893,DISTANT
260,4958,9170,DISTANT
261,4839,7876,DISTANT
262,7298,254,DISTANT
263,594,3191,DISTANT
264,430,4965,DISTANT
265,5800,9138,DISTANT
266,7769,7608,DISTANT
267,7786,3757,DISTANT
268,1135,3314,CLOSE
269,1588,1644,CLOSE
270,2808,8001,DISTANT
271,9665,8580,CLOSE
272,8993,8720,CASUAL
273,2424,9039,DISTANT
274,9875,9411,CASUAL
275,2268,151,DISTANT
276,5434,7584,DISTANT
277,9714,7405,DISTANT
278,1521,7417,CLOSE
279,8322,9053,CLOSE
280,7284,8372,DISTANT
281,5274,6012,CLOSE
282,4962,7858,DISTANT
283,365,2029,CLOSE
284,5536,8728,DISTANT
285,5983,5781,CASUAL
286,1918,9095,DISTANT
287,8038,8191,CLOSE
288,17,211,DISTANT
289,8258,1211,DISTANT
290,4425,9932,CASUAL
291,5868,5287,DISTANT
292,8384,8449,CLOSE
293,5086,552,CLOSE
294,6227,2066,CLOSE
295,9022,1974,CASUAL
296,6160,7933,DISTANT
297,1571,9567,CASUAL
298,5990,4842,CASUAL
299,4643,4263,CASUAL
300,3265,3535,DISTANT
301,6953,5903,DISTANT
302,8271,9660,CASUAL
303,4011,6295,CASUAL
304,7667,3467,CLOSE
305,6961,7585,DISTANT
306,5962,9842,CASUAL
307,5881,1684,DISTANT
308,4466,9306,CLOSE
309,1293,8743,DISTANT
310,7589,1960,DISTANT
311,3717,7612,DISTANT
312,7505,800,CASUAL
313,7076,9207,CLOSE
314,6667,7887,CASUAL
315,8287,7808,DISTANT
316,8068,9891,DISTANT
317,5480,5961,DISTANT
318,7402,8686,CASUAL
319,4044,4961,CASUAL
320,6446,7294,DISTANT
321,7212,6980,DISTANT
322,2221,2336,CLOSE
323,5167,2360,DISTANT
324,2448,8678,CLOSE
325,1883,6436,CLOSE
326,7066,2965,CLOSE
327,6793,7551,DISTANT
328,9046,2612,DISTANT
329,3253,6195,CASUAL
330,7069,4169,DISTANT
331,3197,3804,CLOSE
332,808,7059,CASUAL
333,2372,4737,CLOSE
334,6766,8476,CASUAL
335,2921,4718,CASUAL
336,3795,3951,DISTANT
337,4498,5815,CLOSE
338,1516,1351,CASUAL
339,8929,3136,CLOSE
340,4619,9890,DISTANT
341,7078,1325,CLOSE
342,8358,77,CLOSE
343,3240,3699,CASUAL
344,7903,6391,DISTANT
345,9562,264,CASUAL
346,6627,3214,CASUAL
347,6324,1282,CLOSE
348,294,9332,DISTANT
349,2677,9836,CLOSE
350,478,3235,CASUAL
351,5452,4938,CASUAL
352,5082,1978,DISTANT
353,641,2372,CASUAL
354,5563,132,CASUAL
355,9330,8979,CLOSE
356,3344,2646,CASUAL
357,5240,2615,CASUAL
358,6668,2817,CLOSE
359,8515,9173,CLOSE
360,8423,7904,CLOSE
361,3615,9440,CLOSE
362,6823,2243,CASUAL
363,7625,110,DISTANT
364,1505,7126,CASUAL
365,9786,4968,DISTANT
366,1284,8318,CLOSE
367,6003,8449,DISTANT
368,7434,6621,CLOSE
369,565,625,CLOSE
370,4879,9057,CLOSE
371,2976,5149,DISTANT
372,3560,2960,DISTANT
373,5464,7194,CASUAL
374,2299,3529,CLOSE
375,2493,5344,DISTANT
376,3055,9695,CLOSE
377,3994,9994,CASUAL
378,7292,6029,CLOSE
379,7805,3264,DISTANT
380,8419,6966,CASUAL
381,8146,4969,CASUAL
382,8381,5151,DISTANT
383,501,4508,DISTANT
384,122,7866,CLOSE
385,835,5270,DISTANT
386,5585,159,CLOSE
387,6121,9817,DISTANT
388,4179,6047,DISTANT
389,9249,1083,CLOSE
390,1502,7692,DISTANT
391,6818,5084,DISTANT
392,4014,3657,DISTANT
393,6710,2272,DISTANT
394,3812,7972,CASUAL
395,4965,9406,CASUAL
396,737,4534,DISTANT
397,6695,8717,CASUAL
398,336,4184,CASUAL
399,9728,8989,DISTANT
400,4313,2218,DISTANT
401,7188,6749,CLOSE
402,1785,7731,DISTANT
403,7261,2926,DISTANT
404,694,1007,CASUAL
405,1388,4626,DISTANT
406,1950,5131,CLOSE
407,8330,9235,CLOSE
408,9253,8438,CASUAL
409,8057,4607,CLOSE
410,6373,9596,DISTANT
411,1247,4530,CASUAL
412,6261,1871,DISTANT
413,1504,1898,CLOSE
414,5148,1286,CASUAL
415,1176,9118,DISTANT
416,5825,5369,CLOSE
417,6441,7319,CASUAL
418,1635,1226,CASUAL
419,3562,7744,DISTANT
420,1218,994,CASUAL
421,3852,1644,DISTANT
422,5260,1600,DISTANT
423,822,8738,DISTANT
424,4914,3743,CLOSE
425,1105,4370,DISTANT
426,8608,5555,DISTANT
427,8650,3638,CLOSE
428,4891,6871,DISTANT
429,5014,6989,CLOSE
430,2231,4594,DISTANT
431,2984,8538,DISTANT
432,3636,8530,CASUAL
433,211,2148,CLOSE
434,1493,765,CASUAL
435,5372,2241,DISTANT
436,4795,4808,CLOSE
437,1609,4071,CASUAL
438,8906,7362,DISTANT
439,7568,3501,CLOSE
440,6680,7659,DISTANT
441,9969,9321,CLOSE
442,8273,8888,CLOSE
443,1764,885,CLOSE
444,9164,677,CLOSE
445,7663,9383,CLOSE
446,347,9336,DISTANT
447,2688,7606,CASUAL
448,7462,8788,CASUAL
449,9513,800,DISTANT
450,2175,7538,CASUAL
451,6013,8188,DISTANT
452,5269,4953,CLOSE
453,1504,1905,DISTANT
454,886,8745,CASUAL
455,9207,107,DISTANT
456,4778,4317,DISTANT
457,3179,3967,CLOSE
458,7415,1376,CASUAL
459,5327,6453,CLOSE
460,984,7169,CASUAL
461,5058,3430,DISTANT
462,991,2113,CASUAL
463,8616,8686,CASUAL
464,9279,7129,CLOSE
465,6959,6133,CLOSE
466,6722,1364,CLOSE
467,7082,3596,CLOSE
468,383,4864,CLOSE
469,5824,5840,DISTANT
470,8672,3728,CLOSE
471,6639,6537,CLOSE
472,3661,6455,DISTANT
473,2567,1312,CLOSE
474,8516,2812,CLOSE
475,7292,7631,CLOSE
476,9658,9200,CASUAL
477,4496,9017,CASUAL
478,7672,1838,CASUAL
479,2556,3765,CASUAL
480,6598,9319,DISTANT
481,79,7365,DISTANT
482,9712,8036,CASUAL
483,137,5451,CASUAL
484,4354,1035,CLOSE
485,5226,8574,CASUAL
486,4123,4923,DISTANT
487,7418,8021,CASUAL
488,7991,3156,CLOSE
489,1499,9958,CASUAL
490,7514,4800,CASUAL
491,7802,9937,DISTANT
492,3798,9734,CASUAL
493,4397,2675,DISTANT
494,2838,9325,CLOSE
495,8824,3040,CLOSE
496,9615,8878,CASUAL
497,9577,1980,CASUAL
498,9662,8518,DISTANT
499,7725,3153,DISTANT
500,3258,4955,CASUAL
501,3910,9190,DISTANT
502,8951,4254,CASUAL
503,9305,60,DISTANT
504,862,8906,CLOSE
505,1940,8129,CLOSE
506,5335,5683,CASUAL
507,4555,4959,CASUAL
508,9525,6795,DISTANT
509,4278,1787,CLOSE
510,6982,7982,CASUAL
511,7195,6085,CASUAL
512,1053,733,CLOSE
513,1177,6173,CLOSE
514,2429,5504,CLOSE
515,4280,96,DISTANT
516,5776,9387,CLOSE
517,1733,6228,DISTANT
518,6335,9465,DISTANT
519,3679,5214,CASUAL
520,6757,6457,DISTANT
521,5988,6163,CLOSE
522,9903,5530,DISTANT
523,8166,9399,DISTANT
524,5391,389,CLOSE
525,1304,807,DISTANT
526,1958,3858,CLOSE
527,9448,9436,CLOSE
528,2288,712,CLOSE
529,7633,8838,CLOSE
530,547,5896,CASUAL
531,9088,4862,DISTANT
532,7084,1327,CLOSE
533,5767,9674,DISTANT
534,4984,621,CASUAL
535,5408,9520,CLOSE
536,8365,4700,CASUAL
537,4525,7470,DISTANT
538,5930,6011,DISTANT
539,584,6827,CASUAL
540,6909,1459,CASUAL
541,9072,9967,CASUAL
542,8548,1194,DISTANT
543,9370,9288,CLOSE
544,4070,9365,CLOSE
545,6017,695,CASUAL
546,9560,9692,CASUAL
547,244,518,CASUAL
548,5074,9848,CLOSE
549,9954,4119,CASUAL
550,2508,7282,DISTANT
551,3443,3083,CLOSE
552,9784,6000,CLOSE
553,8109,9272,CLOSE
554,1532,216,CLOSE
555,4759,5415,DISTANT
556,1223,4503,CASUAL
557,8677,4649,CASUAL
558,7042,9886,CLOSE
559,33,5230,CASUAL
560,1891,8677,CLOSE
561,8163,9452,CLOSE
562,8598,3777,DISTANT
563,4189,997,CLOSE
564,5582,9329,DISTANT
565,287,9057,CLOSE
566,3755,8489,CLOSE
567,1576,3021,DISTANT
568,4417,6994,CLOSE
569,8948,2158,DISTANT
570,9955,9989,CLOSE
571,2984,4525,DISTANT
572,8609,7027,DISTANT
573,7876,7361,CLOSE
574,193,498,DISTANT
575,3270,2717,CASUAL
576,1368,3984,CASUAL
577,5002,4452,CLOSE
578,5750,3980,CASUAL
579,3784,6615,CLOSE
580,1055,210,CLOSE
581,2605,9182,CLOSE
582,1547,2200,DISTANT
583,9362,7593,CASUAL
584,2608,6048,DISTANT
585,5121,4133,DISTANT
586,4277,6026,CLOSE
587,7249,5287,CLOSE
588,6340,3416,CASUAL
589,2669,1203,CLOSE
590,8702,4446,DISTANT
591,4912,7844,CLOSE
592,9012,3477,DISTANT
593,4980,7992,CASUAL
594,9683,557,CASUAL
595,3012,1672,CLOSE
596,5525,4049,CASUAL
597,3885,652,CLOSE
598,2647,3843,CASUAL
599,1830,9219,CASUAL
600,8780,4922,CLOSE
601,4737,4497,CASUAL
602,9789,1446,CASUAL
603,1232,2999,DISTANT
604,1715,2510,DISTANT
605,4683,5336,CLOSE
606,1971,4458,DISTANT
607,188,8210,DISTANT
608,3971,9101,CLOSE
609,2720,3159,CLOSE
610,6715,9913,DISTANT
611,1374,8807,DISTANT
612,4452,6389,CASUAL
613,6927,8156,CASUAL
614,9745,2643,DISTANT
615,6132,3894,CLOSE
616,7666,8182,DISTANT
617,7739,9099,CLOSE
618,3655,5038,DISTANT
619,425,6984,CASUAL
620,6461,1615,CLOSE
621,8976,3823,CLOSE
622,5932,7002,CASUAL
623,9252,217,CLOSE
624,1726,7818,CLOSE
625,6435,2759,CLOSE
626,4754,3263,CASUAL
627,3046,1899,DISTANT
628,4891,7932,CLOSE
629,3255,3570,DISTANT
630,2093,3537,CLOSE
631,5571,7282,CLOSE
632,7100,9705,CASUAL
633,3401,5930,DISTANT
634,1644,2639,CASUAL
635,600,3931,CASUAL
636,8191,720,CLOSE
637,2134,2973,CASUAL
638,8916,4545,CLOSE
639,3204,6870,DISTANT
640,7455,5553,CLOSE
641,6429,3692,DISTANT
642,4032,2372,CLOSE
643,827,2652,CASUAL
644,3448,97,CASUAL
645,8416,2240,CASUAL
646,3559,609,CLOSE
647,6859,4185,CLOSE
648,4745,691,CLOSE
649,511,5271,DISTANT
650,1120,942,CLOSE
651,2492,1210,CLOSE
652,4058,1300,CASUAL
653,1694,641,DISTANT
654,6012,5467,CASUAL
655,2934,9271,CASUAL
656,6720,8126,CASUAL
657,9495,846,DISTANT
658,3514,6456,CLOSE
659,5571,5399,CLOSE
660,819,501,CASUAL
661,872,5599,CASUAL
662,3582,4398,CLOSE
663,7222,9961,CLOSE
664,2660,1683,DISTANT
665,302,1580,DISTANT
666,9467,3966,CASUAL
667,3740,8764,DISTANT
668,374,7563,CASUAL
669,1985,6362,CLOSE
670,8168,2444,DISTANT
671,3599,2325,CASUAL
672,6776,407,CLOSE
673,2625,457,CLOSE
674,3978,6007,DISTANT
675,7106,4615,DISTANT
676,6147,37,DISTANT
677,4325,4983,CLOSE
678,3443,2928,CLOSE
679,5197,2674,CASUAL
680,554,4713,CASUAL
681,5838,5430,CASUAL
682,6350,7187,CASUAL
683,9746,3059,CLOSE
684,6250,7121,CASUAL
685,9403,4894,CLOSE
686,7526,5013,CLOSE
687,4165,8643,CLOSE
688,2290,133,CLOSE
689,3990,8544,CLOSE
690,7989,2743,CLOSE
691,2071,6739,CLOSE
692,3784,5584,CLOSE
693,5804,7523,CASUAL
694,4079,1741,DISTANT
695,9043,5747,CLOSE
696,1938,6415,CASUAL
697,1887,8194,DISTANT
698,7272,2769,CLOSE
699,7226,1709,DISTANT
700,2642,2538,CLOSE
701,8772,7510,CLOSE
702,6125,3589,CLOSE
703,1434,7301,DISTANT
704,5003,4011,DISTANT
705,3286,4799,CLOSE
706,7230,3926,CASUAL
707,5313,8252,CASUAL
708,1246,7342,CLOSE
709,5744,3359,DISTANT
710,8296,2608,CLOSE
711,7289,5618,DISTANT
712,4055,5239,CASUAL
713,1375,3765,DISTANT
714,6566,2272,DISTANT
715,9758,7551,CLOSE
716,2084,1419,DISTANT
717,3442,1562,CLOSE
718,4078,3664,CASUAL
719,847,9034,CLOSE
720,3189,1808,CASUAL
721,6622,2523,CLOSE
722,1523,7781,DISTANT
723,419,264,DISTANT
724,9581,6189,DISTANT
725,2139,4593,CASUAL
726,5035,27,DISTANT
727,572,3000,CASUAL
728,3174,327,CLOSE
729,9555,3969,CASUAL
730,7847,8666,DISTANT
731,4809,4998,DISTANT
732,1384,6260,CLOSE
733,8897,219,CASUAL
734,2537,9834,DISTANT
735,3177,2211,CLOSE
736,1610,8231,DISTANT
737,2010,4322,DISTANT
738,2185,2628,CLOSE
739,5182,6212,DISTANT
740,2849,1329,CLOSE
741,9792,8919,CLOSE
742,7348,2283,CLOSE
743,2576,5644,DISTANT
744,8901,1894,CASUAL
745,8121,7715,CASUAL
746,380,8499,DISTANT
747,6796,6586,CASUAL
748,7098,4960,DISTANT
749,4463,250,DISTANT
750,5620,8556,CLOSE
751,3301,8735,CLOSE
752,4976,1223,DISTANT
753,8592,1122,CLOSE
754,4196,8305,CLOSE
755,6206,4152,CLOSE
756,1728,3447,DISTANT
757,4503,9253,DISTANT
758,8936,8603,CLOSE
759,9331,8132,CLOSE
760,7015,9130,CLOSE
761,4681,4093,DISTANT
762,7608,3733,CASUAL
763,5981,7318,CLOSE
764,7515,5999,CLOSE
765,6136,906,CLOSE
766,5221,9406,DISTANT
767,4560,1040,DISTANT
768,8159,9139,CASUAL
769,5245,6663,CASUAL
770,8974,4278,CLOSE
771,8451,9797,CLOSE
772,9654,3049,CASUAL
773,945,3982,CLOSE
774,6311,1438,DISTANT
775,4408,5098,CLOSE
776,273,2869,DISTANT
777,2859,306,DISTANT
778,3998,3124,DISTANT
779,1526,4156,CLOSE
780,2428,2465,CASUAL
781,1360,26,CASUAL
782,7107,503,CLOSE
783,1151,6089,CASUAL
784,6374,2406,CLOSE
785,8423,5474,CLOSE
786,2939,7455,CASUAL
787,9761,3105,DISTANT
788,7671,9646,CASUAL
789,3923,6699,DISTANT
790,5717,7487,CLOSE
791,4687,8433,DISTANT
792,9611,1953,CLOSE
793,2018,2447,CASUAL
794,5278,3314,CASUAL
795,8307,6713,CASUAL
796,3432,6821,CLOSE
797,4665,6618,CASUAL
798,2471,6501,DISTANT
799,2630,5893,CASUAL
800,8763,5956,CASUAL
801,3072,4338,CLOSE
802,3599,3035,CASUAL
803,4763,6214,CLOSE
804,1648,3326,DISTANT
805,3833,2577,DISTANT
806,9894,3053,CASUAL
807,8917,7951,CASUAL
808,6066,7869,DISTANT
809,7772,3999,CASUAL
810,4367,5717,CASUAL
811,4043,4943,CASUAL
812,68,7131,CLOSE
813,5892,8025,DISTANT
814,8202,5256,CASUAL
815,7848,7234,DISTANT
816,5194,8415,DISTANT
817,4177,3721,CLOSE
818,5197,5878,DISTANT
819,3552,3370,CLOSE
820,7663,4898,CLOSE
821,1995,417,CASUAL
822,419,2411,CLOSE
823,4834,3274,CLOSE
824,4426,5133,CLOSE
825,5685,3067,DISTANT
826,2075,6839,CASUAL
827,3715,3937,DISTANT
828,1631,5524,CLOSE
829,8484,1092,DISTANT
830,9874,4215,DISTANT
831,6353,6589,CASUAL
832,4431,771,DISTANT
833,4034,9092,CASUAL
834,7408,340,CLOSE
835,6102,8371,CASUAL
836,5307,1215,CASUAL
837,1923,366,DISTANT
838,6862,2138,CASUAL
839,5469,9472,CLOSE
840,3920,13,CASUAL
841,1552,9549,CLOSE
842,8256,386,CLOSE
843,8683,34,CASUAL
844,2681,7657,DISTANT
845,1526,7001,DISTANT
846,1885,6619,DISTANT
847,2278,5845,CLOSE
848,2201,5384,DISTANT
849,3416,8958,DISTANT
850,3709,10,CASUAL
851,9680,2734,CASUAL
852,8058,3356,CASUAL
853,8284,1939,DISTANT
854,3533,493,CLOSE
855,1475,3586,CASUAL
856,5411,655,CLOSE
857,8622,9656,CASUAL
858,7112,6597,DISTANT
859,5413,5506,DISTANT
860,7979,7526,CASUAL
861,6842,6559,CLOSE
862,9098,4139,CASUAL
863,4644,4863,CLOSE
864,3830,9177,DISTANT
865,5204,9558,CASUAL
866,8491,2241,DISTANT
867,2753,5314,DISTANT
868,7030,7868,CASUAL
869,8239,9244,CLOSE
870,2662,5836,DISTANT
871,7119,3271,CLOSE
872,9422,1758,CASUAL
873,9049,1939,CLOSE
874,2792,1982,CLOSE
875,465,5058,CLOSE
876,4681,8387,CLOSE
877,319,3637,DISTANT
878,3989,7402,CLOSE
879,8994,181,CLOSE
880,8642,1557,CASUAL
881,3993,2520,DISTANT
882,5513,7806,CLOSE
883,1282,6005,DISTANT
884,9803,7857,CLOSE
885,8274,4124,CLOSE
886,2943,7332,DISTANT
887,8017,9207,DISTANT
888,9784,4789,CASUAL
889,2271,9767,CASUAL
890,1332,9696,CLOSE
891,5684,2274,CLOSE
892,8056,529,CLOSE
893,4387,3412,CASUAL
894,457,8087,DISTANT
895,5280,3367,DISTANT
896,3780,39,DISTANT
897,3931,3628,CLOSE
898,9478,4675,CASUAL
899,6213,1,DISTANT
900,1576,2067,DISTANT
901,2769,8127,DISTANT
902,2797,6000,CASUAL
903,9244,1097,CASUAL
904,7197,8933,CASUAL
905,3956,9723,DISTANT
906,9549,9557,DISTANT
907,3555,387,CASUAL
908,3519,5154,CLOSE
909,6609,8452,CLOSE
910,7110,5315,CASUAL
911,4469,6279,DISTANT
912,9767,1826,CASUAL
913,1916,8168,DISTANT
914,6800,2592,CASUAL
915,4688,9628,CASUAL
916,5375,5574,CLOSE
917,8283,7317,CLOSE
918,4006,2820,CLOSE
919,404,5724,CLOSE
920,5920,954,CLOSE
921,5437,6981,CASUAL
922,1088,484,CASUAL
923,1454,4657,DISTANT
924,9291,556,DISTANT
925,3152,1539,CASUAL
926,7779,7729,CLOSE
927,4893,1621,DISTANT
928,2486,4873,CLOSE
929,3053,1985,CASUAL
930,8572,8911,CLOSE
931,1151,9432,DISTANT
932,528,4133,DISTANT
933,8393,2122,CASUAL
934,6372,4069,DISTANT
935,5359,9125,CASUAL
936,9588,1042,CASUAL
937,3359,5292,DISTANT
938,5770,8574,DISTANT
939,4531,8017,CLOSE
940,5534,942,CLOSE
941,4892,1591,CASUAL
942,7651,2927,CASUAL
943,8080,1234,CASUAL
944,2191,4873,DISTANT
945,1253,8989,DISTANT
946,4219,5248,CLOSE
947,4351,9238,DISTANT
948,4446,3641,CASUAL
949,1951,7596,DISTANT
950,6292,6576,DISTANT
951,9798,9388,CLOSE
952,6797,8170,DISTANT
953,7271,5397,DISTANT
954,4716,7792,CLOSE
955,3642,9666,CASUAL
956,5434,2615,CASUAL
957,9733,9221,DISTANT
958,4718,5032,CLOSE
959,2985,6333,CLOSE
960,3378,4969,CASUAL
961,3289,124,CLOSE
962,1023,8228,CASUAL
963,8413,3782,CLOSE
964,3029,6491,CLOSE
965,9966,1315,CLOSE
966,1645,7779,CASUAL
967,538,3688,DISTANT
968,61,6448,CASUAL
969,3439,8634,CLOSE
970,1716,8387,CASUAL
971,6779,8386,CASUAL
972,4012,4187,DISTANT
973,9628,7370,CLOSE
974,2385,1479,DISTANT
975,4408,4455,CASUAL
976,7092,2406,CLOSE
977,8603,6589,DISTANT
978,9007,5684,CASUAL
979,4249,1500,CLOSE
980,1715,1059,DISTANT
981,4084,6301,CASUAL
982,2451,4282,DISTANT
983,3742,3736,DISTANT
984,6521,3589,CASUAL
985,1747,4773,CLOSE
986,3903,9906,DISTANT
987,608,5499,CASUAL
988,6687,4354,CASUAL
989,9921,5213,CASUAL
990,1710,797,DISTANT
991,7500,9300,CASUAL
992,7318,669,CASUAL
993,4068,5228,CASUAL
994,8611,5303,CASUAL
995,8023,9540,CASUAL
996,6791,2827,DISTANT
997,727,4278,CASUAL
998,9748,8069,DISTANT
999,5120,7807,CASUAL
1000,3098,4572,CASUAL
1001,3541,6134,CASUAL
1002,7387,6086,CASUAL
1003,5469,6433,CLOSE
1004,1180,788,CASUAL
1005,3955,9094,CASUAL
1006,1700,1326,CASUAL
1007,1066,4218,CASUAL
1008,9108,9126,CLOSE
1009,7387,4251,CLOSE
1010,7977,8150,DISTANT
1011,731,1189,CLOSE
1012,4756,4600,CASUAL
1013,8297,7171,CLOSE
1014,4628,8665,CLOSE
1015,5386,331,DISTANT
1016,3580,7997,DISTANT
1017,8294,5068,CASUAL
1018,3753,6953,CASUAL
1019,7091,4033,CASUAL
1020,4212,8628,CLOSE
1021,6606,9793,CASUAL
1022,931,8903,DISTANT
1023,9681,3751,CASUAL
1024,2935,7228,CLOSE
1025,9214,4904,CLOSE
1026,5861,6075,CLOSE
1027,885,2359,DISTANT
1028,2904,222,DISTANT
1029,6814,5493,CLOSE
1030,2520,7249,CASUAL
1031,5347,4505,CASUAL
1032,5103,4843,DISTANT
1033,76,6188,CASUAL
1034,5677,8278,DISTANT
1035,8869,4487,DISTANT
1036,985,8694,CLOSE
1037,6326,9756,DISTANT
1038,8575,6213,DISTANT
1039,5286,7542,DISTANT
1040,4499,2836,CASUAL
1041,7650,7179,CLOSE
1042,6781,6782,CASUAL
1043,261,445,DISTANT
1044,5149,5292,CASUAL
1045,6061,5690,CLOSE
1046,1885,250,CLOSE
1047,9072,2708,DISTANT
1048,4846,5243,DISTANT
1049,1318,1393,DISTANT
1050,846,3134,DISTANT
1051,7916,4433,DISTANT
1052,4840,3629,DISTANT
1053,2359,709,CLOSE
1054,2468,1169,DISTANT
1055,3614,9909,DISTANT
1056,4066,8116,CLOSE
1057,3391,8170,DISTANT
1058,9114,196,CASUAL
1059,2064,9568,DISTANT
1060,6049,2787,CASUAL
1061,5702,618,DISTANT
1062,4898,2485,CLOSE
1063,3290,8025,CLOSE
1064,9665,8455,CLOSE
1065,4052,1405,CLOSE
1066,250,3614,CLOSE
1067,4461,8250,DISTANT
1068,2548,7225,DISTANT
1069,1832,4540,CASUAL
1070,2614,840,CASUAL
1071,3032,1254,DISTANT
1072,3575,9351,CASUAL
1073,3559,443,CLOSE
1074,361,8165,DISTANT
1075,3892,3985,CLOSE
1076,7097,6026,CASUAL
1077,8919,7287,DISTANT
1078,7501,8258,CLOSE
1079,6725,3744,DISTANT
1080,1710,2388,CLOSE
1081,6688,6753,CASUAL
1082,3628,665,CLOSE
1083,5176,9235,CASUAL
1084,8959,6132,CASUAL
1085,1027,6907,CLOSE
1086,4227,5126,CLOSE
1087,6191,1058,CASUAL
1088,2773,8402,CASUAL
1089,4495,2195,CASUAL
1090,7252,9618,CLOSE
1091,4552,6336,CLOSE
1092,2905,6104,DISTANT
1093,2197,833,DISTANT
1094,1414,9639,CASUAL
1095,5617,1636,DISTANT
1096,3583,688,DISTANT
1097,7516,5057,CLOSE
1098,3852,5498,CLOSE
1099,2798,8212,CASUAL
1100,863,7965,DISTANT
1101,2150,8146,DISTANT
1102,9289,1224,CASUAL
1103,3220,4522,CASUAL
1104,7710,6927,DISTANT
1105,8570,305,DISTANT
1106,2670,7986,CLOSE
1107,1164,4325,DISTANT
1108,6699,1504,CASUAL
1109,7454,1589,CASUAL
1110,2693,9644,DISTANT
1111,9309,638,CLOSE
1112,6517,5638,CLOSE
1113,5312,2739,CLOSE
1114,7112,1088,CLOSE
1115,1138,5804,DISTANT
1116,287,6329,CASUAL
1117,2686,1007,DISTANT
1118,1302,9172,CASUAL
1119,7532,3642,CASUAL
1120,2362,2223,CASUAL
1121,762,9611,DISTANT
1122,3540,6605,CASUAL
1123,8957,7485,CASUAL
1124,5824,4882,CASUAL
1125,7581,7789,CASUAL
1126,2145,1641,DISTANT
1127,3663,2084,DISTANT
1128,8844,1979,CLOSE
1129,5843,846,CASUAL
1130,4922,2487,CLOSE
1131,3685,2395,CLOSE
1132,8037,9382,CLOSE
1133,3301,9079,CASUAL
1134,1609,1380,CLOSE
1135,1017,7013,CLOSE
1136,4058,3160,CLOSE
1137,1244,8069,CLOSE
1138,838,2649,CASUAL
1139,9894,224,CLOSE
1140,1325,7466,DISTANT
1141,3716,3860,CLOSE
1142,8696,6799,CLOSE
1143,5781,524,CASUAL
1144,5944,2561,DISTANT
1145,7268,5646,CASUAL
1146,8011,7894,CLOSE
1147,8292,4461,DISTANT
1148,3980,1363,CASUAL
1149,6041,1825,CLOSE
1150,5872,4654,DISTANT
1151,9259,7881,DISTANT
1152,6707,9643,DISTANT
1153,5937,1236,CASUAL
1154,1682,8012,CLOSE
1155,6056,9188,CLOSE
1156,3892,3228,CLOSE
1157,1976,411,DISTANT
1158,3909,1124,CASUAL
1159,9789,7318,CLOSE
1160,3113,7202,CLOSE
1161,8331,5854,CASUAL
1162,2905,6503,CLOSE
1163,1078,4206,CLOSE
1164,3361,6580,CASUAL
1165,4735,4666,CLOSE
1166,7458,8408,CASUAL
1167,3072,916,DISTANT
1168,2716,3929,CASUAL
1169,4725,1738,DISTANT
1170,8556,516,DISTANT
1171,3115,3839,DISTANT
1172,3998,7132,CASUAL
1173,7299,776,CASUAL
1174,1492,9331,CASUAL
1175,1313,444,CASUAL
1176,9131,9342,DISTANT
1177,9830,8978,CASUAL
1178,5529,3167,CASUAL
1179,9999,5761,CLOSE
1180,2813,667,CASUAL
1181,9814,1257,DISTANT
1182,934,7877,CASUAL
1183,5269,3412,DISTANT
1184,9833,6249,DISTANT
1185,6098,9141,DISTANT
1186,9507,3761,CLOSE
1187,7204,1641,CASUAL
1188,8870,9889,DISTANT
1189,2629,8204,CLOSE
1190,6496,2379,CLOSE
1191,5169,256,CASUAL
1192,8995,795,DISTANT
1193,5992,6168,DISTANT
1194,499,9401,CLOSE
1195,8723,2912,CLOSE
1196,9283,5137,DISTANT
1197,4582,3827,CLOSE
1198,517,9658,CLOSE
1199,4089,7371,CLOSE
1200,167,8454,CASUAL
1201,5325,8018,CLOSE
1202,453,6185,CASUAL
1203,5627,6881,CLOSE
1204,4124,2063,DISTANT
1205,3292,1683,DISTANT
1206,6873,9040,CLOSE
1207,7711,7502,CASUAL
1208,1436,7381,DISTANT
1209,2933,2256,CLOSE
1210,1683,3038,CLOSE
1211,981,5319,CASUAL
1212,6873,5137,DISTANT
1213,8211,6672,DISTANT
1214,2620,4500,CASUAL
1215,5347,6493,CLOSE
1216,666,7596,CLOSE
1217,1373,3442,CASUAL
1218,6492,5697,CASUAL
1219,493,76,CASUAL
1220,8318,9280,DISTANT
1221,2583,2964,CLOSE
1222,353,3789,CLOSE
1223,8702,8029,DISTANT
1224,2625,14,DISTANT
1225,2872,3848,CASUAL
1226,9868,1800,DISTANT
1227,7878,5666,CASUAL
1228,3159,7618,DISTANT
1229,2680,1999,DISTANT
1230,8177,6975,CASUAL
1231,7458,9429,CLOSE
1232,701,3909,CASUAL
1233,8420,6437,CLOSE
1234,6722,209,CLOSE
1235,2214,5176,CASUAL
1236,6429,274,CLOSE
1237,4495,3908,CLOSE
1238,2352,6231,CASUAL
1239,9824,6253,CASUAL
1240,5661,1690,CLOSE
1241,3037,1620,CASUAL
1242,3588,3246,CASUAL
1243,9490,5810,DISTANT
1244,1928,8268,DISTANT
1245,6598,734,CLOSE
1246,9972,2940,CASUAL
1247,2321,7275,DISTANT
1248,9359,257,DISTANT
1249,3226,5402,DISTANT
1250,9522,6328,DISTANT
1251,8617,2621,DISTANT
1252,4065,2661,CLOSE
1253,3368,7021,CLOSE
1254,7992,5177,DISTANT
1255,3073,241,CASUAL
1256,1706,7991,CASUAL
1257,2363,2400,CLOSE
1258,6987,6915,DISTANT
1259,1025,997,CASUAL
1260,754,9372,CASUAL
1261,5227,3797,CLOSE
1262,8114,3816,CLOSE
1263,1098,9455,CASUAL
1264,9667,9261,DISTANT
1265,2530,4031,CLOSE
1266,21,7039,DISTANT
1267,6980,1749,CLOSE
1268,6541,2346,CASUAL
1269,1108,6954,DISTANT
1270,3765,2670,CLOSE
1271,2909,8177,CLOSE
1272,4990,5667,CASUAL
1273,5820,4196,DISTANT
1274,137,7958,DISTANT
1275,6481,168,DISTANT
1276,2578,930,DISTANT
1277,7397,4055,DISTANT
1278,8647,3784,CLOSE
1279,3880,6852,DISTANT
1280,7533,4530,CLOSE
1281,2533,5356,CASUAL
1282,8583,8879,CLOSE
1283,2757,7669,DISTANT
1284,8142,2192,CLOSE
1285,7357,5802,DISTANT
1286,8610,8595,DISTANT
1287,7420,5209,DISTANT
1288,12,3969,CASUAL
1289,345,395,CASUAL
1290,5217,7715,CLOSE
1291,9385,4051,CLOSE
1292,451,5822,CLOSE
1293,9923,2016,CLOSE
1294,4605,1767,DISTANT
1295,5578,2010,DISTANT
1296,9540,5327,CASUAL
1297,6442,42,DISTANT
1298,9431,453,CLOSE
1299,9445,4561,CLOSE
1300,9464,9401,DISTANT
1301,6358,5684,CLOSE
1302,5297,604,CLOSE
1303,8347,4662,CLOSE
1304,4110,5559,CASUAL
1305,4355,8796,DISTANT
1306,7627,1624,DISTANT
1307,8541,9959,CASUAL
1308,2698,4347,DISTANT
1309,4261,5148,CASUAL
1310,5355,7163,DISTANT
1311,5004,7101,CASUAL
1312,818,7260,DISTANT
1313,9554,6676,CASUAL
1314,201,5972,CASUAL
1315,7387,1737,CASUAL
1316,2277,6924,DISTANT
1317,4413,6298,CASUAL
1318,2801,8742,CASUAL
1319,745,2827,CASUAL
1320,437,5362,CASUAL
1321,7149,3719,CLOSE
1322,8804,4853,DISTANT
1323,5319,4840,CASUAL
1324,5611,928,CLOSE
1325,8151,1047,DISTANT
1326,4241,3539,CLOSE
1327,182,9435,CLOSE
1328,9333,6004,CLOSE
1329,6166,666,CASUAL
1330,5120,2427,CASUAL
1331,8800,5751,CLOSE
1332,4322,4580,CASUAL
1333,4014,4744,DISTANT
1334,4372,3578,DISTANT
1335,338,1933,CASUAL
1336,6790,8684,CASUAL
1337,8482,9087,CASUAL
1338,7342,1960,DISTANT
1339,2089,7035,CASUAL
1340,2902,8800,DISTANT
1341,3156,9345,DISTANT
1342,9632,313,DISTANT
1343,2629,7602,DISTANT
1344,8690,3737,CLOSE
1345,8873,573,DISTANT
1346,8621,7651,CLOSE
1347,4125,3799,CASUAL
1348,4270,8646,DISTANT
1349,9526,3260,CASUAL
1350,5716,7995,CASUAL
1351,6858,3737,DISTANT
1352,6703,1201,DISTANT
1353,2919,8291,CLOSE
1354,3407,7082,DISTANT
1355,9035,698,CASUAL
1356,189,4010,DISTANT
1357,9962,7924,CASUAL
1358,796,1684,CASUAL
1359,6712,8796,DISTANT
1360,2566,5145,CASUAL
1361,3715,2499,CASUAL
1362,2005,941,CLOSE
1363,5342,8573,CLOSE
1364,6002,4497,CASUAL
1365,2569,1687,CLOSE
1366,3197,2726,CASUAL
1367,1350,5699,DISTANT
1368,6319,1948,DISTANT
1369,8381,5939,CASUAL
1370,9704,5337,CASUAL
1371,1069,9350,CLOSE
1372,2377,7498,CLOSE
1373,7216,1136,CASUAL
1374,7584,1618,DISTANT
1375,330,5684,CLOSE
1376,8229,2106,DISTANT
1377,1915,811,DISTANT
1378,6162,9812,DISTANT
1379,3357,8589,CASUAL
1380,4749,2443,CLOSE
1381,404,3254,DISTANT
1382,1810,1857,DISTANT
1383,8246,3220,CASUAL
1384,434,157,CASUAL
1385,5395,6641,CLOSE
1386,9574,2461,CLOSE
1387,2763,6612,CASUAL
1388,1082,4622,CASUAL
1389,8885,6960,CASUAL
1390,9223,3979,DISTANT
1391,5613,1427,CASUAL
1392,1933,202,CLOSE
1393,3115,3459,CLOSE
1394,2838,2782,CASUAL
1395,1633,3623,CASUAL
1396,5509,2749,DISTANT
1397,1136,4113,CASUAL
1398,7804,8886,CASUAL
1399,852,2108,CLOSE
1400,5646,9221,DISTANT
1401,7147,4707,CASUAL
1402,9982,3461,DISTANT
1403,5291,4078,CLOSE
1404,1875,8264,CASUAL
1405,2815,337,DISTANT
1406,8312,5978,CLOSE
1407,9639,5441,CASUAL
1408,4671,1653,CLOSE
1409,4764,3931,DISTANT
1410,7356,8840,DISTANT
1411,7782,1534,CLOSE
1412,1967,6660,DISTANT
1413,4490,1962,CLOSE
1414,1644,641,CLOSE
1415,882,9091,DISTANT
1416,8251,4221,CLOSE
1417,2432,6004,DISTANT
1418,8947,864,CASUAL
1419,4853,7694,CLOSE
1420,2596,4156,DISTANT
1421,5977,5914,CLOSE
1422,3558,8599,CLOSE
1423,2655,7070,CASUAL
1424,5895,6713,CLOSE
1425,212,4928,CASUAL
1426,3604,4023,CLOSE
1427,1815,300,CASUAL
1428,6108,7214,DISTANT
1429,1391,9965,CASUAL
1430,3992,5390,CASUAL
1431,2808,3154,CASUAL
1432,7734,382,CASUAL
1433,9420,493,DISTANT
1434,4932,5822,DISTANT
1435,4074,1611,CASUAL
1436,715,2575,CLOSE
1437,6242,5353,DISTANT
1438,7308,7036,CLOSE
1439,4775,1577,DISTANT
1440,3397,7138,DISTANT
1441,6363,9932,CASUAL
1442,8567,5154,CLOSE
1443,6195,8536,DISTANT
1444,3697,118,CLOSE
1445,3674,3933,CLOSE
1446,4284,6010,CASUAL
1447,6825,4039,DISTANT
1448,8000,1534,CASUAL
1449,4131,5305,DISTANT
1450,7367,5544,CASUAL
1451,3441,8076,CLOSE
1452,9319,3593,CASUAL
1453,1205,449,DISTANT
1454,5226,8521,CLOSE
1455,6532,1108,CASUAL
1456,4793,4618,CASUAL
1457,3379,7133,CASUAL
1458,3741,7397,CLOSE
1459,5693,8565,CLOSE
1460,9432,4251,DISTANT
1461,1139,9874,CLOSE
1462,4644,7859,CLOSE
1463,5447,6284,DISTANT
1464,7422,9697,DISTANT
1465,9373,1970,DISTANT
1466,8762,2741,CLOSE
1467,5603,7253,DISTANT
1468,2543,7138,DISTANT
1469,6671,6405,DISTANT
1470,9900,6855,DISTANT
1471,3412,5988,CASUAL
1472,8929,1746,CLOSE
1473,198,8429,CASUAL
1474,3260,5630,CLOSE
1475,2131,5992,DISTANT
1476,8114,9603,DISTANT
1477,4002,8816,CASUAL
1478,8350,505,DISTANT
1479,2866,164,CLOSE
1480,5714,5337,CASUAL
1481,9403,419,CASUAL
1482,8596,4925,CASUAL
1483,6165,5404,CLOSE
1484,1113,2131,CASUAL
1485,4215,9534,CLOSE
1486,242,4266,DISTANT
1487,9521,3211,CLOSE
1488,7502,2095,CASUAL
1489,2359,1767,DISTANT
1490,9221,6893,CASUAL
1491,7465,2481,DISTANT
1492,5790,181,CLOSE
1493,6054,4311,DISTANT
1494,1463,9078,CASUAL
1495,6509,8155,DISTANT
1496,4356,1576,CLOSE
1497,7239,1129,DISTANT
1498,7444,3031,CLOSE
1499,2223,8680,CLOSE
1500,5736,1873,CLOSE
1501,9384,3817,CASUAL
1502,7527,147,CLOSE
1503,432,807,CLOSE
1504,8248,4094,DISTANT
1505,7281,7390,CASUAL
1506,8279,1549,DISTANT
1507,5662,7083,DISTANT
1508,6260,7147,CLOSE
1509,4559,2871,DISTANT
1510,2426,2722,DISTANT
1511,5498,9588,CASUAL
1512,3769,7102,DISTANT
1513,678,1611,CASUAL
1514,3558,3182,DISTANT
1515,6884,9747,CASUAL
1516,9253,5758,CLOSE
1517,145,2160,DISTANT
1518,1061,3242,CLOSE
1519,6184,2203,DISTANT
1520,2333,2390,CLOSE
1521,9851,2944,CLOSE
1522,7025,6327,CLOSE
1523,3100,239,CLOSE
1524,3606,9367,CASUAL
1525,5157,6553,DISTANT
1526,8311,2586,CLOSE
1527,4889,670,CASUAL
1528,3195,2100,CASUAL
1529,1196,6003,CLOSE
1530,587,1283,CASUAL
1531,9917,3048,CLOSE
1532,4234,5928,CLOSE
1533,1129,3208,CASUAL
1534,2822,1447,CLOSE
1535,2167,3993,DISTANT
1536,9725,9985,DISTANT
1537,3283,5980,CLOSE
1538,5013,6292,CASUAL
1539,5814,5441,DISTANT
1540,2281,9918,DISTANT
1541,7612,5917,DISTANT
1542,8554,9007,CLOSE
1543,2906,4255,CASUAL
1544,7342,9438,CASUAL
1545,3058,5736,DISTANT
1546,3929,8229,CLOSE
1547,9056,7743,CASUAL
1548,1484,9623,DISTANT
1549,7147,8266,DISTANT
1550,52,7771,DISTANT
1551,7754,1145,CASUAL
1552,5035,8570,CLOSE
1553,1729,3405,CASUAL
1554,7245,4965,DISTANT
1555,1662,770,CLOSE
1556,7049,5708,DISTANT
1557,9957,5965,CLOSE
1558,8119,8552,CLOSE
1559,2645,9463,DISTANT
1560,4850,3597,CLOSE
1561,3146,2625,CASUAL
1562,6711,2811,CLOSE
1563,1708,3744,DISTANT
1564,2197,201,DISTANT
1565,9906,4554,CASUAL
1566,5040,8382,CLOSE
1567,4056,5219,DISTANT
1568,8396,2161,DISTANT
1569,4810,4982,DISTANT
1570,8180,8614,CLOSE
1571,8348,6260,CASUAL
1572,1592,7252,DISTANT
1573,8579,9234,CLOSE
1574,1978,3879,CLOSE
1575,806,2772,CASUAL
1576,6438,5712,CASUAL
1577,3451,5111,CASUAL
1578,4408,6651,DISTANT
1579,8839,2422,CLOSE
1580,6681,1696,CLOSE
1581,3508,7354,DISTANT
1582,7656,7450,CLOSE
1583,4043,9043,DISTANT
1584,1408,9785,CASUAL
1585,7286,5950,CLOSE
1586,6282,9774,CASUAL
1587,3196,116,CLOSE
1588,7498,9139,CASUAL
1589,6778,5570,DISTANT
1590,6015,2410,DISTANT
1591,2184,7528,CLOSE
1592,5235,1444,CLOSE
1593,3395,2250,DISTANT
1594,1224,4514,CLOSE
1595,2088,983,CASUAL
1596,2435,6035,CASUAL
1597,3002,8893,CASUAL
1598,981,3054,CASUAL
1599,3298,9706,DISTANT
1600,2029,9132,CLOSE
1601,8278,6283,CASUAL
1602,9024,1788,CLOSE
1603,7389,2820,CLOSE
1604,8907,3372,CASUAL
1605,9118,149,CLOSE
1606,437,759,CASUAL
1607,1905,9613,CASUAL
1608,2080,692,CLOSE
1609,6514,2540,DISTANT
1610,1018,7111,DISTANT
1611,1171,3087,CASUAL
1612,9106,719,DISTANT
1613,5406,1104,CASUAL
1614,8619,1740,CLOSE
1615,7393,1015,DISTANT
1616,669,1090,CLOSE
1617,3329,7976,DISTANT
1618,1169,5959,CLOSE
1619,1239,5745,CASUAL
1620,7446,6369,CLOSE
1621,5310,6495,CASUAL
1622,4478,8740,CASUAL
1623,1449,8260,CLOSE
1624,2206,768,CLOSE
1625,5074,6517,CLOSE
1626,3643,8748,DISTANT
1627,326,3305,DISTANT
1628,224,8511,DISTANT
1629,7034,4525,DISTANT
1630,2201,6905,CLOSE
1631,7414,7851,CASUAL
1632,6802,343,CASUAL
1633,8173,3663,DISTANT
1634,9333,1917,DISTANT
1635,7203,407,CASUAL
1636,5910,2105,CASUAL
1637,8065,1016,CLOSE
1638,8060,8679,DISTANT
1639,1553,7207,CASUAL
1640,5912,1334,CASUAL
1641,9409,5658,CLOSE
1642,388,4989,CLOSE
1643,2711,8293,CASUAL
1644,6756,7436,CLOSE
1645,2232,1649,DISTANT
1646,7433,3411,DISTANT
1647,9189,7839,DISTANT
1648,4351,4186,CLOSE
1649,7310,3800,DISTANT
1650,7594,5652,DISTANT
1651,6627,5041,CASUAL
1652,7227,9289,CLOSE
1653,2957,7290,CLOSE
1654,3487,8282,DISTANT
1655,2036,2927,CASUAL
1656,3580,379,DISTANT
1657,6701,6070,CLOSE
1658,1479,3483,CLOSE
1659,9076,9152,CASUAL
1660,5676,1858,DISTANT
1661,8911,6570,DISTANT
1662,4897,5025,DISTANT
1663,2959,3627,DISTANT
1664,1901,8755,CLOSE
1665,7241,4410,DISTANT
1666,3171,240,CASUAL
1667,8612,7228,DISTANT
1668,3948,1540,CASUAL
1669,8842,8831,CLOSE
1670,236,7426,DISTANT
1671,9868,4062,CLOSE
1672,5663,4021,DISTANT
1673,9515,8732,CASUAL
1674,9942,4401,DISTANT
1675,4488,2694,DISTANT
1676,142,7269,CASUAL
1677,8948,3456,CASUAL
1678,2347,4774,DISTANT
1679,8245,8808,DISTANT
1680,9979,9291,CASUAL
1681,9560,5348,DISTANT
1682,5204,7822,CASUAL
1683,6885,403,DISTANT
1684,8038,4584,DISTANT
1685,7116,321,CASUAL
1686,2771,542,CASUAL
1687,9485,2991,CASUAL
1688,3246,4548,DISTANT
1689,6090,2734,CLOSE
1690,443,8235,CLOSE
1691,1267,7412,CLOSE
1692,1895,443,CASUAL
1693,365,1828,DISTANT
1694,2954,1923,CLOSE
1695,2838,5131,DISTANT
1696,2829,2767,CLOSE
1697,5236,7838,DISTANT
1698,8353,5131,DISTANT
1699,6512,3431,DISTANT
1700,1369,5041,CLOSE
1701,2668,3093,CLOSE
1702,50,4552,CLOSE
1703,1792,8918,CLOSE
1704,6314,4474,DISTANT
1705,5451,5786,DISTANT
1706,7015,270,CLOSE
1707,8420,8402,CASUAL
1708,7062,8677,CASUAL
1709,3022,5856,CASUAL
1710,7501,5469,CASUAL
1711,6745,7676,CASUAL
1712,7470,1090,DISTANT
1713,3269,6345,CASUAL
1714,9434,6394,DISTANT
1715,8539,7428,CLOSE
1716,8380,40,CLOSE
1717,7396,7537,DISTANT
1718,4217,4477,DISTANT
1719,442,6325,CLOSE
1720,4850,9598,DISTANT
1721,4404,6912,CLOSE
1722,4996,6868,CASUAL
1723,3694,4908,DISTANT
1724,5238,5095,DISTANT
1725,5166,7241,CLOSE
1726,5907,7032,CLOSE
1727,3332,1580,CASUAL
1728,6562,3676,CLOSE
1729,383,5277,CASUAL
1730,4548,829,DISTANT
1731,9030,6092,DISTANT
1732,1349,6511,CASUAL
1733,7523,4122,DISTANT
1734,9961,602,CLOSE
1735,8987,6287,CLOSE
1736,4707,2487,CLOSE
1737,1011,6323,CASUAL
1738,2643,3156,CASUAL
1739,9619,367,DISTANT
1740,7538,9693,DISTANT
1741,5162,6893,CASUAL
1742,6547,2290,DISTANT
1743,7460,9683,CASUAL
1744,3973,1816,CASUAL
1745,3379,1678,DISTANT
1746,5196,5193,CLOSE
1747,9254,47,CLOSE
1748,8733,6074,CASUAL
1749,5493,9834,CLOSE
1750,1638,2327,CLOSE
1751,4518,1721,DISTANT
1752,524,6572,DISTANT
1753,5932,911,CLOSE
1754,2581,5070,CLOSE
1755,152,1162,CASUAL
1756,7395,3167,DISTANT
1757,1148,2947,CASUAL
1758,35,2157,CASUAL
1759,5972,1398,DISTANT
1760,5303,721,DISTANT
1761,304,347,CLOSE
1762,6041,2417,CASUAL
1763,7796,9322,CLOSE
1764,9869,5271,CLOSE
1765,6232,3384,CASUAL
1766,7757,9163,DISTANT
1767,9102,709,CASUAL
1768,1733,4393,CLOSE
1769,2572,636,DISTANT
1770,2383,5155,CLOSE
1771,6434,3601,CASUAL
1772,1793,210,CASUAL
1773,432,2577,CASUAL
1774,5900,3749,DISTANT
1775,5472,4345,CASUAL
1776,8169,5221,CASUAL
1777,6404,5539,CLOSE
1778,1597,5972,CLOSE
1779,8171,5274,DISTANT
1780,8512,9611,CASUAL
1781,6384,9298,CLOSE
1782,4493,5317,CLOSE
1783,4635,9983,CLOSE
1784,1858,3356,CLOSE
1785,9180,8378,DISTANT
1786,9356,2067,DISTANT
1787,82,9962,CASUAL
1788,6017,2641,CASUAL
1789,6454,6501,CLOSE
1790,422,2975,DISTANT
1791,8723,219,CASUAL
1792,1355,5543,CLOSE
1793,7172,9030,CASUAL
1794,5526,9770,CASUAL
1795,3576,7896,CLOSE
1796,4135,637,CASUAL
1797,6090,196,CLOSE
1798,8373,1781,DISTANT
1799,9143,501,CLOSE
1800,536,20,CLOSE
1801,2225,8887,DISTANT
1802,9793,6522,DISTANT
1803,2621,9193,DISTANT
1804,6249,1296,CASUAL
1805,3843,5522,DISTANT
1806,6930,4989,DISTANT
1807,7989,534,CASUAL
1808,2724,6933,CASUAL
1809,3623,9661,CLOSE
1810,9935,5976,DISTANT
1811,4129,946,CASUAL
1812,7279,8724,CLOSE
1813,6092,1059,CASUAL
1814,1029,4211,DISTANT
1815,6887,5118,CASUAL
1816,1384,5590,CLOSE
1817,184,2179,CLOSE
1818,4690,6008,CLOSE
1819,6819,2799,CASUAL
1820,9981,8215,CASUAL
1821,8020,7376,CLOSE
1822,8936,9611,CLOSE
1823,5453,3759,CLOSE
1824,8888,1571,DISTANT
1825,4578,2306,DISTANT
1826,1922,7160,DISTANT
1827,7844,5405,CASUAL
1828,1459,2214,CASUAL
1829,3761,1248,CASUAL
1830,2443,5352,CASUAL
1831,2598,49,DISTANT
1832,5668,6061,CASUAL
1833,2442,9869,CLOSE
1834,9464,8021,DISTANT
1835,4463,4459,DISTANT
1836,1907,5311,CLOSE
1837,1978,1329,DISTANT
1838,5733,6099,DISTANT
1839,2230,1688,DISTANT
1840,5909,2574,DISTANT
1841,3622,2578,DISTANT
1842,1694,2390,CLOSE
1843,3521,6647,CASUAL
1844,9611,9358,CLOSE
1845,6077,3155,CLOSE
1846,3824,9269,DISTANT
1847,3677,6909,CLOSE
1848,9760,3430,DISTANT
1849,4313,9485,DISTANT
1850,6682,852,CASUAL
1851,1522,8390,CASUAL
1852,11,1665,CASUAL
1853,9862,129,CLOSE
1854,1220,9882,CLOSE
1855,5211,1100,CASUAL
1856,9446,2446,CASUAL
1857,2581,7043,CLOSE
1858,9170,2965,CASUAL
1859,2463,5739,CASUAL
1860,6045,1062,DISTANT
1861,7593,5568,DISTANT
1862,7615,7321,CLOSE
1863,4811,3525,CASUAL
1864,2423,2894,DISTANT
1865,2283,1796,CASUAL
1866,7205,1455,CASUAL
1867,9576,695,CLOSE
1868,7298,8012,CLOSE
1869,5135,5188,CLOSE
1870,6664,4587,CLOSE
1871,4123,3457,CLOSE
1872,3057,6507,DISTANT
1873,2469,6965,CLOSE
1874,3615,4159,CLOSE
1875,5916,744,DISTANT
1876,5981,48,CLOSE
1877,4480,7280,CASUAL
1878,5843,2690,DISTANT
1879,3704,7988,DISTANT
1880,8092,185,CLOSE
1881,673,2501,DISTANT
1882,4251,8881,DISTANT
1883,3374,5257,CASUAL
1884,4933,4899,CASUAL
1885,2022,6622,CLOSE
1886,5797,831,CASUAL
1887,2584,8058,CASUAL
1888,9005,7347,CASUAL
1889,453,3087,CLOSE
1890,1508,3965,CLOSE
1891,6031,417,CLOSE
1892,7183,4797,DISTANT
1893,4599,9057,CLOSE
1894,7714,2259,CASUAL
1895,1954,9633,CASUAL
1896,806,3159,DISTANT
1897,6843,8510,DISTANT
1898,5438,7654,CASUAL
1899,8723,721,CLOSE
1900,5097,4647,DISTANT
1901,3101,9103,CLOSE
1902,6503,9251,DISTANT
1903,7910,4472,CLOSE
1904,1967,1105,CASUAL
1905,5407,2080,CLOSE
1906,4013,1914,DISTANT
1907,9350,5973,CLOSE
1908,7159,8056,DISTANT
1909,9670,3201,DISTANT
1910,2427,2675,CASUAL
1911,1845,7095,DISTANT
1912,2299,2169,DISTANT
1913,9486,7758,DISTANT
1914,4694,993,DISTANT
1915,7822,6137,DISTANT
1916,9087,1061,DISTANT
1917,3257,2765,CLOSE
1918,3839,4037,CLOSE
1919,5577,8774,CASUAL
1920,1752,5419,DISTANT
1921,8046,5950,DISTANT
1922,575,3203,CASUAL
1923,5415,3608,CASUAL
1924,7988,2932,CASUAL
1925,4630,860,DISTANT
1926,4481,6412,CASUAL
1927,283,4081,CLOSE
1928,4705,8238,DISTANT
1929,9221,9067,CASUAL
1930,5878,1436,CASUAL
1931,8704,2247,CLOSE
1932,4506,1422,DISTANT
1933,2075,4899,CASUAL
1934,3901,2546,CLOSE
1935,4088,8085,DISTANT
1936,1901,231,CASUAL
1937,8094,5844,CLOSE
1938,8475,3618,CASUAL
1939,1104,6101,CASUAL
1940,6572,7766,CASUAL
1941,5803,5135,CLOSE
1942,551,9356,CLOSE
1943,7228,6493,CLOSE
1944,3871,2736,DISTANT
1945,5895,1194,CASUAL
1946,3194,1431,DISTANT
1947,364,7892,CLOSE
1948,5920,3085,DISTANT
1949,7364,7990,DISTANT
1950,4598,1321,DISTANT
1951,6487,527,CASUAL
1952,7330,7910,CLOSE
1953,5730,6558,DISTANT
1954,8472,9661,CASUAL
1955,1993,9925,CLOSE
1956,9526,754,DISTANT
1957,6520,4052,CASUAL
1958,2320,7964,CLOSE
1959,771,7380,CASUAL
1960,2896,5721,CASUAL
1961,9521,6351,CLOSE
1962,6858,1316,DISTANT
1963,4352,4816,CLOSE
1964,6234,616,CASUAL
1965,3609,838,CASUAL
1966,6294,5907,CASUAL
1967,1694,3432,DISTANT
1968,6418,1863,DISTANT
1969,8116,3127,CLOSE
1970,7564,388,DISTANT
1971,4689,8064,CASUAL
1972,3956,7736,DISTANT
1973,3183,4112,CASUAL
1974,3488,8622,CLOSE
1975,1196,7374,CASUAL
1976,1745,6569,DISTANT
1977,4040,3610,CASUAL
1978,4827,8061,CASUAL
1979,3004,2818,CASUAL
1980,897,5653,CLOSE
1981,1943,2661,CASUAL
1982,3331,4339,DISTANT
1983,9975,2778,CASUAL
1984,3605,9524,DISTANT
1985,592,5225,CASUAL
1986,9257,9539,CLOSE
1987,8427,6692,CASUAL
1988,5732,6593,CASUAL
1989,5982,3062,DISTANT
1990,2516,5174,DISTANT
1991,7184,6942,DISTANT
1992,8208,3365,DISTANT
1993,5116,9773,DISTANT
1994,1788,871,CLOSE
1995,2010,657,CASUAL
1996,4946,2771,CLOSE
1997,1453,7293,DISTANT
1998,5972,2990,DISTANT
1999,1561,1669,CLOSE
2000,2438,6291,CASUAL
2001,4732,5045,CLOSE
2002,3859,5873,DISTANT
2003,9637,5823,DISTANT
2004,7003,9568,CLOSE
2005,7395,8361,CASUAL
2006,2965,642,CASUAL
2007,6473,1228,CLOSE
2008,3463,5312,DISTANT
2009,556,5952,DISTANT
2010,8944,2215,CLOSE
2011,5362,7737,CASUAL
2012,1229,7552,CLOSE
2013,9961,829,DISTANT
2014,2123,3654,DISTANT
2015,85,4768,CASUAL
2016,1755,4011,CASUAL
2017,833,2909,DISTANT
2018,2761,7943,CLOSE
2019,4825,5090,DISTANT
2020,5785,8320,CLOSE
2021,365,105,CASUAL
2022,6023,8760,CLOSE
2023,7001,2405,CLOSE
2024,1128,955,CLOSE
2025,5909,2662,DISTANT
2026,8499,3770,DISTANT
2027,9270,8085,CASUAL
2028,5609,4348,CLOSE
2029,9859,5024,CLOSE
2030,6761,9161,CASUAL
2031,2349,6514,CLOSE
2032,6656,517,CASUAL
2033,1979,8847,CASUAL
2034,2237,8592,CASUAL
2035,9120,9196,DISTANT
2036,2310,2842,DISTANT
2037,9825,7598,DISTANT
2038,2956,7274,CASUAL
2039,2065,8450,CASUAL
2040,348,7433,DISTANT
2041,6077,3942,CLOSE
2042,1479,1287,CASUAL
2043,1402,8031,CLOSE
2044,9984,446,DISTANT
2045,8595,9499,CASUAL
2046,3390,7187,DISTANT
2047,1100,4940,CASUAL
2048,446,1386,CASUAL
2049,6345,966,CLOSE
2050,6012,8873,CLOSE
2051,6176,5717,CASUAL
2052,4856,1138,DISTANT
2053,5530,2972,CASUAL
2054,3719,5853,CLOSE
2055,2481,2174,DISTANT
2056,1924,3789,DISTANT
2057,7552,9107,DISTANT
2058,6760,322,CLOSE
2059,8745,6826,DISTANT
2060,1940,6397,CASUAL
2061,300,458,CASUAL
2062,9739,516,CASUAL
2063,776,6902,CASUAL
2064,606,4716,CASUAL
2065,2266,6226,CASUAL
2066,3393,5834,DISTANT
2067,3635,3546,DISTANT
2068,6496,2240,DISTANT
2069,2732,735,CASUAL
2070,4906,6173,CASUAL
2071,7038,1326,DISTANT
2072,4540,2054,CASUAL
2073,7568,6987,CLOSE
2074,5202,4535,DISTANT
2075,4263,5651,CLOSE
2076,5227,3258,DISTANT
2077,9336,3633,CLOSE
2078,5898,9675,CLOSE
2079,3421,2547,CASUAL
2080,9970,6022,CASUAL
2081,7010,361,CLOSE
2082,401,2024,CLOSE
2083,4830,5333,CLOSE
2084,1928,1192,DISTANT
2085,9323,1532,CLOSE
2086,7228,9802,CLOSE
2087,1913,1546,CLOSE
2088,9620,5639,CLOSE
2089,3382,9134,DISTANT
2090,7153,3669,CASUAL
2091,2920,5459,DISTANT
2092,5353,4899,CASUAL
2093,7192,7553,DISTANT
2094,9945,7474,DISTANT
2095,2403,2981,DISTANT
2096,4631,6141,DISTANT
2097,2712,4835,CLOSE
2098,4960,4031,DISTANT
2099,3704,9745,CASUAL
2100,7677,6680,DISTANT
2101,9182,6561,CASUAL
2102,8572,4397,CLOSE
2103,2977,2896,DISTANT
2104,815,508,CASUAL
2105,4210,2119,CLOSE
2106,2760,7864,CLOSE
2107,5788,2350,DISTANT
2108,2877,2579,CLOSE
2109,783,5886,CLOSE
2110,71,4439,CASUAL
2111,2733,1912,CASUAL
2112,1344,2704,DISTANT
2113,1961,9882,DISTANT
2114,864,263,CLOSE
2115,6417,3574,DISTANT
2116,7176,5359,CASUAL
2117,7766,1737,CASUAL
2118,3910,8434,DISTANT
2119,2939,6103,CASUAL
2120,6912,1599,CLOSE
2121,4318,488,CLOSE
2122,2899,9640,DISTANT
2123,2561,9050,CASUAL
2124,7576,9042,CLOSE
2125,7891,7605,CLOSE
2126,3559,9519,DISTANT
2127,663,2530,CLOSE
2128,4476,6924,CASUAL
2129,6493,678,CLOSE
2130,9071,6283,CLOSE
2131,5908,2815,DISTANT
2132,9889,5641,CASUAL
2133,4437,9883,DISTANT
2134,1416,4867,DISTANT
2135,6544,1229,DISTANT
2136,3327,4807,DISTANT
2137,5715,6201,CASUAL
2138,7429,6,DISTANT
2139,9423,2489,DISTANT
2140,3582,2233,CLOSE
2141,1082,8651,CASUAL
2142,9656,7357,CLOSE
2143,1894,9021,CASUAL
2144,5412,8509,DISTANT
2145,2281,3264,CLOSE
2146,2703,2361,CASUAL
2147,7567,2849,DISTANT
2148,9612,6017,DISTANT
2149,4138,2441,DISTANT
2150,8047,5988,CASUAL
2151,5719,1781,CASUAL
2152,8458,8458,DISTANT
2153,773,7669,DISTANT
2154,6850,9925,CASUAL
2155,2677,1471,DISTANT
2156,4798,4031,CLOSE
2157,1952,771,CLOSE
2158,8960,4254,CLOSE
2159,8840,3552,CLOSE
2160,1416,6249,CLOSE
2161,4489,5326,DISTANT
2162,2162,3741,DISTANT
2163,9514,272,DISTANT
2164,3342,5090,CLOSE
2165,1554,2950,DISTANT
2166,2889,9290,DISTANT
2167,6710,1855,CLOSE
2168,5699,1537,CASUAL
2169,4034,7222,CLOSE
2170,742,1009,CASUAL
2171,3983,163,CLOSE
2172,2970,3202,DISTANT
2173,96,7488,CASUAL
2174,7252,8917,DISTANT
2175,3743,9828,CLOSE
2176,4289,250,DISTANT
2177,6380,7478,DISTANT
2178,2371,3135,DISTANT
2179,2674,4939,CLOSE
2180,7656,2630,CASUAL
2181,5124,6947,CASUAL
2182,4884,5647,DISTANT
2183,7386,2828,DISTANT
2184,8604,5890,DISTANT
2185,8682,6233,DISTANT
2186,9646,3338,CLOSE
2187,8617,1661,DISTANT
2188,8661,2409,DISTANT
2189,2266,5148,CASUAL
2190,3322,508,DISTANT
2191,7405,6895,CASUAL
2192,2896,1547,CLOSE
2193,522,9038,CASUAL
2194,7725,4219,CASUAL
2195,9372,5132,CASUAL
2196,7247,3921,CLOSE
2197,795,2628,CASUAL
2198,7257,1657,CASUAL
2199,1809,916,CLOSE
2200,61,3770,CLOSE
2201,3843,9942,CLOSE
2202,8236,7601,CLOSE
2203,8563,3148,CASUAL
2204,301,8611,DISTANT
2205,3365,4596,CLOSE
2206,9708,4861,DISTANT
2207,4380,3443,DISTANT
2208,3048,2685,CASUAL
2209,4461,3932,DISTANT
2210,5098,8024,CLOSE
2211,5173,275,DISTANT
2212,4948,7674,DISTANT
2213,5736,6151,DISTANT
2214,5706,7956,CASUAL
2215,7566,8453,CASUAL
2216,6671,1990,DISTANT
2217,929,6534,CASUAL
2218,7812,490,DISTANT
2219,4263,829,DISTANT
2220,2170,6211,CASUAL
2221,2035,1748,CLOSE
2222,1491,9421,CASUAL
2223,4,9674,CASUAL
2224,989,4432,CASUAL
2225,7199,7823,CASUAL
2226,1888,5602,CASUAL
2227,189,6488,DISTANT
2228,3535,3279,DISTANT
2229,2142,3951,CLOSE
2230,6787,8356,CASUAL
2231,7562,5909,CLOSE
2232,1408,7952,CLOSE
2233,9893,3024,CASUAL
2234,3860,660,CLOSE
2235,7671,9314,CLOSE
2236,4287,8190,DISTANT
2237,4640,1167,DISTANT
2238,3659,5770,DISTANT
2239,1423,9021,CLOSE
2240,8795,344,CLOSE
2241,5217,9472,CLOSE
2242,5431,6020,DISTANT
2243,2314,4999,CASUAL
2244,6363,3171,DISTANT
2245,2640,3023,CLOSE
2246,587,9574,CASUAL
2247,9831,95,DISTANT
2248,6154,2302,CLOSE
2249,7796,2928,CASUAL
2250,9977,5112,CASUAL
2251,849,3808,CLOSE
2252,704,7635,CLOSE
2253,8559,5554,CLOSE
2254,5589,6592,CLOSE
2255,3444,1357,CLOSE
2256,627,3048,CASUAL
2257,9206,167,CLOSE
2258,4544,8338,DISTANT
2259,2229,586,DISTANT
2260,4593,3591,CASUAL
2261,3909,8684,CLOSE
2262,679,2937,CASUAL
2263,4573,6539,CLOSE
2264,8202,2554,CLOSE
2265,4197,5229,CASUAL
2266,7473,6135,CASUAL
2267,4749,8486,DISTANT
2268,5365,9354,CASUAL
2269,625,4654,CLOSE
2270,7505,6736,CLOSE
2271,9233,9053,CASUAL
2272,95,3341,DISTANT
2273,1832,8417,CASUAL
2274,6936,8033,DISTANT
2275,9770,8667,CASUAL
2276,7962,9352,CASUAL
2277,3403,136,CLOSE
2278,9887,6401,CLOSE
2279,7727,2986,CLOSE
2280,2233,7776,CASUAL
2281,4809,9636,DISTANT
2282,1028,2847,CLOSE
2283,9227,3286,CLOSE
2284,146,4662,DISTANT
2285,1188,887,DISTANT
2286,5845,4994,CASUAL
2287,7276,7652,DISTANT
2288,4216,7504,CLOSE
2289,1287,7638,CLOSE
2290,6771,5752,DISTANT
2291,7993,1196,CASUAL
2292,2704,5836,CLOSE
2293,7741,2615,CLOSE
2294,6192,7417,CLOSE
2295,9563,8196,CASUAL
2296,2358,4560,CASUAL
2297,2140,5564,CLOSE
2298,8860,7604,CASUAL
2299,9382,7024,CLOSE
2300,7299,9135,CLOSE
2301,3055,130,CASUAL
2302,4251,8748,DISTANT
2303,4082,6587,CLOSE
2304,7149,5788,CLOSE
2305,1530,199,DISTANT
2306,5516,9665,DISTANT
2307,4076,8737,CASUAL
2308,9116,9742,CLOSE
2309,5153,4020,DISTANT
2310,9403,2003,DISTANT
2311,3486,4758,CASUAL
2312,6423,2420,CASUAL
2313,9544,6971,CLOSE
2314,1494,1479,CLOSE
2315,8476,7433,CASUAL
2316,620,6500,CLOSE
2317,7697,2349,CLOSE
2318,8123,5584,CLOSE
2319,804,8223,CASUAL
2320,4585,3534,CLOSE
2321,8654,6921,CLOSE
2322,5943,2915,CASUAL
2323,1968,3952,CASUAL
2324,9498,410,CLOSE
2325,5445,1300,CASUAL
2326,70,2881,CLOSE
2327,4106,7349,DISTANT
2328,5742,7386,CASUAL
2329,4561,4296,CLOSE
2330,1557,181,DISTANT
2331,6010,7936,CLOSE
2332,2648,5390,CLOSE
2333,2535,7249,DISTANT
2334,9642,4774,CLOSE
2335,5457,4658,CASUAL
2336,7616,651,CLOSE
2337,2225,4437,CLOSE
2338,8752,5828,DISTANT
2339,9759,8455,CLOSE
2340,3506,121,CLOSE
2341,7713,1773,CASUAL
2342,566,4459,CLOSE
2343,9791,7537,CASUAL
2344,9849,2440,DISTANT
2345,1479,5594,CASUAL
2346,2224,1834,CASUAL
2347,9577,4652,CASUAL
2348,6908,1398,CASUAL
2349,4864,2538,CASUAL
2350,9989,125,DISTANT
2351,3216,5765,DISTANT
2352,6163,7546,CASUAL
2353,9039,9883,CASUAL
2354,8491,8300,DISTANT
2355,5135,3876,CASUAL
2356,1971,2198,CASUAL
2357,7995,8191,DISTANT
2358,9195,2008,CLOSE
2359,8383,4692,CLOSE
2360,7933,6933,CASUAL
2361,7088,1770,CLOSE
2362,9573,473,DISTANT
2363,1927,5316,CASUAL
2364,4601,2040,CLOSE
2365,8213,1648,CLOSE
2366,8125,6262,CLOSE
2367,8966,8236,DISTANT
2368,1208,9202,CASUAL
2369,7209,2252,CASUAL
2370,4530,8814,DISTANT
2371,3919,9713,CLOSE
2372,4899,2841,DISTANT
2373,8227,7365,CASUAL
2374,44,5807,CLOSE
2375,3833,5795,DISTANT
2376,3208,1819,DISTANT
2377,2034,8789,CLOSE
2378,4570,2936,DISTANT
2379,5548,9157,DISTANT
2380,3692,9568,DISTANT
2381,6838,6945,DISTANT
2382,6167,4402,DISTANT
2383,5779,8523,CASUAL
2384,912,2177,DISTANT
2385,7801,8281,CASUAL
2386,9227,5259,CLOSE
2387,5061,8007,CASUAL
2388,9712,1889,DISTANT
2389,6679,8928,DISTANT
2390,9026,9592,DISTANT
2391,4047,3965,CLOSE
2392,6844,4810,CASUAL
2393,4338,3630,DISTANT
2394,74,5335,CASUAL
2395,560,9631,CASUAL
2396,6386,8049,DISTANT
2397,324,7982,DISTANT
2398,7557,3808,DISTANT
2399,5116,7637,CASUAL
2400,2693,1979,CASUAL
2401,7491,1081,CASUAL
2402,472,9569,CASUAL
2403,386,875,CASUAL
2404,2436,7515,CASUAL
2405,5726,6795,DISTANT
2406,2104,6674,CASUAL
2407,2705,2940,CLOSE
2408,4464,6547,DISTANT
2409,3605,3364,CASUAL
2410,3854,4,CLOSE
2411,5601,3782,CASUAL
2412,5685,4191,DISTANT
2413,2063,8611,DISTANT
2414,9203,5302,CASUAL
2415,105,2330,CLOSE
2416,4036,2384,DISTANT
2417,5455,8103,CASUAL
2418,2078,4490,CASUAL
2419,9969,9701,CLOSE
2420,2383,2818,CLOSE
2421,3520,6494,CASUAL
2422,3514,8848,DISTANT
2423,9231,2899,DISTANT
2424,7259,3225,CLOSE
2425,4299,3850,CASUAL
2426,3246,4842,DISTANT
2427,3135,9713,CLOSE
2428,3911,729,CLOSE
2429,6371,6206,CLOSE
2430,9753,4100,CASUAL
2431,8045,6437,CASUAL
2432,4916,5434,DISTANT
2433,9466,4739,CLOSE
2434,1160,2304,CASUAL
2435,5033,8200,CASUAL
2436,258,3864,CASUAL
2437,5747,4722,DISTANT
2438,7951,2213,DISTANT
2439,3615,6853,DISTANT
2440,1492,4909,CLOSE
2441,5469,7241,CLOSE
2442,5099,1586,DISTANT
2443,2993,2562,CASUAL
2444,2673,5215,CASUAL
2445,7019,4301,CASUAL
2446,7089,2810,DISTANT
2447,7581,2788,DISTANT
2448,8393,4528,CLOSE
2449,362,1634,CLOSE
2450,3844,9641,CASUAL
2451,5360,3704,DISTANT
2452,5883,8355,CLOSE
2453,4192,4406,CASUAL
2454,6644,8380,CASUAL
2455,1068,8094,CASUAL
2456,2671,5481,DISTANT
2457,8945,2911,CLOSE
2458,1269,1038,CASUAL
2459,6685,8574,DISTANT
2460,8746,5633,DISTANT
2461,790,2467,DISTANT
2462,1363,4906,DISTANT
2463,6472,645,CLOSE
2464,7359,5174,CLOSE
2465,1751,2440,DISTANT
2466,6104,5843,CLOSE
2467,6194,5963,CASUAL
2468,818,8868,CASUAL
2469,3839,4783,DISTANT
2470,2103,1482,DISTANT
2471,2318,7700,DISTANT
2472,3734,7577,CLOSE
2473,3476,2530,DISTANT
2474,8471,7129,CLOSE
2475,8487,7657,CLOSE
2476,9706,1157,DISTANT
2477,3225,8988,DISTANT
2478,8984,8004,CLOSE
2479,2996,3340,CLOSE
2480,1462,182,CASUAL
2481,4085,2016,DISTANT
2482,1064,6216,CLOSE
2483,4287,3985,DISTANT
2484,4369,4795,CASUAL
2485,4335,4337,DISTANT
2486,3592,9400,CASUAL
2487,7132,949,CASUAL
2488,8983,6379,CASUAL
2489,5786,6241,DISTANT
2490,8873,1031,CLOSE
2491,1737,5911,CASUAL
2492,6174,4118,CASUAL
2493,3205,7132,CASUAL
2494,8601,9530,DISTANT
2495,7891,5417,DISTANT
2496,4394,8909,CASUAL
2497,3542,3023,CASUAL
2498,1108,7981,DISTANT
2499,2972,9553,CASUAL
2500,1963,6776,CLOSE
2501,3835,4535,CASUAL
2502,362,7862,CLOSE
2503,2718,9608,DISTANT
2504,1938,9215,CASUAL
2505,7324,4448,DISTANT
2506,3744,998,DISTANT
2507,4187,7864,CASUAL
2508,6998,781,DISTANT
2509,624,9119,CASUAL
2510,716,3048,CASUAL
2511,6746,9205,CLOSE
2512,3052,5343,CLOSE
2513,5046,271,DISTANT
2514,757,302,CLOSE
2515,2913,3073,DISTANT
2516,7619,7358,CASUAL
2517,6880,8280,CLOSE
2518,8952,8735,DISTANT
2519,4633,9026,CLOSE
2520,1500,1263,CLOSE
2521,8274,6941,CASUAL
2522,8864,5201,CASUAL
2523,104,6840,CLOSE
2524,7813,4719,CASUAL
2525,4606,1573,CASUAL
2526,1755,7434,CASUAL
2527,9334,9512,DISTANT
2528,7619,8393,CLOSE
2529,5322,4892,DISTANT
2530,3684,9482,CLOSE
2531,5736,9482,CLOSE
2532,8793,7333,CASUAL
2533,4317,2524,CASUAL
2534,2130,3325,CASUAL
2535,5959,7675,DISTANT
2536,892,1199,CASUAL
2537,4373,2451,CLOSE
2538,643,8216,CASUAL
2539,6272,7825,CASUAL
2540,6577,6208,CLOSE
2541,2889,4672,DISTANT
2542,402,2209,CASUAL
2543,8372,5372,DISTANT
2544,4253,1469,CLOSE
2545,3076,8110,CASUAL
2546,4034,4212,CLOSE
2547,7473,4582,CASUAL
2548,9016,7050,CLOSE
2549,5469,7321,CLOSE
2550,2319,1149,CLOSE
2551,1033,1509,CASUAL
2552,1145,6216,DISTANT
2553,4837,3774,DISTANT
2554,2333,1765,DISTANT
2555,7651,3177,DISTANT
2556,9684,6096,CASUAL
2557,7031,1932,CASUAL
2558,5849,3054,DISTANT
2559,612,1128,CASUAL
2560,1465,3215,CLOSE
2561,5810,9420,CASUAL
2562,2183,1019,DISTANT
2563,7979,6805,DISTANT
2564,2799,2377,CLOSE
2565,9432,8262,CASUAL
2566,6918,7581,CLOSE
2567,5143,1920,CASUAL
2568,1580,4770,CASUAL
2569,575,4532,CASUAL
2570,2678,8444,CLOSE
2571,9668,1434,DISTANT
2572,1538,7331,CLOSE
2573,1893,475,CLOSE
2574,401,6044,DISTANT
2575,1557,4529,CLOSE
2576,6077,8636,CASUAL
2577,6557,1859,CASUAL
2578,607,5394,CLOSE
2579,5638,1351,CASUAL
2580,284,7450,CLOSE
2581,1900,5173,CASUAL
2582,8981,4811,CASUAL
2583,6428,2606,DISTANT
2584,425,8562,CASUAL
2585,4345,5323,CASUAL
2586,8082,9914,CASUAL
2587,6171,7372,CASUAL
2588,1354,4907,CLOSE
2589,4807,1846,CLOSE
2590,5236,1382,CASUAL
2591,97,8861,CASUAL
2592,1764,9354,CLOSE
2593,7513,9770,CASUAL
2594,337,7558,CLOSE
2595,7148,40,DISTANT
2596,4477,4205,CLOSE
2597,3516,3717,CASUAL
2598,7045,8154,CLOSE
2599,4521,2332,CASUAL
2600,2522,8828,CASUAL
2601,1332,5950,DISTANT
2602,3974,7596,CASUAL
2603,1904,4689,DISTANT
2604,3797,5530,DISTANT
2605,5120,7564,CLOSE
2606,260,665,CLOSE
2607,4011,7694,CLOSE
2608,7123,4857,DISTANT
2609,1317,3128,CASUAL
2610,1361,8048,DISTANT
2611,5927,578,DISTANT
2612,7203,8238,DISTANT
2613,9888,7801,CASUAL
2614,2562,9970,DISTANT
2615,8848,7190,CLOSE
2616,5635,1320,CASUAL
2617,6735,6499,DISTANT
2618,5138,6373,DISTANT
2619,243,1806,CLOSE
2620,9627,86,CLOSE
2621,2169,1463,CASUAL
2622,6143,2340,CLOSE
2623,4216,493,CASUAL
2624,7455,9493,CLOSE
2625,7048,7658,CASUAL
2626,402,9136,DISTANT
2627,8863,2248,DISTANT
2628,1739,7956,CLOSE
2629,2994,8338,CASUAL
2630,6158,3707,DISTANT
2631,9673,8125,CLOSE
2632,2209,5734,CASUAL
2633,9525,111,CASUAL
2634,1321,3403,CASUAL
2635,576,1391,DISTANT
2636,6253,8064,DISTANT
2637,6286,843,CASUAL
2638,1362,2077,CASUAL
2639,5818,9540,CLOSE
2640,68,8353,DISTANT
2641,1031,8372,DISTANT
2642,9218,1769,DISTANT
2643,2689,1328,DISTANT
2644,2024,9652,CLOSE
2645,4945,1104,DISTANT
2646,3956,7306,DISTANT
2647,3945,7390,DISTANT
2648,9462,9222,DISTANT
2649,439,1070,CASUAL
2650,7743,4102,DISTANT
2651,5215,2118,CASUAL
2652,276,5882,CLOSE
2653,2995,8047,CASUAL
2654,1879,6996,DISTANT
2655,1250,6396,DISTANT
2656,4724,9150,CASUAL
2657,6051,7462,CASUAL
2658,7695,2032,CLOSE
2659,5702,8641,CASUAL
2660,4208,9505,CLOSE
2661,9523,4587,CASUAL
2662,258,8328,CASUAL
2663,8351,9418,DISTANT
2664,4718,2646,CLOSE
2665,8370,8099,DISTANT
2666,1895,2591,CASUAL
2667,5470,425,CASUAL
2668,7070,646,CLOSE
2669,5097,8829,DISTANT
2670,6235,5160,CLOSE
2671,4344,1763,DISTANT
2672,7613,91,CLOSE
2673,140,5105,DISTANT
2674,6740,6506,CLOSE
2675,2084,7222,DISTANT
2676,1216,3987,CLOSE
2677,5458,1336,CASUAL
2678,6502,5867,CLOSE
2679,9780,1333,DISTANT
2680,4499,2924,DISTANT
2681,7229,5014,DISTANT
2682,2171,9686,CASUAL
2683,3362,3569,DISTANT
2684,7633,7827,CLOSE
2685,2201,4160,CASUAL
2686,2053,1090,CASUAL
2687,3177,2870,CASUAL
2688,611,9232,CASUAL
2689,6634,257,DISTANT
2690,9713,1370,DISTANT
2691,2476,1728,CLOSE
2692,3725,285,DISTANT
2693,1335,6863,CASUAL
2694,2156,5983,CASUAL
2695,1682,3706,DISTANT
2696,1249,2559,CLOSE
2697,8053,7792,CASUAL
2698,7234,7876,CLOSE
2699,9398,9880,CLOSE
2700,2486,8539,CASUAL
2701,1315,1290,DISTANT
2702,7578,5133,CLOSE
2703,4665,1753,DISTANT
2704,805,8722,CASUAL
2705,2621,4235,DISTANT
2706,5924,2892,DISTANT
2707,7203,5213,CLOSE
2708,8904,6906,CASUAL
2709,1329,5848,CLOSE
2710,3161,833,CLOSE
2711,6318,8695,CASUAL
2712,347,8365,DISTANT
2713,9295,1535,DISTANT
2714,7800,5587,DISTANT
2715,6891,3042,CASUAL
2716,6383,6555,CLOSE
2717,341,8522,CASUAL
2718,5921,5595,DISTANT
2719,6377,4109,CASUAL
2720,4729,2223,CASUAL
2721,4195,932,CLOSE
2722,7805,1166,CASUAL
2723,8381,3960,DISTANT
2724,746,3576,CASUAL
2725,1994,1211,CLOSE
2726,6208,8986,DISTANT
2727,7976,1675,CASUAL
2728,1520,7297,CASUAL
2729,4869,1761,CLOSE
2730,8949,1718,CLOSE
2731,1237,5475,DISTANT
2732,8979,8262,CLOSE
2733,2066,1799,DISTANT
2734,2929,645,CASUAL
2735,5341,4985,CLOSE
2736,1037,4856,DISTANT
2737,9497,5278,CLOSE
2738,8484,369,DISTANT
2739,3658,9934,CASUAL
2740,4017,6745,DISTANT
2741,7527,2242,CLOSE
2742,3757,5324,DISTANT
2743,2139,485,CASUAL
2744,1255,8193,CLOSE
2745,7378,9109,CASUAL
2746,5386,7881,CASUAL
2747,432,9495,CASUAL
2748,998,5864,CLOSE
2749,4007,2495,CLOSE
2750,9710,6866,CASUAL
2751,8427,8322,CLOSE
2752,3537,3502,DISTANT
2753,8362,6358,DISTANT
2754,5142,6073,CLOSE
2755,8745,9996,CLOSE
2756,8455,2479,DISTANT
2757,501,4204,CLOSE
2758,2258,8601,DISTANT
2759,2988,4932,CASUAL
2760,9964,4220,CLOSE
2761,5753,5335,DISTANT
2762,4327,7694,DISTANT
2763,3027,6153,CASUAL
2764,2561,6593,CASUAL
2765,6218,2579,CLOSE
2766,9525,1940,DISTANT
2767,2393,5008,CLOSE
2768,5039,1775,CLOSE
2769,5712,9272,CLOSE
2770,9266,6985,DISTANT
2771,5087,8452,DISTANT
2772,4298,7401,CLOSE
2773,6437,1225,CLOSE
2774,2991,4326,DISTANT
2775,2024,4095,CLOSE
2776,7705,8110,DISTANT
2777,9958,1548,CASUAL
2778,5878,6172,DISTANT
2779,2084,5113,CASUAL
2780,85,2022,CASUAL
2781,5219,8521,CLOSE
2782,5766,2466,CLOSE
2783,2993,4611,CLOSE
2784,7616,8588,CLOSE
2785,3383,7905,DISTANT
2786,2797,6507,DISTANT
2787,6209,3615,DISTANT
2788,8715,8369,DISTANT
2789,7071,136,DISTANT
2790,6855,178,CASUAL
2791,1591,7741,DISTANT
2792,5458,4677,DISTANT
2793,4994,5533,DISTANT
2794,3322,6468,CASUAL
2795,5461,5356,DISTANT
2796,6097,2251,DISTANT
2797,388,5741,DISTANT
2798,4057,6591,CLOSE
2799,9238,7280,CASUAL
2800,7548,2181,DISTANT
2801,5129,3663,CASUAL
2802,9868,302,CASUAL
2803,8767,7687,DISTANT
2804,9395,6737,DISTANT
2805,5807,9426,CLOSE
2806,9356,1784,CLOSE
2807,3438,2785,DISTANT
2808,7530,5483,CLOSE
2809,2926,150,CLOSE
2810,786,1518,CLOSE
2811,3052,4415,CASUAL
2812,5271,6538,CLOSE
2813,4604,7810,CLOSE
2814,4121,119,CLOSE
2815,5796,2876,DISTANT
2816,8293,5499,DISTANT
2817,7427,7458,CASUAL
2818,1346,3981,DISTANT
2819,4468,5206,CASUAL
2820,9396,6581,DISTANT
2821,8188,7924,DISTANT
2822,2757,4493,DISTANT
2823,8720,9467,DISTANT
2824,7843,9540,CASUAL
2825,9708,1200,CLOSE
2826,6298,1233,CLOSE
2827,8035,4293,DISTANT
2828,9926,4054,DISTANT
2829,8457,7910,CASUAL
2830,4727,9402,CASUAL
2831,733,8235,CASUAL
2832,382,730,CLOSE
2833,8231,5266,CASUAL
2834,7104,4060,CASUAL
2835,5412,630,CLOSE
2836,860,6422,DISTANT
2837,1071,4153,DISTANT
2838,5179,1526,DISTANT
2839,9609,6030,DISTANT
2840,9287,8233,CLOSE
2841,8260,677,CLOSE
2842,8190,5025,CLOSE
2843,2040,4617,CLOSE
2844,8250,9503,CASUAL
2845,6387,3578,CLOSE
2846,5226,8184,DISTANT
2847,9467,7210,CLOSE
2848,6252,2156,DISTANT
2849,1120,4893,DISTANT
2850,2570,3687,CLOSE
2851,3791,1491,CLOSE
2852,8454,599,CASUAL
2853,2201,7524,CASUAL
2854,2985,6183,CASUAL
2855,7495,9423,CLOSE
2856,6142,8827,CASUAL
2857,2139,246,DISTANT
2858,120,3632,DISTANT
2859,3360,4520,DISTANT
2860,1032,6566,CLOSE
2861,7009,7300,DISTANT
2862,2524,3913,CASUAL
2863,3006,40,DISTANT
2864,5388,9299,CASUAL
2865,1972,3050,CLOSE
2866,3012,5468,CLOSE
2867,9579,1222,CASUAL
2868,6154,8553,DISTANT
2869,1565,6519,CLOSE
2870,7232,1040,CASUAL
2871,1854,7183,DISTANT
2872,6367,5771,DISTANT
2873,8515,8389,DISTANT
2874,5536,8443,CASUAL
2875,4613,8209,CASUAL
2876,4163,1044,CASUAL
2877,5404,9714,DISTANT
2878,9651,7501,DISTANT
2879,530,9658,DISTANT
2880,4771,3504,CLOSE
2881,7574,4785,CLOSE
2882,2146,6925,DISTANT
2883,5860,3746,DISTANT
2884,7319,8748,CLOSE
2885,22,3868,DISTANT
2886,1019,2359,CASUAL
2887,2500,9860,CASUAL
2888,8719,6076,CLOSE
2889,4406,6394,DISTANT
2890,5320,8534,CLOSE
2891,5232,5993,CASUAL
2892,8988,2811,DISTANT
2893,8172,4997,CLOSE
2894,2948,2619,CASUAL
2895,6119,2878,CASUAL
2896,737,1427,CASUAL
2897,8013,8912,DISTANT
2898,8344,2524,DISTANT
2899,9287,3980,CASUAL
2900,5912,7819,CASUAL
2901,1194,9142,CLOSE
2902,8320,9774,CLOSE
2903,2619,8331,CLOSE
2904,1496,4843,CASUAL
2905,1985,8071,CASUAL
2906,4837,4326,DISTANT
2907,6698,725,CASUAL
2908,5851,5159,CLOSE
2909,59,2235,CASUAL
2910,7299,3968,CASUAL
2911,4858,1738,DISTANT
2912,5078,9395,CASUAL
2913,2396,6999,CASUAL
2914,2214,4359,DISTANT
2915,6057,5493,CASUAL
2916,8425,6692,DISTANT
2917,795,7318,CLOSE
2918,4767,5825,CASUAL
2919,3995,8178,CASUAL
2920,1663,7620,CLOSE
2921,920,5958,CLOSE
2922,8582,2095,CLOSE
2923,2202,2117,DISTANT
2924,6401,516,CLOSE
2925,7111,9105,CASUAL
2926,4964,8004,CASUAL
2927,9910,2685,CASUAL
2928,7827,3031,CASUAL
2929,9109,4634,DISTANT
2930,7115,1039,CLOSE
2931,6776,8872,DISTANT
2932,9767,3827,CLOSE
2933,729,7500,CLOSE
2934,1838,5401,CLOSE
2935,7080,300,DISTANT
2936,4571,2625,CLOSE
2937,2204,9185,CASUAL
2938,4677,5045,CASUAL
2939,3832,9584,DISTANT
2940,7895,6556,DISTANT
2941,9255,934,CASUAL
2942,9836,6266,CLOSE
2943,7159,453,CASUAL
2944,3852,8348,DISTANT
2945,7653,7269,DISTANT
2946,2851,1835,CLOSE
2947,1753,4383,CLOSE
2948,7161,7544,CASUAL
2949,4730,7992,CASUAL
2950,9321,9213,CLOSE
2951,1272,901,CLOSE
2952,7875,5120,CLOSE
2953,40,9692,CLOSE
2954,2400,726,CLOSE
2955,5008,688,CASUAL
2956,2978,7553,CASUAL
2957,621,3993,CLOSE
2958,203,3392,CASUAL
2959,8250,1046,CASUAL
2960,8647,6373,CLOSE
2961,2311,2014,CASUAL
2962,784,7694,CASUAL
2963,1564,6230,DISTANT
2964,1296,8860,CLOSE
2965,9758,6520,CLOSE
2966,8453,361,CLOSE
2967,3036,2355,CASUAL
2968,762,4133,DISTANT
2969,8989,1134,CLOSE
2970,325,451,CLOSE
2971,6926,1131,CLOSE
2972,5973,4634,CASUAL
2973,7622,4243,CLOSE
2974,6133,5327,CASUAL
2975,9920,2947,CLOSE
2976,9495,8056,CASUAL
2977,8677,6416,DISTANT
2978,2467,2548,CASUAL
2979,412,2665,CASUAL
2980,4004,4113,DISTANT
2981,9558,6323,CLOSE
2982,1779,3368,CASUAL
2983,4496,36,CLOSE
2984,4173,2745,CLOSE
2985,6469,6952,CASUAL
2986,836,4721,CASUAL
2987,9204,5852,CASUAL
2988,588,1389,CLOSE
2989,3708,5186,DISTANT
2990,9111,3658,DISTANT
2991,9158,3,DISTANT
2992,543,819,CLOSE
2993,5764,6861,CASUAL
2994,9346,6890,DISTANT
2995,36,3987,DISTANT
2996,3633,4490,CASUAL
2997,4182,2175,DISTANT
2998,181,5379,CASUAL
2999,5574,9271,CLOSE
3000,8965,8993,DISTANT
3001,1193,8328,CASUAL
3002,1507,5637,CASUAL
3003,3066,5790,CLOSE
3004,9921,3564,DISTANT
3005,9261,841,DISTANT
3006,1256,4350,CLOSE
3007,8567,8998,CLOSE
3008,8971,5975,CASUAL
3009,2556,9833,CLOSE
3010,6458,1214,CASUAL
3011,2124,2747,CLOSE
3012,4965,7900,CLOSE
3013,8449,5578,CLOSE
3014,4304,7758,CLOSE
3015,3004,4815,DISTANT
3016,3205,2713,DISTANT
3017,7910,6533,DISTANT
3018,6655,5527,CASUAL
3019,5756,3754,CASUAL
3020,28,6461,DISTANT
3021,2741,9786,DISTANT
3022,7359,9925,CASUAL
3023,5629,2213,CLOSE
3024,9733,5678,CASUAL
3025,9680,8557,CASUAL
3026,5274,7617,CLOSE
3027,234,7361,CLOSE
3028,453,9542,CASUAL
3029,5670,1700,DISTANT
3030,5896,63,CLOSE
3031,1347,7455,DISTANT
3032,5012,1260,DISTANT
3033,6530,7385,CASUAL
3034,9018,9024,CLOSE
3035,971,152,DISTANT
3036,2910,4509,DISTANT
3037,6848,132,CASUAL
3038,67,917,DISTANT
3039,6434,7624,CASUAL
3040,1376,2754,CLOSE
3041,2285,103,CLOSE
3042,7396,6161,CLOSE
3043,750,9097,CLOSE
3044,1265,9165,DISTANT
3045,2320,7801,CASUAL
3046,5686,2385,DISTANT
3047,4589,8008,CASUAL
3048,1159,3491,CLOSE
3049,5232,3879,CLOSE
3050,8560,5447,CASUAL
3051,9162,4066,DISTANT
3052,9477,8122,DISTANT
3053,5492,7272,DISTANT
3054,5896,5147,CASUAL
3055,6566,51,CLOSE
3056,3308,8668,CLOSE
3057,5381,6769,DISTANT
3058,2814,4121,CASUAL
3059,3145,9700,DISTANT
3060,2880,6399,CASUAL
3061,3940,7684,CASUAL
3062,6142,1094,CASUAL
3063,1826,6714,CLOSE
3064,5636,7589,DISTANT
3065,1730,3239,DISTANT
3066,2152,7873,CLOSE
3067,2768,3835,DISTANT
3068,7280,3080,CLOSE
3069,1357,6333,DISTANT
3070,7926,2172,CASUAL
3071,1248,4004,DISTANT
3072,6168,3783,CLOSE
3073,2790,1897,CASUAL
3074,4866,4563,CLOSE
3075,1549,67,CASUAL
3076,3046,3432,CLOSE
3077,9024,821,CLOSE
3078,9030,3072,CLOSE
3079,3853,8569,CASUAL
3080,8709,7991,CASUAL
3081,1783,731,CLOSE
3082,3608,3426,CASUAL
3083,6616,7350,CASUAL
3084,9675,7616,DISTANT
3085,6043,6323,DISTANT
3086,3062,7784,CLOSE
3087,1058,996,DISTANT
3088,6584,5233,CASUAL
3089,9132,2999,CLOSE
3090,5545,6811,DISTANT
3091,849,9674,CLOSE
3092,4008,189,CLOSE
3093,2383,3150,DISTANT
3094,5963,7293,CASUAL
3095,1857,3655,CLOSE
3096,9652,7400,CASUAL
3097,4717,9265,DISTANT
3098,5162,8484,CLOSE
3099,7881,5006,DISTANT
3100,3485,5447,CLOSE
3101,8252,6615,CLOSE
3102,1222,1236,CLOSE
3103,2507,5106,CASUAL
3104,8249,3448,CASUAL
3105,2875,1247,CLOSE
3106,5409,5088,DISTANT
3107,8763,6506,CASUAL
3108,9599,2487,DISTANT
3109,1115,1516,DISTANT
3110,4447,1135,CASUAL
3111,1418,8274,DISTANT
3112,7793,2788,DISTANT
3113,1559,9860,DISTANT
3114,3252,2117,CLOSE
3115,6744,256,CLOSE
3116,4946,7596,CASUAL
3117,3200,6363,CASUAL
3118,3166,2460,CLOSE
3119,9628,55,CASUAL
3120,9128,3761,DISTANT
3121,5553,8216,DISTANT
3122,2150,2372,DISTANT
3123,5122,2292,CASUAL
3124,5206,9825,DISTANT
3125,584,7560,DISTANT
3126,673,3057,CLOSE
3127,2915,5612,CASUAL
3128,9624,5991,CLOSE
3129,4184,2920,CASUAL
3130,6302,8690,DISTANT
3131,1163,3879,CASUAL
3132,5297,7141,DISTANT
3133,8642,898,DISTANT
3134,5572,1359,DISTANT
3135,3659,8445,CLOSE
3136,8707,2091,CASUAL
3137,4070,8929,CASUAL
3138,772,1015,CASUAL
3139,4314,3083,CASUAL
3140,9306,3773,CASUAL
3141,3889,287,CLOSE
3142,4216,2815,CLOSE
3143,9755,7423,CLOSE
3144,5470,4416,DISTANT
3145,8231,9369,CASUAL
3146,2334,7540,DISTANT
3147,1348,1389,DISTANT
3148,1256,8752,CASUAL
3149,7590,4230,CLOSE
3150,1468,2961,CLOSE
3151,1960,2091,CLOSE
3152,8997,3549,CLOSE
3153,2273,9472,CASUAL
3154,5143,1581,DISTANT
3155,4521,902,CLOSE
3156,3840,5386,CLOSE
3157,2483,6444,CASUAL
3158,6912,8477,DISTANT
3159,1239,7317,CLOSE
3160,3204,5734,CASUAL
3161,3006,8461,CASUAL
3162,3633,6435,DISTANT
3163,3381,4885,CLOSE
3164,5989,3848,CLOSE
3165,9152,3016,CLOSE
3166,7595,2141,DISTANT
3167,8651,5104,CASUAL
3168,5138,9810,CLOSE
3169,4966,1025,CASUAL
3170,7119,4409,DISTANT
3171,2876,9237,CLOSE
3172,2255,6209,DISTANT
3173,4277,4202,CLOSE
3174,3690,719,CASUAL
3175,4196,9022,CASUAL
3176,4421,8916,CASUAL
3177,9211,8120,CASUAL
3178,4284,105,CLOSE
3179,8161,9426,DISTANT
3180,6784,8381,CLOSE
3181,6491,9547,CLOSE
3182,596,4094,CASUAL
3183,3611,609,DISTANT
3184,6974,5729,DISTANT
3185,1879,7181,DISTANT
3186,3268,3698,DISTANT
3187,7418,8640,DISTANT
3188,37,4273,CASUAL
3189,7123,1904,CLOSE
3190,7645,3372,CLOSE
3191,5350,7890,DISTANT
3192,5704,4580,CLOSE
3193,1231,6315,CASUAL
3194,7791,9190,CASUAL
3195,2903,7997,CLOSE
3196,1593,245,DISTANT
3197,2849,9002,DISTANT
3198,5186,8652,DISTANT
3199,8309,2365,CASUAL
3200,9673,3500,DISTANT
3201,9872,2631,DISTANT
3202,3518,7792,CLOSE
3203,9595,7111,CASUAL
3204,6944,4519,CLOSE
3205,4175,1696,DISTANT
3206,177,5266,DISTANT
3207,8646,3295,CLOSE
3208,1121,2942,CLOSE
3209,4467,3750,CASUAL
3210,3717,3558,DISTANT
3211,5104,4873,DISTANT
3212,1027,6262,DISTANT
3213,989,3453,CLOSE
3214,8121,6455,CLOSE
3215,4386,5779,DISTANT
3216,1923,8267,CLOSE
3217,6032,8046,DISTANT
3218,4985,8021,CLOSE
3219,8982,7418,CASUAL
3220,7522,3123,CLOSE
3221,4380,4599,DISTANT
3222,6898,252,CASUAL
3223,4914,2547,CASUAL
3224,120,8342,CLOSE
3225,7668,140,CLOSE
3226,644,685,CASUAL
3227,1401,7682,DISTANT
3228,1427,2810,CASUAL
3229,3102,6255,CASUAL
3230,2379,8244,CLOSE
3231,4818,1901,DISTANT
3232,3453,1881,DISTANT
3233,8660,4804,CLOSE
3234,6780,3563,CASUAL
3235,284,9979,CLOSE
3236,3932,8385,DISTANT
3237,2078,8068,CLOSE
3238,1405,9474,CLOSE
3239,2268,6434,CLOSE
3240,1179,6494,CASUAL
3241,6993,6879,DISTANT
3242,1861,1563,DISTANT
3243,3419,9968,CASUAL
3244,1719,7571,CLOSE
3245,4159,9343,DISTANT
3246,3426,7554,CLOSE
3247,6659,640,DISTANT
3248,5022,3041,CASUAL
3249,3127,5895,DISTANT
3250,4599,6130,CLOSE
3251,4356,3246,DISTANT
3252,8415,1958,CASUAL
3253,7846,8984,CASUAL
3254,4254,9995,CLOSE
3255,7038,7976,CLOSE
3256,9873,9760,CLOSE
3257,4307,3484,CLOSE
3258,6367,192,CLOSE
3259,645,4365,CASUAL
3260,8219,8963,CLOSE
3261,8656,3208,DISTANT
3262,4114,8631,DISTANT
3263,8165,5344,CLOSE
3264,2399,4158,CLOSE
3265,8010,1376,CASUAL
3266,6552,6382,CLOSE
3267,1625,9718,CLOSE
3268,9887,1963,DISTANT
3269,2424,6368,CASUAL
3270,4372,5430,CASUAL
3271,5338,6909,CASUAL
3272,1428,9120,CLOSE
3273,7866,1034,DISTANT
3274,4098,2385,CLOSE
3275,5035,3623,CLOSE
3276,3739,3061,CASUAL
3277,7196,5023,CLOSE
3278,8358,620,CASUAL
3279,4838,3869,CASUAL
3280,5513,6226,CASUAL
3281,9033,2066,CLOSE
3282,3090,2306,CASUAL
3283,1893,9164,CLOSE
3284,2752,4161,CASUAL
3285,4228,9378,CLOSE
3286,7913,545,CASUAL
3287,244,190,DISTANT
3288,6004,3509,CASUAL
3289,99,4547,DISTANT
3290,4921,1044,CASUAL
3291,2331,7310,DISTANT
3292,5015,459,DISTANT
3293,647,2831,CASUAL
3294,4647,3088,CLOSE
3295,5172,6853,DISTANT
3296,1030,3198,CASUAL
3297,1339,9575,CLOSE
3298,3407,4672,DISTANT
3299,5084,3754,DISTANT
3300,4932,2998,CLOSE
3301,649,7001,CLOSE
3302,9712,1118,CLOSE
3303,3894,854,CLOSE
3304,9210,255,DISTANT
3305,6235,5541,CLOSE
3306,7045,8465,CLOSE
3307,8074,8163,CASUAL
3308,8191,8341,CASUAL
3309,6237,9915,DISTANT
3310,2248,5636,CASUAL
3311,2117,289,CASUAL
3312,8221,2496,CLOSE
3313,414,7322,CASUAL
3314,899,8679,DISTANT
3315,2833,1079,DISTANT
3316,1942,697,DISTANT
3317,1898,2081,CLOSE
3318,7606,3453,CASUAL
3319,1715,3904,CLOSE
3320,8470,3980,DISTANT
3321,4932,6070,CLOSE
3322,6660,1051,DISTANT
3323,8587,9456,CLOSE
3324,9972,2113,CASUAL
3325,9015,8997,CLOSE
3326,6431,6181,CASUAL
3327,5069,378,DISTANT
3328,9984,3321,DISTANT
3329,3950,4486,CASUAL
3330,4990,8129,CASUAL
3331,8406,48,DISTANT
3332,87,7991,CLOSE
3333,3266,1400,DISTANT
3334,8705,2311,CASUAL
3335,240,3131,CLOSE
3336,4450,7008,DISTANT
3337,1961,532,DISTANT
3338,9381,4809,CLOSE
3339,2542,6354,CLOSE
3340,4340,5161,CASUAL
3341,9409,5267,CLOSE
3342,2521,5481,DISTANT
3343,9886,5508,CASUAL
3344,1200,3842,CLOSE
3345,3744,4831,CLOSE
3346,7692,5792,DISTANT
3347,2172,3692,CLOSE
3348,3849,8654,CLOSE
3349,9267,7531,CLOSE
3350,2705,3318,CASUAL
3351,1348,9419,CASUAL
3352,8952,2429,CASUAL
3353,5496,8688,DISTANT
3354,7523,500,CASUAL
3355,5548,9116,CLOSE
3356,7532,6396,CLOSE
3357,4338,8764,CASUAL
3358,2327,9891,DISTANT
3359,662,9877,CASUAL
3360,5250,5112,DISTANT
3361,9503,9359,CLOSE
3362,5187,1143,DISTANT
3363,9252,785,CLOSE
3364,3636,6297,CASUAL
3365,1215,8099,DISTANT
3366,6050,7544,DISTANT
3367,4569,8900,CLOSE
3368,7525,4340,CLOSE
3369,6479,5181,CLOSE
3370,183,5509,CASUAL
3371,9193,3624,CLOSE
3372,7129,4965,CASUAL
3373,5252,302,CASUAL
3374,4689,472,CASUAL
3375,4312,2351,CASUAL
3376,5493,1830,CLOSE
3377,8575,5687,CASUAL
3378,163,1904,CLOSE
3379,176,5940,CASUAL
3380,1984,8021,CLOSE
3381,3231,5857,CLOSE
3382,3724,9615,DISTANT
3383,5854,9721,DISTANT
3384,9454,2677,CASUAL
3385,7042,6363,CLOSE
3386,2127,8684,DISTANT
3387,4130,7467,CLOSE
3388,6166,9768,CASUAL
3389,8508,5428,CLOSE
3390,990,6395,CASUAL
3391,4355,7400,CLOSE
3392,7267,3248,CASUAL
3393,9692,338,CLOSE
3394,2317,3628,CASUAL
3395,6082,6764,DISTANT
3396,5559,3680,CASUAL
3397,926,8860,DISTANT
3398,7462,8656,CLOSE
3399,1588,9293,CASUAL
3400,6051,5418,DISTANT
3401,2466,209,DISTANT
3402,7966,4078,CLOSE
3403,9229,6791,CASUAL
3404,7115,5378,CLOSE
3405,3100,3911,DISTANT
3406,1123,9922,CASUAL
3407,7342,1423,DISTANT
3408,9533,7998,DISTANT
3409,2006,5612,DISTANT
3410,5391,1497,CLOSE
3411,9961,9688,CASUAL
3412,978,7738,CLOSE
3413,9525,9550,CLOSE
3414,1809,4904,DISTANT
3415,6390,228,DISTANT
3416,9469,8633,DISTANT
3417,1908,6583,DISTANT
3418,9988,6939,CLOSE
3419,330,4794,CASUAL
3420,7946,4375,DISTANT
3421,6399,7430,DISTANT
3422,321,1803,DISTANT
3423,9944,9855,CLOSE
3424,1261,5885,DISTANT
3425,7325,5571,DISTANT
3426,5440,8537,CASUAL
3427,3586,1335,CLOSE
3428,5970,1205,DISTANT
3429,3148,9733,CASUAL
3430,3090,256,DISTANT
3431,9748,5431,DISTANT
3432,4422,1302,CASUAL
3433,4850,3404,DISTANT
3434,4775,1762,CLOSE
3435,586,3079,DISTANT
3436,8423,3524,DISTANT
3437,3050,1440,CASUAL
3438,3179,9946,CASUAL
3439,7530,5668,DISTANT
3440,3765,7960,CASUAL
3441,3481,1898,CLOSE
3442,7642,9720,CLOSE
3443,7157,5409,DISTANT
3444,1335,9289,CLOSE
3445,3463,9315,DISTANT
3446,5061,8542,CASUAL
3447,2690,2864,DISTANT
3448,6767,1370,CLOSE
3449,405,7962,CLOSE
3450,7239,616,DISTANT
3451,2999,8009,CLOSE
3452,3890,4742,CASUAL
3453,7520,3179,CASUAL
3454,8633,8692,DISTANT
3455,9178,5178,CASUAL
3456,7470,5066,CASUAL
3457,6700,4880,DISTANT
3458,6938,3661,CLOSE
3459,6020,4207,DISTANT
3460,9744,5912,CLOSE
3461,5811,8588,DISTANT
3462,1539,6393,CASUAL
3463,2395,4826,DISTANT
3464,5613,6211,DISTANT
3465,9796,8796,DISTANT
3466,3455,6729,DISTANT
3467,3445,9986,CLOSE
3468,4582,1818,CLOSE
3469,4674,3335,DISTANT
3470,4798,4069,CASUAL
3471,7486,6652,CASUAL
3472,3801,1412,DISTANT
3473,6331,3043,CASUAL
3474,1985,4870,CLOSE
3475,2923,620,DISTANT
3476,599,8852,DISTANT
3477,3173,9241,CASUAL
3478,4305,9290,CLOSE
3479,1737,6784,DISTANT
3480,6439,7930,DISTANT
3481,6603,1002,CLOSE
3482,1697,9979,CLOSE
3483,1808,7347,DISTANT
3484,4014,7302,DISTANT
3485,4628,1872,CASUAL
3486,7925,8300,CASUAL
3487,3454,1352,DISTANT
3488,5203,5775,CLOSE
3489,4043,7,CASUAL
3490,6173,967,DISTANT
3491,4367,4935,CASUAL
3492,3604,96,CASUAL
3493,2509,8804,CLOSE
3494,1208,8125,CLOSE
3495,2705,8047,CASUAL
3496,8303,120,CASUAL
3497,357,5131,DISTANT
3498,3582,9641,DISTANT
3499,3827,5071,CASUAL
3500,4157,2148,DISTANT
3501,428,915,CASUAL
3502,1744,799,CLOSE
3503,8703,7607,CASUAL
3504,8139,5992,CLOSE
3505,5728,9482,CASUAL
3506,5352,1275,CLOSE
3507,2739,6259,DISTANT
3508,5000,9995,DISTANT
3509,5246,1318,DISTANT
3510,406,4392,CLOSE
3511,6144,9362,CASUAL
3512,3288,8040,CASUAL
3513,1030,6458,CLOSE
3514,197,8079,DISTANT
3515,7958,6502,CASUAL
3516,5411,8165,DISTANT
3517,5564,5807,CLOSE
3518,2594,1998,CLOSE
3519,9390,6824,DISTANT
3520,363,6212,DISTANT
3521,2040,5708,DISTANT
3522,1914,8223,CLOSE
3523,8042,213,CLOSE
3524,3457,1087,CASUAL
3525,3205,1991,CLOSE
3526,1748,7362,CLOSE
3527,9074,3299,CLOSE
3528,3431,192,CLOSE
3529,9253,9054,DISTANT
3530,5772,1318,CLOSE
3531,4263,4175,CLOSE
3532,8215,5586,CASUAL
3533,9744,4887,CLOSE
3534,9364,8107,DISTANT
3535,8857,3149,DISTANT
3536,2471,8987,CLOSE
3537,9338,6135,DISTANT
3538,7880,4517,CLOSE
3539,1929,5893,DISTANT
3540,5083,201,DISTANT
3541,2834,8279,CLOSE
3542,664,5703,CLOSE
3543,3900,1732,CASUAL
3544,6444,4743,DISTANT
3545,5297,9032,DISTANT
3546,5628,3793,CLOSE
3547,2221,1070,DISTANT
3548,5872,4818,CLOSE
3549,5389,3273,CASUAL
3550,9548,8496,CLOSE
3551,8897,4511,CASUAL
3552,9332,1228,DISTANT
3553,3582,8870,CLOSE
3554,3718,4533,CASUAL
3555,5185,6409,CASUAL
3556,3234,1893,CASUAL
3557,7427,8112,DISTANT
3558,1767,7319,CLOSE
3559,2672,4410,CASUAL
3560,1440,1382,DISTANT
3561,3894,9438,CASUAL
3562,8499,389,CLOSE
3563,2850,8736,CLOSE
3564,5821,9981,DISTANT
3565,3315,3037,DISTANT
3566,4519,9625,DISTANT
3567,6737,9415,CASUAL
3568,1169,974,CASUAL
3569,9475,1592,CASUAL
3570,1095,3623,CASUAL
3571,9224,3745,CLOSE
3572,3876,8328,CASUAL
3573,8350,2350,CASUAL
3574,5125,8864,CASUAL
3575,8797,9553,CLOSE
3576,3177,4494,CASUAL
3577,499,7169,DISTANT
3578,48,9214,DISTANT
3579,5566,9163,CASUAL
3580,1451,2270,CLOSE
3581,9879,5843,DISTANT
3582,7779,1722,CLOSE
3583,6594,6831,CASUAL
3584,8448,6857,DISTANT
3585,3508,6082,CLOSE
3586,8908,626,DISTANT
3587,4149,2979,DISTANT
3588,6944,9866,DISTANT
3589,2360,3895,DISTANT
3590,947,2694,CLOSE
3591,880,8275,DISTANT
3592,4065,783,DISTANT
3593,4212,9777,CASUAL
3594,2644,5856,CLOSE
3595,735,9527,DISTANT
3596,634,8910,DISTANT
3597,7912,1276,DISTANT
3598,1660,5814,CLOSE
3599,1297,7478,CLOSE
3600,1946,1941,DISTANT
3601,1916,7816,DISTANT
3602,4337,2832,DISTANT
3603,2620,8006,CASUAL
3604,9908,5941,CLOSE
3605,7844,6312,CASUAL
3606,4815,5425,CASUAL
3607,1598,1469,CASUAL
3608,7504,4254,DISTANT
3609,1588,1456,DISTANT
3610,8295,4960,CASUAL
3611,8343,1855,CLOSE
3612,8398,5676,CLOSE
3613,5953,2356,CLOSE
3614,1750,2127,DISTANT
3615,7566,8396,CLOSE
3616,5126,8120,CLOSE
3617,7510,982,CASUAL
3618,5201,1692,DISTANT
3619,7351,3997,CLOSE
3620,586,9808,DISTANT
3621,3573,4033,CASUAL
3622,6179,6128,CLOSE
3623,6385,3240,CLOSE
3624,4870,4608,CLOSE
3625,8404,9417,DISTANT
3626,8333,2225,DISTANT
3627,7666,9829,CLOSE
3628,7485,9179,DISTANT
3629,9124,721,DISTANT
3630,3972,3238,CLOSE
3631,9667,733,CASUAL
3632,3792,6589,DISTANT
3633,40,8659,CLOSE
3634,2368,3990,DISTANT
3635,6746,9146,CLOSE
3636,4833,7617,CASUAL
3637,6625,178,CLOSE
3638,4215,2340,CASUAL
3639,3374,2326,CLOSE
3640,404,279,CLOSE
3641,4098,2871,CLOSE
3642,1305,3408,DISTANT
3643,2027,2551,CASUAL
3644,5145,5278,CASUAL
3645,4165,8908,CLOSE
3646,5439,174,DISTANT
3647,1482,6160,CLOSE
3648,9587,8919,DISTANT
3649,7338,3965,CLOSE
3650,1720,2425,DISTANT
3651,6241,3578,CLOSE
3652,9096,64,CLOSE
3653,4798,9757,DISTANT
3654,1172,5808,CLOSE
3655,3526,2984,CASUAL
3656,4717,3344,CLOSE
3657,3986,5897,CASUAL
3658,6195,926,CASUAL
3659,8308,8560,CLOSE
3660,3806,7302,CASUAL
3661,3296,7935,DISTANT
3662,1085,696,CASUAL
3663,4953,8699,DISTANT
3664,9769,3374,CASUAL
3665,9104,2829,CASUAL
3666,8362,3276,DISTANT
3667,370,1401,CLOSE
3668,4463,5515,CLOSE
3669,6099,3866,DISTANT
3670,588,9791,CLOSE
3671,1159,776,CLOSE
3672,3611,1856,DISTANT
3673,1976,9633,CASUAL
3674,1721,1765,CASUAL
3675,9873,3383,CASUAL
3676,6620,7782,CLOSE
3677,515,7629,CASUAL
3678,3085,850,DISTANT
3679,1453,689,CLOSE
3680,3231,766,CASUAL
3681,5269,2367,CASUAL
3682,3928,9877,CLOSE
3683,7267,8473,CLOSE
3684,8724,1198,DISTANT
3685,7893,5309,DISTANT
3686,5597,8815,CASUAL
3687,3754,5782,CASUAL
3688,9114,7355,CLOSE
3689,8083,1864,DISTANT
3690,6344,5342,DISTANT
3691,3565,4382,CLOSE
3692,5640,9442,DISTANT
3693,9343,2034,DISTANT
3694,7664,6151,CLOSE
3695,1674,4861,CLOSE
3696,8898,7703,CASUAL
3697,5654,4975,DISTANT
3698,1337,807,CASUAL
3699,9883,6423,CASUAL
3700,6246,855,DISTANT
3701,1574,2168,CLOSE
3702,380,1103,CLOSE
3703,3873,8861,CLOSE
3704,9399,839,CASUAL
3705,7500,3480,CLOSE
3706,6412,5615,DISTANT
3707,6795,8281,DISTANT
3708,2061,2301,DISTANT
3709,8284,9257,CLOSE
3710,6408,7688,CASUAL
3711,2666,2221,CASUAL
3712,9189,5540,CASUAL
3713,1171,2638,DISTANT
3714,2891,9879,DISTANT
3715,8702,3338,DISTANT
3716,626,4442,CASUAL
3717,382,1865,CLOSE
3718,1943,6574,DISTANT
3719,411,6090,DISTANT
3720,955,5353,CLOSE
3721,4259,3744,CLOSE
3722,9575,1793,DISTANT
3723,4109,2465,CASUAL
3724,1244,6352,CASUAL
3725,2928,2699,CLOSE
3726,2997,5714,CASUAL
3727,5796,5612,CASUAL
3728,6917,2508,CASUAL
3729,1657,8375,CASUAL
3730,8253,9938,CLOSE
3731,9452,1474,DISTANT
3732,5325,7475,DISTANT
3733,5007,1608,DISTANT
3734,2101,8776,CLOSE
3735,1823,6054,DISTANT
3736,8508,4037,CLOSE
3737,8501,64,DISTANT
3738,1130,5594,CLOSE
3739,3803,5903,CLOSE
3740,9651,8770,CASUAL
3741,1390,5360,CASUAL
3742,1472,3836,CASUAL
3743,298,2793,DISTANT
3744,5800,5359,CLOSE
3745,9035,9279,CASUAL
3746,5494,9476,DISTANT
3747,3227,1920,DISTANT
3748,7370,6427,CLOSE
3749,9287,1567,CLOSE
3750,7299,8810,CLOSE
3751,9879,9120,CLOSE
3752,8024,6947,CASUAL
3753,9685,2625,CASUAL
3754,383,8320,CASUAL
3755,9902,7941,CASUAL
3756,3726,6720,DISTANT
3757,2018,3334,DISTANT
3758,6749,9159,CASUAL
3759,4957,9542,CLOSE
3760,8211,4978,DISTANT
3761,8913,5557,DISTANT
3762,7558,8537,CASUAL
3763,4587,2830,CLOSE
3764,3650,3744,DISTANT
3765,9768,8727,CLOSE
3766,4995,2782,CLOSE
3767,6431,5974,CLOSE
3768,2161,2356,CLOSE
3769,6567,9461,CASUAL
3770,9641,9943,DISTANT
3771,4975,8460,CLOSE
3772,9263,5758,CLOSE
3773,8225,1197,CASUAL
3774,8322,6166,DISTANT
3775,4739,9674,DISTANT
3776,345,9813,CLOSE
3777,7113,2222,CASUAL
3778,5074,1767,DISTANT
3779,675,8118,DISTANT
3780,9823,8123,DISTANT
3781,7296,1167,CLOSE
3782,9534,9956,CLOSE
3783,4758,9675,CASUAL
3784,6510,2223,DISTANT
3785,8436,7726,CLOSE
3786,9947,2384,CLOSE
3787,5616,660,CLOSE
3788,1403,4276,CLOSE
3789,2895,9316,CLOSE
3790,8375,2617,DISTANT
3791,9835,9776,DISTANT
3792,6165,2487,CASUAL
3793,2262,2335,CASUAL
3794,4224,3259,CASUAL
3795,1816,9320,CLOSE
3796,4942,4987,CLOSE
3797,4202,708,CLOSE
3798,2277,2455,CASUAL
3799,5133,4390,DISTANT
3800,9393,8945,CLOSE
3801,1605,7718,DISTANT
3802,3153,6867,CASUAL
3803,37,9844,CLOSE
3804,5162,9552,CLOSE
3805,5369,3977,CASUAL
3806,9117,6057,CASUAL
3807,3874,5515,CASUAL
3808,8996,6042,CLOSE
3809,8977,9767,DISTANT
3810,1978,9715,CLOSE
3811,7808,5736,CASUAL
3812,8390,5111,DISTANT
3813,6411,5142,CLOSE
3814,3678,6382,CASUAL
3815,9203,5816,DISTANT
3816,774,4581,CASUAL
3817,3558,6244,CLOSE
3818,303,8022,CASUAL
3819,2077,8961,DISTANT
3820,654,4392,CLOSE
3821,9633,6125,DISTANT
3822,3834,8965,CLOSE
3823,5766,4866,CLOSE
3824,7231,4632,CLOSE
3825,3931,5982,CASUAL
3826,9968,4078,DISTANT
3827,5497,715,CLOSE
3828,2905,4729,CLOSE
3829,9123,3013,CASUAL
3830,375,3792,DISTANT
3831,3596,4676,DISTANT
3832,2765,1897,CASUAL
3833,87,6946,CLOSE
3834,8179,516,CLOSE
3835,3085,7214,DISTANT
3836,9526,972,DISTANT
3837,4192,9202,DISTANT
3838,4421,7909,CLOSE
3839,2513,3939,CLOSE
3840,6420,393,CASUAL
3841,2943,7868,DISTANT
3842,4864,5670,CLOSE
3843,5570,6048,CLOSE
3844,8418,3515,DISTANT
3845,752,2175,DISTANT
3846,4138,3092,DISTANT
3847,3552,8582,CLOSE
3848,2352,2152,CASUAL
3849,6697,4738,DISTANT
3850,28,1716,CASUAL
3851,8058,8859,DISTANT
3852,9331,6161,DISTANT
3853,7055,4347,CASUAL
3854,9883,4324,CASUAL
3855,9198,5189,CLOSE
3856,4383,7176,CASUAL
3857,806,7458,CLOSE
3858,9818,7163,DISTANT
3859,7450,4658,CLOSE
3860,7621,2329,CLOSE
3861,837,234,CASUAL
3862,4136,1695,CASUAL
3863,554,3012,CLOSE
3864,9986,8877,DISTANT
3865,8372,5853,CLOSE
3866,6708,4391,DISTANT
3867,3189,599,DISTANT
3868,639,2064,DISTANT
3869,5693,5843,CLOSE
3870,6864,4498,DISTANT
3871,3132,3642,CLOSE
3872,4511,210,CLOSE
3873,4227,7220,CASUAL
3874,9919,3195,CASUAL
3875,4572,9044,CASUAL
3876,2137,7430,CASUAL
3877,6351,458,DISTANT
3878,6705,3252,CASUAL
3879,6688,1127,CASUAL
3880,1051,3074,CASUAL
3881,9696,492,CLOSE
3882,3376,3052,CLOSE
3883,9876,4528,CASUAL
3884,658,9322,CASUAL
3885,2529,5413,CASUAL
3886,1936,5717,DISTANT
3887,8250,2535,CLOSE
3888,8244,561,CLOSE
3889,9362,9077,DISTANT
3890,5887,1632,CASUAL
3891,8170,7631,DISTANT
3892,947,4616,DISTANT
3893,7587,8074,CLOSE
3894,7125,9103,CLOSE
3895,5239,4288,DISTANT
3896,8612,2958,DISTANT
3897,2414,5966,DISTANT
3898,7991,9897,DISTANT
3899,4121,7879,CLOSE
3900,4144,8894,CLOSE
3901,8620,7142,DISTANT
3902,2685,2082,CLOSE
3903,7279,8130,CASUAL
3904,7006,8337,DISTANT
3905,1700,8131,CLOSE
3906,3273,8524,DISTANT
3907,6291,4099,CASUAL
3908,5687,7279,CASUAL
3909,7855,3472,DISTANT
3910,2427,4050,CASUAL
3911,8306,9992,DISTANT
3912,2047,4780,CASUAL
3913,5057,7334,CASUAL
3914,9119,1906,DISTANT
3915,6058,5859,CLOSE
3916,2541,608,DISTANT
3917,2715,243,DISTANT
3918,9065,3239,CASUAL
3919,7010,7819,CASUAL
3920,6498,3221,DISTANT
3921,9790,3615,CASUAL
3922,6319,2266,DISTANT
3923,2984,8833,DISTANT
3924,7388,9010,DISTANT
3925,3270,1254,DISTANT
3926,8673,5404,CASUAL
3927,2648,9503,CLOSE
3928,521,9490,CLOSE
3929,741,874,DISTANT
3930,4114,6050,CASUAL
3931,7913,3082,DISTANT
3932,1395,2797,DISTANT
3933,274,1322,DISTANT
3934,9170,2926,CASUAL
3935,5972,2189,DISTANT
3936,8693,4941,CASUAL
3937,5567,2396,DISTANT
3938,3836,6719,DISTANT
3939,4329,3904,CLOSE
3940,4811,4694,CLOSE
3941,4169,5151,CLOSE
3942,211,84,DISTANT
3943,4916,5480,DISTANT
3944,338,8833,CASUAL
3945,4358,3538,CLOSE
3946,6019,4052,DISTANT
3947,5302,8492,CLOSE
3948,9751,4115,CASUAL
3949,2701,9913,CASUAL
3950,2211,5116,CASUAL
3951,8019,1485,CLOSE
3952,5833,8836,CASUAL
3953,9279,3061,CLOSE
3954,9458,9169,CLOSE
3955,5985,7433,CLOSE
3956,7783,7593,DISTANT
3957,4327,9418,CASUAL
3958,3431,4480,DISTANT
3959,7542,8631,CASUAL
3960,1956,993,DISTANT
3961,8397,211,CLOSE
3962,5996,855,CASUAL
3963,4450,3115,DISTANT
3964,8096,5535,CASUAL
3965,5038,9316,CLOSE
3966,3828,1455,CLOSE
3967,934,278,CLOSE
3968,8466,4462,CASUAL
3969,9606,9600,DISTANT
3970,3032,1595,CLOSE
3971,4876,6479,CLOSE
3972,3546,1152,CASUAL
3973,4618,512,DISTANT
3974,8576,3340,CLOSE
3975,8655,7738,CLOSE
3976,5584,1111,DISTANT
3977,7578,2117,DISTANT
3978,8240,9764,CASUAL
3979,5755,8932,DISTANT
3980,8699,5313,CASUAL
3981,3867,825,CLOSE
3982,3158,6012,DISTANT
3983,7905,5247,CASUAL
3984,1935,3045,DISTANT
3985,8360,5258,DISTANT
3986,7464,8099,CASUAL
3987,6354,4701,DISTANT
3988,3781,1754,CLOSE
3989,2582,9916,DISTANT
3990,219,8148,CASUAL
3991,6257,367,CASUAL
3992,4357,710,DISTANT
3993,3034,4582,DISTANT
3994,8392,2472,CASUAL
3995,2273,6931,DISTANT
3996,1252,8478,CASUAL
3997,4991,9479,CLOSE
3998,8708,7047,DISTANT
3999,4913,337,CLOSE
4000,2641,4674,DISTANT
4001,7112,8178,CLOSE
4002,223,1875,CLOSE
4003,1277,3845,CASUAL
4004,9108,6524,DISTANT
4005,6641,8235,CASUAL
4006,9306,4719,CLOSE
4007,4947,360,DISTANT
4008,3888,9937,DISTANT
4009,9048,7901,DISTANT
4010,9590,1753,CASUAL
4011,3504,8834,CASUAL
4012,7888,4942,DISTANT
4013,549,4392,CLOSE
4014,840,2089,CLOSE
4015,3989,204,DISTANT
4016,7704,2141,DISTANT
4017,1618,6754,CASUAL
4018,336,4112,CLOSE
4019,9187,4977,CASUAL
4020,8205,1124,CLOSE
4021,86,807,CASUAL
4022,5628,4143,DISTANT
4023,6675,4723,CLOSE
4024,9088,9487,CASUAL
4025,4986,501,DISTANT
4026,2628,4239,CLOSE
4027,5797,614,DISTANT
4028,1273,604,DISTANT
4029,200,4697,CASUAL
4030,8426,5251,DISTANT
4031,3979,7439,DISTANT
4032,8067,3252,CLOSE
4033,1638,3037,DISTANT
4034,2722,462,CASUAL
4035,6916,4645,DISTANT
4036,9943,1620,DISTANT
4037,2456,7522,DISTANT
4038,5149,8701,CASUAL
4039,6553,5720,CLOSE
4040,454,4391,DISTANT
4041,1706,9003,DISTANT
4042,8164,9079,DISTANT
4043,5389,6284,CLOSE
4044,5473,3647,CASUAL
4045,2064,9810,CLOSE
4046,8747,2349,DISTANT
4047,9397,3283,DISTANT
4048,3184,9916,CLOSE
4049,3612,7272,CASUAL
4050,2419,2218,DISTANT
4051,2817,9488,CASUAL
4052,6657,8788,CASUAL
4053,2431,7252,CLOSE
4054,2112,7501,CASUAL
4055,9958,6694,DISTANT
4056,6225,3086,DISTANT
4057,626,3723,CASUAL
4058,3910,6333,CASUAL
4059,7592,8930,DISTANT
4060,326,2862,CASUAL
4061,371,7082,CLOSE
4062,8787,4283,CLOSE
4063,3287,849,CASUAL
4064,171,2786,CLOSE
4065,5329,8537,CASUAL
4066,7144,1313,CLOSE
4067,5459,1556,CASUAL
4068,7326,8692,CASUAL
4069,401,6274,CLOSE
4070,3007,1803,CLOSE
4071,3790,2202,CASUAL
4072,1458,6447,CLOSE
4073,9528,8442,DISTANT
4074,1276,7428,CASUAL
4075,2626,1772,DISTANT
4076,7737,1100,DISTANT
4077,6746,1543,DISTANT
4078,5405,8100,CLOSE
4079,7979,6209,CLOSE
4080,4585,7028,CASUAL
4081,376,6683,CASUAL
4082,2832,8157,DISTANT
4083,5183,9439,CLOSE
4084,7403,3931,CLOSE
4085,6110,2544,CASUAL
4086,542,8993,CASUAL
4087,7804,6216,DISTANT
4088,8737,6399,DISTANT
4089,587,2690,CASUAL
4090,9700,6778,DISTANT
4091,1549,3683,CASUAL
4092,6358,9412,CLOSE
4093,1717,3449,CLOSE
4094,884,2247,DISTANT
4095,7881,6830,CASUAL
4096,2836,3764,CLOSE
4097,8692,9186,CLOSE
4098,9702,5221,CASUAL
4099,5438,2464,CASUAL
4100,8279,1986,CASUAL
4101,405,7558,CLOSE
4102,167,3441,DISTANT
4103,6303,5142,CASUAL
4104,6823,6453,CLOSE
4105,6634,5658,CLOSE
4106,9461,3090,CLOSE
4107,9325,5858,DISTANT
4108,4287,9131,DISTANT
4109,4533,5618,CASUAL
4110,1173,9890,CLOSE
4111,492,3101,CLOSE
4112,6195,9538,CLOSE
4113,7558,1250,DISTANT
4114,229,8386,CASUAL
4115,1241,831,DISTANT
4116,8206,8227,CASUAL
4117,7661,9112,DISTANT
4118,4482,2371,DISTANT
4119,7756,6174,DISTANT
4120,5320,1069,CASUAL
4121,8192,550,CLOSE
4122,4891,9217,CLOSE
4123,441,3775,CLOSE
4124,2399,63,CLOSE
4125,3636,263,CLOSE
4126,7409,2253,DISTANT
4127,1139,447,DISTANT
4128,4155,3994,CLOSE
4129,4927,4160,DISTANT
4130,8283,4293,CASUAL
4131,7532,6098,CLOSE
4132,8523,7664,CASUAL
4133,5052,3784,CASUAL
4134,1887,8856,CASUAL
4135,5441,8110,CASUAL
4136,2447,8507,DISTANT
4137,3384,3337,CLOSE
4138,3880,4934,CLOSE
4139,8822,5661,CASUAL
4140,4288,1561,CASUAL
4141,56,922,CASUAL
4142,4234,2093,CLOSE
4143,1242,5454,CASUAL
4144,9429,2213,CASUAL
4145,4145,3689,CLOSE
4146,3840,4023,CASUAL
4147,6707,1573,CLOSE
4148,1973,5929,CLOSE
4149,1331,3601,CASUAL
4150,3170,9849,CASUAL
4151,1639,3,CASUAL
4152,4846,901,DISTANT
4153,2460,320,CASUAL
4154,730,5491,CASUAL
4155,4407,8157,CASUAL
4156,6235,4956,DISTANT
4157,3259,9063,CASUAL
4158,6418,4316,CASUAL
4159,5673,986,CLOSE
4160,8283,6691,CLOSE
4161,9156,5308,CASUAL
4162,8702,5470,CASUAL
4163,6050,2622,CLOSE
4164,5212,8467,DISTANT
4165,6665,6651,CLOSE
4166,6889,429,CASUAL
4167,6683,8686,CLOSE
4168,1210,1371,DISTANT
4169,7876,5476,CLOSE
4170,490,7903,CASUAL
4171,9999,4629,CASUAL
4172,3991,253,CLOSE
4173,337,1755,DISTANT
4174,4715,4723,DISTANT
4175,2408,5968,CASUAL
4176,3661,1994,CASUAL
4177,8436,6462,CASUAL
4178,5882,9501,CASUAL
4179,3807,3955,DISTANT
4180,308,9004,DISTANT
4181,1108,7145,CLOSE
4182,9942,5407,DISTANT
4183,7632,8760,CLOSE
4184,1683,6585,CLOSE
4185,7543,5992,DISTANT
4186,166,5175,CLOSE
4187,5790,6877,DISTANT
4188,5333,7892,DISTANT
4189,9918,1234,CASUAL
4190,1262,3343,CLOSE
4191,1148,501,CLOSE
4192,9456,5597,CLOSE
4193,6396,4255,CASUAL
4194,8054,7884,CASUAL
4195,2663,8367,CASUAL
4196,4182,9705,CASUAL
4197,8759,1923,CLOSE
4198,8552,9347,CLOSE
4199,6393,692,CLOSE
4200,5931,987,CASUAL
4201,7964,4378,DISTANT
4202,8731,5559,CLOSE
4203,6945,2059,CASUAL
4204,4866,8883,DISTANT
4205,5066,6170,CASUAL
4206,8596,8630,CLOSE
4207,6487,3028,CASUAL
4208,7749,9687,CLOSE
4209,2243,593,DISTANT
4210,5746,4660,DISTANT
4211,7250,9491,CASUAL
4212,342,8674,CASUAL
4213,2867,4706,CLOSE
4214,9065,1552,DISTANT
4215,5263,4838,CLOSE
4216,9747,4209,CLOSE
4217,531,2551,DISTANT
4218,1160,9916,CLOSE
4219,2592,7073,CASUAL
4220,282,1396,CASUAL
4221,154,8997,CLOSE
4222,9964,4643,CASUAL
4223,1990,6075,CLOSE
4224,7709,1891,DISTANT
4225,5502,8303,CASUAL
4226,3708,9903,CLOSE
4227,8121,2352,CASUAL
4228,4580,7903,CASUAL
4229,4162,535,CLOSE
4230,9501,3180,DISTANT
4231,4036,2688,CASUAL
4232,5666,3833,CLOSE
4233,9734,1379,DISTANT
4234,4715,131,CASUAL
4235,5377,2101,CLOSE
4236,3433,981,CASUAL
4237,2062,7196,CLOSE
4238,1120,3395,DISTANT
4239,3841,9632,DISTANT
4240,24,9543,DISTANT
4241,3622,9586,CASUAL
4242,2014,3346,CASUAL
4243,325,6259,CLOSE
4244,2581,9418,DISTANT
4245,7701,868,DISTANT
4246,4309,9335,CASUAL
4247,9014,9987,DISTANT
4248,9929,5724,CLOSE
4249,2871,3045,CLOSE
4250,3348,4034,CLOSE
4251,7062,9411,CLOSE
4252,2163,2222,DISTANT
4253,2886,7724,CLOSE
4254,6844,5466,CLOSE
4255,1444,9040,CLOSE
4256,5118,9224,CASUAL
4257,5963,7499,CLOSE
4258,9959,1907,DISTANT
4259,8866,3333,DISTANT
4260,3348,2112,CLOSE
4261,8786,4928,DISTANT
4262,4168,2102,CLOSE
4263,6346,2078,CASUAL
4264,6507,7389,CASUAL
4265,7155,5049,CLOSE
4266,8345,2616,DISTANT
4267,2938,3240,CASUAL
4268,7628,8153,CLOSE
4269,4605,3338,CASUAL
4270,7877,2129,CLOSE
4271,4426,5285,DISTANT
4272,8035,2250,CLOSE
4273,553,3772,CASUAL
4274,153,5771,DISTANT
4275,4234,3528,CASUAL
4276,3605,2030,DISTANT
4277,3990,7126,CLOSE
4278,2208,2242,DISTANT
4279,5545,7756,CLOSE
4280,8536,9335,CLOSE
4281,7687,2546,CASUAL
4282,5907,9165,CASUAL
4283,6012,3327,DISTANT
4284,9484,1865,CLOSE
4285,1863,1654,CLOSE
4286,7423,5196,DISTANT
4287,6874,1262,DISTANT
4288,2357,3754,DISTANT
4289,4449,412,DISTANT
4290,5429,6366,CLOSE
4291,7001,1088,CASUAL
4292,4399,6636,DISTANT
4293,9671,3449,CLOSE
4294,4102,8888,DISTANT
4295,8358,2059,CLOSE
4296,3746,1472,DISTANT
4297,2449,1960,CASUAL
4298,9312,8167,CLOSE
4299,9872,2719,CLOSE
4300,96,6725,CASUAL
4301,4265,2803,CASUAL
4302,1701,5910,DISTANT
4303,4989,3377,CLOSE
4304,8259,4015,CLOSE
4305,940,5265,CLOSE
4306,1924,8941,CLOSE
4307,4407,9759,CASUAL
4308,4453,4084,DISTANT
4309,6585,5154,CLOSE
4310,6975,333,CASUAL
4311,4806,4292,CLOSE
4312,6918,9193,CASUAL
4313,197,167,CLOSE
4314,4610,2093,DISTANT
4315,196,3130,CASUAL
4316,3490,7690,CLOSE
4317,2463,3421,CLOSE
4318,6994,4019,CLOSE
4319,5493,6597,CASUAL
4320,7775,4571,CLOSE
4321,8878,595,DISTANT
4322,951,4491,CLOSE
4323,8993,3890,CLOSE
4324,9629,4177,DISTANT
4325,8479,7735,DISTANT
4326,8748,2292,CASUAL
4327,410,1483,CASUAL
4328,450,5039,CASUAL
4329,8699,372,CLOSE
4330,6792,1787,DISTANT
4331,98,4817,DISTANT
4332,9691,8374,CASUAL
4333,3776,4524,DISTANT
4334,8156,367,CLOSE
4335,1984,9498,CLOSE
4336,1219,9455,CASUAL
4337,4648,5023,CASUAL
4338,2676,1430,CASUAL
4339,4227,9902,CLOSE
4340,7546,6182,CLOSE
4341,9493,3886,DISTANT
4342,4860,9672,DISTANT
4343,3729,1016,CASUAL
4344,6628,6727,DISTANT
4345,596,4633,CLOSE
4346,6079,2995,CASUAL
4347,965,3502,CASUAL
4348,6612,9849,CASUAL
4349,1106,7292,CLOSE
4350,255,1506,DISTANT
4351,6774,7883,CASUAL
4352,165,793,CASUAL
4353,6426,44,DISTANT
4354,6860,586,DISTANT
4355,9864,5032,CLOSE
4356,4136,7610,CLOSE
4357,2510,32,DISTANT
4358,2098,7940,CLOSE
4359,176,829,CLOSE
4360,5328,7028,DISTANT
4361,5678,5309,CLOSE
4362,8224,3128,DISTANT
4363,9410,3734,CASUAL
4364,6691,8604,CLOSE
4365,2951,7577,CLOSE
4366,5238,9957,CLOSE
4367,21,8240,CLOSE
4368,4898,1433,CLOSE
4369,8566,5412,DISTANT
4370,7561,2200,CASUAL
4371,7642,114,CASUAL
4372,5189,7015,CLOSE
4373,8483,4021,CLOSE
4374,2561,3947,CASUAL
4375,1574,7609,CASUAL
4376,1375,9916,CLOSE
4377,9838,7233,CASUAL
4378,6362,9659,CASUAL
4379,9376,3436,CASUAL
4380,5558,6970,CLOSE
4381,914,2753,CLOSE
4382,6506,5648,DISTANT
4383,5,7374,CLOSE
4384,9676,1020,CASUAL
4385,2812,1912,DISTANT
4386,3918,5772,CLOSE
4387,1407,9975,DISTANT
4388,9188,9103,CASUAL
4389,2661,3832,DISTANT
4390,7662,6364,CASUAL
4391,9797,9431,DISTANT
4392,8127,9232,CLOSE
4393,8215,8821,DISTANT
4394,5669,5720,DISTANT
4395,6302,47,CLOSE
4396,4857,7920,CLOSE
4397,3769,5662,CLOSE
4398,4422,7182,CASUAL
4399,2339,7282,CASUAL
4400,5573,5251,CASUAL
4401,7824,1195,CLOSE
4402,3729,7457,CASUAL
4403,708,4346,DISTANT
4404,6079,411,CASUAL
4405,3157,3300,DISTANT
4406,8544,3214,CASUAL
4407,8078,4859,CLOSE
4408,8806,8852,CLOSE
4409,8663,6247,CASUAL
4410,12,9534,CASUAL
4411,748,5488,DISTANT
4412,1459,3314,DISTANT
4413,1237,4391,CASUAL
4414,8308,8179,DISTANT
4415,4255,995,DISTANT
4416,5173,2641,CLOSE
4417,3134,7336,CLOSE
4418,2982,6833,DISTANT
4419,2546,766,DISTANT
4420,50,2253,CASUAL
4421,1820,6738,CLOSE
4422,1975,5656,CASUAL
4423,6501,7230,CLOSE
4424,7994,6185,DISTANT
4425,8067,2536,CLOSE
4426,3646,7338,DISTANT
4427,1104,7369,CLOSE
4428,6362,6116,CLOSE
4429,7602,3642,CASUAL
4430,3446,1771,CASUAL
4431,6297,6320,CASUAL
4432,2646,441,CASUAL
4433,4968,3952,CASUAL
4434,6686,4780,CASUAL
4435,4195,9904,DISTANT
4436,3026,5008,CASUAL
4437,657,5272,CASUAL
4438,156,2461,CASUAL
4439,7931,9908,CLOSE
4440,9077,2800,CLOSE
4441,4171,1361,CASUAL
4442,4516,9082,DISTANT
4443,8493,239,DISTANT
4444,9011,2448,DISTANT
4445,3743,7127,DISTANT
4446,5023,4419,CLOSE
4447,8334,2534,CASUAL
4448,1209,2403,CASUAL
4449,345,8519,DISTANT
4450,7566,2188,CASUAL
4451,4537,4942,DISTANT
4452,3474,6913,CASUAL
4453,6521,9848,CASUAL
4454,8055,250,CASUAL
4455,3412,7788,CASUAL
4456,6147,6463,CASUAL
4457,470,9606,DISTANT
4458,7659,861,CLOSE
4459,6189,1258,DISTANT
4460,8724,2309,CLOSE
4461,6862,6342,DISTANT
4462,1551,1261,CASUAL
4463,9951,4403,DISTANT
4464,1031,1490,CASUAL
4465,3994,2281,CLOSE
4466,4099,5789,CLOSE
4467,3254,6642,CLOSE
4468,7332,3812,CLOSE
4469,7845,9850,CLOSE
4470,4783,7600,DISTANT
4471,8952,2158,CASUAL
4472,9313,2522,CASUAL
4473,6847,1901,DISTANT
4474,7980,9635,CLOSE
4475,5614,7820,CLOSE
4476,2380,4300,CLOSE
4477,7423,7698,CASUAL
4478,7644,7825,DISTANT
4479,1469,4362,CLOSE
4480,5124,7192,CASUAL
4481,8657,6540,CASUAL
4482,8247,2084,CASUAL
4483,9856,3198,DISTANT
4484,7557,9308,CLOSE
4485,70,2911,DISTANT
4486,2070,5403,CLOSE
4487,3970,2921,DISTANT
4488,1510,2781,CLOSE
4489,5023,8093,CASUAL
4490,6646,4128,DISTANT
4491,9808,1744,CASUAL
4492,9600,3435,CLOSE
4493,8799,3685,CLOSE
4494,7874,9571,CLOSE
4495,8279,6982,CLOSE
4496,7716,5141,CASUAL
4497,2901,4039,DISTANT
4498,7609,5093,DISTANT
4499,941,6634,CASUAL
4500,4319,3733,CASUAL
4501,7211,5415,CASUAL
4502,5978,6149,DISTANT
4503,151,5384,CLOSE
4504,2638,3578,CASUAL
4505,8721,1641,DISTANT
4506,3966,8652,CLOSE
4507,672,5594,CLOSE
4508,4939,7817,DISTANT
4509,8324,5380,DISTANT
4510,2063,3243,CLOSE
4511,4499,7523,CASUAL
4512,5420,8446,DISTANT
4513,6366,9690,DISTANT
4514,7575,798,CASUAL
4515,6363,4944,CLOSE
4516,449,8007,CASUAL
4517,7846,2181,DISTANT
4518,7777,5019,CLOSE
4519,3482,2834,CLOSE
4520,8731,1691,CLOSE
4521,2755,3728,DISTANT
4522,3662,1136,CASUAL
4523,8081,5007,DISTANT
4524,1391,6182,DISTANT
4525,5416,4001,CLOSE
4526,909,6197,CLOSE
4527,4345,1176,DISTANT
4528,4170,818,DISTANT
4529,327,4544,DISTANT
4530,3367,7772,DISTANT
4531,386,8012,CLOSE
4532,990,7942,CASUAL
4533,3334,8058,DISTANT
4534,4723,4589,DISTANT
4535,4308,4530,DISTANT
4536,4220,5968,CASUAL
4537,5722,9145,CLOSE
4538,4470,2713,CASUAL
4539,5838,8822,DISTANT
4540,7609,5802,CASUAL
4541,3863,2766,CASUAL
4542,1777,8171,CLOSE
4543,5505,7728,CASUAL
4544,5912,1684,CLOSE
4545,2076,7167,CLOSE
4546,3725,5302,DISTANT
4547,5791,6746,CASUAL
4548,4551,6626,DISTANT
4549,14,6525,DISTANT
4550,1862,5066,DISTANT
4551,4894,4523,CLOSE
4552,4769,7472,CASUAL
4553,4800,3938,CASUAL
4554,7318,2242,CASUAL
4555,2129,5553,CLOSE
4556,1646,4748,CLOSE
4557,7936,3835,CLOSE
4558,3117,1088,CLOSE
4559,5990,971,DISTANT
4560,211,162,DISTANT
4561,4359,6276,DISTANT
4562,8315,1943,CASUAL
4563,4552,7830,DISTANT
4564,8244,6548,CASUAL
4565,8286,3959,DISTANT
4566,3359,8218,DISTANT
4567,5380,7980,CASUAL
4568,6545,7976,CASUAL
4569,2227,9187,CLOSE
4570,3170,3769,CLOSE
4571,2954,3286,CLOSE
4572,814,859,CASUAL
4573,9560,1178,CASUAL
4574,9051,1304,CLOSE
4575,5100,821,DISTANT
4576,6752,8651,CASUAL
4577,1268,6059,CLOSE
4578,6283,3300,CLOSE
4579,8759,5551,CASUAL
4580,2250,6672,DISTANT
4581,7376,8070,CLOSE
4582,135,4087,CASUAL
4583,946,5905,CASUAL
4584,859,6828,CLOSE
4585,7344,280,CASUAL
4586,9546,5608,CLOSE
4587,4773,9687,CLOSE
4588,695,9180,CLOSE
4589,1106,8281,CLOSE
4590,5265,4355,DISTANT
4591,1233,3036,CASUAL
4592,8776,3414,CLOSE
4593,4986,6969,DISTANT
4594,1570,7833,CASUAL
4595,7060,307,CASUAL
4596,4641,6622,DISTANT
4597,3535,6846,DISTANT
4598,7899,6330,DISTANT
4599,9966,795,DISTANT
4600,8239,2008,CASUAL
4601,3271,7891,CLOSE
4602,4988,9431,CLOSE
4603,7485,728,DISTANT
4604,7585,5239,DISTANT
4605,7693,7627,CASUAL
4606,4241,327,CLOSE
4607,7269,9830,CLOSE
4608,4561,8679,CASUAL
4609,6972,6340,CLOSE
4610,1167,2927,CLOSE
4611,5948,5674,DISTANT
4612,9127,551,CASUAL
4613,4414,6857,CASUAL
4614,9047,1246,CASUAL
4615,6662,3143,CASUAL
4616,1709,1465,DISTANT
4617,3979,1829,CASUAL
4618,4748,8424,DISTANT
4619,5394,2408,DISTANT
4620,8648,677,DISTANT
4621,8564,9293,CASUAL
4622,6293,1093,DISTANT
4623,1412,4768,DISTANT
4624,3080,4911,CASUAL
4625,3925,1315,CLOSE
4626,3735,3364,DISTANT
4627,8432,3034,DISTANT
4628,5614,3235,CASUAL
4629,2673,3927,CLOSE
4630,6270,7078,CLOSE
4631,3325,8098,CLOSE
4632,5812,7296,DISTANT
4633,4687,9093,CLOSE
4634,1174,5111,DISTANT
4635,1253,4487,CLOSE
4636,5078,4324,DISTANT
4637,5917,6796,CASUAL
4638,1380,171,CASUAL
4639,4081,6409,CASUAL
4640,8028,1776,CASUAL
4641,319,9601,DISTANT
4642,1,307,CASUAL
4643,1561,6539,DISTANT
4644,2936,4874,CLOSE
4645,524,2539,CASUAL
4646,9909,3600,CLOSE
4647,2902,9335,DISTANT
4648,9465,3026,CLOSE
4649,8929,5411,DISTANT
4650,2288,7244,CASUAL
4651,278,1186,DISTANT
4652,5236,7985,CLOSE
4653,6331,4552,DISTANT
4654,6673,3319,CLOSE
4655,810,8116,DISTANT
4656,1052,3366,DISTANT
4657,2417,7458,CLOSE
4658,1324,2104,DISTANT
4659,9353,3260,CASUAL
4660,5062,7747,DISTANT
4661,3071,3401,CLOSE
4662,5107,7592,DISTANT
4663,728,5316,DISTANT
4664,4903,3512,DISTANT
4665,575,5079,CLOSE
4666,7389,2925,CLOSE
4667,7403,3708,CASUAL
4668,7917,9926,CASUAL
4669,7032,2836,CASUAL
4670,4836,9339,CASUAL
4671,3422,2705,DISTANT
4672,8131,6362,DISTANT
4673,6329,5445,CLOSE
4674,9745,6166,DISTANT
4675,5340,1628,CASUAL
4676,5658,8929,CLOSE
4677,6940,100,DISTANT
4678,1623,4280,CASUAL
4679,1506,2726,CASUAL
4680,4261,2207,DISTANT
4681,8133,8964,CASUAL
4682,8921,3892,CLOSE
4683,6997,7391,CLOSE
4684,5732,772,CASUAL
4685,1733,4690,CASUAL
4686,8927,2995,CLOSE
4687,7219,9255,CASUAL
4688,9210,5868,DISTANT
4689,7696,5474,DISTANT
4690,9715,3977,DISTANT
4691,6647,5518,CLOSE
4692,3854,3526,CLOSE
4693,2536,1016,CLOSE
4694,1776,6908,CASUAL
4695,9613,8920,CASUAL
4696,4292,1605,DISTANT
4697,5374,9,DISTANT
4698,9685,3759,DISTANT
4699,8578,8614,DISTANT
4700,2297,5856,CASUAL
4701,5876,9582,CLOSE
4702,5874,7994,CASUAL
4703,4542,7100,CLOSE
4704,3920,9793,CLOSE
4705,1610,2579,CLOSE
4706,3163,8619,CLOSE
4707,4330,4384,CASUAL
4708,2710,9094,CASUAL
4709,4272,8023,CASUAL
4710,9348,3201,CASUAL
4711,348,81,DISTANT
4712,6659,9915,DISTANT
4713,6489,2107,CLOSE
4714,9146,6876,CLOSE
4715,934,9578,CLOSE
4716,1731,9234,DISTANT
4717,1773,9542,CASUAL
4718,6308,6488,DISTANT
4719,1825,9097,CLOSE
4720,5813,9789,CLOSE
4721,9579,9387,DISTANT
4722,9597,6252,CASUAL
4723,1869,5091,DISTANT
4724,4221,3435,DISTANT
4725,4928,7552,CASUAL
4726,8675,6207,CLOSE
4727,2336,3168,CLOSE
4728,8906,5052,CLOSE
4729,3774,6593,DISTANT
4730,5762,9641,CASUAL
4731,5052,3576,CASUAL
4732,9172,6297,CASUAL
4733,3142,8532,CLOSE
4734,7015,6302,CASUAL
4735,9627,7993,CASUAL
4736,3207,5723,CASUAL
4737,3741,6828,CASUAL
4738,5877,2551,DISTANT
4739,1054,9075,CLOSE
4740,668,5867,DISTANT
4741,3274,1611,CLOSE
4742,3309,8929,CLOSE
4743,1127,4436,DISTANT
4744,4734,4907,DISTANT
4745,7080,8575,CASUAL
4746,4079,1662,DISTANT
4747,306,9855,CASUAL
4748,653,5570,CASUAL
4749,7726,7411,CASUAL
4750,387,9524,CASUAL
4751,4187,1040,DISTANT
4752,3837,9335,DISTANT
4753,4863,1465,CASUAL
4754,5705,1310,DISTANT
4755,6004,9944,DISTANT
4756,1559,2773,DISTANT
4757,7249,7402,CLOSE
4758,239,5791,CASUAL
4759,4271,9261,CASUAL
4760,9613,4148,CLOSE
4761,1269,3290,CASUAL
4762,5784,5976,CLOSE
4763,8643,5637,CLOSE
4764,1888,122,DISTANT
4765,5093,4387,CASUAL
4766,5766,915,CLOSE
4767,5030,8247,CASUAL
4768,9894,9385,DISTANT
4769,6754,9137,CASUAL
4770,4760,2702,DISTANT
4771,8150,1482,CLOSE
4772,8246,7881,CASUAL
4773,4062,7010,CASUAL
4774,5441,1318,CASUAL
4775,2863,8734,CASUAL
4776,3535,8111,DISTANT
4777,6605,3007,DISTANT
4778,467,2437,CASUAL
4779,7342,1665,DISTANT
4780,8769,2984,DISTANT
4781,7868,4478,DISTANT
4782,8908,8763,CLOSE
4783,9381,8117,DISTANT
4784,5105,9143,DISTANT
4785,4040,9532,CLOSE
4786,3820,1486,DISTANT
4787,5086,7353,CLOSE
4788,4298,9760,DISTANT
4789,777,3597,CASUAL
4790,556,8900,CASUAL
4791,5791,3316,DISTANT
4792,3878,7036,CLOSE
4793,6143,9563,CLOSE
4794,279,8219,CASUAL
4795,8341,44,DISTANT
4796,4704,5302,CLOSE
4797,4816,4308,DISTANT
4798,7476,5228,CASUAL
4799,8204,3930,CLOSE
4800,7743,7206,CLOSE
4801,8956,9701,CLOSE
4802,1866,776,CLOSE
4803,672,7843,CASUAL
4804,5998,4439,DISTANT
4805,7673,3641,CASUAL
4806,7451,7446,DISTANT
4807,4380,1667,CASUAL
4808,7513,1401,DISTANT
4809,8226,8006,DISTANT
4810,3727,6218,CASUAL
4811,3744,7139,DISTANT
4812,8734,1049,CLOSE
4813,1107,8450,CASUAL
4814,6547,9840,DISTANT
4815,8120,8666,CLOSE
4816,677,3584,DISTANT
4817,4626,762,CLOSE
4818,9558,3369,DISTANT
4819,6881,9339,CLOSE
4820,620,2921,CASUAL
4821,6564,4106,CLOSE
4822,159,9712,CASUAL
4823,2962,9703,CASUAL
4824,8758,1641,CASUAL
4825,7344,860,CASUAL
4826,3123,6705,CASUAL
4827,1928,9823,DISTANT
4828,4136,7001,CASUAL
4829,4295,6442,DISTANT
4830,6310,9067,CASUAL
4831,3959,2052,CASUAL
4832,3037,3317,DISTANT
4833,7636,9819,DISTANT
4834,5189,3833,CLOSE
4835,2298,1007,CLOSE
4836,8835,1545,DISTANT
4837,5420,2536,DISTANT
4838,7182,9753,CLOSE
4839,6547,3648,DISTANT
4840,3651,5359,CASUAL
4841,1230,4607,DISTANT
4842,8318,7049,DISTANT
4843,6427,263,DISTANT
4844,7420,9411,CASUAL
4845,6092,7175,CLOSE
4846,9002,1179,DISTANT
4847,348,3823,CASUAL
4848,859,6001,CASUAL
4849,5185,5806,CLOSE
4850,1512,510,CLOSE
4851,129,2823,CASUAL
4852,1438,1636,DISTANT
4853,1704,2872,DISTANT
4854,8593,3700,DISTANT
4855,5032,1600,CLOSE
4856,2239,928,CASUAL
4857,2637,7803,DISTANT
4858,7975,4258,CASUAL
4859,2219,1643,CLOSE
4860,7671,7107,CASUAL
4861,1485,2875,CASUAL
4862,587,4598,DISTANT
4863,1869,9909,CASUAL
4864,981,5522,CASUAL
4865,9479,8489,CASUAL
4866,2763,9665,CASUAL
4867,1706,3911,DISTANT
4868,8803,4994,CLOSE
4869,5605,2428,CASUAL
4870,2945,2874,CLOSE
4871,3802,3280,CASUAL
4872,2143,5484,CLOSE
4873,9628,3857,CLOSE
4874,7841,8717,CLOSE
4875,5657,254,CASUAL
4876,6992,3099,CLOSE
4877,7047,5553,CASUAL
4878,6421,2045,CASUAL
4879,4922,2542,CLOSE
4880,2084,1048,DISTANT
4881,5436,9635,CASUAL
4882,2925,109,CASUAL
4883,1431,738,DISTANT
4884,9500,5596,DISTANT
4885,2979,8174,CASUAL
4886,5171,4384,DISTANT
4887,2448,961,DISTANT
4888,9423,7807,CLOSE
4889,3512,4350,CASUAL
4890,6897,7213,CLOSE
4891,5088,2872,CASUAL
4892,4091,2424,CLOSE
4893,3000,5759,CASUAL
4894,5649,4181,CLOSE
4895,5437,2510,CLOSE
4896,593,8004,CASUAL
4897,7120,1642,CLOSE
4898,9400,3063,CLOSE
4899,3062,8568,CLOSE
4900,2588,407,CASUAL
4901,1946,902,CASUAL
4902,2317,149,DISTANT
4903,5698,5783,CASUAL
4904,5143,9216,CASUAL
4905,7904,1403,CLOSE
4906,9747,4647,DISTANT
4907,129,8653,DISTANT
4908,4897,397,CLOSE
4909,9237,6844,CLOSE
4910,1894,7277,CLOSE
4911,7172,29,CLOSE
4912,3436,9571,CASUAL
4913,9659,340,DISTANT
4914,1678,6435,DISTANT
4915,3591,6399,DISTANT
4916,7480,7480,CLOSE
4917,7648,2267,CLOSE
4918,498,491,CLOSE
4919,1079,3186,CLOSE
4920,2493,279,CASUAL
4921,2719,3348,CASUAL
4922,2105,3478,CASUAL
4923,5,9708,DISTANT
4924,2604,3846,CLOSE
4925,7135,4591,DISTANT
4926,1440,5122,CLOSE
4927,9640,3382,CLOSE
4928,1913,7664,CASUAL
4929,7489,4629,CASUAL
4930,378,2207,DISTANT
4931,7567,9197,DISTANT
4932,7771,2791,DISTANT
4933,8526,4242,CASUAL
4934,8735,3991,CLOSE
4935,220,7557,CLOSE
4936,6002,3344,DISTANT
4937,2917,7870,CASUAL
4938,1503,5121,CLOSE
4939,4304,7197,CASUAL
4940,4366,9571,DISTANT
4941,4325,6406,CASUAL
4942,9831,2006,CLOSE
4943,2801,7205,DISTANT
4944,1168,8743,DISTANT
4945,8960,7504,DISTANT
4946,5017,4051,CLOSE
4947,9905,7146,CLOSE
4948,3621,7842,CLOSE
4949,1959,1613,CASUAL
4950,7123,4138,DISTANT
4951,7168,3268,CLOSE
4952,5654,7232,CLOSE
4953,479,7680,CASUAL
4954,9498,6431,DISTANT
4955,4136,9420,CLOSE
4956,6634,3022,CLOSE
4957,4221,2685,DISTANT
4958,3904,5056,CASUAL
4959,6119,6224,CLOSE
4960,3289,5859,CASUAL
4961,9160,4119,CLOSE
4962,4104,1330,DISTANT
4963,9674,5070,CLOSE
4964,5962,3547,CASUAL
4965,1166,6424,CLOSE
4966,4381,3049,CLOSE
4967,4841,2096,DISTANT
4968,2945,4910,CLOSE
4969,5751,7804,CLOSE
4970,5083,8479,DISTANT
4971,584,2876,CLOSE
4972,7642,8355,CLOSE
4973,312,5110,CLOSE
4974,5998,6860,DISTANT
4975,9841,4528,CASUAL
4976,9134,7448,CLOSE
4977,4561,4088,CLOSE
4978,8396,6136,CLOSE
4979,6954,8667,DISTANT
4980,8605,7840,CASUAL
4981,722,4849,DISTANT
4982,2281,4782,CLOSE
4983,5775,4715,CLOSE
4984,7178,8772,CLOSE
4985,3226,954,CASUAL
4986,9665,4525,CLOSE
4987,6971,553,CASUAL
4988,6149,9044,DISTANT
4989,1953,9937,CASUAL
4990,7091,4368,CASUAL
4991,4219,992,CASUAL
4992,4421,8657,CLOSE
4993,9421,2809,CLOSE
4994,6024,993,CLOSE
4995,7567,9884,DISTANT
4996,9360,3964,CLOSE
4997,3203,9925,CASUAL
4998,683,5007,CASUAL
4999,3406,5721,CLOSE
5000,1309,8697,DISTANT
5001,5205,7331,DISTANT
5002,3531,4090,CASUAL
5003,2297,7818,CASUAL
5004,1652,1487,DISTANT
5005,5356,9501,DISTANT
5006,7058,7872,DISTANT
5007,4089,2836,CASUAL
5008,8294,226,DISTANT
5009,1250,8936,DISTANT
5010,9735,6918,CASUAL
5011,9496,2856,CASUAL
5012,9745,5203,DISTANT
5013,6238,4176,DISTANT
5014,5821,161,CASUAL
5015,6154,9000,CLOSE
5016,838,5604,CASUAL
5017,2797,7383,DISTANT
5018,85,5130,DISTANT
5019,5828,4643,DISTANT
5020,870,3982,CLOSE
5021,5381,2098,CLOSE
5022,6463,3372,CASUAL
5023,4468,9990,CASUAL
5024,3668,9565,CASUAL
5025,7316,3471,DISTANT
5026,58,5179,CASUAL
5027,5368,7910,CASUAL
5028,9574,3323,CASUAL
5029,1538,5688,DISTANT
5030,9707,4247,CLOSE
5031,2104,5933,CASUAL
5032,3536,2445,CLOSE
5033,4718,1991,DISTANT
5034,8964,3625,CASUAL
5035,5947,9718,CLOSE
5036,420,1958,CASUAL
5037,2809,9265,CLOSE
5038,8260,8440,DISTANT
5039,8158,1459,CLOSE
5040,6945,6265,DISTANT
5041,8838,1210,CLOSE
5042,3121,7834,CASUAL
5043,70,6369,CASUAL
5044,4118,1141,CASUAL
5045,3994,6311,DISTANT
5046,8944,1555,CASUAL
5047,9756,637,DISTANT
5048,4206,2081,CASUAL
5049,6588,2899,CASUAL
5050,75,1864,CLOSE
5051,2421,1866,DISTANT
5052,4440,8050,CASUAL
5053,9257,8780,DISTANT
5054,5045,4583,DISTANT
5055,9925,1094,CASUAL
5056,7449,6445,CASUAL
5057,8651,9733,CASUAL
5058,6935,3451,DISTANT
5059,9667,3419,CASUAL
5060,6412,1881,DISTANT
5061,8133,7190,CASUAL
5062,4885,4525,CLOSE
5063,8990,1786,CASUAL
5064,3237,244,CLOSE
5065,9566,9420,CLOSE
5066,7173,9754,CASUAL
5067,6677,721,CLOSE
5068,9262,6899,CASUAL
5069,3102,2538,DISTANT
5070,693,4116,DISTANT
5071,2621,4696,CLOSE
5072,7376,13,CLOSE
5073,818,3417,DISTANT
5074,1131,401,CLOSE
5075,3989,1520,DISTANT
5076,4873,3472,CLOSE
5077,5393,1583,DISTANT
5078,3152,5406,DISTANT
5079,6025,3315,DISTANT
5080,8219,2084,DISTANT
5081,5103,2764,CASUAL
5082,2417,8368,CLOSE
5083,5684,2119,CLOSE
5084,908,183,CASUAL
5085,6816,1751,CLOSE
5086,1083,6804,CASUAL
5087,6267,30,CLOSE
5088,5410,5136,DISTANT
5089,261,8204,CLOSE
5090,2245,5318,CLOSE
5091,9034,952,CLOSE
5092,3840,764,CASUAL
5093,3105,3128,CLOSE
5094,5293,9085,DISTANT
5095,6806,664,DISTANT
5096,1691,4248,DISTANT
5097,7365,4902,CASUAL
5098,9439,8676,DISTANT
5099,7299,8963,DISTANT
5100,788,4559,CASUAL
5101,6268,1434,CASUAL
5102,4999,4791,CASUAL
5103,537,1731,CASUAL
5104,692,6811,DISTANT
5105,3114,1557,CLOSE
5106,4850,8016,CLOSE
5107,7606,6200,DISTANT
5108,1712,8729,CLOSE
5109,558,2792,CLOSE
5110,7083,6233,DISTANT
5111,4894,7389,CASUAL
5112,4229,8142,CLOSE
5113,8166,2927,CLOSE
5114,8801,2986,CLOSE
5115,9724,1374,CLOSE
5116,8645,3921,CASUAL
5117,6521,6754,CLOSE
5118,7414,9875,CASUAL
5119,3101,9499,CLOSE
5120,9090,3773,CLOSE
5121,4390,9514,DISTANT
5122,4131,8439,CASUAL
5123,7380,8373,CASUAL
5124,400,7781,CLOSE
5125,9159,9967,CLOSE
5126,9947,7698,DISTANT
5127,4135,8840,CLOSE
5128,9886,9889,DISTANT
5129,2894,9716,CASUAL
5130,2485,2880,DISTANT
5131,9054,1057,DISTANT
5132,9392,2739,DISTANT
5133,6947,9105,CASUAL
5134,5386,6641,CLOSE
5135,7324,1105,CASUAL
5136,9663,7863,CASUAL
5137,75,2139,CASUAL
5138,4925,351,CASUAL
5139,2823,8092,CLOSE
5140,2800,7838,CLOSE
5141,2180,4391,DISTANT
5142,2688,7965,CASUAL
5143,2811,5756,DISTANT
5144,2359,4241,DISTANT
5145,9335,3197,CASUAL
5146,4395,3002,DISTANT
5147,3707,7791,CLOSE
5148,5955,2156,DISTANT
5149,9966,5228,CLOSE
5150,5914,5769,DISTANT
5151,6109,1752,CASUAL
5152,5415,565,DISTANT
5153,859,494,CASUAL
5154,9608,4318,CLOSE
5155,6742,6652,CASUAL
5156,9057,6658,CASUAL
5157,6500,2954,CASUAL
5158,5646,6821,DISTANT
5159,5020,5691,DISTANT
5160,5265,1022,DISTANT
5161,6592,2119,CLOSE
5162,9515,6753,DISTANT
5163,2163,6505,CLOSE
5164,7445,9386,CASUAL
5165,3627,8201,CASUAL
5166,1896,2544,CASUAL
5167,2680,6728,CASUAL
5168,8847,2266,DISTANT
5169,1488,1098,CASUAL
5170,2975,4997,CASUAL
5171,3762,2011,CASUAL
5172,8187,4985,CASUAL
5173,5893,4914,DISTANT
5174,3485,8594,DISTANT
5175,3402,3133,CASUAL
5176,8686,3456,CLOSE
5177,469,2826,CASUAL
5178,5186,367,CLOSE
5179,7276,9327,CASUAL
5180,6637,6339,CLOSE
5181,2335,1680,CLOSE
5182,9211,2028,CASUAL
5183,6172,6472,CASUAL
5184,4703,888,CLOSE
5185,2435,1442,CLOSE
5186,6951,7453,CLOSE
5187,1063,9980,DISTANT
5188,4439,5130,CLOSE
5189,1808,941,DISTANT
5190,9055,2468,CASUAL
5191,4510,4459,DISTANT
5192,2049,6112,DISTANT
5193,1263,1448,DISTANT
5194,5962,109,CLOSE
5195,5121,4746,CASUAL
5196,8965,7425,CLOSE
5197,2756,7657,DISTANT
5198,2660,3160,CLOSE
5199,4051,6504,CLOSE
5200,9157,492,CASUAL
5201,4654,3379,CLOSE
5202,8827,521,CLOSE
5203,9524,5854,CLOSE
5204,1018,9507,CLOSE
5205,3058,1565,CASUAL
5206,8943,8817,CLOSE
5207,7161,8750,DISTANT
5208,6802,4218,DISTANT
5209,7556,9260,CLOSE
5210,2071,130,CLOSE
5211,508,3005,DISTANT
5212,7919,9974,DISTANT
5213,7091,1369,CLOSE
5214,1112,3943,DISTANT
5215,1789,9021,CASUAL
5216,1076,2197,DISTANT
5217,1050,5244,CASUAL
5218,3643,1431,CASUAL
5219,6224,6504,DISTANT
5220,8358,9991,DISTANT
5221,8128,4467,CLOSE
5222,8306,5290,DISTANT
5223,1116,1471,CASUAL
5224,1813,6775,DISTANT
5225,7134,5018,CLOSE
5226,6599,851,CLOSE
5227,22,2485,CASUAL
5228,6893,629,CLOSE
5229,4069,5219,CLOSE
5230,2727,6701,DISTANT
5231,5531,7528,DISTANT
5232,5404,4854,DISTANT
5233,8979,4957,CLOSE
5234,2418,1809,CASUAL
5235,4539,3371,DISTANT
5236,627,8631,CASUAL
5237,9615,7214,CASUAL
5238,9951,8899,DISTANT
5239,839,349,CASUAL
5240,9,3460,CLOSE
5241,3476,6481,DISTANT
5242,3422,4522,DISTANT
5243,5788,825,DISTANT
5244,7688,9294,CASUAL
5245,8633,2748,CASUAL
5246,3334,6264,CLOSE
5247,9243,4939,CLOSE
5248,6756,808,CLOSE
5249,9111,445,DISTANT
5250,4087,9890,CASUAL
5251,4734,3538,CASUAL
5252,5851,3966,DISTANT
5253,7748,5759,CASUAL
5254,7515,316,CASUAL
5255,3347,5115,CASUAL
5256,606,6238,DISTANT
5257,9012,3928,DISTANT
5258,9389,1478,CLOSE
5259,2071,1533,CLOSE
5260,3076,9201,CASUAL
5261,8855,3277,CLOSE
5262,5200,1444,DISTANT
5263,6482,7788,CLOSE
5264,6234,7332,DISTANT
5265,713,1368,CLOSE
5266,687,6716,CLOSE
5267,6713,6219,CLOSE
5268,4875,5279,CASUAL
5269,974,7738,DISTANT
5270,9702,2918,DISTANT
5271,2971,5211,DISTANT
5272,5882,9796,CLOSE
5273,5432,9728,CASUAL
5274,65,7584,CLOSE
5275,7208,1796,DISTANT
5276,7969,1354,CASUAL
5277,8403,2843,CLOSE
5278,1041,6193,DISTANT
5279,511,7827,DISTANT
5280,3198,8037,CASUAL
5281,256,4660,CASUAL
5282,4633,6168,CLOSE
5283,2236,5603,DISTANT
5284,7238,88,DISTANT
5285,297,7094,CLOSE
5286,941,3368,DISTANT
5287,6794,2718,DISTANT
5288,8853,3444,CASUAL
5289,5904,2579,CLOSE
5290,5454,3688,DISTANT
5291,5130,2258,CLOSE
5292,2695,3408,CASUAL
5293,4426,103,CASUAL
5294,6609,9813,DISTANT
5295,3750,7549,CASUAL
5296,1911,7819,CLOSE
5297,4236,6312,CASUAL
5298,7236,5094,CLOSE
5299,5639,1275,CASUAL
5300,1279,3714,CLOSE
5301,4711,7653,CLOSE
5302,6788,7959,CASUAL
5303,600,9597,CASUAL
5304,6648,4222,DISTANT
5305,2618,172,DISTANT
5306,4583,5269,DISTANT
5307,8367,6830,CLOSE
5308,2121,4519,DISTANT
5309,5303,9327,CLOSE
5310,8378,8095,CASUAL
5311,1227,228,DISTANT
5312,9278,5857,CASUAL
5313,5084,1091,CLOSE
5314,5160,6583,DISTANT
5315,3053,3246,CASUAL
5316,2032,7834,CASUAL
5317,9351,2984,CLOSE
5318,191,2494,DISTANT
5319,4778,9137,DISTANT
5320,6080,5749,CLOSE
5321,9144,7731,CASUAL
5322,9608,1471,CLOSE
5323,3387,89,CLOSE
5324,7486,6484,CLOSE
5325,7934,1569,DISTANT
5326,546,9708,CLOSE
5327,2639,7189,DISTANT
5328,2281,6053,DISTANT
5329,313,8228,CASUAL
5330,9824,387,CASUAL
5331,2994,6754,DISTANT
5332,8830,2212,CLOSE
5333,4470,9405,CLOSE
5334,2098,8754,CLOSE
5335,6506,6752,CASUAL
5336,4689,2113,CLOSE
5337,3403,9713,DISTANT
5338,9533,9596,CLOSE
5339,948,8500,CASUAL
5340,9812,8363,CASUAL
5341,1452,2455,DISTANT
5342,1257,4150,DISTANT
5343,8524,9971,CLOSE
5344,9102,5435,CASUAL
5345,7468,1430,CASUAL
5346,6761,6502,CLOSE
5347,8657,6910,DISTANT
5348,1012,278,DISTANT
5349,6108,2311,CLOSE
5350,2292,2016,CLOSE
5351,3852,3489,CASUAL
5352,7441,5023,CLOSE
5353,598,3454,CASUAL
5354,968,6693,CASUAL
5355,2402,3359,DISTANT
5356,7065,1002,DISTANT
5357,9810,2727,DISTANT
5358,3126,5824,CLOSE
5359,8476,6885,CLOSE
5360,4717,3201,CLOSE
5361,134,9879,CASUAL
5362,8042,635,CASUAL
5363,26,5714,DISTANT
5364,6768,8548,CASUAL
5365,2748,9669,CLOSE
5366,7475,8077,CLOSE
5367,5371,1821,DISTANT
5368,6368,929,DISTANT
5369,425,5349,CLOSE
5370,6730,6156,DISTANT
5371,2640,4036,CASUAL
5372,4426,6522,CLOSE
5373,6277,7227,CLOSE
5374,1436,9020,CLOSE
5375,6678,967,CASUAL
5376,3169,9978,CASUAL
5377,9495,9579,CASUAL
5378,5109,4109,CASUAL
5379,1591,7352,CLOSE
5380,3689,1347,DISTANT
5381,6681,1580,DISTANT
5382,1112,3981,CASUAL
5383,2947,5283,CASUAL
5384,1763,8005,CLOSE
5385,3678,4301,CLOSE
5386,394,1009,CLOSE
5387,213,5431,CASUAL
5388,2367,166,CASUAL
5389,1522,2809,CLOSE
5390,3967,9429,CASUAL
5391,6398,8943,DISTANT
5392,6702,4410,DISTANT
5393,6315,6011,CLOSE
5394,6231,9772,DISTANT
5395,7985,1146,DISTANT
5396,8794,66,CASUAL
5397,535,1706,CASUAL
5398,1368,6526,DISTANT
5399,505,9645,CLOSE
5400,2827,819,DISTANT
5401,3067,3255,DISTANT
5402,1671,5214,CASUAL
5403,5115,8942,CASUAL
5404,7105,2464,CLOSE
5405,6894,7131,CASUAL
5406,312,5363,CASUAL
5407,5384,479,CASUAL
5408,1061,7669,CLOSE
5409,2625,6555,CASUAL
5410,7073,7407,CASUAL
5411,1295,2360,CASUAL
5412,7316,7121,CLOSE
5413,8174,1560,CASUAL
5414,3283,6028,CLOSE
5415,284,9177,DISTANT
5416,5309,2298,CLOSE
5417,6992,9815,DISTANT
5418,5623,653,CLOSE
5419,4895,2941,CLOSE
5420,6240,7570,CLOSE
5421,3872,2846,CASUAL
5422,1935,4126,CASUAL
5423,9068,4861,CASUAL
5424,3084,8277,CASUAL
5425,5836,8622,CASUAL
5426,4831,9527,CASUAL
5427,8644,5085,CLOSE
5428,3832,1335,DISTANT
5429,2753,6524,DISTANT
5430,807,7598,DISTANT
5431,8493,1005,CASUAL
5432,5230,8942,CASUAL
5433,4413,7430,CASUAL
5434,3017,1718,DISTANT
5435,2179,3405,DISTANT
5436,2085,8438,DISTANT
5437,2884,4207,CLOSE
5438,256,2995,CASUAL
5439,7886,3632,DISTANT
5440,5207,93,CLOSE
5441,8788,9738,CLOSE
5442,7016,9765,CLOSE
5443,2270,4163,CLOSE
5444,8790,4889,CLOSE
5445,969,3545,DISTANT
5446,7104,9980,CLOSE
5447,141,6983,CASUAL
5448,6755,3164,CLOSE
5449,8456,1866,CASUAL
5450,2620,3837,CASUAL
5451,5896,7930,CASUAL
5452,9939,968,DISTANT
5453,4186,893,DISTANT
5454,7377,5819,CASUAL
5455,9883,5037,DISTANT
5456,9528,5531,CLOSE
5457,7046,3585,CASUAL
5458,5042,6309,CLOSE
5459,83,876,DISTANT
5460,5141,4699,DISTANT
5461,3341,3187,DISTANT
5462,1489,8815,CLOSE
5463,8825,3800,CASUAL
5464,7329,1349,CASUAL
5465,1082,70,CASUAL
5466,7601,3195,CLOSE
5467,9138,8514,DISTANT
5468,6389,5265,CLOSE
5469,7860,3502,CLOSE
5470,822,2378,DISTANT
5471,6871,8185,CASUAL
5472,6897,6861,CLOSE
5473,6637,6645,CASUAL
5474,4425,8942,CASUAL
5475,7704,4240,CLOSE
5476,1374,8575,CASUAL
5477,6413,4355,DISTANT
5478,2434,9550,CASUAL
5479,4931,4947,CASUAL
5480,2392,8590,CASUAL
5481,6977,343,CLOSE
5482,6289,2091,DISTANT
5483,4586,7106,CLOSE
5484,6833,5189,CASUAL
5485,5593,7686,CLOSE
5486,4337,8090,DISTANT
5487,6977,2842,CLOSE
5488,1770,6172,CLOSE
5489,2565,3286,CASUAL
5490,5901,2263,CASUAL
5491,1045,6447,CLOSE
5492,6368,3245,CLOSE
5493,8630,9198,CASUAL
5494,6021,679,CASUAL
5495,8743,8588,CASUAL
5496,6172,9039,CASUAL
5497,9610,4431,CLOSE
5498,7227,3542,CASUAL
5499,9604,4563,CASUAL
5500,7776,8887,CLOSE
5501,7674,5174,CASUAL
5502,6268,478,CLOSE
5503,4295,6613,DISTANT
5504,2198,4929,CLOSE
5505,6277,4302,DISTANT
5506,9367,1827,CASUAL
5507,1372,896,DISTANT
5508,4852,1169,DISTANT
5509,2453,9952,CASUAL
5510,134,8819,DISTANT
5511,6796,9885,CASUAL
5512,8912,3337,CLOSE
5513,9314,8243,CASUAL
5514,6603,9354,DISTANT
5515,8702,624,DISTANT
5516,7693,986,CLOSE
5517,1328,6948,CLOSE
5518,6465,5633,CLOSE
5519,2428,6195,DISTANT
5520,3125,301,CASUAL
5521,8723,8648,DISTANT
5522,4996,704,CASUAL
5523,4782,6367,CASUAL
5524,641,3528,DISTANT
5525,7760,5713,DISTANT
5526,2416,4187,DISTANT
5527,9223,8040,CASUAL
5528,9898,6663,CLOSE
5529,647,3932,CLOSE
5530,1682,8892,CASUAL
5531,3415,9465,DISTANT
5532,7610,6675,DISTANT
5533,5290,1536,CASUAL
5534,7431,8424,CASUAL
5535,358,5485,CASUAL
5536,4956,3798,CLOSE
5537,3654,2282,CLOSE
5538,9454,6039,DISTANT
5539,9246,4715,CLOSE
5540,2440,2974,DISTANT
5541,6438,824,CLOSE
5542,5003,2553,DISTANT
5543,5853,287,DISTANT
5544,447,3570,DISTANT
5545,9394,9131,CLOSE
5546,1379,309,CASUAL
5547,2654,2168,CASUAL
5548,473,5612,CLOSE
5549,2076,471,DISTANT
5550,7931,8103,DISTANT
5551,5719,4948,CLOSE
5552,6959,3230,CLOSE
5553,8318,428,DISTANT
5554,4651,5487,DISTANT
5555,9209,5515,DISTANT
5556,161,8355,CASUAL
5557,426,9502,CLOSE
5558,9695,4456,CASUAL
5559,7338,3247,CLOSE
5560,5994,6010,DISTANT
5561,7348,6014,CLOSE
5562,771,4127,DISTANT
5563,7522,7296,CASUAL
5564,2077,1131,CLOSE
5565,9667,6782,CASUAL
5566,62,2236,DISTANT
5567,9891,4587,DISTANT
5568,9394,89,CASUAL
5569,7958,8558,DISTANT
5570,1577,7640,CASUAL
5571,8422,1293,CLOSE
5572,6335,9951,CASUAL
5573,3200,2668,CASUAL
5574,533,5632,CASUAL
5575,6078,8535,DISTANT
5576,9609,6937,CLOSE
5577,6551,154,CLOSE
5578,2439,2571,DISTANT
5579,2235,5021,CLOSE
5580,7561,9626,CASUAL
5581,4983,5995,CLOSE
5582,3542,3152,DISTANT
5583,5134,8458,CASUAL
5584,6441,4795,CASUAL
5585,1858,7224,DISTANT
5586,1762,4703,DISTANT
5587,7265,4661,CLOSE
5588,572,6477,CASUAL
5589,8895,216,CLOSE
5590,7353,1838,DISTANT
5591,8549,5039,CLOSE
5592,9505,1923,CLOSE
5593,5807,7032,CASUAL
5594,3529,584,CLOSE
5595,9072,7466,CASUAL
5596,8739,2745,CASUAL
5597,1119,1596,DISTANT
5598,735,6007,DISTANT
5599,5807,61,CLOSE
5600,3176,2540,CLOSE
5601,650,7908,CASUAL
5602,154,4706,CLOSE
5603,4732,2701,DISTANT
5604,9780,6919,CLOSE
5605,4595,2166,CLOSE
5606,3039,9494,DISTANT
5607,8552,3903,CLOSE
5608,5486,9293,CASUAL
5609,5616,4811,CLOSE
5610,6128,9676,DISTANT
5611,4386,4615,CASUAL
5612,5813,3788,CASUAL
5613,8028,8303,DISTANT
5614,2017,1540,DISTANT
5615,8806,231,CLOSE
5616,561,9729,CASUAL
5617,7063,9683,CASUAL
5618,5716,2896,CASUAL
5619,239,7000,CLOSE
5620,1452,7,CLOSE
5621,756,7594,CLOSE
5622,9556,1896,CASUAL
5623,6066,4175,CLOSE
5624,1100,2468,CLOSE
5625,922,9234,CASUAL
5626,853,5854,DISTANT
5627,7550,4912,CLOSE
5628,2831,365,DISTANT
5629,3655,6640,CASUAL
5630,7414,958,CASUAL
5631,9705,7958,CASUAL
5632,7311,820,CASUAL
5633,8929,323,CLOSE
5634,4800,8609,DISTANT
5635,3120,7034,CLOSE
5636,7734,6590,DISTANT
5637,8450,9266,CASUAL
5638,2029,3381,DISTANT
5639,3162,5280,DISTANT
5640,3452,6457,CLOSE
5641,2264,7651,DISTANT
5642,7528,1296,DISTANT
5643,6846,9022,CLOSE
5644,5154,1702,DISTANT
5645,3240,4821,CLOSE
5646,4390,2056,DISTANT
5647,6615,948,DISTANT
5648,29,3733,CASUAL
5649,4705,1334,CLOSE
5650,11,8643,DISTANT
5651,6662,6142,CLOSE
5652,3250,5916,DISTANT
5653,1962,1114,CASUAL
5654,812,1027,CASUAL
5655,3240,6538,CLOSE
5656,7745,4191,DISTANT
5657,8695,6470,CLOSE
5658,1974,154,CASUAL
5659,5363,7675,DISTANT
5660,3581,1776,CASUAL
5661,9368,2021,DISTANT
5662,7646,8584,CASUAL
5663,2630,7181,DISTANT
5664,6983,4812,DISTANT
5665,3454,3013,CASUAL
5666,5943,4490,CLOSE
5667,6032,4259,CLOSE
5668,9173,1918,CLOSE
5669,4166,2988,DISTANT
5670,9538,3656,CLOSE
5671,4979,2944,CASUAL
5672,562,869,CLOSE
5673,3171,100,CASUAL
5674,412,7995,DISTANT
5675,5105,7803,CLOSE
5676,7721,7410,DISTANT
5677,8068,7156,CASUAL
5678,7005,2686,CLOSE
5679,2304,7233,CLOSE
5680,4125,5865,CASUAL
5681,7045,1758,CASUAL
5682,5551,4167,CASUAL
5683,3777,2984,CASUAL
5684,2722,6774,DISTANT
5685,7243,9006,CLOSE
5686,2092,599,CLOSE
5687,2865,3896,CLOSE
5688,6306,3938,CASUAL
5689,4099,6455,CASUAL
5690,4110,8142,CLOSE
5691,2089,4528,DISTANT
5692,2856,5216,DISTANT
5693,242,625,CLOSE
5694,8649,8907,CASUAL
5695,752,7284,CLOSE
5696,6506,8425,CASUAL
5697,8933,8530,CLOSE
5698,7184,2805,CLOSE
5699,9129,7407,DISTANT
5700,8482,2823,CASUAL
5701,9544,2979,CASUAL
5702,8928,4096,CASUAL
5703,6868,7310,DISTANT
5704,6978,4344,DISTANT
5705,532,7834,DISTANT
5706,8483,6985,CLOSE
5707,4716,4564,CLOSE
5708,5603,2501,CLOSE
5709,6247,7518,CASUAL
5710,411,2233,CASUAL
5711,9278,5380,CLOSE
5712,482,4916,DISTANT
5713,1885,2871,CLOSE
5714,4275,8332,DISTANT
5715,3318,4472,CLOSE
5716,1484,4720,CASUAL
5717,5268,3565,CASUAL
5718,5009,8687,CLOSE
5719,9837,1389,CASUAL
5720,7598,6372,DISTANT
5721,1022,5864,DISTANT
5722,8697,7767,CASUAL
5723,2087,3430,CLOSE
5724,1964,8908,DISTANT
5725,3736,635,CASUAL
5726,9265,7306,CASUAL
5727,1948,6662,CASUAL
5728,8612,8253,CLOSE
5729,124,7156,DISTANT
5730,4825,3112,CLOSE
5731,1180,6461,CASUAL
5732,2313,8367,DISTANT
5733,7196,6735,DISTANT
5734,6587,2376,CLOSE
5735,4806,9273,CASUAL
5736,6547,430,CASUAL
5737,9981,6739,CASUAL
5738,7705,5578,DISTANT
5739,9600,6909,CASUAL
5740,9155,3029,CASUAL
5741,9311,1066,CASUAL
5742,8328,2437,CLOSE
5743,355,8569,DISTANT
5744,8631,3014,CASUAL
5745,7921,8373,CLOSE
5746,2807,1784,CASUAL
5747,9481,4179,DISTANT
5748,4434,9593,DISTANT
5749,3428,2448,DISTANT
5750,7926,7165,CASUAL
5751,896,1170,DISTANT
5752,5090,6981,CLOSE
5753,2168,7052,CLOSE
5754,8176,4047,DISTANT
5755,7312,3847,CASUAL
5756,4475,8348,CLOSE
5757,6113,8671,CASUAL
5758,3757,3540,CASUAL
5759,580,6411,CASUAL
5760,545,2969,CASUAL
5761,4204,6708,DISTANT
5762,25,9478,CLOSE
5763,208,2299,DISTANT
5764,6095,4608,CASUAL
5765,7777,290,CLOSE
5766,8064,1412,CASUAL
5767,4082,4873,DISTANT
5768,6719,370,DISTANT
5769,3531,1292,CASUAL
5770,9020,4665,DISTANT
5771,7064,6604,CLOSE
5772,2055,5191,DISTANT
5773,6018,4249,CASUAL
5774,175,3807,DISTANT
5775,6206,7126,DISTANT
5776,8281,741,CASUAL
5777,4038,8940,CASUAL
5778,1968,1109,CLOSE
5779,3692,2733,DISTANT
5780,9318,6791,CASUAL
5781,8950,7803,CASUAL
5782,2379,8951,DISTANT
5783,8049,9257,DISTANT
5784,3208,1667,CASUAL
5785,5,6377,CASUAL
5786,513,7564,CASUAL
5787,6817,8752,CASUAL
5788,2190,8330,CLOSE
5789,6756,988,CLOSE
5790,8989,9875,CLOSE
5791,1885,9168,CASUAL
5792,3428,6299,DISTANT
5793,864,7218,CLOSE
5794,7783,7833,CASUAL
5795,9143,5854,DISTANT
5796,466,178,CASUAL
5797,6915,6765,CASUAL
5798,9869,513,CLOSE
5799,8724,4388,CASUAL
5800,7365,553,CASUAL
5801,1159,84,DISTANT
5802,517,5028,CLOSE
5803,4246,3588,DISTANT
5804,8432,9152,CASUAL
5805,5137,3815,DISTANT
5806,688,6698,CLOSE
5807,7480,9521,CASUAL
5808,3995,56,CASUAL
5809,8528,526,CLOSE
5810,1122,8058,CASUAL
5811,1889,1633,CASUAL
5812,1684,143,CLOSE
5813,3034,967,DISTANT
5814,9561,6050,DISTANT
5815,4327,9708,CASUAL
5816,8752,3155,DISTANT
5817,2478,298,DISTANT
5818,893,1944,DISTANT
5819,9515,719,DISTANT
5820,6466,545,DISTANT
5821,7506,181,CASUAL
5822,5418,7911,CASUAL
5823,5306,8263,CLOSE
5824,3826,1558,DISTANT
5825,1120,6720,DISTANT
5826,1598,1697,CLOSE
5827,1934,6675,CLOSE
5828,302,8933,DISTANT
5829,8418,3208,DISTANT
5830,9122,6717,DISTANT
5831,613,8921,DISTANT
5832,9565,821,CASUAL
5833,9834,9381,CLOSE
5834,4512,7800,CASUAL
5835,88,8221,CLOSE
5836,3187,6105,DISTANT
5837,443,6415,DISTANT
5838,2819,3026,CASUAL
5839,7271,6318,CLOSE
5840,5382,7499,CASUAL
5841,1791,2528,CLOSE
5842,51,1263,DISTANT
5843,713,8182,DISTANT
5844,2570,2595,DISTANT
5845,2163,7169,CASUAL
5846,5822,6201,CASUAL
5847,9493,1941,CLOSE
5848,3646,6231,DISTANT
5849,5822,5242,CASUAL
5850,3907,8482,DISTANT
5851,5636,3500,CLOSE
5852,1228,8576,CLOSE
5853,791,9957,CLOSE
5854,6105,3531,DISTANT
5855,1999,7421,DISTANT
5856,757,1835,CLOSE
5857,2124,8375,DISTANT
5858,1005,6878,CLOSE
5859,4147,1051,CLOSE
5860,7787,2120,DISTANT
5861,565,1264,CASUAL
5862,9947,6056,DISTANT
5863,7633,3040,DISTANT
5864,7991,8125,CLOSE
5865,3898,6056,DISTANT
5866,9940,2512,CLOSE
5867,8433,5662,DISTANT
5868,181,2724,CASUAL
5869,8677,9094,DISTANT
5870,4345,3732,CASUAL
5871,516,3001,CLOSE
5872,4816,8029,CASUAL
5873,1313,6727,CASUAL
5874,7356,9789,CLOSE
5875,8245,5627,CLOSE
5876,4019,2199,DISTANT
5877,6494,9813,CASUAL
5878,8869,5372,DISTANT
5879,153,7686,DISTANT
5880,6217,7684,CLOSE
5881,3942,4963,DISTANT
5882,6210,201,CASUAL
5883,491,1135,DISTANT
5884,61,8636,DISTANT
5885,5584,3847,CLOSE
5886,6005,6395,CLOSE
5887,7901,2049,CASUAL
5888,2794,9607,DISTANT
5889,2253,2587,DISTANT
5890,8607,4066,CASUAL
5891,1309,3490,CLOSE
5892,6842,8579,CLOSE
5893,3537,3374,DISTANT
5894,9575,184,CLOSE
5895,8200,4056,CLOSE
5896,7380,5603,CLOSE
5897,9067,7417,CLOSE
5898,295,5268,DISTANT
5899,6897,4108,CLOSE
5900,4392,6755,CASUAL
5901,5123,8418,DISTANT
5902,9823,89,CASUAL
5903,7591,1442,DISTANT
5904,3025,3113,CASUAL
5905,7775,633,CLOSE
5906,809,568,CASUAL
5907,8654,3575,DISTANT
5908,2551,6171,CASUAL
5909,164,4432,CASUAL
5910,1936,8221,DISTANT
5911,2884,5478,DISTANT
5912,2007,6828,CLOSE
5913,3185,8408,CASUAL
5914,6226,6979,DISTANT
5915,6567,4107,CLOSE
5916,9227,9031,DISTANT
5917,5468,1881,CLOSE
5918,9269,567,DISTANT
5919,2618,5090,CASUAL
5920,7221,9844,DISTANT
5921,6144,1039,DISTANT
5922,7104,5730,CASUAL
5923,5092,9605,CLOSE
5924,1116,6517,CASUAL
5925,602,3100,CLOSE
5926,1442,9781,CASUAL
5927,5523,2026,CLOSE
5928,1910,2605,DISTANT
5929,5726,7133,CLOSE
5930,3270,1084,CASUAL
5931,3179,7620,CASUAL
5932,9035,7600,CLOSE
5933,3724,8424,CASUAL
5934,3825,5017,CASUAL
5935,5025,6098,CLOSE
5936,9013,5440,CASUAL
5937,953,9964,DISTANT
5938,1082,9436,CASUAL
5939,552,2966,CLOSE
5940,5917,6152,DISTANT
5941,7528,8664,CLOSE
5942,6573,7955,CASUAL
5943,7413,1282,CASUAL
5944,2540,1668,CLOSE
5945,4354,4574,CLOSE
5946,9974,20,DISTANT
5947,8255,8060,CASUAL
5948,3151,187,CLOSE
5949,4472,1002,CASUAL
5950,5633,3519,DISTANT
5951,8222,8128,CLOSE
5952,171,5545,DISTANT
5953,4251,753,DISTANT
5954,9780,8335,CLOSE
5955,2816,3023,CLOSE
5956,9036,5026,CLOSE
5957,768,2258,DISTANT
5958,8262,5253,CASUAL
5959,9442,8961,CLOSE
5960,6804,6567,DISTANT
5961,8665,633,CASUAL
5962,9191,5285,DISTANT
5963,7201,2129,DISTANT
5964,6243,8164,DISTANT
5965,3760,9025,CASUAL
5966,7898,6817,CLOSE
5967,3827,6312,DISTANT
5968,856,6453,DISTANT
5969,1960,4085,DISTANT
5970,9946,1841,DISTANT
5971,1945,4298,DISTANT
5972,2637,8355,CASUAL
5973,99,1922,DISTANT
5974,9312,5620,CASUAL
5975,8835,7358,CLOSE
5976,870,4604,DISTANT
5977,7760,3472,DISTANT
5978,7430,7330,CLOSE
5979,597,2723,CLOSE
5980,7164,1894,DISTANT
5981,7842,3831,CASUAL
5982,2472,1784,DISTANT
5983,2556,9836,DISTANT
5984,4866,9733,CASUAL
5985,4660,7792,DISTANT
5986,6375,4564,DISTANT
5987,7776,8549,CASUAL
5988,1880,3649,DISTANT
5989,4909,1384,CLOSE
5990,4007,491,CLOSE
5991,7941,1519,CASUAL
5992,4979,9545,DISTANT
5993,5229,8855,CASUAL
5994,3905,42,DISTANT
5995,1786,3863,DISTANT
5996,2826,683,CLOSE
5997,9111,8185,CLOSE
5998,7617,4185,CLOSE
5999,7025,40,CLOSE
6000,2191,8522,DISTANT
6001,1605,5624,CASUAL
6002,6296,20,DISTANT
6003,3263,516,CASUAL
6004,7943,4095,CASUAL
6005,625,1206,CLOSE
6006,5731,1885,CASUAL
6007,1781,5754,CLOSE
6008,3027,7113,CASUAL
6009,6335,6130,DISTANT
6010,3215,5140,DISTANT
6011,3102,7572,CASUAL
6012,2921,9897,CASUAL
6013,9552,9211,CASUAL
6014,1295,6005,DISTANT
6015,9755,3022,CASUAL
6016,4008,3112,DISTANT
6017,7450,4198,DISTANT
6018,6354,6400,CLOSE
6019,6753,1527,CASUAL
6020,3273,4921,DISTANT
6021,6867,4581,DISTANT
6022,6787,8299,CASUAL
6023,3533,8846,CASUAL
6024,2650,1289,CASUAL
6025,7576,5203,DISTANT
6026,7207,1377,DISTANT
6027,1018,702,DISTANT
6028,3846,6013,CLOSE
6029,4088,8847,CASUAL
6030,1973,3264,CLOSE
6031,9629,8207,CASUAL
6032,767,3354,CLOSE
6033,5150,8115,CLOSE
6034,6777,8457,DISTANT
6035,2269,308,CASUAL
6036,2099,6041,CLOSE
6037,433,7256,DISTANT
6038,1089,3775,CASUAL
6039,5276,1018,DISTANT
6040,1139,2126,CASUAL
6041,9124,1372,CASUAL
6042,3045,8754,CASUAL
6043,6914,3611,CLOSE
6044,8990,5027,DISTANT
6045,3208,6340,CASUAL
6046,306,4105,CLOSE
6047,7222,279,CLOSE
6048,1644,1369,CASUAL
6049,1210,2115,CASUAL
6050,2968,8963,CASUAL
6051,1116,6188,CLOSE
6052,2530,4836,CLOSE
6053,8724,6535,DISTANT
6054,1128,8599,DISTANT
6055,2721,8063,CASUAL
6056,9131,3273,CLOSE
6057,799,612,DISTANT
6058,9944,2284,DISTANT
6059,644,6900,CLOSE
6060,6112,7290,CASUAL
6061,2048,6652,CLOSE
6062,5788,5503,DISTANT
6063,8365,7916,DISTANT
6064,7667,3150,CLOSE
6065,5609,3565,CASUAL
6066,629,3524,CLOSE
6067,2070,8720,DISTANT
6068,2282,9104,CLOSE
6069,7743,6334,CASUAL
6070,8990,9087,CLOSE
6071,5742,8102,DISTANT
6072,3339,81,CASUAL
6073,7448,814,CASUAL
6074,4752,3287,CASUAL
6075,8486,744,CASUAL
6076,6185,3689,CLOSE
6077,174,319,CLOSE
6078,6228,4988,CASUAL
6079,4940,496,CASUAL
6080,9141,4814,DISTANT
6081,9020,2240,CASUAL
6082,1941,2255,CLOSE
6083,938,9423,CASUAL
6084,976,6508,CLOSE
6085,8791,5742,CASUAL
6086,7600,7888,CASUAL
6087,7299,6148,CASUAL
6088,7159,1545,DISTANT
6089,3978,473,CASUAL
6090,5448,1819,CASUAL
6091,6310,4876,CLOSE
6092,246,9271,DISTANT
6093,4893,4809,CLOSE
6094,1069,3672,CLOSE
6095,7726,8550,DISTANT
6096,9879,5874,DISTANT
6097,5394,6276,CLOSE
6098,4350,8919,DISTANT
6099,8979,8123,CASUAL
6100,2494,4882,CLOSE
6101,3941,7341,CLOSE
6102,4204,270,DISTANT
6103,9654,3475,DISTANT
6104,905,5206,CASUAL
6105,1391,2821,CLOSE
6106,4731,2877,CLOSE
6107,9183,7065,CASUAL
6108,9869,3856,CLOSE
6109,3586,3982,DISTANT
6110,9619,3653,CLOSE
6111,5355,8982,CLOSE
6112,6195,8211,CLOSE
6113,8460,7156,CLOSE
6114,4254,9926,CLOSE
6115,7851,7500,CLOSE
6116,4119,1456,CASUAL
6117,9504,7207,DISTANT
6118,3148,7466,CASUAL
6119,2210,6071,CASUAL
6120,6232,9709,CASUAL
6121,2169,2464,DISTANT
6122,9209,6535,CASUAL
6123,1566,4943,CLOSE
6124,858,7540,DISTANT
6125,2156,5032,CASUAL
6126,2734,3004,CLOSE
6127,4612,3938,CASUAL
6128,701,8171,CASUAL
6129,8158,4343,DISTANT
6130,8515,8789,CLOSE
6131,2690,5018,DISTANT
6132,3014,7189,CLOSE
6133,8342,3379,DISTANT
6134,7814,3235,DISTANT
6135,726,7611,CLOSE
6136,6805,3751,CLOSE
6137,9919,8993,CLOSE
6138,4800,6836,CASUAL
6139,7619,4996,CLOSE
6140,9994,4814,DISTANT
6141,5216,7545,CASUAL
6142,387,4661,CLOSE
6143,5170,176,DISTANT
6144,5049,6391,DISTANT
6145,5182,1456,CASUAL
6146,5932,7390,CLOSE
6147,7270,988,DISTANT
6148,5324,1530,CASUAL
6149,5263,5828,CASUAL
6150,5553,8277,CASUAL
6151,5397,6378,CASUAL
6152,8301,2632,DISTANT
6153,5396,3312,DISTANT
6154,5217,828,DISTANT
6155,7463,8851,CASUAL
6156,1493,1059,CLOSE
6157,9185,2138,DISTANT
6158,2318,9858,DISTANT
6159,2177,8616,CLOSE
6160,4962,950,CASUAL
6161,6423,1642,CLOSE
6162,3459,2988,DISTANT
6163,1638,4847,CASUAL
6164,5372,3238,CASUAL
6165,8746,9502,CASUAL
6166,4340,1747,DISTANT
6167,2370,3642,CASUAL
6168,7168,8804,CLOSE
6169,1388,6378,DISTANT
6170,5919,4535,CASUAL
6171,7016,5076,CASUAL
6172,4254,2861,CLOSE
6173,6756,3627,CASUAL
6174,994,7763,DISTANT
6175,8192,8042,CLOSE
6176,6022,5935,DISTANT
6177,3260,5503,CASUAL
6178,9025,2093,CASUAL
6179,3658,9540,DISTANT
6180,4394,5858,CASUAL
6181,4720,7585,CASUAL
6182,4472,8532,CLOSE
6183,123,660,DISTANT
6184,5797,6108,CASUAL
6185,4981,5143,DISTANT
6186,6506,3167,CASUAL
6187,4302,1531,CLOSE
6188,4511,7024,CLOSE
6189,1339,3193,DISTANT
6190,2270,2366,CASUAL
6191,6399,890,DISTANT
6192,4813,2842,CASUAL
6193,8546,1489,DISTANT
6194,6307,3434,CLOSE
6195,4614,5376,CASUAL
6196,3417,4791,DISTANT
6197,4445,3682,DISTANT
6198,6963,6972,DISTANT
6199,1701,4731,CASUAL
6200,3731,2141,DISTANT
6201,299,7070,CLOSE
6202,361,4687,DISTANT
6203,6111,2367,CASUAL
6204,9090,3816,DISTANT
6205,2865,826,CLOSE
6206,5731,426,CASUAL
6207,2070,71,CASUAL
6208,9946,870,CASUAL
6209,9779,1543,DISTANT
6210,2087,35,CASUAL
6211,4498,3457,CLOSE
6212,2709,676,CASUAL
6213,7124,5258,DISTANT
6214,8703,4071,CASUAL
6215,978,9285,DISTANT
6216,3297,2275,CASUAL
6217,937,840,CLOSE
6218,6939,9697,CASUAL
6219,874,4921,CLOSE
6220,5540,263,DISTANT
6221,4307,7377,DISTANT
6222,9330,174,CLOSE
6223,8182,9637,DISTANT
6224,5445,5371,CASUAL
6225,9008,2537,CASUAL
6226,5991,1605,CASUAL
6227,2291,5764,DISTANT
6228,9753,3049,CLOSE
6229,2509,9922,CLOSE
6230,2422,9313,DISTANT
6231,5543,7195,DISTANT
6232,3835,2956,CASUAL
6233,6783,7516,DISTANT
6234,1237,7303,DISTANT
6235,8166,8257,DISTANT
6236,366,4018,DISTANT
6237,6883,3297,CASUAL
6238,555,4105,CASUAL
6239,3247,7021,DISTANT
6240,1143,9864,CASUAL
6241,6298,927,CLOSE
6242,7417,4800,CLOSE
6243,533,7498,CASUAL
6244,2310,6219,CLOSE
6245,6043,5590,DISTANT
6246,4716,1384,DISTANT
6247,7463,532,DISTANT
6248,7777,678,CASUAL
6249,7096,9069,CASUAL
6250,2306,2775,CASUAL
6251,3797,9853,CASUAL
6252,8189,8421,CASUAL
6253,9254,4026,CASUAL
6254,84,4216,DISTANT
6255,3593,7788,CLOSE
6256,6467,641,DISTANT
6257,6317,7210,CASUAL
6258,8535,6693,CASUAL
6259,2382,7033,CASUAL
6260,6041,1714,CASUAL
6261,2358,3137,DISTANT
6262,3891,5530,CASUAL
6263,1824,5115,DISTANT
6264,6778,3482,CASUAL
6265,5266,601,CLOSE
6266,8722,8510,CLOSE
6267,863,6455,DISTANT
6268,7727,9644,CLOSE
6269,2350,1902,CLOSE
6270,1761,532,DISTANT
6271,6132,5771,CASUAL
6272,1010,4256,CASUAL
6273,4702,5528,DISTANT
6274,4489,2362,CLOSE
6275,1556,3695,CASUAL
6276,3481,7844,CASUAL
6277,5884,5102,CASUAL
6278,1192,8619,CASUAL
6279,91,7356,CLOSE
6280,9049,3476,DISTANT
6281,6373,4858,DISTANT
6282,7766,3386,CASUAL
6283,9296,1674,CLOSE
6284,7745,6881,CASUAL
6285,3618,1754,CLOSE
6286,9363,5779,DISTANT
6287,1833,5632,DISTANT
6288,9470,4081,CASUAL
6289,4012,8291,DISTANT
6290,3302,5336,CASUAL
6291,2404,978,CLOSE
6292,7622,6470,CASUAL
6293,8050,3829,DISTANT
6294,7212,5558,CASUAL
6295,3267,1064,CASUAL
6296,3525,4605,DISTANT
6297,7682,5912,DISTANT
6298,1892,6302,DISTANT
6299,5738,7302,CASUAL
6300,604,5238,DISTANT
6301,8304,7286,CLOSE
6302,414,6824,DISTANT
6303,6728,5108,DISTANT
6304,4831,8454,CASUAL
6305,4120,1132,CLOSE
6306,6155,677,CASUAL
6307,6097,1878,DISTANT
6308,5568,501,DISTANT
6309,1914,9464,CLOSE
6310,1194,3029,CLOSE
6311,6454,7157,DISTANT
6312,4909,6489,CLOSE
6313,8779,6608,DISTANT
6314,7135,6441,CASUAL
6315,5294,1317,DISTANT
6316,3792,4396,DISTANT
6317,2270,646,CASUAL
6318,4453,9699,DISTANT
6319,5354,684,DISTANT
6320,8683,6593,DISTANT
6321,237,5256,CLOSE
6322,5397,7144,CASUAL
6323,8353,6703,CASUAL
6324,5549,4005,CLOSE
6325,649,5454,CLOSE
6326,2418,7768,CASUAL
6327,6886,1562,DISTANT
6328,2101,4790,CASUAL
6329,3895,3477,DISTANT
6330,1069,60,DISTANT
6331,1643,8598,CLOSE
6332,4622,9352,DISTANT
6333,3911,1698,CLOSE
6334,6308,1720,DISTANT
6335,7161,9112,DISTANT
6336,7439,6733,DISTANT
6337,6706,9190,DISTANT
6338,9102,9259,CLOSE
6339,110,6057,CASUAL
6340,1012,4069,CLOSE
6341,9852,3006,CASUAL
6342,2017,9719,CLOSE
6343,5590,4943,CLOSE
6344,3091,8572,CASUAL
6345,8968,3830,CLOSE
6346,976,5290,DISTANT
6347,3197,144,DISTANT
6348,221,1513,CLOSE
6349,9010,6310,CASUAL
6350,2412,2800,CASUAL
6351,3299,5006,CLOSE
6352,9905,7401,DISTANT
6353,9172,402,CASUAL
6354,2277,4594,CASUAL
6355,9548,7488,DISTANT
6356,1968,7664,CLOSE
6357,332,1892,CLOSE
6358,34,6829,CLOSE
6359,6565,94,CASUAL
6360,1682,1234,CLOSE
6361,5453,8074,DISTANT
6362,4128,468,CLOSE
6363,4950,9029,CASUAL
6364,2514,5097,CLOSE
6365,5606,263,CLOSE
6366,2373,6458,CASUAL
6367,9689,4312,CLOSE
6368,3008,6175,DISTANT
6369,9070,6352,CASUAL
6370,6698,3884,CLOSE
6371,2659,3669,CASUAL
6372,9079,8080,CASUAL
6373,3980,4931,CASUAL
6374,2452,9239,CLOSE
6375,9999,1110,CASUAL
6376,5893,2242,DISTANT
6377,9629,1400,CLOSE
6378,4238,5648,DISTANT
6379,7781,9372,DISTANT
6380,4717,8526,CLOSE
6381,4637,766,CLOSE
6382,3954,4070,DISTANT
6383,4662,9882,CLOSE
6384,9251,1102,CLOSE
6385,8875,5104,CLOSE
6386,8518,5248,DISTANT
6387,554,87,CLOSE
6388,92,2334,CLOSE
6389,2060,8431,DISTANT
6390,9169,3786,CASUAL
6391,6367,1755,CASUAL
6392,7702,9488,CASUAL
6393,5116,6401,DISTANT
6394,191,7447,CASUAL
6395,2419,9376,CASUAL
6396,4059,5550,CLOSE
6397,9605,7209,CLOSE
6398,5525,5165,CLOSE
6399,6243,236,DISTANT
6400,5265,5490,DISTANT
6401,9433,3973,CLOSE
6402,7116,8079,DISTANT
6403,2737,6748,CASUAL
6404,9633,1704,CLOSE
6405,6783,2346,CASUAL
6406,8849,9369,CASUAL
6407,2956,2000,CASUAL
6408,7679,7582,CASUAL
6409,9259,5699,CASUAL
6410,8128,1428,CLOSE
6411,129,4928,DISTANT
6412,4078,6645,CLOSE
6413,4844,2871,CLOSE
6414,418,6365,CLOSE
6415,5936,7745,CLOSE
6416,5002,8285,CLOSE
6417,1845,4496,DISTANT
6418,7402,1400,CASUAL
6419,4630,1123,DISTANT
6420,1874,2727,CLOSE
6421,680,6675,CASUAL
6422,9390,9555,DISTANT
6423,3171,6326,DISTANT
6424,5538,9139,CASUAL
6425,3907,9468,CASUAL
6426,1065,6758,CASUAL
6427,9961,6160,DISTANT
6428,7658,6311,CASUAL
6429,7133,9345,CASUAL
6430,2873,3678,DISTANT
6431,6345,691,CLOSE
6432,8890,1010,DISTANT
6433,9880,7341,CASUAL
6434,7529,135,DISTANT
6435,1034,8036,CASUAL
6436,3003,7350,CASUAL
6437,4953,488,DISTANT
6438,6842,1721,CASUAL
6439,1402,3148,DISTANT
6440,222,4728,DISTANT
6441,1549,4469,DISTANT
6442,2019,8751,CASUAL
6443,7306,2218,CLOSE
6444,3615,2081,CLOSE
6445,9605,9861,CASUAL
6446,4500,53,DISTANT
6447,3680,7574,CLOSE
6448,183,8273,DISTANT
6449,8026,6753,DISTANT
6450,8428,1729,DISTANT
6451,9552,2089,CASUAL
6452,1429,1842,DISTANT
6453,8674,9766,CASUAL
6454,3901,6236,DISTANT
6455,1610,3535,DISTANT
6456,1823,6314,CASUAL
6457,792,6025,CASUAL
6458,2164,559,CLOSE
6459,8406,9911,DISTANT
6460,9991,1602,DISTANT
6461,3295,9456,CLOSE
6462,613,7445,CLOSE
6463,1452,9272,CLOSE
6464,3270,1908,CASUAL
6465,5495,9560,DISTANT
6466,7233,1835,DISTANT
6467,5463,9342,CASUAL
6468,4798,279,DISTANT
6469,4886,2163,CASUAL
6470,8720,5571,CASUAL
6471,3361,4779,CASUAL
6472,2873,4601,CLOSE
6473,9039,5170,DISTANT
6474,8508,3079,CASUAL
6475,6057,3362,DISTANT
6476,6563,6195,CLOSE
6477,4767,7304,CLOSE
6478,4393,759,CLOSE
6479,5583,4303,CLOSE
6480,348,8138,DISTANT
6481,6372,5897,CASUAL
6482,9914,8572,CLOSE
6483,3521,1091,DISTANT
6484,308,5873,CLOSE
6485,5114,7552,CLOSE
6486,6060,350,DISTANT
6487,6748,8983,DISTANT
6488,6269,5102,CASUAL
6489,87,7042,CLOSE
6490,3189,2528,CASUAL
6491,7662,7809,DISTANT
6492,8789,1046,CASUAL
6493,862,4619,CASUAL
6494,5262,898,CLOSE
6495,6461,7310,CASUAL
6496,462,6083,DISTANT
6497,9013,2102,CLOSE
6498,8851,3087,CASUAL
6499,5560,7616,CASUAL
6500,8412,8223,CASUAL
6501,9833,9355,CASUAL
6502,81,4334,CASUAL
6503,707,1036,CLOSE
6504,8995,331,CASUAL
6505,2712,8381,CLOSE
6506,833,8037,CASUAL
6507,222,9047,DISTANT
6508,3553,5837,CASUAL
6509,5477,1859,CLOSE
6510,2584,9216,DISTANT
6511,64,2261,CLOSE
6512,3837,9917,CLOSE
6513,7527,8876,CASUAL
6514,1250,5552,DISTANT
6515,6165,8309,CASUAL
6516,6742,5062,CASUAL
6517,1851,171,DISTANT
6518,5980,2375,CASUAL
6519,4428,4363,CASUAL
6520,292,7749,CLOSE
6521,213,4022,CASUAL
6522,9610,3681,CLOSE
6523,634,581,CLOSE
6524,164,9927,DISTANT
6525,519,3727,DISTANT
6526,2694,1153,DISTANT
6527,2318,7285,CLOSE
6528,4434,6078,CASUAL
6529,8240,7503,CASUAL
6530,4426,4574,CASUAL
6531,3393,6919,CLOSE
6532,7979,1975,DISTANT
6533,3132,5885,CLOSE
6534,3290,6343,CLOSE
6535,3508,1259,CASUAL
6536,8495,4812,CLOSE
6537,1667,9101,DISTANT
6538,3435,895,CASUAL
6539,3907,3629,CASUAL
6540,4293,2956,CLOSE
6541,1682,2316,CLOSE
6542,2730,1361,CASUAL
6543,8655,3667,CASUAL
6544,9396,7693,CASUAL
6545,9464,8647,DISTANT
6546,7613,3704,CASUAL
6547,6168,121,CLOSE
6548,8404,3896,DISTANT
6549,4959,6715,CLOSE
6550,1274,2730,DISTANT
6551,1952,2181,CLOSE
6552,3517,5467,CASUAL
6553,4377,9121,DISTANT
6554,2130,1860,CASUAL
6555,670,5434,CLOSE
6556,2722,268,CLOSE
6557,1543,8503,CASUAL
6558,9912,6383,DISTANT
6559,76,3103,CASUAL
6560,1984,55,DISTANT
6561,513,844,CLOSE
6562,4359,79,CASUAL
6563,3521,6310,CLOSE
6564,3378,39,CASUAL
6565,4066,8171,DISTANT
6566,4376,8935,CLOSE
6567,6970,4695,DISTANT
6568,6819,7520,CASUAL
6569,2291,572,CLOSE
6570,1479,5634,DISTANT
6571,9958,2160,DISTANT
6572,8312,6993,CASUAL
6573,7350,2019,CASUAL
6574,1554,4174,DISTANT
6575,4188,4782,CLOSE
6576,2420,6168,CLOSE
6577,9959,2702,CLOSE
6578,5049,1703,DISTANT
6579,9060,2708,DISTANT
6580,2478,9938,CASUAL
6581,9917,6184,DISTANT
6582,5401,8040,CASUAL
6583,2437,6435,DISTANT
6584,8621,6743,CLOSE
6585,8168,8068,CASUAL
6586,8959,708,CASUAL
6587,8166,434,DISTANT
6588,3640,9415,DISTANT
6589,3788,933,CASUAL
6590,4929,9950,CASUAL
6591,8421,6618,DISTANT
6592,3767,240,CASUAL
6593,6327,9345,CASUAL
6594,9112,8010,CASUAL
6595,2209,8622,DISTANT
6596,7815,7491,CASUAL
6597,2949,7752,DISTANT
6598,1813,1512,CLOSE
6599,1083,1751,CASUAL
6600,9108,9266,CLOSE
6601,8131,8944,CLOSE
6602,8320,8165,CASUAL
6603,9528,6701,CASUAL
6604,3684,2918,DISTANT
6605,9740,9922,CASUAL
6606,2102,4327,CASUAL
6607,6294,8881,CLOSE
6608,8982,4487,CASUAL
6609,9769,270,CLOSE
6610,3510,595,CASUAL
6611,9630,5264,CASUAL
6612,3279,9418,CASUAL
6613,1401,6030,CASUAL
6614,2998,2727,CASUAL
6615,9326,3925,CLOSE
6616,8859,8705,CASUAL
6617,754,9289,DISTANT
6618,9411,7480,DISTANT
6619,4394,4239,CASUAL
6620,9810,707,CLOSE
6621,2752,8808,CASUAL
6622,7961,2288,CLOSE
6623,8635,6680,DISTANT
6624,8531,8109,CLOSE
6625,9204,9804,CLOSE
6626,8634,110,DISTANT
6627,9443,4907,CLOSE
6628,1221,8410,DISTANT
6629,3711,572,DISTANT
6630,702,6103,CLOSE
6631,7669,9215,CASUAL
6632,4254,8634,CLOSE
6633,2339,3585,CASUAL
6634,5635,6715,CASUAL
6635,8927,6649,DISTANT
6636,9317,7810,CASUAL
6637,7498,9833,CASUAL
6638,6038,808,CLOSE
6639,6464,4720,CLOSE
6640,2153,9553,CASUAL
6641,7379,542,CLOSE
6642,9438,1772,CASUAL
6643,1981,5768,DISTANT
6644,8658,2151,DISTANT
6645,6480,1367,DISTANT
6646,3621,8550,DISTANT
6647,1364,8081,DISTANT
6648,2321,2293,CLOSE
6649,3911,7942,DISTANT
6650,1186,1859,CLOSE
6651,9057,8404,CASUAL
6652,9158,5199,DISTANT
6653,4380,1005,CLOSE
6654,8279,1583,DISTANT
6655,9730,5393,CLOSE
6656,7575,3598,CASUAL
6657,4900,3472,CASUAL
6658,3605,4720,DISTANT
6659,9232,8570,DISTANT
6660,4699,2930,CASUAL
6661,749,9474,DISTANT
6662,6837,1081,CLOSE
6663,8335,5414,DISTANT
6664,9036,8888,CASUAL
6665,874,439,CASUAL
6666,8447,1501,CLOSE
6667,3574,8784,DISTANT
6668,4699,7453,CASUAL
6669,7114,8069,CLOSE
6670,9120,3738,CASUAL
6671,674,8537,DISTANT
6672,19,468,DISTANT
6673,5378,9167,CASUAL
6674,7727,6696,CASUAL
6675,3053,2711,CLOSE
6676,1341,5881,DISTANT
6677,1155,9528,DISTANT
6678,5838,8808,CLOSE
6679,6288,2958,CASUAL
6680,6404,5065,DISTANT
6681,5910,1149,CLOSE
6682,4434,8154,CLOSE
6683,2846,4836,CLOSE
6684,4949,1379,DISTANT
6685,6200,3530,CLOSE
6686,1928,7634,DISTANT
6687,1400,676,DISTANT
6688,5393,2869,CLOSE
6689,8317,5262,CLOSE
6690,9642,6839,CLOSE
6691,713,8407,DISTANT
6692,8763,3572,DISTANT
6693,8049,5838,CASUAL
6694,6315,3257,CASUAL
6695,9244,9361,DISTANT
6696,2351,7694,CLOSE
6697,2369,4508,CLOSE
6698,1704,8824,CLOSE
6699,8593,476,CASUAL
6700,3247,3349,DISTANT
6701,4728,6448,CLOSE
6702,8700,6426,DISTANT
6703,1517,3392,DISTANT
6704,3708,5043,CLOSE
6705,7664,372,CASUAL
6706,1313,4947,CLOSE
6707,151,2833,DISTANT
6708,3556,966,CLOSE
6709,1904,6020,DISTANT
6710,2197,8904,CASUAL
6711,4446,7912,CLOSE
6712,1140,7376,DISTANT
6713,3050,8809,CASUAL
6714,4218,9537,DISTANT
6715,1438,3895,CASUAL
6716,9647,5264,CLOSE
6717,8194,7009,CLOSE
6718,3820,782,CLOSE
6719,3634,6724,DISTANT
6720,8854,7205,DISTANT
6721,9304,3627,CASUAL
6722,8878,8069,DISTANT
6723,8020,897,DISTANT
6724,2509,3638,CASUAL
6725,172,6870,CLOSE
6726,1066,4400,DISTANT
6727,4635,2064,DISTANT
6728,7927,6762,CASUAL
6729,6920,5560,CLOSE
6730,4146,4825,CASUAL
6731,4778,7191,CLOSE
6732,8212,1819,CLOSE
6733,5425,7052,CLOSE
6734,3156,1966,CASUAL
6735,7545,6865,DISTANT
6736,4319,2416,CLOSE
6737,8181,2008,CLOSE
6738,4929,7038,CASUAL
6739,620,2256,CLOSE
6740,5774,6608,CASUAL
6741,118,1357,CASUAL
6742,5278,2911,CLOSE
6743,3869,7417,CLOSE
6744,8770,7693,DISTANT
6745,2207,9783,CASUAL
6746,7211,9260,CLOSE
6747,1918,6898,CASUAL
6748,8170,9630,CASUAL
6749,5097,2603,CLOSE
6750,7988,3453,CLOSE
6751,496,1911,CLOSE
6752,4944,4012,CLOSE
6753,7138,4636,CASUAL
6754,2698,6757,DISTANT
6755,8634,4395,CASUAL
6756,9218,2418,DISTANT
6757,832,750,CLOSE
6758,3797,104,CASUAL
6759,3549,1099,CLOSE
6760,7208,8509,CASUAL
6761,4435,5662,CASUAL
6762,9177,2648,DISTANT
6763,6485,784,CASUAL
6764,130,5165,CLOSE
6765,8523,2756,DISTANT
6766,1779,4799,DISTANT
6767,8133,5690,CLOSE
6768,3079,8002,CLOSE
6769,2856,4889,DISTANT
6770,6331,6065,CASUAL
6771,7728,6256,CLOSE
6772,9004,9911,CLOSE
6773,260,3276,CLOSE
6774,2356,4514,CLOSE
6775,3213,556,CASUAL
6776,7778,5236,CLOSE
6777,8244,3195,CLOSE
6778,9970,3842,CLOSE
6779,2057,5859,CLOSE
6780,5213,7408,CLOSE
6781,2335,8158,CLOSE
6782,6766,3510,CLOSE
6783,5260,2911,CASUAL
6784,1226,6947,DISTANT
6785,8755,3911,CLOSE
6786,8723,3210,CLOSE
6787,8594,6648,DISTANT
6788,6243,3244,CLOSE
6789,6180,1480,DISTANT
6790,8103,4081,CLOSE
6791,460,1740,CLOSE
6792,5069,4891,CLOSE
6793,2477,9491,CLOSE
6794,6121,4970,CLOSE
6795,6047,524,DISTANT
6796,1817,9687,CASUAL
6797,8999,9324,CLOSE
6798,6642,7484,DISTANT
6799,4956,769,CLOSE
6800,453,4454,CLOSE
6801,3539,5539,DISTANT
6802,4009,1591,CASUAL
6803,4989,3515,CASUAL
6804,3167,668,CLOSE
6805,1195,2864,CLOSE
6806,7046,571,CASUAL
6807,443,3045,CLOSE
6808,9152,3529,CLOSE
6809,1722,4264,CASUAL
6810,5074,1415,DISTANT
6811,5728,5185,DISTANT
6812,7938,7915,CASUAL
6813,5124,5525,CLOSE
6814,9502,5585,CLOSE
6815,7766,6311,DISTANT
6816,805,6040,CLOSE
6817,4971,213,DISTANT
6818,6690,3439,CLOSE
6819,5706,8144,DISTANT
6820,9213,3832,DISTANT
6821,8543,3969,CLOSE
6822,9923,2899,CASUAL
6823,1571,8147,CASUAL
6824,1189,9043,CASUAL
6825,8042,4849,DISTANT
6826,5372,110,CLOSE
6827,7630,2863,CASUAL
6828,9670,5918,DISTANT
6829,5293,3850,DISTANT
6830,6504,1984,CLOSE
6831,2418,7556,CLOSE
6832,8299,7179,CLOSE
6833,413,9506,DISTANT
6834,6380,2525,CASUAL
6835,6909,728,DISTANT
6836,8802,7785,CLOSE
6837,8397,3036,CLOSE
6838,977,5207,CLOSE
6839,4216,5902,CASUAL
6840,2545,2067,CASUAL
6841,512,2383,DISTANT
6842,3979,7561,CASUAL
6843,7555,4436,DISTANT
6844,5217,8395,DISTANT
6845,3142,1471,DISTANT
6846,5010,6153,CASUAL
6847,1722,6235,CASUAL
6848,4202,2563,CLOSE
6849,3107,2924,CASUAL
6850,7029,5603,CASUAL
6851,2517,154,CASUAL
6852,9853,4741,CASUAL
6853,4314,3326,CLOSE
6854,9566,434,CLOSE
6855,9459,854,CLOSE
6856,602,1427,DISTANT
6857,2629,9710,CASUAL
6858,8696,3338,DISTANT
6859,7525,6333,CLOSE
6860,5524,7229,DISTANT
6861,8522,9482,DISTANT
6862,2710,3004,CASUAL
6863,5687,3324,CLOSE
6864,6885,5752,CASUAL
6865,1659,5510,CASUAL
6866,5280,3055,CASUAL
6867,7199,4694,DISTANT
6868,8558,9305,CASUAL
6869,4124,7287,CASUAL
6870,104,4744,CLOSE
6871,7582,8365,CASUAL
6872,7591,4013,CLOSE
6873,8117,3310,CLOSE
6874,4421,6177,DISTANT
6875,5033,7227,DISTANT
6876,9858,9645,CLOSE
6877,5604,9882,CLOSE
6878,6308,1866,CLOSE
6879,9898,1199,DISTANT
6880,92,7878,CASUAL
6881,2266,4309,CLOSE
6882,4999,4041,CLOSE
6883,6819,4187,CASUAL
6884,3427,4672,CLOSE
6885,6509,4987,CASUAL
6886,8447,5190,CLOSE
6887,9773,5073,DISTANT
6888,4781,6232,CASUAL
6889,372,5541,CASUAL
6890,9718,2517,DISTANT
6891,2612,1833,DISTANT
6892,9607,8895,DISTANT
6893,4529,4015,DISTANT
6894,9592,6791,DISTANT
6895,2146,4040,CASUAL
6896,5869,6676,CLOSE
6897,8680,8211,CLOSE
6898,8805,6584,CASUAL
6899,7310,7005,DISTANT
6900,1980,5400,CLOSE
6901,27,969,DISTANT
6902,6048,3008,DISTANT
6903,9925,5414,DISTANT
6904,1100,3456,CASUAL
6905,6186,5645,DISTANT
6906,590,2080,CLOSE
6907,6564,3459,CLOSE
6908,6598,9713,DISTANT
6909,8694,7360,CASUAL
6910,5315,4854,DISTANT
6911,3942,324,DISTANT
6912,3122,6965,DISTANT
6913,8505,1382,CLOSE
6914,4793,5890,DISTANT
6915,3990,2974,CASUAL
6916,5072,6745,DISTANT
6917,856,6197,DISTANT
6918,3299,7314,DISTANT
6919,8875,3266,DISTANT
6920,2651,7370,CLOSE
6921,2633,2821,CLOSE
6922,7042,4289,DISTANT
6923,3457,1951,CASUAL
6924,264,316,DISTANT
6925,8539,8014,DISTANT
6926,6387,5299,DISTANT
6927,2879,1656,DISTANT
6928,2965,3478,CASUAL
6929,941,5309,CASUAL
6930,1795,5150,CASUAL
6931,1263,532,DISTANT
6932,9917,4797,DISTANT
6933,3057,3401,DISTANT
6934,1348,2718,CASUAL
6935,4987,95,CLOSE
6936,7015,5923,CASUAL
6937,7511,2301,DISTANT
6938,4958,8196,CLOSE
6939,1635,7453,CLOSE
6940,6532,5699,DISTANT
6941,6646,2145,CASUAL
6942,3942,1575,CLOSE
6943,2001,4715,CLOSE
6944,3567,105,DISTANT
6945,8208,7155,CASUAL
6946,5299,4780,CLOSE
6947,1451,9350,CASUAL
6948,5807,3897,CASUAL
6949,1880,8806,CLOSE
6950,3173,6042,DISTANT
6951,3788,8636,CASUAL
6952,1314,609,DISTANT
6953,2,4096,CASUAL
6954,9265,8321,DISTANT
6955,7284,6175,CLOSE
6956,5623,4896,CASUAL
6957,1408,4174,CLOSE
6958,4731,1114,DISTANT
6959,4705,462,CLOSE
6960,979,6046,CASUAL
6961,373,2149,DISTANT
6962,2734,2031,CLOSE
6963,9307,9166,DISTANT
6964,9805,4856,CASUAL
6965,3947,5731,CLOSE
6966,7393,6705,CASUAL
6967,1014,5044,CLOSE
6968,5423,917,CASUAL
6969,5174,5446,DISTANT
6970,7664,1176,CASUAL
6971,7783,9904,CLOSE
6972,9426,4100,CLOSE
6973,7776,1504,CLOSE
6974,8089,8867,DISTANT
6975,6866,7099,CASUAL
6976,8999,1001,CASUAL
6977,5436,5264,DISTANT
6978,7059,1255,DISTANT
6979,9017,5473,CASUAL
6980,4345,5146,CASUAL
6981,3640,4286,DISTANT
6982,4896,7841,CASUAL
6983,6056,1586,DISTANT
6984,1162,8447,CASUAL
6985,3257,9183,CASUAL
6986,8901,6705,CLOSE
6987,5957,8302,DISTANT
6988,2515,3423,CLOSE
6989,4316,9637,CLOSE
6990,2632,9006,CLOSE
6991,1513,9526,CLOSE
6992,3861,7126,CASUAL
6993,9345,8026,CASUAL
6994,2777,6974,CASUAL
6995,9693,8701,CASUAL
6996,4537,8493,CLOSE
6997,971,4022,DISTANT
6998,2117,6806,DISTANT
6999,218,3366,CASUAL
7000,1615,1519,CLOSE
7001,2413,6259,CLOSE
7002,3076,8584,DISTANT
7003,8051,5997,DISTANT
7004,7606,2323,CLOSE
7005,8544,3409,DISTANT
7006,6787,4582,DISTANT
7007,3436,9286,CLOSE
7008,9508,6235,CLOSE
7009,363,2649,DISTANT
7010,9146,9330,CLOSE
7011,1712,5031,CASUAL
7012,9581,9603,CASUAL
7013,6259,505,DISTANT
7014,3335,8910,CLOSE
7015,7877,5804,DISTANT
7016,9749,6850,DISTANT
7017,3265,8526,DISTANT
7018,6459,3629,DISTANT
7019,6569,6112,DISTANT
7020,7114,3243,CASUAL
7021,914,9306,CASUAL
7022,6430,9212,DISTANT
7023,4099,6270,CLOSE
7024,7293,6219,CASUAL
7025,3711,4311,CLOSE
7026,9726,9837,CASUAL
7027,205,7332,CASUAL
7028,7267,9254,DISTANT
7029,4896,624,CASUAL
7030,1083,9026,DISTANT
7031,8009,9831,CASUAL
7032,932,9660,CLOSE
7033,1959,2098,CLOSE
7034,1777,9702,CASUAL
7035,9288,6782,CASUAL
7036,3144,1888,DISTANT
7037,4866,479,DISTANT
7038,7398,4184,CASUAL
7039,5230,3052,CASUAL
7040,8514,4869,CASUAL
7041,6930,9751,DISTANT
7042,1060,2787,CLOSE
7043,3076,6944,DISTANT
7044,6751,3202,DISTANT
7045,1134,7727,CLOSE
7046,8240,6869,CASUAL
7047,4722,671,DISTANT
7048,9387,9237,CLOSE
7049,5509,535,CLOSE
7050,2598,3108,DISTANT
7051,2983,9717,CLOSE
7052,4785,6062,DISTANT
7053,7218,9621,CLOSE
7054,9782,1844,DISTANT
7055,9914,1932,CLOSE
7056,8637,9342,DISTANT
7057,9021,2398,CASUAL
7058,7854,2379,CASUAL
7059,4391,3628,CASUAL
7060,5653,9603,CLOSE
7061,6949,7625,CLOSE
7062,1774,4470,DISTANT
7063,4975,9204,CLOSE
7064,5558,7615,DISTANT
7065,5074,4481,CASUAL
7066,8310,1971,DISTANT
7067,9831,2192,CLOSE
7068,5768,319,CASUAL
7069,937,4411,CLOSE
7070,8821,4282,CLOSE
7071,4503,8849,CASUAL
7072,8801,533,CLOSE
7073,4079,6824,CASUAL
7074,3309,4555,CLOSE
7075,8074,6408,DISTANT
7076,3179,3214,CASUAL
7077,1790,532,CASUAL
7078,7321,4442,CASUAL
7079,8425,9850,CASUAL
7080,6479,4022,DISTANT
7081,9068,3372,CASUAL
7082,5162,9781,CASUAL
7083,9715,2455,CLOSE
7084,6762,1411,DISTANT
7085,6175,4274,CLOSE
7086,320,8705,CASUAL
7087,2017,4757,CLOSE
7088,7590,5440,DISTANT
7089,8923,9839,CLOSE
7090,3849,4019,CASUAL
7091,7988,3926,CLOSE
7092,4900,8538,DISTANT
7093,5439,7865,CASUAL
7094,4061,6551,CASUAL
7095,1130,6620,DISTANT
7096,5926,7147,CLOSE
7097,2306,5124,DISTANT
7098,5946,9013,CLOSE
7099,7089,6925,DISTANT
7100,4266,6580,CASUAL
7101,5700,1174,DISTANT
7102,7303,2306,CASUAL
7103,4215,22,DISTANT
7104,9041,3575,DISTANT
7105,4411,2580,DISTANT
7106,3802,4648,CASUAL
7107,7870,7667,DISTANT
7108,8093,3027,CASUAL
7109,2425,7755,CLOSE
7110,5213,4044,CLOSE
7111,5467,1825,CLOSE
7112,9048,547,CASUAL
7113,8861,394,DISTANT
7114,7484,8299,CASUAL
7115,41,1230,CLOSE
7116,5565,8948,CASUAL
7117,3074,1092,CASUAL
7118,8498,2887,CLOSE
7119,4848,9005,DISTANT
7120,3936,7942,DISTANT
7121,5281,3014,CLOSE
7122,6049,6759,DISTANT
7123,1419,4584,CASUAL
7124,7221,1385,CASUAL
7125,6873,4871,DISTANT
7126,6220,9704,CASUAL
7127,8865,6618,CLOSE
7128,4121,8449,CASUAL
7129,7959,591,CLOSE
7130,9042,4541,DISTANT
7131,9981,2888,DISTANT
7132,1596,4988,CASUAL
7133,7373,5455,DISTANT
7134,5069,9036,CLOSE
7135,4509,7918,CLOSE
7136,8124,3037,CLOSE
7137,4846,4807,DISTANT
7138,76,5469,DISTANT
7139,7310,2321,CASUAL
7140,6241,8063,CLOSE
7141,1582,5761,DISTANT
7142,38,4206,CASUAL
7143,1198,9479,CASUAL
7144,3401,5802,CLOSE
7145,652,1493,CLOSE
7146,9750,9997,DISTANT
7147,5307,3991,CASUAL
7148,1345,1146,CASUAL
7149,6325,9348,DISTANT
7150,7307,5606,CASUAL
7151,7066,7893,CLOSE
7152,1078,7725,CLOSE
7153,3392,9094,CLOSE
7154,2521,7651,CLOSE
7155,4506,3856,CASUAL
7156,1335,2077,CLOSE
7157,9250,2300,CLOSE
7158,1808,8554,DISTANT
7159,5357,3022,CASUAL
7160,8743,7372,CASUAL
7161,3721,5578,CLOSE
7162,9271,998,DISTANT
7163,6201,8137,CASUAL
7164,4550,2399,CASUAL
7165,8562,7415,DISTANT
7166,7263,6557,CASUAL
7167,7928,5783,CLOSE
7168,8300,179,CASUAL
7169,4099,1609,DISTANT
7170,1738,7195,CASUAL
7171,7218,5199,CASUAL
7172,4369,6610,CASUAL
7173,7914,1481,CLOSE
7174,1212,4535,DISTANT
7175,5727,4437,CLOSE
7176,7323,9042,CLOSE
7177,2453,7282,CASUAL
7178,9230,3493,DISTANT
7179,3875,1307,CLOSE
7180,9371,2029,DISTANT
7181,364,831,DISTANT
7182,968,7300,CASUAL
7183,71,9689,DISTANT
7184,7630,3350,CLOSE
7185,6583,6082,DISTANT
7186,5355,4376,CASUAL
7187,8671,3866,DISTANT
7188,4001,4794,DISTANT
7189,9892,4303,DISTANT
7190,2884,9768,CASUAL
7191,3398,5558,CASUAL
7192,3185,2212,CLOSE
7193,8538,4409,CLOSE
7194,2224,712,CLOSE
7195,2984,4208,DISTANT
7196,2454,5607,CLOSE
7197,8093,7334,CLOSE
7198,6375,4167,CLOSE
7199,6118,174,DISTANT
7200,9102,7754,CASUAL
7201,2978,5540,DISTANT
7202,2910,7006,DISTANT
7203,3348,1469,DISTANT
7204,14,60,DISTANT
7205,743,2734,CLOSE
7206,2562,4488,CASUAL
7207,3010,4112,DISTANT
7208,1238,7723,DISTANT
7209,8848,3095,CLOSE
7210,4458,2306,CASUAL
7211,9413,2271,DISTANT
7212,923,3372,CLOSE
7213,1826,9384,CASUAL
7214,9930,6945,DISTANT
7215,4294,8779,DISTANT
7216,8422,5067,CLOSE
7217,7093,5522,CASUAL
7218,696,7483,CLOSE
7219,6976,9509,CASUAL
7220,7388,1596,CASUAL
7221,7086,5086,CASUAL
7222,3776,1652,DISTANT
7223,8210,4918,CASUAL
7224,2659,4412,CASUAL
7225,9194,6241,CLOSE
7226,5066,4483,CASUAL
7227,6771,601,CASUAL
7228,2796,9267,CLOSE
7229,1416,962,DISTANT
7230,9895,9857,CASUAL
7231,4788,5481,CLOSE
7232,3517,3826,DISTANT
7233,4539,7544,CASUAL
7234,985,4063,DISTANT
7235,7105,2524,CLOSE
7236,1836,202,DISTANT
7237,6391,387,CASUAL
7238,3515,4179,CLOSE
7239,1087,6906,CLOSE
7240,3264,2734,CASUAL
7241,6917,7904,CASUAL
7242,501,4215,CLOSE
7243,6198,1646,CASUAL
7244,1189,6606,CLOSE
7245,3526,2107,CLOSE
7246,1750,7176,DISTANT
7247,8702,5065,CLOSE
7248,3358,6805,DISTANT
7249,7147,9265,CASUAL
7250,7815,3423,CASUAL
7251,406,9182,CLOSE
7252,9440,8519,CASUAL
7253,1791,9495,DISTANT
7254,5487,9589,DISTANT
7255,9063,7705,CLOSE
7256,3749,4798,CASUAL
7257,9591,3259,CASUAL
7258,8653,1698,CLOSE
7259,1867,3278,CASUAL
7260,3896,7571,DISTANT
7261,1108,6540,CLOSE
7262,3248,8442,DISTANT
7263,3591,824,CASUAL
7264,785,2937,CLOSE
7265,2415,1098,DISTANT
7266,5411,2304,DISTANT
7267,7955,792,DISTANT
7268,4818,9552,DISTANT
7269,9274,4990,CASUAL
7270,5662,4590,DISTANT
7271,2104,7411,CASUAL
7272,6030,4888,CLOSE
7273,9245,7393,DISTANT
7274,1351,8965,CASUAL
7275,5225,9783,CASUAL
7276,7960,3812,DISTANT
7277,3659,5430,CASUAL
7278,4974,3919,CLOSE
7279,9934,2861,CLOSE
7280,8633,1953,CLOSE
7281,1038,9049,CLOSE
7282,7253,6463,CLOSE
7283,7154,4670,DISTANT
7284,5954,6525,DISTANT
7285,1932,6118,DISTANT
7286,1071,4459,DISTANT
7287,6065,4154,CLOSE
7288,9156,408,CLOSE
7289,2940,2250,CASUAL
7290,7940,2659,CASUAL
7291,4391,8960,CASUAL
7292,2479,3140,CLOSE
7293,7857,3348,CASUAL
7294,4403,3313,CLOSE
7295,3707,1583,DISTANT
7296,9866,898,DISTANT
7297,2202,9834,CLOSE
7298,8358,595,CASUAL
7299,7599,7838,CLOSE
7300,9029,3106,DISTANT
7301,6054,7794,CLOSE
7302,8311,2594,DISTANT
7303,3295,5525,CLOSE
7304,7736,9513,DISTANT
7305,4683,6783,DISTANT
7306,8546,1266,CASUAL
7307,1859,6978,CASUAL
7308,549,2718,DISTANT
7309,2241,1009,CASUAL
7310,8625,5930,DISTANT
7311,4265,174,CLOSE
7312,9946,9681,CASUAL
7313,1743,4662,DISTANT
7314,9492,3604,DISTANT
7315,5047,1607,CLOSE
7316,5486,6072,CASUAL
7317,7300,289,DISTANT
7318,9861,8915,DISTANT
7319,5749,8314,DISTANT
7320,1702,499,CLOSE
7321,7913,8151,DISTANT
7322,1218,8126,CASUAL
7323,6185,5940,CLOSE
7324,1325,4237,DISTANT
7325,3185,6256,DISTANT
7326,3880,9183,CASUAL
7327,1514,1866,CASUAL
7328,292,491,CLOSE
7329,9031,1128,CASUAL
7330,3190,847,CASUAL
7331,4039,2128,DISTANT
7332,479,6228,CLOSE
7333,6406,7341,CASUAL
7334,4163,9958,CLOSE
7335,2731,4281,CASUAL
7336,4072,1454,DISTANT
7337,9539,4477,DISTANT
7338,6179,3273,CLOSE
7339,2502,7461,CASUAL
7340,4964,4520,CASUAL
7341,3961,6637,CLOSE
7342,9262,1056,CASUAL
7343,807,3368,CASUAL
7344,5102,8043,CASUAL
7345,7005,7751,DISTANT
7346,5387,3302,CLOSE
7347,7632,4256,DISTANT
7348,9617,9397,DISTANT
7349,8191,6585,DISTANT
7350,6486,7562,CASUAL
7351,353,4191,CASUAL
7352,665,7085,CASUAL
7353,5581,7203,CLOSE
7354,6635,8487,CLOSE
7355,3837,6384,DISTANT
7356,3094,7800,CASUAL
7357,5209,184,CLOSE
7358,5503,3429,CLOSE
7359,8804,1372,DISTANT
7360,8693,7512,CLOSE
7361,986,524,DISTANT
7362,1646,9433,DISTANT
7363,1552,1657,CASUAL
7364,2863,9666,CASUAL
7365,9382,6654,CASUAL
7366,9267,9215,CASUAL
7367,5410,3646,CASUAL
7368,999,6051,CLOSE
7369,2865,8804,CLOSE
7370,706,9281,DISTANT
7371,4487,7064,CASUAL
7372,4192,7177,CASUAL
7373,2041,5079,CASUAL
7374,2912,547,CASUAL
7375,9677,6322,CLOSE
7376,5801,3081,DISTANT
7377,9597,3605,DISTANT
7378,6776,7354,CLOSE
7379,9405,8863,CASUAL
7380,5141,4552,DISTANT
7381,5512,985,CLOSE
7382,7163,5155,DISTANT
7383,8604,7742,DISTANT
7384,5797,7999,CASUAL
7385,5775,6749,CASUAL
7386,4541,4413,DISTANT
7387,2969,4022,CASUAL
7388,364,8013,CASUAL
7389,5881,9600,CASUAL
7390,8628,5908,CASUAL
7391,9394,9982,DISTANT
7392,648,6655,DISTANT
7393,8054,2315,DISTANT
7394,2349,7682,CLOSE
7395,3745,6214,CLOSE
7396,8329,6874,DISTANT
7397,6208,6253,CLOSE
7398,8656,2281,DISTANT
7399,1186,9257,CLOSE
7400,3760,4148,DISTANT
7401,6157,999,CLOSE
7402,9865,9208,CASUAL
7403,2703,1296,CLOSE
7404,631,3168,CLOSE
7405,3474,3254,DISTANT
7406,1343,7619,DISTANT
7407,5353,9728,CASUAL
7408,5664,9279,DISTANT
7409,1822,2565,DISTANT
7410,6399,6937,DISTANT
7411,6678,6130,CASUAL
7412,3160,6682,CLOSE
7413,6214,1808,DISTANT
7414,2195,8039,CLOSE
7415,7755,1783,CASUAL
7416,8448,3100,DISTANT
7417,6387,6644,CASUAL
7418,7309,3801,DISTANT
7419,27,7933,CASUAL
7420,6616,1060,CLOSE
7421,9974,7251,CLOSE
7422,3956,8184,CASUAL
7423,8243,3143,CLOSE
7424,6792,4643,CASUAL
7425,4675,6884,DISTANT
7426,7491,1593,DISTANT
7427,4025,4180,CLOSE
7428,4558,1254,CASUAL
7429,1335,7364,DISTANT
7430,372,2016,CLOSE
7431,5957,7909,DISTANT
7432,3141,2841,CLOSE
7433,1397,9246,DISTANT
7434,5745,6756,CASUAL
7435,1319,2146,CASUAL
7436,7061,7113,DISTANT
7437,2001,1506,DISTANT
7438,353,6372,CASUAL
7439,8645,2200,CLOSE
7440,4998,1726,DISTANT
7441,3361,1249,CLOSE
7442,1005,5094,DISTANT
7443,3888,9816,DISTANT
7444,9659,6196,CASUAL
7445,2132,6209,CLOSE
7446,2295,7350,DISTANT
7447,414,4266,CASUAL
7448,8240,2420,DISTANT
7449,1487,9007,CLOSE
7450,8255,1878,CLOSE
7451,1149,2796,DISTANT
7452,6542,3634,CLOSE
7453,709,5809,DISTANT
7454,6454,225,CASUAL
7455,2285,4762,CLOSE
7456,7609,7327,CLOSE
7457,5054,7201,CASUAL
7458,8299,8277,CLOSE
7459,2080,830,DISTANT
7460,8593,6267,DISTANT
7461,7404,3,CASUAL
7462,7893,537,CASUAL
7463,1353,840,DISTANT
7464,725,6653,DISTANT
7465,54,6807,CLOSE
7466,7676,4552,CASUAL
7467,6104,6020,DISTANT
7468,14,8579,CASUAL
7469,5454,5514,CLOSE
7470,2608,9124,DISTANT
7471,3816,1114,CLOSE
7472,9199,7779,DISTANT
7473,1343,9545,CASUAL
7474,5047,9823,DISTANT
7475,6472,318,CASUAL
7476,5974,5482,DISTANT
7477,3547,6642,CLOSE
7478,288,2622,CASUAL
7479,2860,6279,CASUAL
7480,7685,5119,CLOSE
7481,5839,725,DISTANT
7482,6451,8711,CASUAL
7483,7472,9157,CLOSE
7484,9784,5575,CLOSE
7485,8150,6940,DISTANT
7486,9182,818,DISTANT
7487,6670,3005,CLOSE
7488,6742,9651,DISTANT
7489,514,4370,DISTANT
7490,1910,8144,CASUAL
7491,5940,1840,CLOSE
7492,8559,8102,DISTANT
7493,528,7132,CLOSE
7494,2321,2208,CASUAL
7495,7941,4508,CLOSE
7496,754,2337,DISTANT
7497,8232,1667,CLOSE
7498,4134,7409,CASUAL
7499,5083,6185,CASUAL
7500,4386,5150,CASUAL
7501,7018,8329,CASUAL
7502,2479,4997,CASUAL
7503,5877,4593,CASUAL
7504,1641,4829,CASUAL
7505,707,9351,CASUAL
7506,3626,9958,CLOSE
7507,6337,7809,DISTANT
7508,1182,663,CLOSE
7509,2872,4291,DISTANT
7510,3426,458,DISTANT
7511,2090,706,DISTANT
7512,2706,7593,DISTANT
7513,9452,6220,DISTANT
7514,5318,3083,CASUAL
7515,8901,5319,DISTANT
7516,5115,9622,CLOSE
7517,8319,3662,CLOSE
7518,4267,25,CASUAL
7519,2280,2577,CLOSE
7520,9817,9407,CASUAL
7521,2221,9116,DISTANT
7522,7329,6283,CLOSE
7523,4793,1899,CLOSE
7524,2724,8912,DISTANT
7525,789,1437,CLOSE
7526,6597,520,CASUAL
7527,8906,3635,CASUAL
7528,8574,2516,DISTANT
7529,7191,2374,DISTANT
7530,2895,9064,CLOSE
7531,6917,5296,DISTANT
7532,9758,8454,CASUAL
7533,5528,1904,DISTANT
7534,142,5984,CASUAL
7535,5930,3877,CASUAL
7536,4147,8758,DISTANT
7537,3748,2353,CLOSE
7538,3689,7430,CLOSE
7539,1003,3742,DISTANT
7540,8383,8553,CASUAL
7541,3184,2326,DISTANT
7542,3112,7208,CASUAL
7543,8384,5564,CASUAL
7544,6366,5448,CASUAL
7545,7204,6318,DISTANT
7546,6055,914,CLOSE
7547,3007,7857,CLOSE
7548,5341,853,DISTANT
7549,9421,5825,CASUAL
7550,9549,4743,DISTANT
7551,8454,1005,CASUAL
7552,3284,622,CASUAL
7553,8843,6842,CLOSE
7554,4757,3704,CASUAL
7555,1430,364,DISTANT
7556,548,9834,CLOSE
7557,1046,2977,CLOSE
7558,513,6268,CLOSE
7559,7611,9344,CASUAL
7560,7056,6851,CLOSE
7561,7345,4583,CLOSE
7562,5844,3804,DISTANT
7563,7406,3741,CASUAL
7564,1539,5876,CASUAL
7565,4063,9288,DISTANT
7566,4419,4857,CLOSE
7567,5778,5935,DISTANT
7568,5234,6323,DISTANT
7569,9,8926,CLOSE
7570,5154,1517,CLOSE
7571,9470,4453,CASUAL
7572,2222,8187,CLOSE
7573,4602,8556,CASUAL
7574,4193,7702,DISTANT
7575,4474,8118,CLOSE
7576,9405,1363,DISTANT
7577,8900,9933,CASUAL
7578,4539,7770,CLOSE
7579,3548,2652,DISTANT
7580,9960,2178,CLOSE
7581,2486,4155,DISTANT
7582,5545,1029,CASUAL
7583,2125,2586,CLOSE
7584,4826,6059,DISTANT
7585,2746,2777,DISTANT
7586,8638,5949,CASUAL
7587,5777,6053,DISTANT
7588,3724,9657,DISTANT
7589,7923,5409,CLOSE
7590,4815,7675,CLOSE
7591,4507,6138,CLOSE
7592,9392,8517,CASUAL
7593,1864,7869,DISTANT
7594,7379,2668,CASUAL
7595,6469,1117,CLOSE
7596,2744,7133,CLOSE
7597,5054,6537,CASUAL
7598,1097,7797,CASUAL
7599,7112,8673,CASUAL
7600,2493,5768,CASUAL
7601,6064,1337,CASUAL
7602,542,9210,CASUAL
7603,1220,7650,DISTANT
7604,5940,9214,CLOSE
7605,1055,8291,DISTANT
7606,4846,9578,CLOSE
7607,2093,3327,CLOSE
7608,6354,9398,CASUAL
7609,3440,8988,DISTANT
7610,1231,4282,CASUAL
7611,151,1511,CASUAL
7612,4571,8952,CLOSE
7613,564,5979,DISTANT
7614,8318,8954,CLOSE
7615,8328,8004,CLOSE
7616,7196,1718,CLOSE
7617,6576,9404,DISTANT
7618,8013,9116,CLOSE
7619,455,6342,CLOSE
7620,5679,247,CASUAL
7621,24,417,CASUAL
7622,4554,189,DISTANT
7623,9599,4143,DISTANT
7624,6604,1563,CLOSE
7625,1889,3308,CASUAL
7626,8454,8870,DISTANT
7627,6562,705,CASUAL
7628,5122,2489,DISTANT
7629,9537,9342,CLOSE
7630,596,9100,DISTANT
7631,6637,2198,DISTANT
7632,4899,3583,DISTANT
7633,4480,3104,CASUAL
7634,4150,7439,DISTANT
7635,7517,9007,CLOSE
7636,9172,5505,CASUAL
7637,2112,936,CLOSE
7638,4886,6711,CLOSE
7639,6211,6664,DISTANT
7640,315,1480,CASUAL
7641,5099,1547,CASUAL
7642,534,1593,CLOSE
7643,7931,2654,CLOSE
7644,9192,8786,DISTANT
7645,1542,4602,CASUAL
7646,6681,3593,CASUAL
7647,9419,3406,CLOSE
7648,4096,1552,CLOSE
7649,9467,188,CASUAL
7650,4057,980,CLOSE
7651,6622,3602,CLOSE
7652,2730,4423,CASUAL
7653,936,6742,CLOSE
7654,5602,9286,CLOSE
7655,916,4072,CASUAL
7656,1276,6948,CLOSE
7657,6115,2039,CLOSE
7658,4012,407,DISTANT
7659,3024,2768,CLOSE
7660,466,4894,DISTANT
7661,5179,8521,CLOSE
7662,970,4611,CLOSE
7663,7902,3521,DISTANT
7664,7179,3986,CLOSE
7665,6399,7128,CASUAL
7666,4143,6525,CLOSE
7667,2816,252,CLOSE
7668,1887,8474,CLOSE
7669,9241,8029,CLOSE
7670,1308,5870,DISTANT
7671,9181,60,CASUAL
7672,1329,1510,CASUAL
7673,477,817,DISTANT
7674,8969,7961,DISTANT
7675,3222,5272,DISTANT
7676,3330,2492,CASUAL
7677,5827,7649,CASUAL
7678,8963,7771,DISTANT
7679,5579,7590,CASUAL
7680,8869,4173,CASUAL
7681,8151,4736,CLOSE
7682,6233,2670,CLOSE
7683,7275,754,CLOSE
7684,3945,5951,DISTANT
7685,9715,2808,DISTANT
7686,65,8110,CLOSE
7687,1937,8940,CASUAL
7688,7783,6178,DISTANT
7689,5312,9086,CLOSE
7690,8775,7973,CASUAL
7691,1601,4764,CASUAL
7692,1532,7586,CASUAL
7693,6084,3890,DISTANT
7694,7415,8085,CLOSE
7695,6803,5095,DISTANT
7696,4706,2844,DISTANT
7697,1307,2777,CLOSE
7698,9299,8780,CLOSE
7699,5163,8146,CLOSE
7700,287,7479,CASUAL
7701,4010,2330,CLOSE
7702,7723,3373,CASUAL
7703,6458,8598,DISTANT
7704,8918,3810,DISTANT
7705,612,9942,DISTANT
7706,7187,1302,CLOSE
7707,1639,5916,CASUAL
7708,6293,9834,DISTANT
7709,9395,2881,DISTANT
7710,7641,9574,CASUAL
7711,4143,9192,CASUAL
7712,3620,3753,CASUAL
7713,7604,7634,CLOSE
7714,6059,4588,CLOSE
7715,6919,9194,CASUAL
7716,9715,4325,CLOSE
7717,3412,5049,CASUAL
7718,1594,893,DISTANT
7719,5337,5939,CASUAL
7720,2363,4794,DISTANT
7721,7581,4982,DISTANT
7722,15,6037,DISTANT
7723,4156,4229,CASUAL
7724,3074,4409,CLOSE
7725,5445,8281,DISTANT
7726,992,7515,CASUAL
7727,4356,1611,CASUAL
7728,5516,4175,DISTANT
7729,9760,451,DISTANT
7730,7360,2890,DISTANT
7731,7602,3897,CLOSE
7732,9249,2632,DISTANT
7733,460,1231,CLOSE
7734,4293,7194,CASUAL
7735,7188,1546,CASUAL
7736,2398,6732,CASUAL
7737,955,4641,CLOSE
7738,5451,1291,DISTANT
7739,3095,6932,CLOSE
7740,2586,8370,CASUAL
7741,6765,4439,CASUAL
7742,6649,434,DISTANT
7743,6697,3617,CLOSE
7744,6993,6395,CLOSE
7745,6636,8177,CASUAL
7746,9280,8132,DISTANT
7747,4955,4542,DISTANT
7748,7404,8602,CASUAL
7749,6770,5254,CLOSE
7750,1894,4809,CLOSE
7751,6106,2113,CLOSE
7752,3602,8416,DISTANT
7753,7316,7576,CASUAL
7754,1101,1881,DISTANT
7755,1581,7665,DISTANT
7756,9212,9386,DISTANT
7757,1992,5462,CLOSE
7758,6364,3899,CLOSE
7759,7106,2620,DISTANT
7760,8742,9191,CLOSE
7761,2869,4514,CLOSE
7762,2655,8983,CLOSE
7763,3223,4224,CASUAL
7764,3881,688,CASUAL
7765,2866,3090,DISTANT
7766,6188,9827,DISTANT
7767,5456,1625,CASUAL
7768,4938,782,CASUAL
7769,1515,6268,DISTANT
7770,6797,4194,CLOSE
7771,3654,3709,CLOSE
7772,5603,4385,CLOSE
7773,7618,1494,DISTANT
7774,7646,5309,CASUAL
7775,2723,5589,CASUAL
7776,5199,3504,DISTANT
7777,6723,3383,CASUAL
7778,2269,1981,DISTANT
7779,2517,7361,DISTANT
7780,9072,5243,CASUAL
7781,6382,2273,CLOSE
7782,7654,2416,CASUAL
7783,3982,9646,DISTANT
7784,648,6476,DISTANT
7785,1189,3315,CASUAL
7786,1686,2195,CLOSE
7787,8397,5924,CASUAL
7788,8431,3420,CLOSE
7789,8390,1367,CLOSE
7790,3413,9949,CLOSE
7791,4355,538,DISTANT
7792,2484,4785,DISTANT
7793,5667,2238,DISTANT
7794,6602,9265,CLOSE
7795,6286,8104,DISTANT
7796,2318,5787,CASUAL
7797,9673,4346,CLOSE
7798,6898,6859,CASUAL
7799,9148,6340,CASUAL
7800,2357,5968,CASUAL
7801,9828,8445,DISTANT
7802,8249,449,DISTANT
7803,3449,2551,CASUAL
7804,3172,2555,DISTANT
7805,5418,807,CLOSE
7806,651,5186,DISTANT
7807,410,4741,CLOSE
7808,3280,2060,CLOSE
7809,7797,7067,DISTANT
7810,4774,8128,CLOSE
7811,2581,6050,DISTANT
7812,4400,841,DISTANT
7813,2532,1988,CLOSE
7814,9266,6428,CLOSE
7815,9008,1538,DISTANT
7816,6831,562,DISTANT
7817,5114,8814,CASUAL
7818,4538,1670,DISTANT
7819,2499,7792,CASUAL
7820,9189,4359,DISTANT
7821,6887,4860,DISTANT
7822,2385,9887,CASUAL
7823,6310,7920,DISTANT
7824,9571,9539,CASUAL
7825,5095,9381,DISTANT
7826,8095,6571,DISTANT
7827,6428,1315,CASUAL
7828,9026,8953,CASUAL
7829,8246,9933,CASUAL
7830,1901,286,DISTANT
7831,4867,425,DISTANT
7832,3901,768,CASUAL
7833,970,8115,CLOSE
7834,4972,7381,DISTANT
7835,5515,8763,CLOSE
7836,836,3162,CASUAL
7837,2501,8500,CLOSE
7838,7917,4155,CASUAL
7839,9161,7523,CLOSE
7840,1991,137,CLOSE
7841,1439,4382,CLOSE
7842,2052,4217,CLOSE
7843,5161,5611,CASUAL
7844,2896,9393,DISTANT
7845,4421,2718,CASUAL
7846,3156,5999,CASUAL
7847,1834,1773,CASUAL
7848,3667,1051,CASUAL
7849,5044,5431,CASUAL
7850,9625,5359,CLOSE
7851,6541,7299,CLOSE
7852,3698,1825,CLOSE
7853,1536,3553,CLOSE
7854,544,3789,CLOSE
7855,5194,2509,DISTANT
7856,1712,4260,DISTANT
7857,1994,3044,CLOSE
7858,2514,4083,CASUAL
7859,9911,579,DISTANT
7860,9718,1798,DISTANT
7861,5539,8102,CASUAL
7862,4428,6117,CASUAL
7863,2899,9341,DISTANT
7864,5187,5998,CLOSE
7865,8048,7865,CASUAL
7866,2494,8611,CASUAL
7867,2683,6011,DISTANT
7868,7577,6125,DISTANT
7869,8670,3346,CASUAL
7870,8928,9344,CLOSE
7871,7943,3359,CASUAL
7872,6795,7907,CLOSE
7873,1521,7528,DISTANT
7874,972,498,CLOSE
7875,988,5207,DISTANT
7876,4654,1666,CLOSE
7877,657,7301,CASUAL
7878,3847,453,CASUAL
7879,2746,3983,DISTANT
7880,8398,4842,CASUAL
7881,1290,7567,DISTANT
7882,3959,5542,CLOSE
7883,2079,4598,DISTANT
7884,2985,305,CASUAL
7885,9653,7435,DISTANT
7886,6534,1887,CASUAL
7887,4331,8194,CASUAL
7888,645,6866,DISTANT
7889,3404,4125,DISTANT
7890,1913,9701,DISTANT
7891,8723,9529,CASUAL
7892,2917,9813,CLOSE
7893,4920,2081,DISTANT
7894,1939,9227,DISTANT
7895,1569,9764,CLOSE
7896,4383,4484,CLOSE
7897,2291,5040,CLOSE
7898,7367,9944,DISTANT
7899,6430,847,DISTANT
7900,6251,8196,DISTANT
7901,9048,6232,CLOSE
7902,774,4920,DISTANT
7903,362,2624,CASUAL
7904,3642,2760,DISTANT
7905,4345,2358,CASUAL
7906,2732,566,CASUAL
7907,2744,8027,CASUAL
7908,6473,227,CASUAL
7909,5754,6700,CLOSE
7910,8305,4498,CASUAL
7911,4743,4252,DISTANT
7912,9888,8749,DISTANT
7913,1880,4778,CLOSE
7914,7488,7928,CLOSE
7915,9650,7027,CLOSE
7916,5768,6369,CLOSE
7917,6151,2624,CASUAL
7918,2305,4181,CASUAL
7919,8558,4475,CLOSE
7920,8676,8452,CASUAL
7921,4124,7324,CLOSE
7922,2949,2732,CLOSE
7923,9391,2790,CASUAL
7924,5891,6080,CLOSE
7925,8665,3256,DISTANT
7926,2305,4359,CLOSE
7927,5488,5449,CASUAL
7928,3003,4580,DISTANT
7929,2724,5509,CASUAL
7930,1313,6066,CASUAL
7931,9748,2019,CLOSE
7932,5802,3014,CLOSE
7933,1938,6112,DISTANT
7934,6289,7064,CASUAL
7935,871,6597,DISTANT
7936,3262,7483,DISTANT
7937,5278,135,DISTANT
7938,208,8109,CLOSE
7939,6585,7254,DISTANT
7940,4270,5603,CASUAL
7941,2171,1964,DISTANT
7942,5191,4119,CASUAL
7943,9095,3844,CLOSE
7944,5701,5778,CLOSE
7945,7485,4294,CASUAL
7946,1345,5308,CASUAL
7947,2936,4712,DISTANT
7948,9778,6818,CASUAL
7949,5372,4884,DISTANT
7950,1081,4231,CASUAL
7951,9076,2388,DISTANT
7952,656,1708,DISTANT
7953,4768,121,CASUAL
7954,4806,6092,DISTANT
7955,4644,4021,CLOSE
7956,2866,9525,CASUAL
7957,2070,8480,CASUAL
7958,4067,9170,DISTANT
7959,1301,1769,CLOSE
7960,654,5271,CLOSE
7961,855,4232,CASUAL
7962,6785,9031,DISTANT
7963,5452,7505,CASUAL
7964,9022,3458,CASUAL
7965,6650,9034,CLOSE
7966,4247,2429,CLOSE
7967,3019,1894,DISTANT
7968,5371,3146,CASUAL
7969,5960,3541,DISTANT
7970,5718,6372,CLOSE
7971,7421,6939,CLOSE
7972,7648,694,DISTANT
7973,4489,6673,CLOSE
7974,2135,9696,CLOSE
7975,6390,5634,DISTANT
7976,3920,3778,CASUAL
7977,252,6218,CLOSE
7978,132,1733,CLOSE
7979,4807,6673,CASUAL
7980,1954,310,CASUAL
7981,6317,3838,CLOSE
7982,8410,6602,DISTANT
7983,5164,6645,CLOSE
7984,2350,3233,CASUAL
7985,9083,7573,CASUAL
7986,7377,2483,CLOSE
7987,1777,3499,CASUAL
7988,475,7999,CLOSE
7989,6993,203,CASUAL
7990,6869,9218,CLOSE
7991,8667,8784,DISTANT
7992,1264,6642,CLOSE
7993,1474,4729,DISTANT
7994,5881,2069,CASUAL
7995,351,4200,CASUAL
7996,1517,5195,DISTANT
7997,637,5242,DISTANT
7998,6667,9021,CLOSE
7999,3317,3510,DISTANT
8000,6780,2288,DISTANT
8001,4276,9974,DISTANT
8002,7933,5823,CASUAL
8003,8977,2597,CLOSE
8004,9248,8284,CASUAL
8005,2651,6351,CLOSE
8006,1994,8573,DISTANT
8007,4364,9601,CLOSE
8008,3107,7338,CASUAL
8009,7610,3386,DISTANT
8010,6479,3211,DISTANT
8011,3388,5148,CASUAL
8012,1148,9715,DISTANT
8013,9396,8849,DISTANT
8014,3824,5096,DISTANT
8015,6714,8904,CASUAL
8016,670,6696,CLOSE
8017,6969,6147,CASUAL
8018,4306,8425,CLOSE
8019,6374,1674,CLOSE
8020,589,1290,CLOSE
8021,175,1470,DISTANT
8022,1319,3556,DISTANT
8023,6234,5066,CASUAL
8024,7229,8727,CASUAL
8025,9241,9587,CLOSE
8026,1566,4268,DISTANT
8027,2477,2860,DISTANT
8028,6123,9714,CASUAL
8029,9321,451,DISTANT
8030,1517,1064,CASUAL
8031,7495,5565,DISTANT
8032,9199,4663,DISTANT
8033,2097,8047,CASUAL
8034,5146,9918,CASUAL
8035,4190,6701,DISTANT
8036,5689,3030,CASUAL
8037,3597,1756,CLOSE
8038,6333,8519,DISTANT
8039,7405,8521,CLOSE
8040,8755,6344,CLOSE
8041,5341,4759,DISTANT
8042,6075,4397,CLOSE
8043,9455,1157,DISTANT
8044,9376,8404,CASUAL
8045,3411,6043,DISTANT
8046,3803,4243,CASUAL
8047,152,7283,DISTANT
8048,8524,6831,CASUAL
8049,6212,1831,CASUAL
8050,6214,6856,CASUAL
8051,8675,9844,CASUAL
8052,2568,5706,CLOSE
8053,2722,9639,DISTANT
8054,467,6946,CLOSE
8055,219,9497,CLOSE
8056,7199,8462,CLOSE
8057,5336,3908,CASUAL
8058,4420,3929,CASUAL
8059,1007,1889,CLOSE
8060,748,4260,CASUAL
8061,4916,7787,CASUAL
8062,6741,9330,DISTANT
8063,486,8255,CLOSE
8064,2148,7491,DISTANT
8065,1611,6727,CLOSE
8066,4426,5060,DISTANT
8067,689,9484,DISTANT
8068,7952,519,CASUAL
8069,3452,8937,CLOSE
8070,9485,3492,CLOSE
8071,9344,3967,DISTANT
8072,7007,6498,CASUAL
8073,2567,2301,DISTANT
8074,4672,1914,CLOSE
8075,9755,4755,CASUAL
8076,7534,2067,CLOSE
8077,3297,7344,CASUAL
8078,73,4602,DISTANT
8079,1747,4981,CASUAL
8080,8370,3244,CASUAL
8081,8449,2648,CASUAL
8082,9604,3960,CASUAL
8083,2532,6357,DISTANT
8084,115,1415,CLOSE
8085,8638,7020,CASUAL
8086,166,971,CASUAL
8087,878,8557,CASUAL
8088,3441,2546,CASUAL
8089,8344,3031,CLOSE
8090,6693,4428,CASUAL
8091,9275,621,DISTANT
8092,4047,363,CLOSE
8093,3257,950,CASUAL
8094,3596,433,CLOSE
8095,7258,8825,DISTANT
8096,6577,9585,CLOSE
8097,9440,5878,CLOSE
8098,5868,557,DISTANT
8099,9058,3312,CASUAL
8100,4916,8973,CASUAL
8101,4123,8706,DISTANT
8102,2569,9765,CASUAL
8103,3964,3467,CLOSE
8104,4950,8535,CASUAL
8105,645,283,CASUAL
8106,7265,5500,DISTANT
8107,9414,2998,CLOSE
8108,8099,3008,CLOSE
8109,9486,7026,DISTANT
8110,8884,7271,CASUAL
8111,5496,4258,DISTANT
8112,7392,85,CLOSE
8113,66,1038,DISTANT
8114,8670,7814,CLOSE
8115,9021,9154,CLOSE
8116,5873,1090,CASUAL
8117,8574,6689,CASUAL
8118,6565,4944,CLOSE
8119,2064,1264,DISTANT
8120,4980,5382,CASUAL
8121,748,8305,CLOSE
8122,1128,342,DISTANT
8123,8589,3691,CLOSE
8124,1437,7187,CLOSE
8125,3613,5157,DISTANT
8126,6226,7062,CLOSE
8127,3553,4651,CASUAL
8128,5836,1258,DISTANT
8129,750,7014,CLOSE
8130,3082,6546,CLOSE
8131,458,7790,DISTANT
8132,3793,3693,CLOSE
8133,4108,3119,CLOSE
8134,2257,7483,DISTANT
8135,3620,5415,CLOSE
8136,1058,8804,CLOSE
8137,7179,4848,CLOSE
8138,1901,1149,CASUAL
8139,7854,3743,CLOSE
8140,9387,5614,CASUAL
8141,3963,6227,CASUAL
8142,3145,3445,DISTANT
8143,5294,168,CLOSE
8144,579,9362,CASUAL
8145,3276,4421,CLOSE
8146,2844,3444,DISTANT
8147,8314,5614,CASUAL
8148,4774,4413,CLOSE
8149,3488,6712,CASUAL
8150,8699,8644,DISTANT
8151,2437,5505,CLOSE
8152,3679,4992,CLOSE
8153,7728,4339,DISTANT
8154,2577,4049,CASUAL
8155,7948,2981,DISTANT
8156,2170,350,CASUAL
8157,9758,7257,CLOSE
8158,1351,7219,DISTANT
8159,5074,2144,CLOSE
8160,5167,6681,CLOSE
8161,2107,6294,DISTANT
8162,8265,1742,CLOSE
8163,8870,2781,DISTANT
8164,5682,8144,CLOSE
8165,7920,6673,CLOSE
8166,4033,2932,DISTANT
8167,5937,3074,DISTANT
8168,8721,2812,DISTANT
8169,6514,6089,CASUAL
8170,2104,7380,CASUAL
8171,8576,8058,CASUAL
8172,7713,2089,DISTANT
8173,5968,2335,CLOSE
8174,3110,2400,CASUAL
8175,8756,2311,CASUAL
8176,7898,2818,CLOSE
8177,2385,468,CASUAL
8178,1950,3845,CASUAL
8179,4,9995,CASUAL
8180,8879,8883,CASUAL
8181,9280,2245,CASUAL
8182,7831,5372,CLOSE
8183,3889,6328,CLOSE
8184,6121,2010,CLOSE
8185,8769,6160,CASUAL
8186,3774,2713,DISTANT
8187,627,5469,CASUAL
8188,4736,4294,CASUAL
8189,9344,3825,CASUAL
8190,1851,2598,CLOSE
8191,9827,9902,CASUAL
8192,6709,4206,DISTANT
8193,8037,2111,DISTANT
8194,7122,7888,DISTANT
8195,8688,6000,CLOSE
8196,7150,7550,CASUAL
8197,258,5423,DISTANT
8198,9999,1346,CLOSE
8199,511,1480,CASUAL
8200,2436,8073,CLOSE
8201,5324,7533,DISTANT
8202,4537,5448,CLOSE
8203,1945,7565,DISTANT
8204,214,4171,CLOSE
8205,700,7569,CASUAL
8206,478,4533,CLOSE
8207,732,6794,DISTANT
8208,6376,3862,DISTANT
8209,2151,365,CLOSE
8210,1637,2756,DISTANT
8211,9705,9959,CLOSE
8212,1678,1189,DISTANT
8213,1532,374,DISTANT
8214,1242,2333,CASUAL
8215,5537,482,CASUAL
8216,4199,1266,CLOSE
8217,3241,7817,CASUAL
8218,4408,6001,DISTANT
8219,6888,5939,DISTANT
8220,908,2348,DISTANT
8221,3154,5677,CASUAL
8222,8148,8721,DISTANT
8223,6851,8046,CLOSE
8224,9299,8535,CLOSE
8225,1345,4622,CLOSE
8226,2671,9625,DISTANT
8227,9442,298,DISTANT
8228,5492,1180,DISTANT
8229,2546,4529,DISTANT
8230,5473,9324,CLOSE
8231,4084,106,DISTANT
8232,1861,5615,CLOSE
8233,8465,935,CLOSE
8234,2204,2874,DISTANT
8235,3527,6621,CASUAL
8236,226,9092,CLOSE
8237,3820,588,DISTANT
8238,6708,1687,CLOSE
8239,8063,4033,CASUAL
8240,1790,2968,DISTANT
8241,1268,8155,DISTANT
8242,6640,8366,CASUAL
8243,4948,7816,DISTANT
8244,7496,6155,CASUAL
8245,834,8056,CLOSE
8246,2209,2373,CASUAL
8247,703,5845,CLOSE
8248,4090,7718,CLOSE
8249,6844,1691,DISTANT
8250,1399,9879,CLOSE
8251,2436,7944,DISTANT
8252,5132,1271,CASUAL
8253,3259,5017,CASUAL
8254,2674,7734,DISTANT
8255,9475,1801,DISTANT
8256,4398,2124,CASUAL
8257,9895,6234,CASUAL
8258,9423,3331,CASUAL
8259,7188,4049,CLOSE
8260,7354,9991,CLOSE
8261,8787,2427,CLOSE
8262,1527,4641,CASUAL
8263,2445,5382,DISTANT
8264,6755,2505,CASUAL
8265,5479,9623,CASUAL
8266,2004,9417,DISTANT
8267,6280,703,CLOSE
8268,3991,6201,CLOSE
8269,9430,6230,CLOSE
8270,7257,7280,CLOSE
8271,1018,640,CASUAL
8272,5323,9294,CASUAL
8273,6141,2900,CLOSE
8274,2137,4328,CASUAL
8275,4391,4283,DISTANT
8276,180,8549,CASUAL
8277,451,5726,CLOSE
8278,6254,9829,CASUAL
8279,16,1450,CLOSE
8280,527,2199,CLOSE
8281,8977,7881,CASUAL
8282,5864,3663,CASUAL
8283,637,2087,CLOSE
8284,5925,6121,CLOSE
8285,3738,4971,DISTANT
8286,3044,3136,CLOSE
8287,5465,8629,CASUAL
8288,2075,8861,CASUAL
8289,5789,4191,CASUAL
8290,2270,3054,DISTANT
8291,1532,8224,CLOSE
8292,8610,4340,DISTANT
8293,3822,6021,CASUAL
8294,9621,3910,CLOSE
8295,8346,4895,DISTANT
8296,3052,9937,DISTANT
8297,8801,8192,DISTANT
8298,308,5085,DISTANT
8299,5155,9978,CASUAL
8300,6356,5162,CASUAL
8301,5489,80,CLOSE
8302,3362,2907,DISTANT
8303,2163,1810,DISTANT
8304,4914,6660,CLOSE
8305,2702,3082,CLOSE
8306,4137,4601,DISTANT
8307,3399,2829,DISTANT
8308,2986,4386,CASUAL
8309,6212,6,CASUAL
8310,2669,9682,DISTANT
8311,1098,2408,DISTANT
8312,4215,1150,CASUAL
8313,8564,3031,CASUAL
8314,9042,3573,DISTANT
8315,2855,8632,DISTANT
8316,7800,2559,CASUAL
8317,141,5226,CASUAL
8318,465,5544,CLOSE
8319,9738,8049,DISTANT
8320,5488,7870,CASUAL
8321,3027,994,CLOSE
8322,2428,8886,DISTANT
8323,6868,4109,CLOSE
8324,2474,6513,CLOSE
8325,1407,4105,DISTANT
8326,2650,6342,DISTANT
8327,815,266,CLOSE
8328,5347,7555,DISTANT
8329,1764,162,DISTANT
8330,5375,1738,CASUAL
8331,9406,9116,DISTANT
8332,6596,4676,DISTANT
8333,7896,1650,CASUAL
8334,1450,897,CASUAL
8335,8115,3334,DISTANT
8336,9404,591,CASUAL
8337,5954,1826,CLOSE
8338,1365,576,CLOSE
8339,2628,8935,DISTANT
8340,1503,4756,CLOSE
8341,5425,1967,CASUAL
8342,8479,2447,CASUAL
8343,5031,9857,CASUAL
8344,6646,8165,CLOSE
8345,1594,8586,DISTANT
8346,6225,268,CASUAL
8347,4753,2037,CASUAL
8348,3868,1292,CLOSE
8349,9417,2260,CLOSE
8350,295,5613,CLOSE
8351,8050,2785,DISTANT
8352,4433,9170,CASUAL
8353,9830,6921,CLOSE
8354,1046,7630,DISTANT
8355,7477,2065,DISTANT
8356,968,6516,CLOSE
8357,8515,7923,CLOSE
8358,5727,6024,CLOSE
8359,7926,6175,DISTANT
8360,1845,7977,CLOSE
8361,8690,2936,CLOSE
8362,8310,151,DISTANT
8363,6910,1665,CLOSE
8364,3467,6524,DISTANT
8365,7573,8877,CASUAL
8366,2105,1167,CLOSE
8367,3387,2073,DISTANT
8368,8127,5672,CASUAL
8369,957,9968,CLOSE
8370,353,5085,CASUAL
8371,5048,7311,CASUAL
8372,9290,1847,CASUAL
8373,2321,4869,DISTANT
8374,1335,6177,DISTANT
8375,4245,3820,DISTANT
8376,3512,2102,CASUAL
8377,8432,1189,DISTANT
8378,5916,2211,CASUAL
8379,9857,9855,CLOSE
8380,2420,5919,CASUAL
8381,892,2642,CLOSE
8382,4438,5183,CASUAL
8383,204,5497,CASUAL
8384,9853,8256,CLOSE
8385,4410,9837,DISTANT
8386,4620,3231,CLOSE
8387,5253,962,DISTANT
8388,972,856,CASUAL
8389,8101,8859,CASUAL
8390,619,3820,CLOSE
8391,7819,258,CLOSE
8392,8269,1144,DISTANT
8393,2513,9821,CASUAL
8394,6028,1203,CLOSE
8395,5581,7400,DISTANT
8396,6952,9348,DISTANT
8397,2111,3743,DISTANT
8398,3326,8261,CLOSE
8399,3996,2904,CASUAL
8400,8925,9198,CASUAL
8401,8254,4680,DISTANT
8402,8262,5435,DISTANT
8403,9506,6074,CLOSE
8404,4261,5014,DISTANT
8405,5106,678,DISTANT
8406,1021,697,CLOSE
8407,9775,4551,CLOSE
8408,1807,3038,CASUAL
8409,6715,3918,CASUAL
8410,4306,2164,DISTANT
8411,7553,1060,CASUAL
8412,7097,7252,CASUAL
8413,3851,9084,CASUAL
8414,2251,4033,CASUAL
8415,4598,9164,CLOSE
8416,6709,5617,CLOSE
8417,6277,1394,CLOSE
8418,528,2654,DISTANT
8419,283,6816,DISTANT
8420,4217,6541,DISTANT
8421,33,3111,CLOSE
8422,8711,8797,CASUAL
8423,7836,8413,CLOSE
8424,2726,1260,CLOSE
8425,8976,8269,CASUAL
8426,686,4559,DISTANT
8427,1465,1734,CLOSE
8428,7792,8316,DISTANT
8429,5042,1811,CLOSE
8430,5877,826,CASUAL
8431,136,655,CLOSE
8432,1262,1155,CLOSE
8433,2145,7567,DISTANT
8434,1035,5191,CASUAL
8435,7892,4966,CLOSE
8436,4676,1598,DISTANT
8437,3723,7412,DISTANT
8438,9037,7053,CASUAL
8439,7192,7759,CLOSE
8440,5156,4347,DISTANT
8441,666,857,CLOSE
8442,8641,2434,CLOSE
8443,7353,4014,CLOSE
8444,1494,2445,DISTANT
8445,2537,9571,DISTANT
8446,3495,9947,CASUAL
8447,4638,9492,CASUAL
8448,9625,9764,DISTANT
8449,9543,8144,CLOSE
8450,3553,4801,CASUAL
8451,3235,8145,CLOSE
8452,7860,7740,CASUAL
8453,7362,396,CASUAL
8454,5139,6005,CASUAL
8455,8532,8373,CASUAL
8456,7604,6872,DISTANT
8457,8200,9456,DISTANT
8458,4350,1895,CASUAL
8459,5,4391,CASUAL
8460,7692,3275,CASUAL
8461,5011,9490,CLOSE
8462,8207,4061,CASUAL
8463,4308,8853,DISTANT
8464,2333,9739,CASUAL
8465,1498,4982,CLOSE
8466,4902,4,CASUAL
8467,438,5575,DISTANT
8468,6793,3979,CLOSE
8469,4310,3530,DISTANT
8470,2896,1612,CLOSE
8471,7632,656,DISTANT
8472,1620,3367,DISTANT
8473,7406,6807,CLOSE
8474,7539,5056,CLOSE
8475,9675,3044,CLOSE
8476,4067,4356,DISTANT
8477,8362,1122,CLOSE
8478,739,78,CASUAL
8479,9168,586,CASUAL
8480,4168,2074,CLOSE
8481,7953,599,DISTANT
8482,1774,4394,CLOSE
8483,1625,2651,CLOSE
8484,464,2896,CLOSE
8485,9634,6728,DISTANT
8486,6352,1126,CASUAL
8487,9023,2633,DISTANT
8488,9741,4654,CLOSE
8489,8300,1077,DISTANT
8490,1843,7691,CLOSE
8491,9839,3303,DISTANT
8492,577,6987,DISTANT
8493,6926,6675,CLOSE
8494,6483,3071,CASUAL
8495,4354,2962,CASUAL
8496,3227,8920,CASUAL
8497,5460,7970,CLOSE
8498,4039,6255,CASUAL
8499,6209,291,CLOSE
8500,5753,8891,CASUAL
8501,4679,9064,CASUAL
8502,7309,6598,DISTANT
8503,1636,8256,CASUAL
8504,9754,3069,DISTANT
8505,4395,8335,CLOSE
8506,6198,5791,CLOSE
8507,4765,5801,DISTANT
8508,3879,962,DISTANT
8509,8250,4719,CASUAL
8510,5079,1597,CLOSE
8511,6564,4282,CASUAL
8512,7344,9715,CLOSE
8513,4743,9990,DISTANT
8514,9895,239,CASUAL
8515,9039,7892,CLOSE
8516,4460,6149,CLOSE
8517,242,652,CASUAL
8518,2373,999,DISTANT
8519,2840,2670,CASUAL
8520,7155,5643,DISTANT
8521,7544,8094,CLOSE
8522,7949,1106,CASUAL
8523,3957,9227,CLOSE
8524,7082,3265,DISTANT
8525,2325,8515,DISTANT
8526,4354,9324,DISTANT
8527,2969,8216,CLOSE
8528,6114,9730,DISTANT
8529,3459,5152,DISTANT
8530,511,6524,CLOSE
8531,385,27,DISTANT
8532,306,6209,DISTANT
8533,2324,7741,DISTANT
8534,4387,8085,CASUAL
8535,7036,6613,CASUAL
8536,6830,4238,CASUAL
8537,488,190,DISTANT
8538,6524,8227,DISTANT
8539,4492,7193,DISTANT
8540,1689,7195,CASUAL
8541,9510,316,DISTANT
8542,6447,2426,CASUAL
8543,8709,4907,DISTANT
8544,444,1885,DISTANT
8545,4121,4232,CASUAL
8546,9093,8401,CLOSE
8547,2015,8061,CASUAL
8548,263,5450,DISTANT
8549,3824,1874,CLOSE
8550,7886,9383,DISTANT
8551,1957,2543,DISTANT
8552,6165,2373,DISTANT
8553,1309,9401,CASUAL
8554,6628,9419,DISTANT
8555,7622,7446,CASUAL
8556,2054,9797,DISTANT
8557,4410,2111,CLOSE
8558,9309,2219,CLOSE
8559,1975,1008,CASUAL
8560,2986,458,DISTANT
8561,2660,3439,CLOSE
8562,3708,7313,CASUAL
8563,8297,6779,CASUAL
8564,9158,4216,CLOSE
8565,1118,9592,DISTANT
8566,1225,2112,DISTANT
8567,2300,8467,DISTANT
8568,4138,7619,CASUAL
8569,7085,9365,CASUAL
8570,2228,4939,CASUAL
8571,8655,5018,CLOSE
8572,3332,9903,CLOSE
8573,4823,1495,DISTANT
8574,6982,6835,DISTANT
8575,1579,460,CLOSE
8576,1603,3238,CASUAL
8577,1433,4392,CASUAL
8578,5309,8149,CLOSE
8579,7564,6581,CLOSE
8580,9914,253,CASUAL
8581,144,5947,CASUAL
8582,3018,3437,DISTANT
8583,8351,8734,CLOSE
8584,617,6562,DISTANT
8585,8398,5302,DISTANT
8586,2758,1676,CASUAL
8587,8324,6431,CLOSE
8588,7196,3753,CASUAL
8589,3141,2206,CLOSE
8590,7365,7923,CASUAL
8591,1824,489,CASUAL
8592,1638,5810,CLOSE
8593,9610,711,CLOSE
8594,8574,5829,DISTANT
8595,1562,2014,CLOSE
8596,4559,4962,CLOSE
8597,7720,1008,DISTANT
8598,7854,9391,CASUAL
8599,2247,6745,CASUAL
8600,2887,3968,CASUAL
8601,4422,1936,DISTANT
8602,6128,1357,CASUAL
8603,855,5959,DISTANT
8604,2147,8193,DISTANT
8605,9984,1483,DISTANT
8606,3958,3221,CLOSE
8607,4658,6522,CLOSE
8608,2588,3965,DISTANT
8609,4014,4455,CASUAL
8610,5773,3249,CLOSE
8611,2574,5537,CASUAL
8612,1690,5052,DISTANT
8613,1866,787,CASUAL
8614,9202,6691,CLOSE
8615,3311,6949,CASUAL
8616,1543,5598,CLOSE
8617,7119,9369,DISTANT
8618,7283,3798,CASUAL
8619,392,4433,CLOSE
8620,8615,8689,CLOSE
8621,8592,3949,CLOSE
8622,1016,1896,DISTANT
8623,3035,999,DISTANT
8624,4215,811,DISTANT
8625,5882,2404,DISTANT
8626,6998,410,CASUAL
8627,5836,1470,DISTANT
8628,2260,3781,CLOSE
8629,3667,9183,CLOSE
8630,6628,2943,DISTANT
8631,8151,9654,CLOSE
8632,4457,8755,CLOSE
8633,7177,1227,DISTANT
8634,7878,7592,CLOSE
8635,2124,4005,CLOSE
8636,687,5105,DISTANT
8637,6346,5076,DISTANT
8638,7050,1954,DISTANT
8639,2565,7292,CLOSE
8640,7156,1897,DISTANT
8641,5559,5865,CLOSE
8642,9879,1614,DISTANT
8643,3375,1861,CLOSE
8644,8551,2191,CLOSE
8645,7155,4602,CLOSE
8646,5146,8560,DISTANT
8647,7622,6739,DISTANT
8648,3978,5725,DISTANT
8649,9615,6543,CLOSE
8650,3022,9482,DISTANT
8651,3069,28,CLOSE
8652,969,8692,CASUAL
8653,3980,9910,CLOSE
8654,5674,8509,DISTANT
8655,5129,6741,CASUAL
8656,8958,5507,CASUAL
8657,6982,2661,CASUAL
8658,2137,462,CASUAL
8659,3408,8786,CLOSE
8660,9792,4966,CLOSE
8661,286,5268,DISTANT
8662,3833,2313,DISTANT
8663,8150,9998,DISTANT
8664,5305,8305,DISTANT
8665,3634,2988,DISTANT
8666,2080,4332,CLOSE
8667,1949,5911,CASUAL
8668,2434,644,DISTANT
8669,4076,3227,CLOSE
8670,5254,5792,CASUAL
8671,7121,2614,CLOSE
8672,6642,3255,CASUAL
8673,4999,4565,CLOSE
8674,7548,3738,CLOSE
8675,8536,5700,CLOSE
8676,5471,1648,DISTANT
8677,8973,3113,CLOSE
8678,1508,3874,CASUAL
8679,5476,9737,CLOSE
8680,1321,4691,CASUAL
8681,3936,8088,DISTANT
8682,3993,2925,CASUAL
8683,8683,4983,CASUAL
8684,3553,5555,DISTANT
8685,3197,385,CLOSE
8686,8828,7350,DISTANT
8687,9744,4027,CLOSE
8688,8164,4346,CLOSE
8689,3272,5874,CASUAL
8690,2286,4956,DISTANT
8691,4677,42,CLOSE
8692,4638,7715,DISTANT
8693,8823,5542,CASUAL
8694,9842,9228,CLOSE
8695,2708,767,CLOSE
8696,6098,6139,CASUAL
8697,3114,339,CASUAL
8698,7122,2739,DISTANT
8699,7152,8685,CLOSE
8700,1823,7699,CLOSE
8701,7207,9581,CASUAL
8702,5473,6416,CLOSE
8703,7628,2125,DISTANT
8704,7708,5527,DISTANT
8705,6514,1501,DISTANT
8706,9488,5394,CLOSE
8707,4730,6185,CLOSE
8708,1727,8596,CASUAL
8709,4272,1772,CLOSE
8710,9162,1962,DISTANT
8711,5710,3371,CLOSE
8712,2347,9055,DISTANT
8713,5051,1213,CLOSE
8714,4932,2601,DISTANT
8715,4184,9194,CASUAL
8716,7383,8427,DISTANT
8717,504,2029,DISTANT
8718,9209,7709,DISTANT
8719,6396,6084,CLOSE
8720,4993,3569,DISTANT
8721,3375,4795,DISTANT
8722,5120,4914,CLOSE
8723,2479,1357,CLOSE
8724,7119,3446,CLOSE
8725,2887,6700,CLOSE
8726,3600,2051,DISTANT
8727,8481,3804,CLOSE
8728,8814,4830,DISTANT
8729,8766,175,CLOSE
8730,1317,1716,CLOSE
8731,5486,3484,CASUAL
8732,2434,6440,CLOSE
8733,6504,6197,DISTANT
8734,7877,9349,DISTANT
8735,3400,4083,CLOSE
8736,2883,7953,DISTANT
8737,8720,8788,CLOSE
8738,1473,7264,CLOSE
8739,3190,8334,CLOSE
8740,394,6467,CLOSE
8741,9322,7431,CLOSE
8742,2328,7642,CASUAL
8743,326,9717,CLOSE
8744,3003,8539,CASUAL
8745,2903,5438,CLOSE
8746,4025,4984,CASUAL
8747,7587,1111,CLOSE
8748,5321,2495,CLOSE
8749,2364,8394,DISTANT
8750,8294,1944,CASUAL
8751,2899,1843,DISTANT
8752,2363,540,DISTANT
8753,9972,8180,CASUAL
8754,4915,4018,CASUAL
8755,7512,1190,DISTANT
8756,5741,4547,CASUAL
8757,1548,503,CASUAL
8758,2806,3210,CLOSE
8759,5308,7313,CLOSE
8760,3195,4501,CLOSE
8761,5224,6914,CASUAL
8762,9372,8952,CLOSE
8763,6145,7267,CASUAL
8764,9,5169,CLOSE
8765,298,5134,DISTANT
8766,3071,5553,DISTANT
8767,4539,5538,CASUAL
8768,5343,8233,CLOSE
8769,5160,3691,CASUAL
8770,9891,2884,CLOSE
8771,611,2657,CLOSE
8772,8116,3995,CASUAL
8773,9296,8516,CASUAL
8774,6695,967,CASUAL
8775,990,3221,CASUAL
8776,8576,574,CLOSE
8777,2627,3692,CLOSE
8778,4811,2662,DISTANT
8779,3628,8403,CLOSE
8780,6350,1340,CASUAL
8781,7881,7413,CASUAL
8782,8078,7173,CASUAL
8783,2657,6895,CASUAL
8784,2169,1152,CASUAL
8785,4672,3787,CLOSE
8786,5802,8881,DISTANT
8787,2563,7816,DISTANT
8788,3050,5069,CASUAL
8789,6855,3009,CASUAL
8790,8627,3665,CLOSE
8791,8127,641,DISTANT
8792,3286,5188,CLOSE
8793,8977,6376,DISTANT
8794,634,9811,CASUAL
8795,2766,8948,DISTANT
8796,3707,8618,CASUAL
8797,6237,7272,DISTANT
8798,1628,6783,CLOSE
8799,4009,2826,CLOSE
8800,6638,6631,CASUAL
8801,161,3444,CLOSE
8802,8112,9260,DISTANT
8803,5772,4977,DISTANT
8804,2252,3322,CLOSE
8805,9167,6374,CLOSE
8806,2996,1500,CASUAL
8807,5090,4440,DISTANT
8808,475,8315,CLOSE
8809,934,3933,CASUAL
8810,8102,709,CASUAL
8811,8090,764,DISTANT
8812,7844,2071,CASUAL
8813,5928,2795,DISTANT
8814,1231,167,CLOSE
8815,275,9385,CASUAL
8816,1075,2999,CLOSE
8817,8469,358,CASUAL
8818,1865,5405,DISTANT
8819,8259,1526,CLOSE
8820,8271,131,CLOSE
8821,8098,7797,DISTANT
8822,2209,3793,CASUAL
8823,5620,6972,DISTANT
8824,8801,5337,DISTANT
8825,3700,7218,CASUAL
8826,8286,1383,DISTANT
8827,2722,7401,CASUAL
8828,2626,893,CLOSE
8829,9851,3269,DISTANT
8830,1732,4466,CASUAL
8831,7559,2589,CLOSE
8832,2170,9687,CLOSE
8833,6443,6093,CLOSE
8834,1052,2180,DISTANT
8835,9216,8663,CLOSE
8836,2543,8503,DISTANT
8837,993,4296,CLOSE
8838,66,1054,DISTANT
8839,358,681,DISTANT
8840,6516,1011,CASUAL
8841,1115,8120,CLOSE
8842,4478,2198,CASUAL
8843,2847,6536,CASUAL
8844,4270,5630,CLOSE
8845,9310,5767,CLOSE
8846,5016,92,DISTANT
8847,4662,1482,DISTANT
8848,5443,3169,DISTANT
8849,5670,6665,DISTANT
8850,3496,6850,CASUAL
8851,6444,8147,CLOSE
8852,8812,114,CASUAL
8853,5484,2108,CLOSE
8854,1333,177,CASUAL
8855,3785,9288,CLOSE
8856,9922,1303,DISTANT
8857,918,5036,DISTANT
8858,2834,1767,CLOSE
8859,2658,9340,CLOSE
8860,9579,8292,CLOSE
8861,4863,5967,CLOSE
8862,6408,1142,DISTANT
8863,2262,8386,DISTANT
8864,8041,2405,CLOSE
8865,4063,3601,CLOSE
8866,5199,3079,CASUAL
8867,1065,8264,DISTANT
8868,6851,9156,CLOSE
8869,1314,3091,CASUAL
8870,4155,7822,CASUAL
8871,126,5073,CASUAL
8872,9443,5027,DISTANT
8873,9844,4271,CASUAL
8874,3152,4830,DISTANT
8875,1429,5149,CASUAL
8876,6472,1168,DISTANT
8877,7610,2147,CLOSE
8878,2561,9341,CLOSE
8879,6795,8708,DISTANT
8880,8560,7705,CLOSE
8881,8999,4602,DISTANT
8882,4299,1845,CASUAL
8883,6185,779,CASUAL
8884,6418,3490,CLOSE
8885,3491,6208,CASUAL
8886,2568,9318,CLOSE
8887,7798,6072,CASUAL
8888,1583,8289,DISTANT
8889,7800,95,DISTANT
8890,2636,8981,DISTANT
8891,131,5008,CLOSE
8892,3397,5214,CLOSE
8893,5554,5446,CASUAL
8894,2802,1591,CLOSE
8895,8649,4465,CASUAL
8896,7157,7939,DISTANT
8897,9655,5027,DISTANT
8898,1247,5215,CLOSE
8899,5065,448,CASUAL
8900,7318,826,DISTANT
8901,50,5834,CLOSE
8902,4109,6490,DISTANT
8903,261,8202,DISTANT
8904,552,6344,CLOSE
8905,5795,4520,DISTANT
8906,9820,2662,CLOSE
8907,6921,1279,CLOSE
8908,6284,3352,CASUAL
8909,6337,2843,CLOSE
8910,2588,4726,CASUAL
8911,9061,1918,CASUAL
8912,1122,9512,DISTANT
8913,5092,4220,CLOSE
8914,2376,1216,CASUAL
8915,5386,2693,CLOSE
8916,4251,1889,CLOSE
8917,3154,4572,CLOSE
8918,5143,632,CASUAL
8919,7918,2957,DISTANT
8920,9841,8943,CLOSE
8921,1275,8223,CASUAL
8922,9532,7026,CLOSE
8923,893,9727,DISTANT
8924,2601,2068,CLOSE
8925,7811,9020,DISTANT
8926,1911,4671,DISTANT
8927,4667,8740,CASUAL
8928,6610,292,CASUAL
8929,8784,436,DISTANT
8930,1713,2815,CASUAL
8931,4001,6533,DISTANT
8932,6788,9907,CLOSE
8933,9698,3793,CLOSE
8934,2356,2527,CLOSE
8935,174,5730,CASUAL
8936,4439,8506,CASUAL
8937,99,5408,DISTANT
8938,1020,8696,CLOSE
8939,4382,6351,DISTANT
8940,5551,2322,CASUAL
8941,5127,8022,DISTANT
8942,2331,7350,CASUAL
8943,2940,148,CLOSE
8944,4935,1616,CLOSE
8945,8480,1796,CLOSE
8946,2748,4295,CLOSE
8947,3554,8345,DISTANT
8948,243,4361,DISTANT
8949,2505,1928,CASUAL
8950,446,1562,DISTANT
8951,8593,6891,CASUAL
8952,2830,2663,CASUAL
8953,8015,7561,CLOSE
8954,4567,3958,CLOSE
8955,9174,221,CASUAL
8956,7609,1757,CASUAL
8957,9121,4869,CLOSE
8958,2695,1321,CASUAL
8959,3543,2716,DISTANT
8960,3148,1909,CLOSE
8961,3832,1599,DISTANT
8962,839,9709,CLOSE
8963,2996,4026,CASUAL
8964,8983,7231,CLOSE
8965,2872,5386,DISTANT
8966,3836,5646,CASUAL
8967,713,7954,CASUAL
8968,8579,1003,DISTANT
8969,9566,1012,CASUAL
8970,4519,2835,DISTANT
8971,2417,8010,CLOSE
8972,566,8761,CLOSE
8973,941,5860,DISTANT
8974,6827,5107,CASUAL
8975,7180,9336,CLOSE
8976,9377,4942,CLOSE
8977,3031,9996,CASUAL
8978,8494,9129,DISTANT
8979,7876,4818,DISTANT
8980,355,2733,CASUAL
8981,5976,2251,DISTANT
8982,3525,5026,DISTANT
8983,2388,9615,DISTANT
8984,683,7211,DISTANT
8985,7551,1152,CLOSE
8986,1154,1644,DISTANT
8987,481,2137,DISTANT
8988,4136,43,DISTANT
8989,3827,7073,CLOSE
8990,1042,7209,DISTANT
8991,9419,8135,CLOSE
8992,9578,1785,CASUAL
8993,2066,8151,CLOSE
8994,9161,7042,CLOSE
8995,5934,4511,CASUAL
8996,19,3898,DISTANT
8997,8166,2378,CLOSE
8998,9360,8772,DISTANT
8999,1740,2448,DISTANT
9000,2120,4451,CASUAL
9001,5228,6452,CLOSE
9002,2725,9752,CLOSE
9003,6101,748,CASUAL
9004,1612,4609,CASUAL
9005,7997,8658,DISTANT
9006,1159,3171,CASUAL
9007,4169,8744,DISTANT
9008,6799,9433,CASUAL
9009,9732,7151,CLOSE
9010,7868,664,DISTANT
9011,8451,2285,CLOSE
9012,1736,7186,CASUAL
9013,267,7842,DISTANT
9014,5033,8345,CASUAL
9015,390,4543,DISTANT
9016,3451,2860,CLOSE
9017,7460,9149,DISTANT
9018,5722,8280,CLOSE
9019,2045,1290,CASUAL
9020,8266,9451,DISTANT
9021,629,5671,DISTANT
9022,7341,6396,DISTANT
9023,4634,4133,DISTANT
9024,4472,3593,DISTANT
9025,437,7613,CASUAL
9026,9779,5245,DISTANT
9027,8320,9898,CLOSE
9028,4956,9948,CLOSE
9029,4159,7356,CASUAL
9030,8571,1625,CASUAL
9031,6375,6247,DISTANT
9032,9779,3855,DISTANT
9033,9196,7843,DISTANT
9034,4324,2315,DISTANT
9035,2110,8312,DISTANT
9036,3609,3920,CASUAL
9037,4515,4193,DISTANT
9038,8367,4436,CASUAL
9039,3725,6456,CLOSE
9040,4822,8210,CLOSE
9041,1039,1735,CASUAL
9042,8704,7247,CASUAL
9043,6556,8776,CLOSE
9044,6554,9074,CLOSE
9045,6985,1359,CLOSE
9046,4971,1965,DISTANT
9047,5067,4876,DISTANT
9048,479,9816,CLOSE
9049,5043,6453,CASUAL
9050,9151,4821,DISTANT
9051,7054,9445,CLOSE
9052,540,5498,DISTANT
9053,929,835,CLOSE
9054,8523,7435,DISTANT
9055,8546,6267,CASUAL
9056,2008,6605,CASUAL
9057,2715,4571,DISTANT
9058,9681,3033,CLOSE
9059,3120,8693,DISTANT
9060,1977,8813,DISTANT
9061,8166,6637,DISTANT
9062,2260,4650,CASUAL
9063,1654,3679,DISTANT
9064,8191,8926,CASUAL
9065,9574,2686,CLOSE
9066,7837,6507,DISTANT
9067,1976,9356,DISTANT
9068,8885,5811,CLOSE
9069,2507,1242,CASUAL
9070,5542,2475,CLOSE
9071,1058,7777,DISTANT
9072,6535,5213,DISTANT
9073,2764,584,DISTANT
9074,9508,3396,CASUAL
9075,2582,4891,DISTANT
9076,9419,7556,DISTANT
9077,543,6559,DISTANT
9078,9921,5613,CLOSE
9079,478,916,CLOSE
9080,3823,6613,DISTANT
9081,9625,4232,CLOSE
9082,8773,2055,CLOSE
9083,8335,200,CLOSE
9084,2311,5662,CASUAL
9085,4659,5625,CLOSE
9086,8859,7221,CASUAL
9087,17,1222,CASUAL
9088,1986,1880,DISTANT
9089,6702,3906,DISTANT
9090,7077,2076,CASUAL
9091,1206,4627,DISTANT
9092,993,4250,CASUAL
9093,6845,5754,CLOSE
9094,7511,3005,CLOSE
9095,6173,9206,CASUAL
9096,5829,762,CLOSE
9097,3079,4221,CLOSE
9098,7131,403,CASUAL
9099,2809,9830,DISTANT
9100,1421,6605,DISTANT
9101,1174,4003,CASUAL
9102,988,8011,DISTANT
9103,443,7330,CLOSE
9104,2954,2963,CLOSE
9105,1658,9811,CLOSE
9106,5413,6562,CLOSE
9107,2930,2552,CASUAL
9108,5089,7854,DISTANT
9109,9704,5519,CLOSE
9110,688,2055,DISTANT
9111,7194,2679,CLOSE
9112,7581,8510,CLOSE
9113,1825,1600,CASUAL
9114,9960,8144,DISTANT
9115,9533,4152,DISTANT
9116,6081,4161,CLOSE
9117,7543,5480,CLOSE
9118,6702,1149,CASUAL
9119,9758,3608,CASUAL
9120,6980,7328,CASUAL
9121,3480,1036,CASUAL
9122,8523,9089,CASUAL
9123,1179,8520,CLOSE
9124,6039,7649,CLOSE
9125,6630,6608,CASUAL
9126,8555,5573,CASUAL
9127,4597,621,CLOSE
9128,6612,4589,CLOSE
9129,2915,6702,CLOSE
9130,2206,7389,DISTANT
9131,9572,9082,DISTANT
9132,5942,1586,DISTANT
9133,2609,6904,CLOSE
9134,4085,5786,CASUAL
9135,1699,4937,DISTANT
9136,6293,143,DISTANT
9137,8019,3857,CLOSE
9138,1693,1083,CLOSE
9139,153,3952,CASUAL
9140,4870,8842,DISTANT
9141,8036,9369,CLOSE
9142,3207,864,CASUAL
9143,6875,8776,CASUAL
9144,5446,9938,DISTANT
9145,493,2284,CASUAL
9146,7770,4751,CASUAL
9147,739,3524,CLOSE
9148,1219,3223,DISTANT
9149,9183,2406,CLOSE
9150,5945,6129,CASUAL
9151,7742,4045,DISTANT
9152,6372,3360,CASUAL
9153,3177,2744,CASUAL
9154,7130,7537,CLOSE
9155,8480,161,DISTANT
9156,3751,7899,DISTANT
9157,7234,9208,CLOSE
9158,5306,2391,DISTANT
9159,3845,6648,CLOSE
9160,1728,2221,CASUAL
9161,5261,846,CLOSE
9162,5004,7594,DISTANT
9163,6159,4451,CASUAL
9164,3463,1429,CLOSE
9165,5911,4268,CLOSE
9166,9751,5893,CLOSE
9167,8202,3647,DISTANT
9168,5232,8102,CLOSE
9169,2286,3736,CASUAL
9170,6758,1993,DISTANT
9171,5611,9281,DISTANT
9172,923,7341,DISTANT
9173,4565,7010,CASUAL
9174,5044,2661,CASUAL
9175,3474,4050,CASUAL
9176,2659,9712,DISTANT
9177,4836,2640,CLOSE
9178,8925,9724,CASUAL
9179,5913,9335,DISTANT
9180,2023,241,CLOSE
9181,2573,6057,CLOSE
9182,1614,4117,DISTANT
9183,4615,6825,DISTANT
9184,1072,6664,CLOSE
9185,3803,9581,CASUAL
9186,3565,4803,CLOSE
9187,9147,4841,CLOSE
9188,2938,7952,CASUAL
9189,238,7907,CLOSE
9190,4670,7164,CASUAL
9191,3637,5542,CASUAL
9192,1105,2168,DISTANT
9193,6638,8144,CASUAL
9194,7159,6815,DISTANT
9195,3664,6301,CASUAL
9196,4271,3434,CLOSE
9197,5581,4510,CASUAL
9198,5622,5578,CASUAL
9199,4960,9461,CASUAL
9200,7399,6947,CASUAL
9201,4239,6006,CLOSE
9202,89,766,DISTANT
9203,3874,631,DISTANT
9204,6566,1494,CLOSE
9205,6035,8246,DISTANT
9206,9267,5040,CLOSE
9207,7668,789,CLOSE
9208,4864,5045,CASUAL
9209,6488,5856,CLOSE
9210,2442,3148,CLOSE
9211,5116,9977,DISTANT
9212,5378,3793,CLOSE
9213,9720,6223,DISTANT
9214,4776,7986,DISTANT
9215,9021,5182,DISTANT
9216,2856,9161,CLOSE
9217,1003,8071,DISTANT
9218,2299,647,CLOSE
9219,2646,5633,DISTANT
9220,9833,6208,DISTANT
9221,8248,8204,CASUAL
9222,1529,5677,CLOSE
9223,7565,1247,DISTANT
9224,5906,7345,DISTANT
9225,5995,4323,CLOSE
9226,8983,6612,CLOSE
9227,7519,2771,DISTANT
9228,9063,5141,DISTANT
9229,9402,3419,CASUAL
9230,1924,2713,CASUAL
9231,2656,849,CASUAL
9232,2191,6244,CASUAL
9233,9580,1472,DISTANT
9234,7112,7687,CASUAL
9235,1681,7050,DISTANT
9236,5941,1317,CASUAL
9237,7060,749,DISTANT
9238,8299,3119,CLOSE
9239,9329,9317,CASUAL
9240,5612,6549,CLOSE
9241,3058,8503,CLOSE
9242,4553,2331,CLOSE
9243,6735,1489,CASUAL
9244,6698,7944,CLOSE
9245,5517,6594,CASUAL
9246,4259,1256,CASUAL
9247,5215,3338,CLOSE
9248,5997,577,CASUAL
9249,3211,1355,CLOSE
9250,7125,2435,DISTANT
9251,385,2506,CLOSE
9252,2751,8752,DISTANT
9253,4624,3973,CLOSE
9254,5554,4294,CLOSE
9255,9981,9149,DISTANT
9256,6814,5248,DISTANT
9257,6022,1301,CASUAL
9258,8236,2720,DISTANT
9259,4234,2055,CLOSE
9260,2409,1277,CASUAL
9261,4884,9182,CASUAL
9262,5870,5136,CASUAL
9263,3121,4134,DISTANT
9264,1728,7084,DISTANT
9265,7386,5089,CLOSE
9266,9987,7152,DISTANT
9267,6264,8071,CASUAL
9268,6783,9147,DISTANT
9269,1193,2514,CASUAL
9270,8269,9457,CLOSE
9271,175,194,CASUAL
9272,7008,149,DISTANT
9273,8487,9289,CLOSE
9274,4529,7549,CLOSE
9275,733,2722,DISTANT
9276,2919,7676,CASUAL
9277,1228,703,DISTANT
9278,2652,1695,DISTANT
9279,5904,4704,CASUAL
9280,7310,8899,CLOSE
9281,8,6862,DISTANT
9282,5413,7066,CLOSE
9283,7918,1812,CLOSE
9284,9961,7325,CLOSE
9285,228,6955,CLOSE
9286,7531,6166,CLOSE
9287,6002,8169,DISTANT
9288,5521,4208,CASUAL
9289,24,4701,CASUAL
9290,4624,9109,CLOSE
9291,4101,2348,CLOSE
9292,9443,3557,CASUAL
9293,4033,100,CLOSE
9294,3148,6074,DISTANT
9295,4745,4926,CLOSE
9296,1254,9987,CLOSE
9297,271,1758,DISTANT
9298,8248,903,DISTANT
9299,3406,5975,DISTANT
9300,6698,2018,DISTANT
9301,9002,7876,CASUAL
9302,6924,6048,CLOSE
9303,5810,3973,DISTANT
9304,2801,6190,DISTANT
9305,3639,7629,DISTANT
9306,668,2046,DISTANT
9307,5863,1213,CLOSE
9308,6667,6119,CLOSE
9309,9771,8423,CLOSE
9310,9768,105,CASUAL
9311,5516,3560,CASUAL
9312,9470,1521,DISTANT
9313,4440,1172,CLOSE
9314,3160,5311,DISTANT
9315,3128,9908,DISTANT
9316,4742,9303,CLOSE
9317,9226,2928,CASUAL
9318,7916,8610,CASUAL
9319,3543,1553,CLOSE
9320,3096,7301,CASUAL
9321,7408,1300,CASUAL
9322,6770,3581,DISTANT
9323,4182,6485,DISTANT
9324,7999,9218,CASUAL
9325,9196,9048,CLOSE
9326,4259,853,CASUAL
9327,1470,8813,CASUAL
9328,8067,5083,CASUAL
9329,5533,3884,CASUAL
9330,2743,6761,CLOSE
9331,5849,4781,CASUAL
9332,4348,9033,CLOSE
9333,3779,7796,DISTANT
9334,9599,2927,DISTANT
9335,8311,4924,CASUAL
9336,4857,8520,CASUAL
9337,5021,6580,CLOSE
9338,7319,1601,CLOSE
9339,7208,8857,CASUAL
9340,193,7308,CASUAL
9341,2433,8485,DISTANT
9342,5181,4516,CLOSE
9343,3144,3958,CASUAL
9344,9476,2128,CLOSE
9345,6670,9956,CASUAL
9346,7545,2112,DISTANT
9347,2271,4204,DISTANT
9348,8860,9806,DISTANT
9349,8893,6393,DISTANT
9350,8475,8735,CASUAL
9351,6718,7836,DISTANT
9352,4607,2053,CLOSE
9353,1495,9884,CASUAL
9354,4019,2827,CASUAL
9355,2265,3361,CASUAL
9356,4906,3119,CASUAL
9357,3600,1066,CLOSE
9358,4684,1118,CASUAL
9359,622,9714,DISTANT
9360,8843,9975,CLOSE
9361,6282,9994,DISTANT
9362,65,2293,CLOSE
9363,6282,9002,CLOSE
9364,2361,4303,CLOSE
9365,6806,260,CASUAL
9366,7072,656,CASUAL
9367,686,2225,CLOSE
9368,2111,5674,DISTANT
9369,9517,5800,CASUAL
9370,270,281,CASUAL
9371,8621,5868,CLOSE
9372,96,9084,CASUAL
9373,2454,5379,CASUAL
9374,2661,1850,DISTANT
9375,9388,9122,CASUAL
9376,5261,9434,CLOSE
9377,1206,88,CLOSE
9378,2159,4035,DISTANT
9379,5550,9391,DISTANT
9380,7829,2636,CASUAL
9381,9537,8245,DISTANT
9382,7662,2463,CASUAL
9383,952,5766,CASUAL
9384,6789,1093,CASUAL
9385,9728,7796,DISTANT
9386,4249,3387,DISTANT
9387,6872,8715,CASUAL
9388,4286,2446,DISTANT
9389,546,1959,CASUAL
9390,4580,9345,CLOSE
9391,6985,8236,DISTANT
9392,9231,7765,CLOSE
9393,5558,3003,DISTANT
9394,9666,6356,CLOSE
9395,8975,1468,CASUAL
9396,5736,8667,CASUAL
9397,9131,1711,CASUAL
9398,326,7446,CASUAL
9399,6794,704,CASUAL
9400,2825,995,DISTANT
9401,671,188,CLOSE
9402,5797,997,CASUAL
9403,2780,2291,CLOSE
9404,6695,8000,CASUAL
9405,3741,8572,CASUAL
9406,2934,3609,DISTANT
9407,5160,3986,CASUAL
9408,4458,8716,CLOSE
9409,9291,8729,CLOSE
9410,4031,2866,CLOSE
9411,4849,5781,CLOSE
9412,9785,3517,CLOSE
9413,6154,6918,CASUAL
9414,4195,1511,DISTANT
9415,7302,6641,DISTANT
9416,2415,5600,DISTANT
9417,9181,3980,CASUAL
9418,7897,5403,DISTANT
9419,9797,3071,CASUAL
9420,9970,1897,CLOSE
9421,3968,7498,CLOSE
9422,7517,211,CASUAL
9423,4484,8117,CLOSE
9424,7012,6414,DISTANT
9425,766,3224,DISTANT
9426,2561,6907,DISTANT
9427,2822,6519,CLOSE
9428,2687,6650,CASUAL
9429,7183,3822,CLOSE
9430,5499,2496,CASUAL
9431,5838,5470,DISTANT
9432,7985,4025,DISTANT
9433,3904,6706,DISTANT
9434,4854,4402,CLOSE
9435,9828,9303,DISTANT
9436,1729,5493,CASUAL
9437,2239,4920,DISTANT
9438,424,9611,CLOSE
9439,6736,105,CLOSE
9440,7969,6673,CASUAL
9441,4078,666,DISTANT
9442,2123,3322,CLOSE
9443,9496,97,DISTANT
9444,5417,838,CASUAL
9445,4692,5228,CLOSE
9446,1195,2798,CASUAL
9447,3760,9433,CASUAL
9448,5998,6721,CLOSE
9449,4737,8765,DISTANT
9450,9626,4189,DISTANT
9451,5186,2064,CASUAL
9452,8605,8194,CLOSE
9453,1518,6918,CLOSE
9454,4067,2127,CLOSE
9455,5009,4871,CASUAL
9456,5942,1002,CLOSE
9457,1987,2874,CLOSE
9458,7882,9317,CASUAL
9459,6052,6327,DISTANT
9460,4892,7970,CASUAL
9461,868,3246,DISTANT
9462,5903,5687,DISTANT
9463,1547,5107,CLOSE
9464,9513,6941,DISTANT
9465,5897,1295,DISTANT
9466,7217,6915,DISTANT
9467,8801,2666,DISTANT
9468,3635,9667,CLOSE
9469,1381,4649,CASUAL
9470,1164,6309,CASUAL
9471,8300,9404,CLOSE
9472,9516,284,DISTANT
9473,8069,238,CLOSE
9474,1888,8762,DISTANT
9475,9710,5372,CASUAL
9476,969,4064,CASUAL
9477,7588,3311,CASUAL
9478,9925,4639,CASUAL
9479,2485,5823,CASUAL
9480,2087,5966,CASUAL
9481,469,6166,CLOSE
9482,1095,6352,CLOSE
9483,4961,1048,CLOSE
9484,810,9462,DISTANT
9485,9367,4672,CLOSE
9486,1868,9460,DISTANT
9487,675,1562,CASUAL
9488,9877,472,CASUAL
9489,3089,8141,CASUAL
9490,2428,3142,CLOSE
9491,5587,8769,CASUAL
9492,7391,3745,CLOSE
9493,6744,2529,CLOSE
9494,7696,5119,DISTANT
9495,9292,5675,CASUAL
9496,255,2503,CLOSE
9497,1499,3528,CASUAL
9498,3188,7034,CASUAL
9499,4006,4454,CASUAL
9500,8934,9404,CASUAL
9501,4696,9620,CASUAL
9502,1889,2667,DISTANT
9503,5298,4225,CLOSE
9504,43,6698,DISTANT
9505,9547,1387,DISTANT
9506,3279,5765,CLOSE
9507,1371,6583,CASUAL
9508,3904,5332,CASUAL
9509,6309,8966,CLOSE
9510,4378,4421,CASUAL
9511,2457,9214,CASUAL
9512,8255,946,DISTANT
9513,5704,8570,CLOSE
9514,7137,2819,CASUAL
9515,4306,9957,CLOSE
9516,6876,8654,CLOSE
9517,8725,328,CASUAL
9518,4379,858,DISTANT
9519,5272,5200,DISTANT
9520,5732,5109,CASUAL
9521,150,9144,CLOSE
9522,2817,7044,DISTANT
9523,3180,4588,CLOSE
9524,6388,8485,CASUAL
9525,8046,7669,CASUAL
9526,4823,5807,DISTANT
9527,9002,5893,CLOSE
9528,8393,5057,DISTANT
9529,3233,4172,CLOSE
9530,6545,8749,CLOSE
9531,7016,2638,CASUAL
9532,788,9027,CASUAL
9533,4757,1865,CLOSE
9534,6636,4680,CASUAL
9535,3448,6793,CASUAL
9536,4676,9453,CLOSE
9537,5057,6738,DISTANT
9538,9855,8788,CASUAL
9539,4036,3182,CASUAL
9540,2122,2161,DISTANT
9541,5356,7579,CASUAL
9542,5647,7519,CLOSE
9543,946,9806,CLOSE
9544,7339,347,CASUAL
9545,7495,4224,CLOSE
9546,9660,4208,CASUAL
9547,8434,597,CASUAL
9548,2698,2255,CASUAL
9549,9114,4470,CLOSE
9550,8079,9531,CASUAL
9551,4988,1643,DISTANT
9552,833,6912,CLOSE
9553,5709,6431,CASUAL
9554,446,4044,CLOSE
9555,3964,8892,DISTANT
9556,4870,69,CLOSE
9557,3449,5266,CASUAL
9558,740,5013,CASUAL
9559,3592,468,DISTANT
9560,9399,5428,DISTANT
9561,3198,5469,DISTANT
9562,9943,6543,CASUAL
9563,6616,8598,CLOSE
9564,3524,846,CASUAL
9565,4598,3681,CASUAL
9566,2979,1189,CASUAL
9567,5768,8133,CLOSE
9568,9349,1985,DISTANT
9569,6952,817,CLOSE
9570,2470,1985,CASUAL
9571,2467,1983,DISTANT
9572,1035,5596,CASUAL
9573,1103,7731,CASUAL
9574,8434,4071,DISTANT
9575,4032,1129,DISTANT
9576,9406,9718,CASUAL
9577,2029,2769,CASUAL
9578,7589,4907,CLOSE
9579,3751,116,DISTANT
9580,4753,6769,CASUAL
9581,5371,9086,CLOSE
9582,3790,9062,DISTANT
9583,9019,7665,DISTANT
9584,4348,1611,DISTANT
9585,8003,521,CASUAL
9586,8087,1986,CASUAL
9587,4024,3226,CLOSE
9588,4310,1310,DISTANT
9589,4362,7987,CASUAL
9590,7432,1268,CASUAL
9591,6278,1573,CLOSE
9592,3052,4333,CASUAL
9593,4002,7209,CLOSE
9594,4732,6852,CASUAL
9595,3955,583,CASUAL
9596,8853,7517,DISTANT
9597,9347,7665,DISTANT
9598,671,3095,CLOSE
9599,4130,9180,CLOSE
9600,281,1296,CASUAL
9601,5506,8148,CASUAL
9602,9196,92,CASUAL
9603,6217,5897,CASUAL
9604,5764,9345,DISTANT
9605,843,5391,DISTANT
9606,5125,1431,CASUAL
9607,6205,8043,DISTANT
9608,7323,1376,DISTANT
9609,237,517,CLOSE
9610,98,5590,CLOSE
9611,2206,5249,CASUAL
9612,5477,7134,CASUAL
9613,9635,2323,DISTANT
9614,6250,1550,CASUAL
9615,7667,5696,DISTANT
9616,3418,189,CLOSE
9617,6332,5980,CASUAL
9618,9306,4891,CASUAL
9619,4922,3382,CASUAL
9620,6428,5099,CASUAL
9621,8754,7343,CLOSE
9622,4315,8891,DISTANT
9623,7044,683,CLOSE
9624,6503,720,CASUAL
9625,2012,7562,CLOSE
9626,8726,2509,CLOSE
9627,3986,2123,DISTANT
9628,1281,7762,CLOSE
9629,1347,1320,CLOSE
9630,7350,8401,CASUAL
9631,7541,2845,CLOSE
9632,2931,1858,DISTANT
9633,9650,113,CLOSE
9634,4904,2760,CASUAL
9635,4457,1495,CLOSE
9636,3683,4042,CLOSE
9637,3915,2386,CLOSE
9638,4862,5168,CLOSE
9639,3316,2681,CASUAL
9640,6731,482,CLOSE
9641,3775,1507,CLOSE
9642,6708,9039,CASUAL
9643,6406,3448,CASUAL
9644,4545,4645,CLOSE
9645,3906,2611,CASUAL
9646,5660,8686,CASUAL
9647,3067,4357,DISTANT
9648,1516,1949,CLOSE
9649,7660,1056,DISTANT
9650,2913,8189,DISTANT
9651,7353,5062,CASUAL
9652,3963,7682,DISTANT
9653,5267,2939,DISTANT
9654,378,4950,DISTANT
9655,6954,8727,CASUAL
9656,2879,2072,DISTANT
9657,4395,4763,DISTANT
9658,2262,1630,CLOSE
9659,6314,5554,CLOSE
9660,479,706,CLOSE
9661,6699,1085,CASUAL
9662,8279,8479,CASUAL
9663,7638,297,CLOSE
9664,7267,9994,CASUAL
9665,2285,2680,CLOSE
9666,1350,2698,CLOSE
9667,3880,1102,CLOSE
9668,4750,4662,CLOSE
9669,8327,5652,CLOSE
9670,9801,9787,CLOSE
9671,6380,2184,CASUAL
9672,6139,1392,CLOSE
9673,2023,7324,DISTANT
9674,4059,8773,CLOSE
9675,7005,6357,CLOSE
9676,8693,2757,DISTANT
9677,9419,5552,CASUAL
9678,7265,4445,DISTANT
9679,8843,4914,CLOSE
9680,8235,3882,CLOSE
9681,3222,6231,DISTANT
9682,4840,7853,CASUAL
9683,1458,8334,CLOSE
9684,7628,5944,CLOSE
9685,7992,1991,CLOSE
9686,5544,5631,CLOSE
9687,3864,2746,CLOSE
9688,4690,351,DISTANT
9689,3393,1183,DISTANT
9690,7904,2539,CLOSE
9691,2167,6425,CLOSE
9692,2977,976,CASUAL
9693,7167,502,CLOSE
9694,4925,6080,DISTANT
9695,131,7202,CASUAL
9696,3361,4079,DISTANT
9697,1931,8121,CASUAL
9698,9566,1291,CLOSE
9699,7147,4985,CASUAL
9700,7086,8190,CLOSE
9701,3375,1386,CASUAL
9702,1028,4077,CLOSE
9703,7937,6545,DISTANT
9704,6337,7158,CLOSE
9705,9816,6560,CASUAL
9706,9693,7001,CLOSE
9707,762,8301,CASUAL
9708,3743,6360,CLOSE
9709,7906,5875,DISTANT
9710,4104,8446,CASUAL
9711,6750,2948,CLOSE
9712,9872,808,CASUAL
9713,5861,2898,CLOSE
9714,8378,5491,CLOSE
9715,5,1312,CLOSE
9716,6000,5243,DISTANT
9717,5654,2646,CLOSE
9718,3532,6084,CLOSE
9719,4870,9190,CLOSE
9720,5561,6711,CASUAL
9721,5688,592,DISTANT
9722,9157,9627,CLOSE
9723,995,7160,CLOSE
9724,2216,603,CLOSE
9725,7983,1968,CLOSE
9726,9394,473,CASUAL
9727,3734,4171,CASUAL
9728,8092,6198,CASUAL
9729,1414,5380,CLOSE
9730,8643,3435,DISTANT
9731,5650,9681,CLOSE
9732,1191,2852,DISTANT
9733,7795,7690,CLOSE
9734,5509,781,CLOSE
9735,6794,9143,CLOSE
9736,6397,7123,CASUAL
9737,2193,6011,CLOSE
9738,7574,3101,CLOSE
9739,7226,7696,CLOSE
9740,6219,516,CLOSE
9741,1312,4032,DISTANT
9742,4417,3410,DISTANT
9743,2627,7011,DISTANT
9744,8037,8010,CASUAL
9745,7249,2198,DISTANT
9746,2004,1160,DISTANT
9747,9594,6223,CLOSE
9748,4388,7824,DISTANT
9749,1413,6478,CLOSE
9750,1935,2951,CASUAL
9751,5639,9717,CASUAL
9752,64,8793,CASUAL
9753,3796,7012,CLOSE
9754,4104,3183,CASUAL
9755,7080,3004,CASUAL
9756,1741,3381,DISTANT
9757,7167,8416,CASUAL
9758,7359,72,CLOSE
9759,5471,869,DISTANT
9760,2522,212,DISTANT
9761,1036,5053,DISTANT
9762,6815,6044,CASUAL
9763,51,6206,CASUAL
9764,2987,7240,DISTANT
9765,1668,5204,CLOSE
9766,7904,3059,CASUAL
9767,6966,6709,CLOSE
9768,1748,2393,DISTANT
9769,8317,9379,DISTANT
9770,1971,8716,CASUAL
9771,9669,79,DISTANT
9772,7032,8148,DISTANT
9773,303,6695,DISTANT
9774,3510,8573,DISTANT
9775,5560,483,DISTANT
9776,7088,2641,CLOSE
9777,6349,556,DISTANT
9778,9916,3120,CLOSE
9779,1540,5288,CLOSE
9780,1467,4579,DISTANT
9781,541,3006,DISTANT
9782,9520,6897,DISTANT
9783,8596,6575,CASUAL
9784,95,8469,CASUAL
9785,4246,5671,CLOSE
9786,8832,1149,CASUAL
9787,4680,1889,CASUAL
9788,4343,8509,DISTANT
9789,4403,4374,CLOSE
9790,6349,4078,CLOSE
9791,7583,2157,DISTANT
9792,1389,2170,CLOSE
9793,5011,5658,CASUAL
9794,9313,2404,CASUAL
9795,9171,1170,CLOSE
9796,2126,4206,CASUAL
9797,2908,6187,CLOSE
9798,119,9721,CLOSE
9799,9030,6787,CLOSE
9800,60,2222,CLOSE
9801,2119,8301,CLOSE
9802,9803,1080,DISTANT
9803,125,9645,DISTANT
9804,9652,6455,DISTANT
9805,7018,2017,DISTANT
9806,6559,4935,CASUAL
9807,4105,7661,CLOSE
9808,8736,9200,CASUAL
9809,9893,8988,DISTANT
9810,7955,1248,DISTANT
9811,256,675,DISTANT
9812,7836,3163,DISTANT
9813,677,6792,CLOSE
9814,2928,3340,CLOSE
9815,4801,2285,DISTANT
9816,6653,5936,CASUAL
9817,1792,1978,CLOSE
9818,6839,4496,CLOSE
9819,3416,3495,CLOSE
9820,1822,2413,CLOSE
9821,3640,3555,DISTANT
9822,4792,3798,CLOSE
9823,259,8130,CASUAL
9824,5588,5092,DISTANT
9825,1135,6657,CLOSE
9826,8021,4201,DISTANT
9827,8005,9897,CLOSE
9828,2697,9858,CLOSE
9829,4473,4879,CASUAL
9830,543,8787,CASUAL
9831,4589,6979,CASUAL
9832,5641,3833,DISTANT
9833,2566,7640,DISTANT
9834,9667,561,CLOSE
9835,8978,3380,DISTANT
9836,6611,4162,DISTANT
9837,8878,3121,CASUAL
9838,2538,8398,DISTANT
9839,4578,3506,CASUAL
9840,7215,3208,CLOSE
9841,297,9961,DISTANT
9842,7694,1966,CLOSE
9843,4737,323,DISTANT
9844,3543,3126,CASUAL
9845,5232,2013,CLOSE
9846,5734,9294,DISTANT
9847,263,4035,DISTANT
9848,8794,8373,CLOSE
9849,1438,6383,CLOSE
9850,6441,1971,CLOSE
9851,2714,4128,CLOSE
9852,2056,7215,CLOSE
9853,4029,1785,CASUAL
9854,6999,1255,DISTANT
9855,9179,2125,CASUAL
9856,8207,9037,CLOSE
9857,8272,6697,DISTANT
9858,2588,7142,DISTANT
9859,5473,2400,CASUAL
9860,7123,690,CLOSE
9861,4484,2010,CLOSE
9862,1942,1094,CASUAL
9863,5796,2885,CASUAL
9864,4062,1941,CASUAL
9865,46,7906,CASUAL
9866,1753,8286,CLOSE
9867,6343,1790,DISTANT
9868,8683,145,DISTANT
9869,9203,2368,DISTANT
9870,5579,2304,DISTANT
9871,460,3298,DISTANT
9872,8157,3091,CLOSE
9873,8179,4192,DISTANT
9874,8569,2876,CASUAL
9875,1050,8783,CASUAL
9876,9523,1414,CLOSE
9877,5164,8944,CASUAL
9878,1935,2263,CLOSE
9879,3241,8256,CLOSE
9880,1473,7649,DISTANT
9881,2304,5200,CASUAL
9882,3331,7168,CASUAL
9883,4283,2043,DISTANT
9884,6518,7679,CLOSE
9885,5939,7880,CLOSE
9886,4667,7211,CLOSE
9887,470,4927,CASUAL
9888,9566,3025,CASUAL
9889,8940,2981,CASUAL
9890,6042,9674,CLOSE
9891,4060,2343,CASUAL
9892,7218,7508,CLOSE
9893,2647,4278,CLOSE
9894,9607,4909,CLOSE
9895,1118,1897,CASUAL
9896,8232,5886,DISTANT
9897,2060,7840,CLOSE
9898,4097,5712,CASUAL
9899,725,2046,CASUAL
9900,8726,4588,DISTANT
9901,7064,3260,DISTANT
9902,3498,7123,DISTANT
9903,6079,5655,DISTANT
9904,5667,5689,CASUAL
9905,6021,7641,CLOSE
9906,2626,1676,DISTANT
9907,4354,8731,CASUAL
9908,5582,9780,DISTANT
9909,4091,112,CLOSE
9910,8135,7361,DISTANT
9911,3466,9560,DISTANT
9912,7609,7792,CASUAL
9913,6026,5195,CASUAL
9914,8795,956,DISTANT
9915,1097,2781,DISTANT
9916,3179,9519,DISTANT
9917,5808,9588,CLOSE
9918,4543,6501,CLOSE
9919,9112,199,CLOSE
9920,6608,9471,CASUAL
9921,1849,167,CASUAL
9922,7188,2460,CASUAL
9923,1588,5779,DISTANT
9924,9527,939,CLOSE
9925,7803,327,DISTANT
9926,7656,1588,CLOSE
9927,821,4582,CASUAL
9928,1809,4626,DISTANT
9929,3491,265,CASUAL
9930,1723,4388,DISTANT
9931,9383,4614,DISTANT
9932,7175,3974,CASUAL
9933,10,960,DISTANT
9934,8841,3244,CLOSE
9935,3016,1419,CASUAL
9936,7914,5344,CASUAL
9937,3843,8337,DISTANT
9938,7802,7498,CASUAL
9939,7121,8711,DISTANT
9940,3452,5835,CASUAL
9941,1443,3758,CASUAL
9942,7909,5035,DISTANT
9943,4031,3323,CASUAL
9944,4501,1300,CLOSE
9945,765,3512,DISTANT
9946,8529,5888,DISTANT
9947,6595,6921,CASUAL
9948,5193,2854,DISTANT
9949,2679,2368,DISTANT
9950,4653,5828,CASUAL
9951,2502,3182,CASUAL
9952,2641,6106,DISTANT
9953,857,8357,CLOSE
9954,34,6144,CLOSE
9955,2697,9636,CLOSE
9956,3130,7419,CASUAL
9957,9388,2261,CASUAL
9958,5580,4322,CLOSE
9959,3793,8592,CASUAL
9960,8149,2979,DISTANT
9961,3069,8474,CLOSE
9962,3727,7867,CLOSE
9963,9051,2015,CASUAL
9964,2124,5888,CASUAL
9965,6530,2229,CASUAL
9966,63,4278,CASUAL
9967,7044,9404,CLOSE
9968,7054,1260,DISTANT
9969,3832,8985,CLOSE
9970,3569,4122,CLOSE
9971,275,3714,DISTANT
9972,7807,3402,DISTANT
9973,9331,8786,CASUAL
9974,6145,204,CASUAL
9975,9268,7753,DISTANT
9976,2457,4324,CASUAL
9977,8060,9777,DISTANT
9978,1544,7311,DISTANT
9979,3411,29,DISTANT
9980,652,9215,DISTANT
9981,7004,3644,CLOSE
9982,3394,8859,DISTANT
9983,1944,771,DISTANT
9984,2100,3219,CASUAL
9985,925,7838,CLOSE
9986,9804,3512,DISTANT
9987,6293,6810,CASUAL
9988,3364,7104,DISTANT
9989,7280,3875,CASUAL
9990,7137,8910,CLOSE
9991,3176,3921,DISTANT
9992,4921,9165,CLOSE
9993,8992,2063,CASUAL
9994,6561,2403,CLOSE
9995,1557,1913,DISTANT
9996,74,119,CLOSE
9997,9072,9669,CLOSE
9998,2513,1746,DISTANT
9999,450,4217,DISTANT
10000,1268,9369,DISTANT
10001,8512,1635,CASUAL
10002,7570,2697,CLOSE
10003,5277,3388,CLOSE
10004,9140,7933,CLOSE
10005,1958,2377,CLOSE
10006,6706,8482,CLOSE
10007,9374,4465,CLOSE
10008,9757,8131,DISTANT
10009,8053,6096,CLOSE
10010,9471,6848,CASUAL
10011,7376,3195,DISTANT
10012,6909,8890,CASUAL
10013,4292,187,DISTANT
10014,9032,8711,CLOSE
10015,3698,957,CASUAL
10016,5200,6817,CASUAL
10017,1601,8192,CASUAL
10018,8021,5371,CLOSE
10019,3100,8823,CASUAL
10020,1371,4138,DISTANT
10021,9502,7100,CASUAL
10022,2047,1875,CASUAL
10023,7835,7876,CLOSE
10024,7967,1716,CASUAL
10025,9459,4949,CLOSE
10026,1916,7105,CLOSE
10027,3978,1919,CLOSE
10028,4636,5604,CASUAL
10029,3480,8392,DISTANT
10030,35,2454,CASUAL
10031,5856,9931,CASUAL
10032,6873,1849,DISTANT
10033,1641,6967,DISTANT
10034,4467,2442,CLOSE
10035,7114,1504,CLOSE
10036,3655,5330,CLOSE
10037,2962,6940,CASUAL
10038,7497,2257,CASUAL
10039,6786,7783,DISTANT
10040,4399,5673,DISTANT
10041,1317,4283,DISTANT
10042,1804,1287,DISTANT
10043,2342,8240,CLOSE
10044,2350,3615,DISTANT
10045,5314,1054,DISTANT
10046,695,6234,CLOSE
10047,7566,9053,DISTANT
10048,1217,6840,CLOSE
10049,4457,5534,DISTANT
10050,2096,8250,CLOSE
10051,9920,2829,CASUAL
10052,8382,9607,CASUAL
10053,6042,25,DISTANT
10054,7826,2577,CASUAL
10055,4998,8618,CASUAL
10056,2064,4124,CLOSE
10057,8691,1322,CASUAL
10058,8240,4583,CASUAL
10059,7597,2526,CASUAL
10060,9122,6732,CASUAL
10061,3410,7664,DISTANT
10062,9218,4945,DISTANT
10063,1621,5273,CLOSE
10064,5297,5757,CLOSE
10065,1300,678,CLOSE
10066,2652,5871,CASUAL
10067,3952,1616,CASUAL
10068,3003,3821,CASUAL
10069,6664,7670,CASUAL
10070,7798,6493,CASUAL
10071,5229,8566,CLOSE
10072,2843,4374,DISTANT
10073,79,5907,DISTANT
10074,639,2395,CLOSE
10075,8285,8641,CLOSE
10076,8821,2024,DISTANT
10077,5842,7444,CLOSE
10078,3746,4991,DISTANT
10079,8105,8617,CLOSE
10080,3794,9733,CASUAL
10081,2428,4077,DISTANT
10082,6765,5060,CLOSE
10083,5566,6495,DISTANT
10084,8975,1801,CASUAL
10085,8532,7382,CASUAL
10086,4561,560,DISTANT
10087,7358,1145,CASUAL
10088,6919,2358,CASUAL
10089,8569,2817,DISTANT
10090,180,9558,CLOSE
10091,6532,9747,CASUAL
10092,7583,4231,CASUAL
10093,6057,1966,CLOSE
10094,7674,2633,DISTANT
10095,127,3087,CLOSE
10096,5202,1239,DISTANT
10097,7737,4914,DISTANT
10098,9193,9881,CLOSE
10099,156,4585,CASUAL
10100,9873,9261,CASUAL
10101,913,7084,DISTANT
10102,7710,284,DISTANT
10103,9776,8081,CASUAL
10104,4717,938,DISTANT
10105,1445,2414,CLOSE
10106,2826,219,DISTANT
10107,2836,6801,CASUAL
10108,594,4326,CASUAL
10109,9872,1067,CLOSE
10110,8721,8905,CASUAL
10111,1358,1637,CASUAL
10112,7780,832,CLOSE
10113,6332,7778,CLOSE
10114,4506,4404,CLOSE
10115,9009,6497,CLOSE
10116,7241,6621,DISTANT
10117,6121,3355,CASUAL
10118,242,8795,CLOSE
10119,1611,8679,CLOSE
10120,8175,7157,CASUAL
10121,5417,2818,DISTANT
10122,5546,6089,DISTANT
10123,1739,7792,CASUAL
10124,1403,1299,CASUAL
10125,3655,8339,CLOSE
10126,2151,67,DISTANT
10127,5948,4554,DISTANT
10128,7036,6957,CLOSE
10129,8126,3130,DISTANT
10130,1852,7061,DISTANT
10131,6187,5540,DISTANT
10132,6995,2405,CLOSE
10133,3707,9876,CASUAL
10134,2793,7074,CLOSE
10135,2780,9215,CASUAL
10136,4229,2741,CLOSE
10137,4315,7767,DISTANT
10138,1271,1785,CLOSE
10139,9100,2246,CLOSE
10140,9300,6173,CLOSE
10141,5525,6200,DISTANT
10142,7338,3161,CASUAL
10143,9791,2451,CLOSE
10144,2952,67,CASUAL
10145,4173,2072,DISTANT
10146,8255,1180,CASUAL
10147,2229,2059,CASUAL
10148,2222,6285,CLOSE
10149,5960,5284,CLOSE
10150,8414,3333,CLOSE
10151,7636,5372,CLOSE
10152,5158,6152,CLOSE
10153,1666,545,DISTANT
10154,4224,1943,DISTANT
10155,6198,8060,DISTANT
10156,8858,3680,CLOSE
10157,8660,5495,CASUAL
10158,9839,1656,CASUAL
10159,7598,4761,CLOSE
10160,8097,6275,DISTANT
10161,9117,9639,DISTANT
10162,68,6494,DISTANT
10163,145,469,CASUAL
10164,2733,4784,CASUAL
10165,57,2618,CASUAL
10166,7004,1090,DISTANT
10167,8791,1644,CLOSE
10168,6942,3689,CASUAL
10169,6307,5780,CLOSE
10170,1059,6837,DISTANT
10171,7376,5332,CLOSE
10172,6385,6015,DISTANT
10173,330,6870,DISTANT
10174,7189,2239,CLOSE
10175,8958,416,CASUAL
10176,9936,2084,CASUAL
10177,7982,4089,CLOSE
10178,6697,9256,CLOSE
10179,4373,174,DISTANT
10180,1737,8986,CLOSE
10181,4502,4035,DISTANT
10182,7923,5477,DISTANT
10183,5291,575,CASUAL
10184,5060,4631,DISTANT
10185,8201,6848,CASUAL
10186,9142,7859,CLOSE
10187,7469,9884,CASUAL
10188,6206,2814,DISTANT
10189,4535,3028,DISTANT
10190,1580,7017,CLOSE
10191,6611,233,CASUAL
10192,6008,6306,CASUAL
10193,1056,7429,DISTANT
10194,3139,1713,CASUAL
10195,488,6138,CASUAL
10196,5254,4039,CLOSE
10197,3184,316,CLOSE
10198,8490,8212,DISTANT
10199,7558,5406,CASUAL
10200,8123,5636,DISTANT
10201,8161,6244,CLOSE
10202,8332,4877,DISTANT
10203,6360,2208,CASUAL
10204,2775,2053,CASUAL
10205,2113,7287,CLOSE
10206,9966,9499,CLOSE
10207,8064,9627,CASUAL
10208,2553,9414,CLOSE
10209,3690,6671,CLOSE
10210,4948,8454,CASUAL
10211,4527,666,CASUAL
10212,4252,7773,CASUAL
10213,3567,6191,DISTANT
10214,7786,7216,DISTANT
10215,6871,607,DISTANT
10216,8844,5972,CASUAL
10217,1329,7394,CLOSE
10218,7736,5699,CASUAL
10219,512,9511,DISTANT
10220,8768,458,CLOSE
10221,6505,4133,CASUAL
10222,1891,4299,DISTANT
10223,9218,9669,CLOSE
10224,7627,2232,DISTANT
10225,6992,8376,CLOSE
10226,7322,9355,DISTANT
10227,1579,6992,DISTANT
10228,8966,1217,DISTANT
10229,5231,1117,CASUAL
10230,2427,3440,CASUAL
10231,806,9061,DISTANT
10232,4166,4066,CASUAL
10233,5445,8304,CLOSE
10234,1453,134,CASUAL
10235,3572,7914,CASUAL
10236,8933,8130,CASUAL
10237,9087,9694,CLOSE
10238,8727,5361,CASUAL
10239,9326,7821,DISTANT
10240,7778,7291,DISTANT
10241,7832,5160,DISTANT
10242,6818,8264,CASUAL
10243,117,7283,CASUAL
10244,9491,5402,CLOSE
10245,6385,7713,CLOSE
10246,9506,2922,CASUAL
10247,5941,4515,DISTANT
10248,5009,8326,CLOSE
10249,9785,3800,DISTANT
10250,7665,8364,DISTANT
10251,2908,2353,CLOSE
10252,6897,7074,CASUAL
10253,6578,1500,CASUAL
10254,6375,5667,CASUAL
10255,530,7159,CLOSE
10256,8052,7727,CLOSE
10257,8730,528,CLOSE
10258,1465,7187,CASUAL
10259,6096,3563,CLOSE
10260,2382,7332,CASUAL
10261,1035,1599,DISTANT
10262,2489,1517,CLOSE
10263,3776,1739,DISTANT
10264,4841,9061,DISTANT
10265,7178,5840,CASUAL
10266,9953,7081,CASUAL
10267,9235,5544,CLOSE
10268,7508,9495,DISTANT
10269,3236,2257,CASUAL
10270,800,2764,DISTANT
10271,8545,8511,CASUAL
10272,9636,6489,CLOSE
10273,7414,2164,CASUAL
10274,6038,8134,DISTANT
10275,9097,9313,CLOSE
10276,2660,3291,CLOSE
10277,895,2301,CLOSE
10278,8367,4024,CASUAL
10279,3410,6686,DISTANT
10280,7139,6221,DISTANT
10281,5159,1781,CASUAL
10282,849,2603,CLOSE
10283,7247,4716,CLOSE
10284,75,4639,CLOSE
10285,5732,5928,DISTANT
10286,933,7534,DISTANT
10287,5492,8229,CASUAL
10288,9445,7475,CASUAL
10289,5908,8107,CASUAL
10290,183,5445,DISTANT
10291,665,4644,DISTANT
10292,2952,2945,CLOSE
10293,5389,3113,CASUAL
10294,4469,7690,CLOSE
10295,9126,3111,DISTANT
10296,1936,7701,DISTANT
10297,1658,5832,CASUAL
10298,3966,447,CASUAL
10299,3915,8146,CLOSE
10300,1708,9486,CLOSE
10301,2905,4186,DISTANT
10302,8370,5660,DISTANT
10303,5315,4093,CLOSE
10304,5222,3308,CLOSE
10305,3258,3737,CLOSE
10306,6807,8997,CLOSE
10307,1634,815,DISTANT
10308,4307,6890,CASUAL
10309,4384,6768,CASUAL
10310,2093,8992,CLOSE
10311,8151,7643,CASUAL
10312,5551,7416,CASUAL
10313,2261,3611,DISTANT
10314,4991,8973,CLOSE
10315,7809,7622,DISTANT
10316,1455,1364,DISTANT
10317,1916,2503,CASUAL
10318,360,8084,DISTANT
10319,4182,4353,CLOSE
10320,5359,8746,DISTANT
10321,6482,8365,CASUAL
10322,2078,4037,CLOSE
10323,7617,3868,CASUAL
10324,7673,4808,CASUAL
10325,231,951,CLOSE
10326,8659,117,DISTANT
10327,521,6536,CASUAL
10328,5257,5793,DISTANT
10329,6556,4689,DISTANT
10330,4579,4125,DISTANT
10331,2613,3314,CLOSE
10332,4218,6022,CLOSE
10333,1351,7567,DISTANT
10334,2024,7895,CLOSE
10335,2497,204,CASUAL
10336,7339,6120,CLOSE
10337,1062,5606,CASUAL
10338,8108,8167,CLOSE
10339,8367,8969,DISTANT
10340,3666,1959,CASUAL
10341,3168,8957,DISTANT
10342,1114,799,CASUAL
10343,4884,7001,DISTANT
10344,1189,4744,CLOSE
10345,9128,8204,CLOSE
10346,5775,143,CASUAL
10347,3929,8002,CASUAL
10348,8158,1379,CASUAL
10349,4735,5803,DISTANT
10350,5909,5587,CASUAL
10351,9305,5732,CLOSE
10352,7422,8924,CLOSE
10353,7429,5768,CLOSE
10354,612,6731,CASUAL
10355,371,9269,CLOSE
10356,8206,1164,CASUAL
10357,3865,5812,DISTANT
10358,4332,9026,DISTANT
10359,6799,1568,CASUAL
10360,1552,5129,DISTANT
10361,5669,4046,DISTANT
10362,7082,2912,CLOSE
10363,655,3709,CASUAL
10364,9102,3912,DISTANT
10365,3509,3418,CASUAL
10366,3826,7743,CASUAL
10367,8652,3756,CASUAL
10368,5303,4420,CLOSE
10369,6698,7186,CASUAL
10370,3346,199,CASUAL
10371,26,8538,CASUAL
10372,4188,780,DISTANT
10373,318,1906,CASUAL
10374,7637,5113,CASUAL
10375,6303,9897,CASUAL
10376,7081,5027,CLOSE
10377,7870,5792,DISTANT
10378,5645,6882,CASUAL
10379,3870,4697,CASUAL
10380,9954,6672,DISTANT
10381,6239,5912,CLOSE
10382,5539,2339,DISTANT
10383,5007,1133,CASUAL
10384,2206,5656,CASUAL
10385,3598,37,DISTANT
10386,4829,8195,DISTANT
10387,9557,1668,CASUAL
10388,9107,5154,CLOSE
10389,4288,3528,CASUAL
10390,918,5486,CASUAL
10391,875,6777,CLOSE
10392,7517,7081,CASUAL
10393,9081,3050,CLOSE
10394,2760,6752,CLOSE
10395,5724,6794,CLOSE
10396,8423,8579,DISTANT
10397,1269,5516,DISTANT
10398,3975,4088,CASUAL
10399,4176,9709,CASUAL
10400,9306,8315,DISTANT
10401,234,3196,DISTANT
10402,9740,2397,CLOSE
10403,494,6176,CLOSE
10404,7404,1237,CASUAL
10405,8423,944,DISTANT
10406,5773,9630,DISTANT
10407,9795,1139,DISTANT
10408,9803,7072,CASUAL
10409,9379,1417,CLOSE
10410,2355,2063,CLOSE
10411,8600,1440,CASUAL
10412,1175,1637,CLOSE
10413,5592,2184,CASUAL
10414,2642,3428,DISTANT
10415,8879,2985,CASUAL
10416,5377,4436,CASUAL
10417,1981,3670,CLOSE
10418,3547,5836,CASUAL
10419,710,6321,CASUAL
10420,4693,6007,CASUAL
10421,461,4892,CLOSE
10422,1272,7104,CLOSE
10423,9607,4588,CASUAL
10424,4660,6605,CLOSE
10425,3860,8995,CLOSE
10426,1030,4544,CLOSE
10427,6328,8225,CASUAL
10428,3288,4026,CASUAL
10429,3615,5551,CASUAL
10430,9009,614,CLOSE
10431,9330,9128,DISTANT
10432,2912,7859,DISTANT
10433,3042,8044,CLOSE
10434,9159,719,CASUAL
10435,3550,4237,CASUAL
10436,3516,5782,DISTANT
10437,8637,1556,CASUAL
10438,350,1546,DISTANT
10439,3379,3398,DISTANT
10440,9202,6434,DISTANT
10441,1739,9572,CLOSE
10442,3037,4505,CASUAL
10443,7203,2550,DISTANT
10444,3378,7580,DISTANT
10445,5660,451,DISTANT
10446,900,8883,CASUAL
10447,3249,5834,CLOSE
10448,6779,6872,CASUAL
10449,1078,4794,CASUAL
10450,7148,6091,CLOSE
10451,2496,3525,CLOSE
10452,9119,7662,DISTANT
10453,47,7593,CASUAL
10454,1009,8144,CASUAL
10455,2731,687,CASUAL
10456,3353,2947,DISTANT
10457,1497,1792,CASUAL
10458,643,3827,CLOSE
10459,7298,7333,DISTANT
10460,3020,1285,CASUAL
10461,8737,7459,CASUAL
10462,1754,3013,CLOSE
10463,132,2791,CLOSE
10464,8371,2567,CLOSE
10465,5242,9352,CASUAL
10466,310,489,CLOSE
10467,5486,1896,CASUAL
10468,2470,6545,CASUAL
10469,5381,5346,CLOSE
10470,8044,6444,DISTANT
10471,9649,5426,CLOSE
10472,964,7778,DISTANT
10473,3418,5672,CASUAL
10474,4013,9052,DISTANT
10475,5355,6146,CASUAL
10476,560,3753,CASUAL
10477,1409,7716,CASUAL
10478,8767,6903,CLOSE
10479,146,9074,DISTANT
10480,984,1968,DISTANT
10481,8548,5063,DISTANT
10482,936,4769,CASUAL
10483,1275,886,CLOSE
10484,98,7354,CLOSE
10485,5609,7588,CASUAL
10486,38,2577,CASUAL
10487,9290,1540,CASUAL
10488,6224,142,CLOSE
10489,9733,7934,DISTANT
10490,9713,5751,CASUAL
10491,2132,5519,DISTANT
10492,7111,7971,CLOSE
10493,3894,2166,DISTANT
10494,6065,9425,DISTANT
10495,9665,6992,CLOSE
10496,7407,3358,CLOSE
10497,7044,3382,CASUAL
10498,6306,7406,CLOSE
10499,4648,6210,DISTANT
10500,366,8670,CASUAL
10501,743,1653,CLOSE
10502,2301,6217,CASUAL
10503,4282,3831,CLOSE
10504,3041,7080,DISTANT
10505,6114,7704,DISTANT
10506,5503,4712,CASUAL
10507,6523,7016,CASUAL
10508,2370,8816,DISTANT
10509,8915,5117,CASUAL
10510,2094,3820,CLOSE
10511,6671,3042,CLOSE
10512,580,4482,CLOSE
10513,3098,3071,CLOSE
10514,4364,275,CASUAL
10515,5046,3637,CLOSE
10516,9116,4622,DISTANT
10517,3052,5085,CLOSE
10518,6538,3428,CLOSE
10519,4024,5923,DISTANT
10520,7561,6697,DISTANT
10521,1174,6350,DISTANT
10522,2888,9672,CASUAL
10523,4800,1068,CASUAL
10524,8403,8166,DISTANT
10525,3155,3283,CLOSE
10526,4664,7897,CLOSE
10527,5451,2633,DISTANT
10528,7636,8046,CLOSE
10529,4968,8364,DISTANT
10530,5132,5227,DISTANT
10531,1707,5228,CASUAL
10532,6238,3360,CASUAL
10533,8879,7973,DISTANT
10534,3270,6965,DISTANT
10535,8281,6278,CLOSE
10536,3706,5920,CLOSE
10537,3427,8119,CASUAL
10538,3079,9351,DISTANT
10539,953,8440,CASUAL
10540,9508,1592,CLOSE
10541,3750,6699,DISTANT
10542,7987,2266,CLOSE
10543,2551,3723,CASUAL
10544,1941,1781,DISTANT
10545,4192,1695,CLOSE
10546,1816,6932,CLOSE
10547,6909,119,DISTANT
10548,9571,1389,CLOSE
10549,9494,8174,CLOSE
10550,801,1132,CASUAL
10551,8238,6087,CASUAL
10552,8200,4033,CLOSE
10553,4283,3656,CASUAL
10554,5031,9095,DISTANT
10555,7138,5983,CLOSE
10556,2160,6558,DISTANT
10557,1792,3153,CLOSE
10558,6413,5446,CLOSE
10559,4530,9618,DISTANT
10560,8520,5480,DISTANT
10561,3178,8423,CLOSE
10562,2153,5730,DISTANT
10563,7557,3914,DISTANT
10564,3421,628,DISTANT
10565,4668,7042,CASUAL
10566,6759,3097,CLOSE
10567,7530,3790,CASUAL
10568,9855,3449,CLOSE
10569,299,9557,CLOSE
10570,1842,1061,CLOSE
10571,2129,2700,CLOSE
10572,5871,7918,DISTANT
10573,9300,99,CASUAL
10574,5274,1937,CLOSE
10575,2748,4423,DISTANT
10576,4341,7675,DISTANT
10577,7212,2724,CLOSE
10578,929,7908,DISTANT
10579,3655,4405,CASUAL
10580,2657,4872,CASUAL
10581,6782,6583,DISTANT
10582,3294,8139,DISTANT
10583,9788,8908,CASUAL
10584,3886,1495,CASUAL
10585,4622,255,CASUAL
10586,925,9621,DISTANT
10587,3450,1055,CASUAL
10588,5425,9143,DISTANT
10589,261,3343,CLOSE
10590,7509,3957,CLOSE
10591,2092,6289,DISTANT
10592,5699,5775,DISTANT
10593,1797,4754,CASUAL
10594,4456,3744,DISTANT
10595,8781,1295,DISTANT
10596,2654,4400,CLOSE
10597,1151,5994,CASUAL
10598,9039,184,CLOSE
10599,1118,7268,CLOSE
10600,8657,9873,DISTANT
10601,8893,2309,DISTANT
10602,5727,8901,CLOSE
10603,126,4531,CLOSE
10604,6913,8083,DISTANT
10605,4948,9660,CLOSE
10606,42,1657,CLOSE
10607,1359,9792,DISTANT
10608,6011,2570,DISTANT
10609,9461,3866,CLOSE
10610,4821,360,CLOSE
10611,9640,2496,DISTANT
10612,2991,227,DISTANT
10613,2126,9526,CLOSE
10614,4680,9145,CASUAL
10615,2586,407,CLOSE
10616,2633,6027,CLOSE
10617,5095,7257,CASUAL
10618,6474,1862,CLOSE
10619,3083,9043,CLOSE
10620,3236,1341,CASUAL
10621,1429,8990,CLOSE
10622,8014,1891,DISTANT
10623,3697,1083,CASUAL
10624,9616,5032,CASUAL
10625,599,6552,DISTANT
10626,455,6611,CASUAL
10627,8957,5953,CLOSE
10628,7038,6905,CASUAL
10629,7326,6304,CASUAL
10630,2789,7416,CLOSE
10631,1627,200,CASUAL
10632,1091,4769,DISTANT
10633,8024,5232,CASUAL
10634,2733,6085,DISTANT
10635,8902,1290,DISTANT
10636,9084,3341,CLOSE
10637,9784,5621,CLOSE
10638,3142,8584,CLOSE
10639,1276,568,CASUAL
10640,5999,912,CASUAL
10641,9288,3822,CLOSE
10642,2107,8363,DISTANT
10643,5285,7963,DISTANT
10644,1664,6920,DISTANT
10645,3362,3817,CASUAL
10646,5976,8791,DISTANT
10647,7431,9396,CASUAL
10648,8427,7379,CLOSE
10649,6017,3264,CLOSE
10650,3161,1070,CASUAL
10651,8470,504,CASUAL
10652,1064,4612,CLOSE
10653,1628,3743,DISTANT
10654,5056,3616,CLOSE
10655,3171,4110,CASUAL
10656,6890,7748,CASUAL
10657,9399,2919,DISTANT
10658,7340,3449,CLOSE
10659,8511,5067,CASUAL
10660,4787,1339,CASUAL
10661,6078,7684,CLOSE
10662,3590,2434,CASUAL
10663,3334,1169,CLOSE
10664,6879,9846,DISTANT
10665,725,3409,CASUAL
10666,2092,6109,CLOSE
10667,7541,8749,CLOSE
10668,5824,1381,CASUAL
10669,4542,263,CASUAL
10670,9438,1242,CASUAL
10671,5186,5531,DISTANT
10672,1872,1382,DISTANT
10673,1109,2933,CASUAL
10674,9080,1574,CLOSE
10675,3413,3933,CLOSE
10676,1672,1687,DISTANT
10677,1381,2298,DISTANT
10678,6469,4901,CLOSE
10679,4031,7512,DISTANT
10680,7879,9988,CASUAL
10681,6508,5500,CASUAL
10682,8441,4846,CLOSE
10683,8832,892,CASUAL
10684,642,1935,DISTANT
10685,3836,4330,DISTANT
10686,4693,9804,CLOSE
10687,1197,7729,CLOSE
10688,7998,4530,CASUAL
10689,3638,9349,CASUAL
10690,1791,7683,CASUAL
10691,8651,4940,DISTANT
10692,3308,4814,CASUAL
10693,2165,3268,CLOSE
10694,9707,4785,CASUAL
10695,7732,621,CASUAL
10696,148,5881,CASUAL
10697,415,6510,CLOSE
10698,9859,5122,DISTANT
10699,8681,6176,CLOSE
10700,4688,1728,CASUAL
10701,7749,3428,DISTANT
10702,8177,9001,CLOSE
10703,6354,1373,CLOSE
10704,1723,8003,CLOSE
10705,8938,1293,CLOSE
10706,5192,8075,CLOSE
10707,3362,4017,DISTANT
10708,9248,3247,CASUAL
10709,8595,4625,CLOSE
10710,691,5627,CASUAL
10711,6888,7810,CLOSE
10712,1167,7092,CASUAL
10713,8275,6052,CLOSE
10714,8798,9377,DISTANT
10715,525,8140,CASUAL
10716,3546,4595,CASUAL
10717,8928,3018,DISTANT
10718,3817,544,DISTANT
10719,1528,4666,CLOSE
10720,1669,7923,CASUAL
10721,109,1315,DISTANT
10722,9794,9558,CASUAL
10723,4396,566,CASUAL
10724,7128,3604,CLOSE
10725,8937,9538,CASUAL
10726,9067,185,CLOSE
10727,9374,3294,CLOSE
10728,1922,9510,CLOSE
10729,5725,8966,CASUAL
10730,3609,2366,DISTANT
10731,7480,3613,CLOSE
10732,3451,5176,DISTANT
10733,9617,5141,DISTANT
10734,8499,6399,DISTANT
10735,3191,9821,CLOSE
10736,6017,65,CASUAL
10737,9893,4417,DISTANT
10738,1106,1946,CASUAL
10739,5830,8977,CLOSE
10740,4089,7534,DISTANT
10741,9455,2523,CASUAL
10742,4175,9161,CLOSE
10743,1513,7268,DISTANT
10744,7795,8793,CASUAL
10745,6061,5778,CLOSE
10746,603,5407,DISTANT
10747,89,6253,CLOSE
10748,3899,8127,CLOSE
10749,4232,6887,CLOSE
10750,630,1776,CLOSE
10751,9788,3091,CLOSE
10752,9269,705,CASUAL
10753,256,519,DISTANT
10754,9962,7299,CLOSE
10755,599,9196,CLOSE
10756,2849,8465,CASUAL
10757,1812,2465,CASUAL
10758,7436,9784,CASUAL
10759,9745,1830,CLOSE
10760,8200,475,DISTANT
10761,7323,5507,DISTANT
10762,3040,7568,DISTANT
10763,5491,71,CLOSE
10764,1193,9353,DISTANT
10765,1807,4286,CASUAL
10766,1559,7664,DISTANT
10767,6873,2582,DISTANT
10768,2427,1201,CLOSE
10769,4691,3517,CASUAL
10770,7324,6056,CASUAL
10771,8015,1833,CLOSE
10772,5566,9110,CASUAL
10773,527,1949,CLOSE
10774,810,5336,DISTANT
10775,4894,5030,CASUAL
10776,831,6371,CLOSE
10777,7426,6599,CLOSE
10778,2592,7736,CASUAL
10779,6581,2845,CASUAL
10780,7635,7690,CLOSE
10781,7950,4532,DISTANT
10782,8321,5501,DISTANT
10783,9228,7938,CASUAL
10784,1716,6574,CLOSE
10785,546,8888,CASUAL
10786,8636,7930,CASUAL
10787,2950,5157,CASUAL
10788,468,1612,CLOSE
10789,7311,2554,CASUAL
10790,4812,2010,DISTANT
10791,9912,2881,CASUAL
10792,6591,6486,CASUAL
10793,277,9224,CASUAL
10794,9650,7710,CLOSE
10795,6417,2746,CLOSE
10796,831,4333,DISTANT
10797,3808,6128,CASUAL
10798,2315,231,DISTANT
10799,6231,4879,CLOSE
10800,9138,7331,CASUAL
10801,9095,5555,CLOSE
10802,6920,2396,CLOSE
10803,5202,8311,CLOSE
10804,7863,1658,DISTANT
10805,2900,3716,DISTANT
10806,171,3632,DISTANT
10807,2527,7216,CASUAL
10808,6202,8141,CLOSE
10809,7490,7608,CASUAL
10810,4868,5377,CASUAL
10811,5560,726,DISTANT
10812,6939,4450,CLOSE
10813,3429,4867,DISTANT
10814,3199,7770,CASUAL
10815,9567,773,CLOSE
10816,4608,8973,CASUAL
10817,4238,635,DISTANT
10818,5427,7013,DISTANT
10819,2951,1336,DISTANT
10820,9828,8298,CLOSE
10821,1697,2730,CASUAL
10822,7141,6794,CLOSE
10823,480,9712,DISTANT
10824,2623,4544,CASUAL
10825,2930,590,CASUAL
10826,3006,9754,CLOSE
10827,9789,6293,CLOSE
10828,124,213,CASUAL
10829,2295,8636,CLOSE
10830,5744,1287,CLOSE
10831,7878,4670,CASUAL
10832,108,4845,DISTANT
10833,6221,1966,DISTANT
10834,7395,6444,CLOSE
10835,7356,7785,CLOSE
10836,6650,8287,CLOSE
10837,2479,6799,CASUAL
10838,2938,8069,CLOSE
10839,5820,1259,CASUAL
10840,4448,8748,CLOSE
10841,6039,4672,CASUAL
10842,4800,6146,DISTANT
10843,8885,6101,CLOSE
10844,9318,1058,CLOSE
10845,9683,4744,CLOSE
10846,7962,389,DISTANT
10847,6829,1494,CASUAL
10848,2607,3215,CASUAL
10849,7834,975,CASUAL
10850,1231,8468,CASUAL
10851,4113,6210,CASUAL
10852,9820,5475,DISTANT
10853,8948,5798,CLOSE
10854,3277,1986,CLOSE
10855,5234,5172,DISTANT
10856,4880,2285,CLOSE
10857,3228,9624,CLOSE
10858,8879,6364,DISTANT
10859,5963,53,DISTANT
10860,5350,4301,CASUAL
10861,7584,8773,CASUAL
10862,9828,8207,CASUAL
10863,7790,3077,CASUAL
10864,2485,1822,CASUAL
10865,6544,3620,DISTANT
10866,1122,4974,CLOSE
10867,3314,4945,CLOSE
10868,2196,4446,CASUAL
10869,7260,7964,DISTANT
10870,7847,5274,DISTANT
10871,4525,4141,CASUAL
10872,3211,2360,CLOSE
10873,4247,5023,DISTANT
10874,8194,3853,CLOSE
10875,4722,4007,CLOSE
10876,3571,9624,DISTANT
10877,242,5634,DISTANT
10878,1106,6586,DISTANT
10879,6608,7123,DISTANT
10880,7685,5994,CLOSE
10881,300,1206,CLOSE
10882,3109,7426,DISTANT
10883,1177,1959,CLOSE
10884,8010,8211,CLOSE
10885,9898,1488,CLOSE
10886,749,2191,CLOSE
10887,4359,6955,DISTANT
10888,5144,8683,CLOSE
10889,6759,9423,DISTANT
10890,5751,869,CASUAL
10891,8573,3196,DISTANT
10892,6924,8443,CASUAL
10893,8797,1914,CLOSE
10894,2371,9441,CASUAL
10895,5695,7566,CLOSE
10896,4173,2879,CLOSE
10897,8875,4090,CASUAL
10898,4765,7634,CASUAL
10899,5526,6172,CLOSE
10900,5008,9602,CASUAL
10901,251,6548,DISTANT
10902,1350,7148,CASUAL
10903,6364,9512,CLOSE
10904,4217,6236,DISTANT
10905,345,7556,CLOSE
10906,9465,1488,DISTANT
10907,4525,4590,CLOSE
10908,4491,5758,CLOSE
10909,5518,9197,DISTANT
10910,9538,2989,CLOSE
10911,2276,3256,DISTANT
10912,8225,5823,DISTANT
10913,8368,4007,CASUAL
10914,9039,7638,CLOSE
10915,547,9645,CLOSE
10916,4322,6173,CLOSE
10917,3645,7088,CLOSE
10918,7002,3663,CLOSE
10919,8198,1909,DISTANT
10920,1955,5116,DISTANT
10921,7020,829,CASUAL
10922,4328,3825,DISTANT
10923,9874,8761,CLOSE
10924,9730,1082,CASUAL
10925,4266,422,DISTANT
10926,5682,1453,DISTANT
10927,1201,3330,DISTANT
10928,7500,1293,CASUAL
10929,1420,6446,CASUAL
10930,310,4724,DISTANT
10931,5198,855,DISTANT
10932,2761,8267,DISTANT
10933,4323,2114,CLOSE
10934,7807,6049,CLOSE
10935,1315,3144,CLOSE
10936,2787,6919,CASUAL
10937,4266,2591,CLOSE
10938,9540,6485,CLOSE
10939,9066,4106,DISTANT
10940,7662,6798,DISTANT
10941,4399,9685,CLOSE
10942,984,3743,CLOSE
10943,2401,8483,CASUAL
10944,9080,8605,CASUAL
10945,9305,7682,CASUAL
10946,9814,2618,CASUAL
10947,9106,1320,CLOSE
10948,584,6405,CASUAL
10949,4589,1309,CLOSE
10950,6745,8893,CLOSE
10951,5635,963,DISTANT
10952,9720,9605,DISTANT
10953,7635,9763,DISTANT
10954,2766,3598,CASUAL
10955,2755,7115,CASUAL
10956,5261,3621,DISTANT
10957,2337,832,CLOSE
10958,4175,9680,DISTANT
10959,817,4686,DISTANT
10960,4483,203,CLOSE
10961,4366,6048,DISTANT
10962,1612,2582,CASUAL
10963,8835,1090,CLOSE
10964,496,9525,CASUAL
10965,6810,7088,CLOSE
10966,1685,483,DISTANT
10967,32,277,CASUAL
10968,6029,8828,CASUAL
10969,7035,1644,DISTANT
10970,7390,4538,CLOSE
10971,4192,4836,CASUAL
10972,2284,1753,DISTANT
10973,6720,5425,CASUAL
10974,4957,2447,CLOSE
10975,6943,1256,DISTANT
10976,9687,8045,CLOSE
10977,8820,9716,CLOSE
10978,9097,5688,CLOSE
10979,3803,4851,CASUAL
10980,2074,8401,DISTANT
10981,727,7679,DISTANT
10982,5104,5870,CASUAL
10983,8291,1195,CASUAL
10984,8032,2077,CASUAL
10985,5409,1594,DISTANT
10986,6684,3940,CASUAL
10987,277,4270,DISTANT
10988,5394,3726,CLOSE
10989,7550,1608,CLOSE
10990,9647,9593,CASUAL
10991,3956,845,DISTANT
10992,8839,4267,DISTANT
10993,4166,7591,CASUAL
10994,1003,7907,CLOSE
10995,5518,1990,DISTANT
10996,4524,4382,CLOSE
10997,889,3789,DISTANT
10998,5147,8552,DISTANT
10999,6779,7076,CASUAL
11000,8880,3683,CASUAL
11001,729,4581,DISTANT
11002,1707,1333,DISTANT
11003,3170,1286,CLOSE
11004,781,4197,DISTANT
11005,6509,3685,CASUAL
11006,709,5611,CASUAL
11007,2220,6754,DISTANT
11008,2738,8733,DISTANT
11009,9635,7571,DISTANT
11010,4802,7660,DISTANT
11011,7832,2213,CLOSE
11012,9718,5703,DISTANT
11013,9428,954,DISTANT
11014,8633,4674,DISTANT
11015,7108,110,CASUAL
11016,8316,7990,CLOSE
11017,2510,5330,CASUAL
11018,1452,8786,CLOSE
11019,671,243,CASUAL
11020,7640,4303,DISTANT
11021,6882,6805,DISTANT
11022,5067,8003,CLOSE
11023,6656,5965,CLOSE
11024,2246,8521,CASUAL
11025,7696,3444,CASUAL
11026,9409,3124,DISTANT
11027,7553,2061,CASUAL
11028,6450,4928,CASUAL
11029,9349,9807,CLOSE
11030,9091,3827,CASUAL
11031,4942,1105,CLOSE
11032,9419,92,CASUAL
11033,7891,345,CLOSE
11034,1255,4595,CLOSE
11035,6300,4950,CASUAL
11036,5935,8372,CLOSE
11037,2543,916,DISTANT
11038,4950,9478,CLOSE
11039,7925,6238,CLOSE
11040,8631,3022,CLOSE
11041,5253,8168,CLOSE
11042,9394,746,CASUAL
11043,6762,2454,CLOSE
11044,800,7804,DISTANT
11045,4981,2005,DISTANT
11046,4842,7382,DISTANT
11047,9757,4633,CLOSE
11048,783,1038,CASUAL
11049,8379,8762,CLOSE
11050,8817,9377,CASUAL
11051,7617,1163,CASUAL
11052,6103,1490,CLOSE
11053,1342,8685,DISTANT
11054,1841,8380,DISTANT
11055,2153,4298,CASUAL
11056,1808,242,CASUAL
11057,5521,9617,DISTANT
11058,7205,5947,CLOSE
11059,7114,5912,CLOSE
11060,2541,4083,DISTANT
11061,7361,3800,DISTANT
11062,3173,6416,CLOSE
11063,6875,9836,DISTANT
11064,8390,1039,CASUAL
11065,2649,1291,DISTANT
11066,6078,172,CASUAL
11067,6164,5073,CLOSE
11068,2984,4750,CLOSE
11069,4838,9169,DISTANT
11070,466,3696,DISTANT
11071,8713,3379,DISTANT
11072,4295,6227,CLOSE
11073,2672,2450,CLOSE
11074,7839,7745,DISTANT
11075,7734,5259,CASUAL
11076,4705,1160,DISTANT
11077,862,9316,DISTANT
11078,5909,1164,CLOSE
11079,839,6159,DISTANT
11080,8856,2040,DISTANT
11081,1590,9533,CASUAL
11082,7904,6883,CLOSE
11083,4295,5280,CLOSE
11084,3448,379,CASUAL
11085,8376,1722,DISTANT
11086,9719,9915,CLOSE
11087,3358,1139,CLOSE
11088,3716,7975,CASUAL
11089,5398,2817,CASUAL
11090,4958,1819,CASUAL
11091,2411,9498,CASUAL
11092,6443,6432,CASUAL
11093,9252,9723,CASUAL
11094,1570,3072,CASUAL
11095,5884,7397,CASUAL
11096,6487,6996,CLOSE
11097,6783,2457,CASUAL
11098,4626,4025,CASUAL
11099,3050,8330,CASUAL
11100,3814,2990,CLOSE
11101,1150,3984,DISTANT
11102,6961,5136,CASUAL
11103,6157,4347,CLOSE
11104,3881,6808,DISTANT
11105,7684,5117,CASUAL
11106,3011,3448,CASUAL
11107,9042,3972,DISTANT
11108,2881,2592,DISTANT
11109,2474,6219,CLOSE
11110,9808,5821,CASUAL
11111,3931,1213,CLOSE
11112,9529,9557,DISTANT
11113,4739,556,CASUAL
11114,311,3531,CASUAL
11115,7074,776,CLOSE
11116,2465,8013,DISTANT
11117,9522,3683,CLOSE
11118,5681,1121,CASUAL
11119,1267,45,CLOSE
11120,8374,3636,CLOSE
11121,7086,3547,CLOSE
11122,1736,7954,CASUAL
11123,6472,791,DISTANT
11124,5349,3433,DISTANT
11125,1814,1229,CLOSE
11126,3806,4885,CASUAL
11127,3744,4196,CASUAL
11128,4269,5093,CLOSE
11129,8045,874,CASUAL
11130,5065,3701,CLOSE
11131,5618,7587,CASUAL
11132,2262,7472,CLOSE
11133,7171,9897,CLOSE
11134,8607,78,CLOSE
11135,3303,6628,CLOSE
11136,4701,1539,DISTANT
11137,1729,1376,CASUAL
11138,3856,9259,DISTANT
11139,2320,4499,CLOSE
11140,2376,3715,DISTANT
11141,1054,8247,CLOSE
11142,468,4987,DISTANT
11143,3922,9955,DISTANT
11144,5081,249,CASUAL
11145,1627,9615,DISTANT
11146,4622,5927,DISTANT
11147,7835,5341,CASUAL
11148,737,1583,CASUAL
11149,493,109,DISTANT
11150,9274,6359,CLOSE
11151,93,7407,CASUAL
11152,2099,4949,CASUAL
11153,3234,9523,DISTANT
11154,8080,5110,DISTANT
11155,6026,4981,CASUAL
11156,1858,8587,CASUAL
11157,2961,5349,DISTANT
11158,3353,1763,CLOSE
11159,9685,5860,CASUAL
11160,8659,9268,CASUAL
11161,7101,8133,CASUAL
11162,2216,1734,CLOSE
11163,3624,8925,CASUAL
11164,4240,5864,CLOSE
11165,5117,7014,CLOSE
11166,8506,8857,DISTANT
11167,4309,9696,DISTANT
11168,2362,6613,DISTANT
11169,722,1064,DISTANT
11170,7376,3346,CLOSE
11171,6891,2734,CASUAL
11172,7770,7528,CLOSE
11173,3242,5180,CASUAL
11174,5182,7400,DISTANT
11175,7429,8912,CLOSE
11176,3746,8797,DISTANT
11177,3310,2879,CLOSE
11178,6096,7827,CLOSE
11179,5136,7456,DISTANT
11180,1008,9458,CLOSE
11181,3146,6316,DISTANT
11182,7670,3290,DISTANT
11183,2108,7679,CASUAL
11184,4066,4879,CLOSE
11185,1911,1413,DISTANT
11186,9182,2539,DISTANT
11187,1056,334,CLOSE
11188,529,2781,CASUAL
11189,5550,9752,CASUAL
11190,9483,9107,CLOSE
11191,5284,6198,CASUAL
11192,3987,2938,CASUAL
11193,6341,8979,CLOSE
11194,8635,6468,CASUAL
11195,7157,6585,CLOSE
11196,2990,1973,DISTANT
11197,9419,4563,CASUAL
11198,3988,9639,CLOSE
11199,6648,129,CASUAL
11200,5782,3792,CASUAL
11201,6660,235,DISTANT
11202,7116,16,CLOSE
11203,5574,7575,CASUAL
11204,5640,1518,DISTANT
11205,9332,2676,CLOSE
11206,9272,8390,CASUAL
11207,7781,5288,CLOSE
11208,6089,6755,CASUAL
11209,8112,3115,CLOSE
11210,2209,8632,CASUAL
11211,6941,1629,DISTANT
11212,5043,7695,CASUAL
11213,5447,5155,CLOSE
11214,9759,5989,DISTANT
11215,3016,3094,DISTANT
11216,4527,212,CASUAL
11217,9295,3734,CASUAL
11218,6609,8365,CLOSE
11219,9239,1719,DISTANT
11220,9994,1025,DISTANT
11221,1146,8446,CLOSE
11222,7652,1574,CASUAL
11223,7565,7587,CASUAL
11224,2621,1117,CASUAL
11225,2200,3739,CASUAL
11226,3098,3852,DISTANT
11227,1041,5199,CASUAL
11228,4640,4505,DISTANT
11229,2083,8832,DISTANT
11230,3275,4524,DISTANT
11231,2410,3818,CLOSE
11232,4082,5462,CLOSE
11233,7022,6317,CASUAL
11234,3521,9176,CLOSE
11235,1961,304,CASUAL
11236,4607,5685,DISTANT
11237,586,3434,CASUAL
11238,9037,1286,CASUAL
11239,8550,358,CASUAL
11240,2045,210,DISTANT
11241,6877,7835,CASUAL
11242,5662,3185,CLOSE
11243,5918,2874,DISTANT
11244,2997,7438,DISTANT
11245,2883,3260,CASUAL
11246,4620,9550,DISTANT
11247,9358,9941,CLOSE
11248,4214,1033,CLOSE
11249,7963,9329,CLOSE
11250,9554,377,DISTANT
11251,6608,8349,DISTANT
11252,842,2849,CLOSE
11253,5973,107,CLOSE
11254,6896,8945,CASUAL
11255,6544,2432,CASUAL
11256,9914,7526,CASUAL
11257,256,5684,CASUAL
11258,4640,7996,DISTANT
11259,5148,5341,DISTANT
11260,4563,6401,CLOSE
11261,4358,833,CASUAL
11262,231,1723,CASUAL
11263,6511,7471,CLOSE
11264,438,6041,CLOSE
11265,5045,2818,CLOSE
11266,5678,6655,DISTANT
11267,3955,1061,CASUAL
11268,2172,3402,CLOSE
11269,8325,7085,DISTANT
11270,9744,4958,CASUAL
11271,3092,5496,DISTANT
11272,7944,9424,CASUAL
11273,5976,9650,CLOSE
11274,9308,7529,CLOSE
11275,6105,7068,DISTANT
11276,2267,9718,DISTANT
11277,4996,2114,DISTANT
11278,5691,4616,CASUAL
11279,9562,7734,DISTANT
11280,5454,3132,DISTANT
11281,5733,2020,CLOSE
11282,3843,2481,DISTANT
11283,3146,8184,CASUAL
11284,4057,2492,CLOSE
11285,7033,3862,DISTANT
11286,4014,9669,CLOSE
11287,6986,2391,CLOSE
11288,8394,4018,CLOSE
11289,3369,6446,CLOSE
11290,2876,7960,CASUAL
11291,2647,5123,DISTANT
11292,5339,2901,CLOSE
11293,9173,7440,CASUAL
11294,8312,5535,CLOSE
11295,8906,6205,DISTANT
11296,6646,1092,DISTANT
11297,9798,5659,DISTANT
11298,4339,5283,CLOSE
11299,5055,7730,DISTANT
11300,1524,6181,CASUAL
11301,8012,7434,DISTANT
11302,1480,9320,CASUAL
11303,4984,6956,CLOSE
11304,1615,456,DISTANT
11305,5754,1926,DISTANT
11306,3604,6810,CASUAL
11307,3229,1529,DISTANT
11308,9907,4516,CLOSE
11309,4258,8453,CLOSE
11310,4254,711,CASUAL
11311,3492,7039,CASUAL
11312,7900,1379,CASUAL
11313,3416,3072,CASUAL
11314,1307,3253,DISTANT
11315,6399,8874,CASUAL
11316,1267,2569,DISTANT
11317,6150,5911,CLOSE
11318,8966,5081,CLOSE
11319,3892,8848,CLOSE
11320,1785,6185,CLOSE
11321,4051,6057,CASUAL
11322,491,7341,CLOSE
11323,382,7198,CLOSE
11324,7212,5815,CASUAL
11325,5675,4382,CASUAL
11326,7507,825,DISTANT
11327,8355,9840,CASUAL
11328,5748,8344,CLOSE
11329,3718,7596,CLOSE
11330,4769,3110,DISTANT
11331,7267,9600,CLOSE
11332,1985,7417,DISTANT
11333,6365,332,CASUAL
11334,6872,9716,DISTANT
11335,2173,2622,DISTANT
11336,3937,2223,DISTANT
11337,560,8728,CASUAL
11338,8384,6317,DISTANT
11339,4875,5846,DISTANT
11340,7189,9281,CASUAL
11341,977,8731,CASUAL
11342,8116,2538,CLOSE
11343,4964,8410,DISTANT
11344,9009,713,CLOSE
11345,2892,8383,CLOSE
11346,1466,1533,CLOSE
11347,1551,4146,CLOSE
11348,1673,1707,DISTANT
11349,3145,9667,CASUAL
11350,4515,2254,CLOSE
11351,2392,7608,CASUAL
11352,6465,8819,DISTANT
11353,3922,44,CLOSE
11354,3529,8343,CASUAL
11355,9364,5083,CASUAL
11356,5286,1309,DISTANT
11357,1345,4695,CASUAL
11358,7430,1006,CASUAL
11359,7052,7521,CLOSE
11360,9483,2920,DISTANT
11361,2124,583,DISTANT
11362,7005,2172,CASUAL
11363,2939,1145,CASUAL
11364,9025,7629,CLOSE
11365,59,4500,CLOSE
11366,2653,5637,CASUAL
11367,9302,8161,CLOSE
11368,740,4473,CLOSE
11369,4913,2019,CLOSE
11370,2224,7390,CLOSE
11371,1638,3525,DISTANT
11372,8620,3695,CLOSE
11373,1042,3436,CLOSE
11374,9460,3420,CASUAL
11375,1876,9378,DISTANT
11376,934,4178,CLOSE
11377,4127,384,CASUAL
11378,4453,4643,DISTANT
11379,6429,2622,DISTANT
11380,2864,4707,CASUAL
11381,1985,7485,CLOSE
11382,40,4595,DISTANT
11383,482,7690,DISTANT
11384,5434,1426,DISTANT
11385,2185,6783,CLOSE
11386,8597,1448,CASUAL
11387,5181,3432,CASUAL
11388,82,6632,CLOSE
11389,1121,4446,DISTANT
11390,6021,7831,DISTANT
11391,2675,1861,DISTANT
11392,7950,9798,DISTANT
11393,8695,8754,CLOSE
11394,6670,1627,CLOSE
11395,4613,9715,CASUAL
11396,8157,469,CLOSE
11397,1838,2877,CASUAL
11398,5356,8247,DISTANT
11399,2553,2635,CLOSE
11400,6369,5979,CLOSE
11401,8884,8454,CLOSE
11402,9433,2525,DISTANT
11403,8160,6595,CLOSE
11404,7832,8011,CLOSE
11405,7313,6607,DISTANT
11406,7209,5662,CLOSE
11407,6025,9213,DISTANT
11408,4988,8620,CASUAL
11409,2943,4143,CLOSE
11410,7038,890,DISTANT
11411,3111,6310,CLOSE
11412,3976,1369,DISTANT
11413,2563,8866,CLOSE
11414,652,1088,DISTANT
11415,6260,4420,CASUAL
11416,8072,9175,DISTANT
11417,6502,3758,DISTANT
11418,4985,9484,CASUAL
11419,5104,1810,DISTANT
11420,7254,8378,CLOSE
11421,8129,721,CLOSE
11422,2718,1445,CLOSE
11423,9232,7496,DISTANT
11424,4120,7020,CASUAL
11425,3742,9606,CLOSE
11426,3744,169,DISTANT
11427,9888,5485,CLOSE
11428,6093,3738,CASUAL
11429,7122,8455,CASUAL
11430,6924,5857,CLOSE
11431,3014,5473,CLOSE
11432,2169,1983,CLOSE
11433,2759,3993,DISTANT
11434,695,1463,CLOSE
11435,6672,6354,CASUAL
11436,7112,1292,CLOSE
11437,7375,6945,CLOSE
11438,3563,872,CASUAL
11439,9375,9015,CLOSE
11440,2960,2351,CASUAL
11441,7928,1533,CASUAL
11442,2692,7437,DISTANT
11443,6603,5797,CLOSE
11444,9879,7020,CASUAL
11445,838,8688,CLOSE
11446,7126,1475,CASUAL
11447,7945,7526,DISTANT
11448,7945,4539,CLOSE
11449,9064,940,DISTANT
11450,5540,6202,CLOSE
11451,1935,2440,CASUAL
11452,9487,5579,CLOSE
11453,1363,4181,CLOSE
11454,538,4899,CASUAL
11455,6769,7081,DISTANT
11456,6899,1592,CASUAL
11457,6998,3962,DISTANT
11458,7112,6886,CASUAL
11459,9940,8539,DISTANT
11460,2173,6135,DISTANT
11461,8994,9955,CASUAL
11462,1094,3444,DISTANT
11463,1725,2507,DISTANT
11464,3872,57,CASUAL
11465,4771,9931,CLOSE
11466,3953,3747,DISTANT
11467,8733,9803,CLOSE
11468,5734,5940,DISTANT
11469,3972,482,CASUAL
11470,1115,4058,CASUAL
11471,8148,3263,CLOSE
11472,9477,5479,CLOSE
11473,1227,7135,DISTANT
11474,4775,9978,CASUAL
11475,6841,2463,CASUAL
11476,1493,1254,DISTANT
11477,8789,3813,CLOSE
11478,4199,4904,CASUAL
11479,3401,722,CASUAL
11480,9882,3518,DISTANT
11481,7531,3304,CASUAL
11482,8367,1212,DISTANT
11483,2133,9488,CASUAL
11484,4429,4315,CLOSE
11485,4613,3043,CASUAL
11486,3838,8235,DISTANT
11487,2338,6905,CLOSE
11488,417,1657,CASUAL
11489,2648,9562,CLOSE
11490,499,287,CLOSE
11491,976,8927,CASUAL
11492,4010,8388,DISTANT
11493,2289,4079,CLOSE
11494,8845,2592,DISTANT
11495,5135,7802,CASUAL
11496,9757,4746,CLOSE
11497,3223,9543,CASUAL
11498,5088,8307,CASUAL
11499,6076,3579,CASUAL
11500,7334,7463,CLOSE
11501,6398,1935,DISTANT
11502,3040,9555,DISTANT
11503,3122,5156,DISTANT
11504,8754,4216,DISTANT
11505,6643,554,CLOSE
11506,7935,6166,CASUAL
11507,8378,6205,CASUAL
11508,7012,719,DISTANT
11509,956,1051,CLOSE
11510,6170,8727,CASUAL
11511,530,6694,DISTANT
11512,9773,8760,CASUAL
11513,114,2278,DISTANT
11514,820,4238,CASUAL
11515,7915,37,CASUAL
11516,7957,4892,DISTANT
11517,9169,7286,DISTANT
11518,524,5590,CASUAL
11519,4183,8997,DISTANT
11520,5599,3177,DISTANT
11521,3509,4685,CASUAL
11522,575,7464,DISTANT
11523,2955,6797,DISTANT
11524,1945,526,CLOSE
11525,7906,740,DISTANT
11526,7534,7291,DISTANT
11527,6705,4184,CASUAL
11528,3336,2076,DISTANT
11529,3413,8723,CLOSE
11530,4251,7684,DISTANT
11531,3509,9489,CASUAL
11532,6997,7533,CASUAL
11533,2700,8778,DISTANT
11534,4907,371,CASUAL
11535,1007,4536,DISTANT
11536,5531,6589,CASUAL
11537,199,8520,CASUAL
11538,4869,2092,CLOSE
11539,5349,127,CASUAL
11540,1674,5612,DISTANT
11541,4705,2828,CLOSE
11542,3591,7950,CLOSE
11543,8562,4484,CLOSE
11544,8386,6304,CLOSE
11545,3039,1411,CASUAL
11546,9951,9955,CASUAL
11547,1915,4241,DISTANT
11548,3335,6438,CLOSE
11549,8165,3218,CLOSE
11550,5936,5539,CASUAL
11551,4605,7082,CASUAL
11552,2838,97,CLOSE
11553,1317,8408,CASUAL
11554,4676,3344,CLOSE
11555,2548,7820,CLOSE
11556,9548,5192,CASUAL
11557,2505,7416,DISTANT
11558,1216,23,CASUAL
11559,8780,7407,DISTANT
11560,6731,1255,CASUAL
11561,1513,9612,DISTANT
11562,4732,7012,DISTANT
11563,2190,7203,CLOSE
11564,5805,6821,DISTANT
11565,6205,5070,CLOSE
11566,8327,667,CASUAL
11567,8802,969,CASUAL
11568,4420,6983,CASUAL
11569,4276,9131,DISTANT
11570,9278,5489,CLOSE
11571,7907,1417,CLOSE
11572,8312,1869,CASUAL
11573,1286,5842,CLOSE
11574,3214,1100,CLOSE
11575,1637,3600,CASUAL
11576,6540,6339,CASUAL
11577,3849,7218,CASUAL
11578,1436,6064,CLOSE
11579,684,5895,CLOSE
11580,3807,7676,CLOSE
11581,1538,5472,CASUAL
11582,6279,3075,DISTANT
11583,1909,7783,CLOSE
11584,5398,9267,CASUAL
11585,7378,339,CASUAL
11586,6349,3365,DISTANT
11587,3828,6655,DISTANT
11588,9262,7209,CASUAL
11589,7478,5593,DISTANT
11590,7241,7811,CLOSE
11591,9616,314,DISTANT
11592,3939,5355,CLOSE
11593,9679,76,CASUAL
11594,3990,8995,CASUAL
11595,6391,3346,DISTANT
11596,6470,7739,DISTANT
11597,6924,3895,CASUAL
11598,8670,1598,CLOSE
11599,9914,9586,DISTANT
11600,8127,2693,DISTANT
11601,791,6038,CLOSE
11602,8252,1235,DISTANT
11603,2096,8950,DISTANT
11604,7746,5305,DISTANT
11605,3565,1416,DISTANT
11606,5895,1715,CASUAL
11607,8553,567,CLOSE
11608,7346,8130,CASUAL
11609,3863,8935,CASUAL
11610,9310,3733,DISTANT
11611,6349,4670,DISTANT
11612,7872,7693,CASUAL
11613,1331,2582,CASUAL
11614,5751,9971,DISTANT
11615,8681,8932,CASUAL
11616,2636,8428,CASUAL
11617,9340,6476,CASUAL
11618,3621,7204,CLOSE
11619,6970,7417,CLOSE
11620,3903,7307,DISTANT
11621,2872,7068,CLOSE
11622,3847,4381,CASUAL
11623,4991,3696,CASUAL
11624,5793,6462,DISTANT
11625,539,4796,DISTANT
11626,6560,652,CASUAL
11627,6800,5910,DISTANT
11628,5498,5988,CLOSE
11629,7776,1508,DISTANT
11630,9623,6519,CASUAL
11631,6174,9854,DISTANT
11632,7089,1742,CLOSE
11633,2490,764,CASUAL
11634,791,7364,CASUAL
11635,6195,2398,CLOSE
11636,1941,491,CASUAL
11637,9084,3291,CLOSE
11638,9292,4937,CASUAL
11639,1122,915,CASUAL
11640,6920,5737,DISTANT
11641,3524,7928,DISTANT
11642,8491,3924,CLOSE
11643,9698,6909,CLOSE
11644,2471,720,CASUAL
11645,3535,2847,CLOSE
11646,8773,3968,CLOSE
11647,2439,6665,CLOSE
11648,6618,8049,CLOSE
11649,8212,4924,DISTANT
11650,2112,836,CLOSE
11651,2517,808,CLOSE
11652,4096,1774,DISTANT
11653,8142,9501,DISTANT
11654,5994,3727,CASUAL
11655,7480,9846,CASUAL
11656,3903,7942,CLOSE
11657,6042,6037,DISTANT
11658,1935,1318,DISTANT
11659,4138,6533,CASUAL
11660,3713,6288,CLOSE
11661,69,4349,CLOSE
11662,6611,5755,CASUAL
11663,3338,9049,CLOSE
11664,4914,1798,CLOSE
11665,7598,9763,CLOSE
11666,3873,9273,CASUAL
11667,2004,1477,DISTANT
11668,4386,3596,CASUAL
11669,534,4507,DISTANT
11670,4546,9864,DISTANT
11671,5022,6958,CASUAL
11672,7375,7448,CASUAL
11673,301,1084,CASUAL
11674,2920,3851,CASUAL
11675,8579,3930,DISTANT
11676,5199,3292,CLOSE
11677,1534,8910,DISTANT
11678,5367,6024,CASUAL
11679,423,5276,DISTANT
11680,4746,9159,CLOSE
11681,4517,9733,DISTANT
11682,6829,6567,DISTANT
11683,2589,4054,DISTANT
11684,5581,6556,CASUAL
11685,8748,1126,CASUAL
11686,5443,2593,CASUAL
11687,2972,2049,CASUAL
11688,4477,1435,CASUAL
11689,3785,9224,CASUAL
11690,5769,7113,CASUAL
11691,9623,9469,DISTANT
11692,3757,969,DISTANT
11693,4879,5917,DISTANT
11694,7349,9283,DISTANT
11695,9694,8039,DISTANT
11696,8717,1201,CASUAL
11697,5997,9039,DISTANT
11698,5398,6114,DISTANT
11699,8699,6089,DISTANT
11700,2498,6851,DISTANT
11701,6771,3096,CLOSE
11702,2159,2773,DISTANT
11703,8991,7519,CASUAL
11704,9157,6362,CASUAL
11705,1086,2245,CASUAL
11706,3946,8590,DISTANT
11707,3915,6474,DISTANT
11708,5732,1818,DISTANT
11709,9809,9206,DISTANT
11710,6766,8089,CLOSE
11711,3375,2816,CASUAL
11712,1839,3184,CLOSE
11713,5629,4361,DISTANT
11714,4061,976,CASUAL
11715,1413,5536,CASUAL
11716,4759,6994,CLOSE
11717,6499,1874,DISTANT
11718,1643,5862,DISTANT
11719,9979,2380,DISTANT
11720,5137,8998,DISTANT
11721,6580,3129,CASUAL
11722,7996,3832,CLOSE
11723,7983,4206,DISTANT
11724,7632,784,DISTANT
11725,1413,3517,DISTANT
11726,8904,3910,CASUAL
11727,4219,5419,CASUAL
11728,6598,3674,CLOSE
11729,6966,2793,CASUAL
11730,2091,2250,DISTANT
11731,6069,1455,DISTANT
11732,2126,8205,CASUAL
11733,6262,4484,CLOSE
11734,9949,9780,CASUAL
11735,7547,8446,CLOSE
11736,5129,590,DISTANT
11737,8591,5516,DISTANT
11738,1450,6694,CLOSE
11739,5297,540,CASUAL
11740,702,1681,DISTANT
11741,5350,3279,DISTANT
11742,4052,4459,DISTANT
11743,183,1914,CLOSE
11744,2747,4950,CASUAL
11745,1432,5643,DISTANT
11746,6463,3769,CASUAL
11747,4017,5661,DISTANT
11748,1631,7133,DISTANT
11749,876,7789,CLOSE
11750,5410,1311,CASUAL
11751,262,2249,DISTANT
11752,8910,6199,CLOSE
11753,4329,1970,CLOSE
11754,5136,9970,CLOSE
11755,6513,8186,CASUAL
11756,3965,7599,DISTANT
11757,2342,6760,DISTANT
11758,790,9651,CASUAL
11759,5240,2596,CASUAL
11760,2631,45,DISTANT
11761,400,785,DISTANT
11762,214,2773,DISTANT
11763,3327,1861,DISTANT
11764,868,71,CASUAL
11765,6286,3423,CASUAL
11766,7528,5881,CLOSE
11767,50,6880,DISTANT
11768,1851,4871,DISTANT
11769,4850,3093,DISTANT
11770,441,6278,CLOSE
11771,8793,360,DISTANT
11772,2326,5086,CLOSE
11773,4310,1799,CASUAL
11774,1583,9865,CASUAL
11775,8469,4739,CLOSE
11776,4015,8127,DISTANT
11777,1545,4851,CLOSE
11778,8717,2039,DISTANT
11779,5066,7164,CLOSE
11780,709,2765,DISTANT
11781,322,4159,CASUAL
11782,9385,7598,DISTANT
11783,1528,8034,CASUAL
11784,3950,3468,CLOSE
11785,8993,9589,DISTANT
11786,7315,7648,CASUAL
11787,4342,9579,CLOSE
11788,363,6734,CLOSE
11789,8187,705,CASUAL
11790,5112,5171,DISTANT
11791,6156,4863,DISTANT
11792,6435,3731,DISTANT
11793,5120,9023,DISTANT
11794,6476,5013,CLOSE
11795,3683,4975,DISTANT
11796,5737,9170,DISTANT
11797,544,752,DISTANT
11798,1952,8879,CASUAL
11799,6620,2966,CASUAL
11800,1685,2468,CLOSE
11801,4144,3151,CLOSE
11802,1200,5052,CASUAL
11803,8573,8287,CLOSE
11804,602,6125,DISTANT
11805,5539,603,DISTANT
11806,4710,4574,CASUAL
11807,9231,2270,CLOSE
11808,3093,28,CLOSE
11809,360,5522,CASUAL
11810,3433,9027,CLOSE
11811,6565,8438,CLOSE
11812,8337,920,DISTANT
11813,9735,8675,CASUAL
11814,4681,6297,DISTANT
11815,6290,8512,DISTANT
11816,2925,7178,CLOSE
11817,8823,8353,DISTANT
11818,144,8622,CLOSE
11819,6522,1716,CLOSE
11820,4417,8297,DISTANT
11821,6904,1497,DISTANT
11822,99,3154,CASUAL
11823,9671,4643,CLOSE
11824,344,8272,CLOSE
11825,9012,2010,CLOSE
11826,428,3859,CASUAL
11827,1886,7759,CLOSE
11828,5776,5557,DISTANT
11829,1590,437,CASUAL
11830,1775,487,CLOSE
11831,2804,2819,CASUAL
11832,1830,6536,CASUAL
11833,5991,413,DISTANT
11834,1874,6949,CASUAL
11835,4822,8165,CASUAL
11836,7441,193,DISTANT
11837,5458,3489,DISTANT
11838,3203,2777,DISTANT
11839,8930,4292,CASUAL
11840,7154,3659,CLOSE
11841,9689,6550,CLOSE
11842,6065,4472,CASUAL
11843,2539,1585,DISTANT
11844,2859,6782,DISTANT
11845,1424,46,CLOSE
11846,9523,1125,CLOSE
11847,2877,716,CLOSE
11848,4096,9084,CLOSE
11849,2484,369,CASUAL
11850,6046,945,DISTANT
11851,1427,1327,CASUAL
11852,3098,8339,CLOSE
11853,4352,3761,CLOSE
11854,6434,1730,CLOSE
11855,9,3992,CLOSE
11856,5421,8551,CASUAL
11857,6796,8670,CLOSE
11858,2265,7062,CASUAL
11859,1856,5993,CLOSE
11860,3397,4796,CLOSE
11861,4230,2330,CLOSE
11862,3493,6944,DISTANT
11863,2106,3779,CASUAL
11864,9364,6224,DISTANT
11865,6722,5638,CLOSE
11866,7118,71,CASUAL
11867,6944,2756,CASUAL
11868,3990,1491,CLOSE
11869,6228,587,DISTANT
11870,3830,163,CASUAL
11871,7168,9775,DISTANT
11872,9733,2012,CLOSE
11873,8210,9371,CASUAL
11874,2282,6023,DISTANT
11875,7790,9296,DISTANT
11876,9486,8339,DISTANT
11877,6970,1514,CASUAL
11878,4199,2538,CASUAL
11879,5553,6871,CASUAL
11880,4013,3714,CASUAL
11881,2754,9467,CASUAL
11882,529,851,DISTANT
11883,3737,1616,CASUAL
11884,7112,7421,CASUAL
11885,6477,925,CLOSE
11886,6302,7044,CASUAL
11887,6302,6633,CASUAL
11888,4917,2667,CLOSE
11889,3777,7813,CASUAL
11890,288,6640,DISTANT
11891,2694,35,DISTANT
11892,9825,1546,CASUAL
11893,9643,7913,DISTANT
11894,5140,247,DISTANT
11895,184,4930,DISTANT
11896,1260,7788,DISTANT
11897,5318,6625,CLOSE
11898,7084,6200,CLOSE
11899,5189,6983,CLOSE
11900,3343,7590,DISTANT
11901,6401,8327,CASUAL
11902,4187,9650,CLOSE
11903,7979,7102,CASUAL
11904,6383,4988,DISTANT
11905,5635,7315,CLOSE
11906,744,1532,CLOSE
11907,1922,3315,CASUAL
11908,4159,3676,CLOSE
11909,2741,2314,DISTANT
11910,410,8725,CLOSE
11911,843,6344,CASUAL
11912,6745,4044,CASUAL
11913,6174,1734,CLOSE
11914,7081,199,DISTANT
11915,1355,5893,CASUAL
11916,8278,5590,CLOSE
11917,6877,4027,CLOSE
11918,940,9785,CASUAL
11919,1226,5957,CLOSE
11920,1886,314,CASUAL
11921,2965,1211,DISTANT
11922,5078,129,CLOSE
11923,5456,6631,DISTANT
11924,7961,6791,CLOSE
11925,4453,5139,DISTANT
11926,6977,6631,CLOSE
11927,4812,5861,CASUAL
11928,2769,4960,CLOSE
11929,5849,8118,CASUAL
11930,5165,9228,CLOSE
11931,9295,7428,CASUAL
11932,2465,9263,CLOSE
11933,1474,414,DISTANT
11934,5849,8147,DISTANT
11935,9965,5894,CLOSE
11936,153,6261,DISTANT
11937,4513,8186,CLOSE
11938,984,6087,DISTANT
11939,1388,5172,CASUAL
11940,7734,3903,CASUAL
11941,2885,4131,CASUAL
11942,5511,9522,CLOSE
11943,6689,4905,CASUAL
11944,8989,2837,CASUAL
11945,3792,8774,CASUAL
11946,9727,4837,DISTANT
11947,7256,5892,CASUAL
11948,2768,9493,DISTANT
11949,4141,2481,CASUAL
11950,8517,7836,DISTANT
11951,4825,8784,CASUAL
11952,9843,6140,CASUAL
11953,3100,7584,DISTANT
11954,7919,6883,CASUAL
11955,2920,7124,CLOSE
11956,6230,5433,CLOSE
11957,6541,8770,CASUAL
11958,1198,3580,CLOSE
11959,5041,6658,CASUAL
11960,8161,1215,DISTANT
11961,6959,3770,DISTANT
11962,2798,9941,DISTANT
11963,612,6682,CASUAL
11964,2736,1890,CLOSE
11965,3426,3469,DISTANT
11966,9359,9336,CLOSE
11967,4959,6223,DISTANT
11968,1282,5557,CASUAL
11969,4809,880,CASUAL
11970,6050,2240,DISTANT
11971,9616,5249,CLOSE
11972,5449,137,DISTANT
11973,2470,7043,CASUAL
11974,9499,7413,CLOSE
11975,8266,3194,DISTANT
11976,3793,301,DISTANT
11977,6833,9316,CASUAL
11978,6043,4877,DISTANT
11979,8435,4477,CLOSE
11980,7828,9674,CASUAL
11981,7186,3614,DISTANT
11982,4324,3838,CLOSE
11983,3618,5377,DISTANT
11984,9174,4311,DISTANT
11985,3040,1998,CLOSE
11986,7110,9588,CASUAL
11987,9831,1052,DISTANT
11988,9427,9303,CLOSE
11989,3336,4074,CLOSE
11990,8556,2650,CLOSE
11991,9108,8281,CLOSE
11992,1697,1601,CASUAL
11993,7722,390,DISTANT
11994,2048,4660,DISTANT
11995,7723,1588,CASUAL
11996,2518,7528,DISTANT
11997,2832,3581,CLOSE
11998,3179,767,DISTANT
11999,9725,8562,CLOSE
12000,5400,9923,DISTANT
12001,4306,4451,DISTANT
12002,8063,1187,CLOSE
12003,4555,1452,DISTANT
12004,4964,5240,CLOSE
12005,8094,7433,DISTANT
12006,5091,3080,CLOSE
12007,2528,7529,CASUAL
12008,524,8401,CASUAL
12009,7022,4671,CASUAL
12010,7719,8065,CLOSE
12011,5097,8640,CASUAL
12012,4974,458,CLOSE
12013,6729,304,DISTANT
12014,2201,1505,DISTANT
12015,9693,9152,DISTANT
12016,8200,4583,CASUAL
12017,6796,9200,CLOSE
12018,3581,1628,CASUAL
12019,7292,5778,DISTANT
12020,7215,7081,DISTANT
12021,380,5097,CLOSE
12022,8017,9458,DISTANT
12023,6559,1319,DISTANT
12024,1574,2271,CASUAL
12025,5703,3234,CASUAL
12026,6853,7938,CLOSE
12027,6205,4399,DISTANT
12028,4185,9665,DISTANT
12029,3841,8104,CLOSE
12030,5289,7401,CASUAL
12031,1964,6980,DISTANT
12032,7582,5833,CLOSE
12033,916,1323,CASUAL
12034,9622,4253,CASUAL
12035,8579,4467,CLOSE
12036,2343,5770,CASUAL
12037,858,5147,CLOSE
12038,640,1334,CLOSE
12039,2235,2249,DISTANT
12040,5900,1380,CASUAL
12041,5797,8728,DISTANT
12042,7029,1350,CASUAL
12043,9699,7327,CASUAL
12044,9287,9536,CASUAL
12045,5523,1246,CLOSE
12046,1826,1584,CLOSE
12047,1288,1844,CLOSE
12048,5439,1032,DISTANT
12049,3628,9936,CLOSE
12050,2910,9912,DISTANT
12051,6394,8912,CLOSE
12052,7198,1385,DISTANT
12053,9575,61,CLOSE
12054,4942,3669,CLOSE
12055,6922,1933,CLOSE
12056,255,7945,CASUAL
12057,5103,8332,CASUAL
12058,4544,8092,DISTANT
12059,9385,852,DISTANT
12060,4255,2435,DISTANT
12061,2613,6365,DISTANT
12062,1734,1655,DISTANT
12063,7983,9894,CLOSE
12064,5629,3725,CASUAL
12065,1738,7885,CLOSE
12066,987,4663,DISTANT
12067,771,9754,CASUAL
12068,216,7950,CLOSE
12069,2244,5095,CASUAL
12070,9456,4044,CASUAL
12071,8579,2261,CLOSE
12072,8419,5174,CASUAL
12073,3623,4476,CASUAL
12074,8560,823,CASUAL
12075,4213,7121,DISTANT
12076,3218,5996,CASUAL
12077,9274,2017,DISTANT
12078,8413,5892,CASUAL
12079,6677,6048,DISTANT
12080,4613,3649,CLOSE
12081,9931,5385,CLOSE
12082,1587,7753,CLOSE
12083,5223,4697,CASUAL
12084,917,2303,CLOSE
12085,2109,6557,CLOSE
12086,3402,1909,CLOSE
12087,8239,9424,DISTANT
12088,9569,5667,CASUAL
12089,4913,427,DISTANT
12090,3265,2858,CLOSE
12091,6004,4010,DISTANT
12092,6732,4945,CLOSE
12093,997,9576,DISTANT
12094,7316,8857,DISTANT
12095,2227,888,DISTANT
12096,6028,1529,CLOSE
12097,3693,2253,CASUAL
12098,1744,1817,DISTANT
12099,576,6276,CASUAL
12100,7434,9134,CLOSE
12101,1625,7020,DISTANT
12102,1322,1984,CASUAL
12103,3142,8462,CASUAL
12104,7225,2441,DISTANT
12105,4186,7657,CASUAL
12106,8592,4872,CLOSE
12107,7922,3688,DISTANT
12108,9664,6252,DISTANT
12109,7749,3689,DISTANT
12110,8724,8033,CASUAL
12111,8891,5357,CASUAL
12112,956,257,DISTANT
12113,2584,2921,CASUAL
12114,9517,5902,DISTANT
12115,8925,8996,CASUAL
12116,2778,3479,DISTANT
12117,3455,5473,CLOSE
12118,2301,6626,CLOSE
12119,7175,1846,CLOSE
12120,9814,9703,CASUAL
12121,9467,5526,DISTANT
12122,9893,7869,CLOSE
12123,2702,4416,CASUAL
12124,2440,597,DISTANT
12125,4204,5875,CASUAL
12126,653,7180,CASUAL
12127,5108,7847,DISTANT
12128,5337,1742,CASUAL
12129,3353,2324,CASUAL
12130,4088,7938,CLOSE
12131,5476,4279,CASUAL
12132,132,4659,CLOSE
12133,1687,8843,CASUAL
12134,8393,9389,DISTANT
12135,3126,2801,CASUAL
12136,3010,6864,CLOSE
12137,6034,7198,CLOSE
12138,57,8016,CLOSE
12139,8694,2986,DISTANT
12140,8756,7137,CASUAL
12141,9069,119,CASUAL
12142,8801,1811,CASUAL
12143,7531,2759,DISTANT
12144,2888,4962,DISTANT
12145,234,4712,CASUAL
12146,9498,1272,CASUAL
12147,7934,1446,CLOSE
12148,7143,7585,CASUAL
12149,1796,8880,DISTANT
12150,3711,2543,CASUAL
12151,9171,34,CLOSE
12152,3638,4030,DISTANT
12153,3147,3880,CLOSE
12154,8432,9080,DISTANT
12155,4081,5316,CLOSE
12156,7885,6360,CLOSE
12157,2499,2857,DISTANT
12158,8679,2184,CASUAL
12159,4871,2084,CLOSE
12160,8912,5463,CLOSE
12161,5635,6044,CASUAL
12162,189,5080,DISTANT
12163,5737,3573,CLOSE
12164,4025,579,CASUAL
12165,3130,8386,CASUAL
12166,253,495,CASUAL
12167,2364,3653,CLOSE
12168,1075,4606,CLOSE
12169,1042,2798,DISTANT
12170,3164,8597,CASUAL
12171,3135,9955,CASUAL
12172,5574,663,CASUAL
12173,5257,2387,DISTANT
12174,3778,4567,CLOSE
12175,3935,3357,CLOSE
12176,9988,9231,CASUAL
12177,3640,2062,CASUAL
12178,5368,1721,CLOSE
12179,1209,4556,CASUAL
12180,4310,5730,CLOSE
12181,6997,6270,CASUAL
12182,8624,2838,DISTANT
12183,4684,9391,CASUAL
12184,3821,9015,CLOSE
12185,5642,8662,DISTANT
12186,685,8388,CLOSE
12187,9716,8445,DISTANT
12188,6054,2092,DISTANT
12189,978,433,DISTANT
12190,587,5510,CASUAL
12191,4514,6538,DISTANT
12192,2202,7722,CLOSE
12193,1345,8349,CASUAL
12194,6862,4116,DISTANT
12195,8773,1353,DISTANT
12196,164,6737,DISTANT
12197,3881,8902,CLOSE
12198,2211,5484,DISTANT
12199,5397,5967,CLOSE
12200,3564,746,CLOSE
12201,369,9903,CLOSE
12202,6991,3533,CLOSE
12203,50,4320,DISTANT
12204,6058,5876,DISTANT
12205,9389,9986,CLOSE
12206,8760,223,CLOSE
12207,1652,4243,DISTANT
12208,2390,9610,CASUAL
12209,429,8908,CLOSE
12210,7035,2181,CLOSE
12211,7555,9058,CLOSE
12212,837,9825,DISTANT
12213,3267,3099,CASUAL
12214,9315,6715,CASUAL
12215,4825,1991,CLOSE
12216,5818,2242,CLOSE
12217,455,911,CASUAL
12218,5299,4918,CLOSE
12219,2550,8063,CASUAL
12220,5224,8969,CLOSE
12221,5857,443,CLOSE
12222,6938,2882,CASUAL
12223,4787,7572,CLOSE
12224,599,7201,CASUAL
12225,1127,1643,CLOSE
12226,7959,9655,CASUAL
12227,9664,3554,DISTANT
12228,121,1721,DISTANT
12229,4691,8326,CLOSE
12230,9923,6305,CASUAL
12231,4233,6078,DISTANT
12232,6053,9906,DISTANT
12233,7933,5768,DISTANT
12234,879,5731,CASUAL
12235,4154,5229,CLOSE
12236,3269,5910,CLOSE
12237,839,9500,DISTANT
12238,7701,3577,CLOSE
12239,2926,9063,DISTANT
12240,5798,1648,DISTANT
12241,4060,7069,CLOSE
12242,6336,7220,CASUAL
12243,3090,2172,CLOSE
12244,1838,6542,CLOSE
12245,5487,8771,CLOSE
12246,6615,3807,CLOSE
12247,6500,1483,DISTANT
12248,6392,4880,DISTANT
12249,9913,6199,DISTANT
12250,3298,6356,CLOSE
12251,2767,5027,DISTANT
12252,4943,3390,DISTANT
12253,108,9792,CLOSE
12254,3172,9717,CASUAL
12255,4006,6116,CLOSE
12256,5088,2587,CASUAL
12257,9462,3806,DISTANT
12258,6379,8241,DISTANT
12259,4242,2088,CLOSE
12260,3277,9117,CASUAL
12261,4829,9394,DISTANT
12262,2657,3512,CASUAL
12263,9466,7195,CASUAL
12264,5355,4416,DISTANT
12265,9005,3723,CASUAL
12266,1054,8167,CLOSE
12267,8992,1081,DISTANT
12268,2415,4877,CASUAL
12269,1722,9649,DISTANT
12270,6227,6575,CLOSE
12271,9829,6567,CLOSE
12272,33,213,CASUAL
12273,1736,1733,DISTANT
12274,6737,8330,CLOSE
12275,1620,7731,CASUAL
12276,3236,5482,CLOSE
12277,1931,1399,CLOSE
12278,9171,1001,CLOSE
12279,2237,1177,DISTANT
12280,2231,5737,DISTANT
12281,5107,8062,CLOSE
12282,7298,6097,CASUAL
12283,8456,4178,CASUAL
12284,2612,2416,CASUAL
12285,5183,2901,DISTANT
12286,4144,2747,CASUAL
12287,6434,1690,DISTANT
12288,9398,2772,CLOSE
12289,2042,791,CLOSE
12290,204,5314,DISTANT
12291,9457,62,DISTANT
12292,4905,7576,DISTANT
12293,1696,5734,CLOSE
12294,7783,9265,CASUAL
12295,5183,9955,CASUAL
12296,8001,122,CLOSE
12297,1495,8111,DISTANT
12298,6661,8551,DISTANT
12299,4432,5718,CLOSE
12300,8068,5465,DISTANT
12301,4106,4940,CLOSE
12302,2288,5296,CASUAL
12303,9014,6264,CASUAL
12304,7673,1161,CASUAL
12305,9737,8809,CLOSE
12306,6668,60,DISTANT
12307,4000,9696,CLOSE
12308,1229,3596,CASUAL
12309,6591,2857,DISTANT
12310,9172,7521,CLOSE
12311,8878,1168,CLOSE
12312,1466,5409,DISTANT
12313,5569,7521,DISTANT
12314,8158,7902,CASUAL
12315,1530,5671,CASUAL
12316,9690,6307,CLOSE
12317,8112,3282,CLOSE
12318,6213,7377,DISTANT
12319,1579,8401,DISTANT
12320,5361,1009,CASUAL
12321,8936,7716,CASUAL
12322,2531,7322,CASUAL
12323,3552,2767,DISTANT
12324,7525,5902,DISTANT
12325,7355,8680,CASUAL
12326,9922,9199,DISTANT
12327,9630,7636,CLOSE
12328,4381,4535,CASUAL
12329,3650,9694,CLOSE
12330,4198,3217,DISTANT
12331,7062,8116,DISTANT
12332,4830,1660,CASUAL
12333,7443,3003,CASUAL
12334,447,1512,CASUAL
12335,7220,133,CLOSE
12336,237,5619,DISTANT
12337,1863,768,CLOSE
12338,1639,4901,CLOSE
12339,3330,923,CASUAL
12340,8336,6307,CASUAL
12341,6071,9344,CLOSE
12342,2531,8809,CASUAL
12343,7823,1399,CASUAL
12344,2985,8873,CLOSE
12345,6151,1168,CLOSE
12346,8454,8966,CASUAL
12347,8082,269,DISTANT
12348,4034,4405,CLOSE
12349,9811,9655,CLOSE
12350,5617,3153,DISTANT
12351,8173,9680,CLOSE
12352,9446,3342,CASUAL
12353,3492,4926,CASUAL
12354,1121,9281,CLOSE
12355,1979,5041,CASUAL
12356,2529,683,DISTANT
12357,2078,8523,CASUAL
12358,7820,2764,DISTANT
12359,7561,6027,DISTANT
12360,1847,7165,DISTANT
12361,9143,8916,CASUAL
12362,6101,5911,CASUAL
12363,6173,9200,CLOSE
12364,1002,9889,CLOSE
12365,8790,9563,CLOSE
12366,5034,5605,CLOSE
12367,8849,6642,DISTANT
12368,6228,6708,DISTANT
12369,9181,1689,DISTANT
12370,7522,6708,DISTANT
12371,2337,7393,CLOSE
12372,3535,8122,CLOSE
12373,7989,8128,CASUAL
12374,1837,8321,DISTANT
12375,1965,2302,CASUAL
12376,2431,778,DISTANT
12377,155,4327,CLOSE
12378,6735,4863,DISTANT
12379,533,1364,CLOSE
12380,240,5499,DISTANT
12381,906,7107,DISTANT
12382,9126,7414,CASUAL
12383,6644,1571,DISTANT
12384,5366,5164,CLOSE
12385,2126,147,CASUAL
12386,5099,5108,CLOSE
12387,5274,8639,CASUAL
12388,1664,1750,CASUAL
12389,3324,2399,CLOSE
12390,631,8548,DISTANT
12391,1129,1495,DISTANT
12392,7792,9510,CLOSE
12393,5688,68,CASUAL
12394,2467,752,DISTANT
12395,7572,7000,CASUAL
12396,1205,6928,DISTANT
12397,446,9803,CLOSE
12398,9396,7265,CLOSE
12399,1259,2187,DISTANT
12400,5647,2266,CASUAL
12401,4978,1731,DISTANT
12402,6895,5737,DISTANT
12403,817,2569,CLOSE
12404,6089,3735,CASUAL
12405,2527,6179,CASUAL
12406,9392,5823,CASUAL
12407,9356,1220,CASUAL
12408,5294,249,DISTANT
12409,1464,622,CLOSE
12410,9618,2306,CASUAL
12411,3249,7382,CLOSE
12412,5606,7150,DISTANT
12413,8527,9701,DISTANT
12414,2391,5232,DISTANT
12415,7237,1906,CLOSE
12416,8547,5813,CLOSE
12417,2823,6273,DISTANT
12418,1673,5358,CLOSE
12419,9983,5745,CLOSE
12420,5228,287,CLOSE
12421,6969,7193,CASUAL
12422,2084,7614,CASUAL
12423,4846,2729,CLOSE
12424,262,3072,DISTANT
12425,343,1807,CASUAL
12426,7792,6563,CASUAL
12427,5880,561,CLOSE
12428,4335,2690,CASUAL
12429,1402,5073,CLOSE
12430,241,2575,CLOSE
12431,4151,3397,DISTANT
12432,7362,6734,CLOSE
12433,5181,9202,CASUAL
12434,412,7837,CASUAL
12435,630,9262,CASUAL
12436,5306,2668,DISTANT
12437,2341,9619,CASUAL
12438,9954,6220,DISTANT
12439,5923,3743,DISTANT
12440,6352,9613,CASUAL
12441,3741,3899,DISTANT
12442,6697,5953,CASUAL
12443,6137,3061,CASUAL
12444,3925,1113,CLOSE
12445,9678,3526,DISTANT
12446,8273,8529,DISTANT
12447,3398,6846,CASUAL
12448,667,4345,CLOSE
12449,4888,6409,DISTANT
12450,1709,7246,DISTANT
12451,847,8084,DISTANT
12452,6685,8865,CASUAL
12453,2265,3739,CASUAL
12454,9940,5155,CLOSE
12455,7473,7701,CLOSE
12456,4044,3461,CASUAL
12457,9751,6299,DISTANT
12458,5970,4594,DISTANT
12459,8019,2080,DISTANT
12460,9895,7471,DISTANT
12461,6725,9206,DISTANT
12462,602,7041,CLOSE
12463,7003,7535,DISTANT
12464,2476,8672,DISTANT
12465,371,5612,DISTANT
12466,9118,6908,DISTANT
12467,4924,209,CLOSE
12468,1434,2898,DISTANT
12469,6956,9290,CLOSE
12470,2542,8329,CASUAL
12471,4454,5896,CLOSE
12472,9575,542,DISTANT
12473,3807,29,CLOSE
12474,2192,2506,CLOSE
12475,161,8271,CASUAL
12476,9444,7662,DISTANT
12477,8880,1202,DISTANT
12478,7690,3134,DISTANT
12479,691,4631,CLOSE
12480,5044,4322,DISTANT
12481,3157,1526,CLOSE
12482,9400,2974,DISTANT
12483,6458,8339,DISTANT
12484,6639,2434,CASUAL
12485,9736,8058,CLOSE
12486,5663,3032,CLOSE
12487,8468,4035,DISTANT
12488,4866,1809,DISTANT
12489,4126,4752,DISTANT
12490,9035,9442,DISTANT
12491,6326,4875,CLOSE
12492,7888,4946,CLOSE
12493,7040,6643,DISTANT
12494,4160,416,CASUAL
12495,9456,3380,CASUAL
12496,7124,80,DISTANT
12497,171,3446,DISTANT
12498,3908,8728,CLOSE
12499,6684,4574,CASUAL
12500,9330,5149,CASUAL
12501,2926,837,DISTANT
12502,1076,1191,CLOSE
12503,6885,4230,CASUAL
12504,1536,5210,CLOSE
12505,8119,5328,CASUAL
12506,7297,5662,CLOSE
12507,9774,5775,CASUAL
12508,5529,2278,CLOSE
12509,3601,6854,DISTANT
12510,2684,4281,CLOSE
12511,1472,1369,DISTANT
12512,2882,1880,CASUAL
12513,8650,4745,DISTANT
12514,2911,543,CASUAL
12515,3500,8252,DISTANT
12516,1741,863,DISTANT
12517,3072,5977,CASUAL
12518,6517,4281,CASUAL
12519,4705,1972,CASUAL
12520,1385,8758,DISTANT
12521,4958,1080,DISTANT
12522,5488,2340,CLOSE
12523,8757,2047,DISTANT
12524,7585,3775,DISTANT
12525,3546,2905,CASUAL
12526,35,7232,CLOSE
12527,5237,551,CASUAL
12528,6943,9743,DISTANT
12529,1316,5393,CLOSE
12530,6273,751,CLOSE
12531,9318,4587,CASUAL
12532,9819,5223,DISTANT
12533,3466,849,CLOSE
12534,2369,5184,CLOSE
12535,1275,1472,CASUAL
12536,3833,4433,DISTANT
12537,7102,1785,DISTANT
12538,1344,7192,CLOSE
12539,8624,3922,CLOSE
12540,2758,1064,CASUAL
12541,2316,7303,CLOSE
12542,4299,3884,CLOSE
12543,4691,8631,DISTANT
12544,8672,1527,CLOSE
12545,207,2665,CLOSE
12546,4470,9620,DISTANT
12547,9047,6172,DISTANT
12548,8370,1213,DISTANT
12549,7118,4733,CASUAL
12550,1810,5266,DISTANT
12551,7920,8219,CASUAL
12552,5637,435,DISTANT
12553,6408,4963,CLOSE
12554,6758,9616,CLOSE
12555,4418,2821,DISTANT
12556,5207,4106,DISTANT
12557,3630,1346,CASUAL
12558,8620,2578,CLOSE
12559,5707,5101,CLOSE
12560,7342,9742,CLOSE
12561,1188,1709,CASUAL
12562,1819,4853,DISTANT
12563,9501,3490,DISTANT
12564,728,5285,CLOSE
12565,6839,7145,CLOSE
12566,8080,8402,CASUAL
12567,6840,1309,CASUAL
12568,6292,5393,CASUAL
12569,4302,3535,CASUAL
12570,9477,2926,CASUAL
12571,9966,3828,CLOSE
12572,4667,3898,CASUAL
12573,7533,5181,DISTANT
12574,4704,4857,CLOSE
12575,7564,2147,DISTANT
12576,2467,996,CASUAL
12577,921,3954,DISTANT
12578,5293,9630,CLOSE
12579,6732,3904,CASUAL
12580,6351,8644,CASUAL
12581,1609,7693,CLOSE
12582,861,3033,CASUAL
12583,9088,7624,CASUAL
12584,1905,3724,DISTANT
12585,7251,6689,DISTANT
12586,8938,2429,DISTANT
12587,2367,6138,DISTANT
12588,2650,283,DISTANT
12589,538,3556,DISTANT
12590,1873,909,DISTANT
12591,1531,3982,CLOSE
12592,6188,732,CLOSE
12593,7244,9885,CLOSE
12594,9590,7209,DISTANT
12595,7286,2460,DISTANT
12596,5171,1776,CASUAL
12597,3194,3924,DISTANT
12598,5022,9230,CASUAL
12599,8287,2618,DISTANT
12600,3205,3812,CLOSE
12601,9266,360,CASUAL
12602,4283,1908,DISTANT
12603,4454,1379,CASUAL
12604,8839,7430,CASUAL
12605,494,6821,DISTANT
12606,7394,7187,DISTANT
12607,7220,8496,CASUAL
12608,6059,9368,CLOSE
12609,9029,3771,DISTANT
12610,8071,586,CLOSE
12611,3477,6963,CASUAL
12612,5302,5231,CASUAL
12613,4916,4686,CLOSE
12614,5684,9459,DISTANT
12615,2488,7145,CASUAL
12616,2966,6446,CLOSE
12617,7857,348,CASUAL
12618,2446,129,DISTANT
12619,2545,8012,CASUAL
12620,7913,5349,CASUAL
12621,3279,9482,CLOSE
12622,7949,4787,CASUAL
12623,8520,5294,DISTANT
12624,8886,222,DISTANT
12625,9399,2491,CASUAL
12626,2708,4772,DISTANT
12627,9868,2752,CLOSE
12628,8798,5562,DISTANT
12629,9989,8312,DISTANT
12630,3547,6659,CASUAL
12631,8917,4481,CASUAL
12632,9433,6204,CLOSE
12633,2876,680,CLOSE
12634,7808,3974,CLOSE
12635,4089,2247,CASUAL
12636,1394,5065,CASUAL
12637,3513,154,CASUAL
12638,9007,6750,CLOSE
12639,3600,4065,DISTANT
12640,1085,9252,CASUAL
12641,6816,4035,CLOSE
12642,9575,1683,CASUAL
12643,4352,437,CASUAL
12644,6342,541,CLOSE
12645,7328,432,CASUAL
12646,4367,8235,DISTANT
12647,8568,6111,DISTANT
12648,6943,6753,DISTANT
12649,2185,8453,CLOSE
12650,3892,6508,DISTANT
12651,9354,1302,DISTANT
12652,2295,1190,DISTANT
12653,7297,6267,CLOSE
12654,954,6087,DISTANT
12655,4929,867,CASUAL
12656,1985,3290,DISTANT
12657,5372,35,DISTANT
12658,8626,5609,CLOSE
12659,2944,3336,CLOSE
12660,7404,5650,CASUAL
12661,6264,9243,DISTANT
12662,58,9248,CLOSE
12663,6197,4268,CLOSE
12664,4351,4479,CLOSE
12665,7797,3982,CASUAL
12666,5123,2139,DISTANT
12667,2701,2494,DISTANT
12668,6026,6134,DISTANT
12669,3002,3730,CLOSE
12670,4810,6825,DISTANT
12671,5492,6321,CASUAL
12672,904,4537,CASUAL
12673,1340,103,DISTANT
12674,9150,7774,DISTANT
12675,4413,1317,DISTANT
12676,5857,7314,DISTANT
12677,8591,1986,CASUAL
12678,5323,9621,DISTANT
12679,1044,7051,DISTANT
12680,6841,7173,CLOSE
12681,8972,6647,CASUAL
12682,4628,5039,CLOSE
12683,6732,3266,CASUAL
12684,2677,6962,CLOSE
12685,9607,1014,CLOSE
12686,5304,6075,CASUAL
12687,9025,7953,DISTANT
12688,3572,5724,CLOSE
12689,9205,1058,DISTANT
12690,6569,8050,DISTANT
12691,6694,7062,CASUAL
12692,6950,6862,CLOSE
12693,8565,2449,CASUAL
12694,1009,22,CASUAL
12695,621,2559,CLOSE
12696,63,3390,CASUAL
12697,9694,7228,CASUAL
12698,2902,2147,DISTANT
12699,2961,3143,CASUAL
12700,4187,4644,CASUAL
12701,5781,7567,CASUAL
12702,4773,6289,DISTANT
12703,6660,3923,CLOSE
12704,7343,1615,CLOSE
12705,6662,3127,DISTANT
12706,5255,6916,CASUAL
12707,9889,789,CLOSE
12708,247,1099,CASUAL
12709,2581,1439,DISTANT
12710,9824,4671,DISTANT
12711,5221,914,CLOSE
12712,8793,8430,DISTANT
12713,630,9878,CLOSE
12714,441,834,DISTANT
12715,9389,6456,CLOSE
12716,9432,3597,DISTANT
12717,3101,7376,CLOSE
12718,4492,1444,DISTANT
12719,5830,8652,CLOSE
12720,4147,1687,DISTANT
12721,7676,5679,DISTANT
12722,7296,1731,CLOSE
12723,8539,8308,CASUAL
12724,8724,2139,CLOSE
12725,1890,4406,CASUAL
12726,5809,377,CASUAL
12727,2255,9528,CASUAL
12728,6255,8326,CASUAL
12729,4870,28,DISTANT
12730,1729,4360,DISTANT
12731,656,7025,CASUAL
12732,419,551,DISTANT
12733,126,9120,CASUAL
12734,5590,7994,DISTANT
12735,9056,3041,DISTANT
12736,3334,4510,CASUAL
12737,1735,2267,CASUAL
12738,7300,6089,CASUAL
12739,872,5000,DISTANT
12740,5797,8915,CLOSE
12741,1236,6536,DISTANT
12742,2232,8142,DISTANT
12743,7408,1324,CLOSE
12744,297,9718,CASUAL
12745,2930,4074,DISTANT
12746,6853,8603,CASUAL
12747,426,8301,CLOSE
12748,9120,9317,DISTANT
12749,6167,2218,CLOSE
12750,9876,1516,CASUAL
12751,6721,6000,DISTANT
12752,5953,6497,DISTANT
12753,8945,497,CLOSE
12754,4234,9761,CASUAL
12755,7062,9270,DISTANT
12756,4437,4211,CASUAL
12757,7546,7265,DISTANT
12758,9256,2565,DISTANT
12759,1851,6817,CASUAL
12760,4339,402,DISTANT
12761,6474,1368,CASUAL
12762,1572,1208,DISTANT
12763,5918,3797,CLOSE
12764,8374,9781,CLOSE
12765,6610,5512,DISTANT
12766,8162,915,CASUAL
12767,2977,1966,CASUAL
12768,6946,7590,DISTANT
12769,3872,481,CLOSE
12770,6629,3423,CASUAL
12771,6817,3455,DISTANT
12772,3469,571,CLOSE
12773,2555,8639,CLOSE
12774,9704,4865,CLOSE
12775,4341,2956,DISTANT
12776,1010,4903,CLOSE
12777,1899,4073,CASUAL
12778,8621,4355,CASUAL
12779,3947,7685,CLOSE
12780,9697,7397,DISTANT
12781,107,9262,DISTANT
12782,4910,3967,CLOSE
12783,9270,990,DISTANT
12784,4096,7060,CLOSE
12785,3873,8891,DISTANT
12786,8516,9928,CLOSE
12787,4676,234,DISTANT
12788,5807,5389,CLOSE
12789,2545,6676,CASUAL
12790,4675,1954,CLOSE
12791,6196,2749,CLOSE
12792,3638,3444,CLOSE
12793,7369,4405,CASUAL
12794,7704,4553,CASUAL
12795,8959,9671,CLOSE
12796,2200,8491,DISTANT
12797,4750,4246,CASUAL
12798,1808,246,CLOSE
12799,8181,5815,CLOSE
12800,4694,2583,DISTANT
12801,5734,548,CASUAL
12802,8631,1808,CLOSE
12803,690,2586,CLOSE
12804,118,7639,CASUAL
12805,9216,196,CASUAL
12806,308,5384,CLOSE
12807,7308,7774,CLOSE
12808,9577,1659,CLOSE
12809,8968,9792,DISTANT
12810,4236,914,DISTANT
12811,3028,323,DISTANT
12812,3770,8798,CASUAL
12813,5388,6036,DISTANT
12814,2390,2214,CASUAL
12815,8364,133,DISTANT
12816,5521,3827,DISTANT
12817,5822,5132,CLOSE
12818,8999,237,CLOSE
12819,8701,3623,CLOSE
12820,7326,7631,CASUAL
12821,2555,804,CASUAL
12822,4990,1913,CASUAL
12823,7163,6114,CASUAL
12824,2928,97,CLOSE
12825,6993,9237,CASUAL
12826,9578,5691,CLOSE
12827,3388,7634,DISTANT
12828,6920,5269,CASUAL
12829,8808,9071,CLOSE
12830,6461,8424,CLOSE
12831,2930,9457,DISTANT
12832,4044,5716,CLOSE
12833,7505,8859,DISTANT
12834,8102,1137,DISTANT
12835,4131,8924,CASUAL
12836,4692,3912,DISTANT
12837,3082,8995,DISTANT
12838,3570,357,CLOSE
12839,6004,391,CLOSE
12840,3523,2249,DISTANT
12841,7328,9086,CLOSE
12842,1257,9298,DISTANT
12843,9090,793,DISTANT
12844,4518,6293,CASUAL
12845,9671,1414,CLOSE
12846,1073,8211,CASUAL
12847,419,830,CASUAL
12848,7602,568,DISTANT
12849,5625,3891,CASUAL
12850,10,4413,DISTANT
12851,8038,8955,CASUAL
12852,7654,9775,DISTANT
12853,7703,8514,DISTANT
12854,5398,3030,CLOSE
12855,1390,5961,CLOSE
12856,8999,1261,CLOSE
12857,9215,5033,CASUAL
12858,8524,4877,DISTANT
12859,7374,2200,CLOSE
12860,8202,9231,CLOSE
12861,2334,8407,DISTANT
12862,4073,3607,CLOSE
12863,8208,2882,CLOSE
12864,4977,829,CLOSE
12865,6089,7275,CASUAL
12866,5961,1364,DISTANT
12867,9933,5814,CASUAL
12868,1064,4208,CASUAL
12869,7198,4205,CLOSE
12870,2847,9158,CLOSE
12871,773,884,CLOSE
12872,23,8788,CLOSE
12873,967,2143,DISTANT
12874,264,6589,CLOSE
12875,9938,6731,CLOSE
12876,3667,6278,DISTANT
12877,1558,7054,CASUAL
12878,3494,8736,CLOSE
12879,7270,9033,CLOSE
12880,1751,3599,DISTANT
12881,4352,2097,CLOSE
12882,8499,4672,CASUAL
12883,131,7129,DISTANT
12884,3452,4717,CLOSE
12885,6995,4508,DISTANT
12886,8869,5005,CLOSE
12887,5790,8053,CLOSE
12888,4698,5628,CLOSE
12889,6550,5075,DISTANT
12890,8125,300,CLOSE
12891,6607,7697,DISTANT
12892,1848,3544,CLOSE
12893,5382,3790,CASUAL
12894,3658,4971,DISTANT
12895,3488,9561,CLOSE
12896,7839,1180,CASUAL
12897,6917,6374,CLOSE
12898,868,4171,CLOSE
12899,9266,234,CASUAL
12900,1871,3647,CLOSE
12901,6825,8160,DISTANT
12902,8576,6004,CLOSE
12903,9691,9930,DISTANT
12904,4688,6705,DISTANT
12905,1446,2592,CLOSE
12906,8713,4346,CASUAL
12907,820,9849,CLOSE
12908,4166,8464,DISTANT
12909,5932,7534,CLOSE
12910,5854,6150,CASUAL
12911,1324,8350,CLOSE
12912,4507,202,CASUAL
12913,9945,9267,DISTANT
12914,6814,9937,DISTANT
12915,4306,4646,CASUAL
12916,4125,4127,CASUAL
12917,9920,3507,CLOSE
12918,6650,3819,CASUAL
12919,2933,3327,CLOSE
12920,293,579,DISTANT
12921,6162,7965,CASUAL
12922,4542,619,CASUAL
12923,3540,9088,DISTANT
12924,2539,9687,CASUAL
12925,6059,9893,CASUAL
12926,4711,7576,CASUAL
12927,6089,5047,DISTANT
12928,8157,496,CASUAL
12929,8870,4455,CASUAL
12930,1529,4286,DISTANT
12931,3099,6143,DISTANT
12932,2189,1936,CLOSE
12933,8871,3538,DISTANT
12934,3090,2912,DISTANT
12935,6950,4823,CLOSE
12936,9280,8613,CLOSE
12937,858,1066,DISTANT
12938,5316,6471,DISTANT
12939,8944,6771,CASUAL
12940,6609,2194,CLOSE
12941,5438,7345,DISTANT
12942,900,1621,CASUAL
12943,1993,5856,CASUAL
12944,9122,3954,CASUAL
12945,4201,831,DISTANT
12946,6827,1174,DISTANT
12947,6863,219,CLOSE
12948,886,964,CLOSE
12949,20,9040,CASUAL
12950,6391,864,CLOSE
12951,2120,4580,CASUAL
12952,6356,8996,CASUAL
12953,5629,7181,CLOSE
12954,9804,9452,DISTANT
12955,7092,1304,CLOSE
12956,6999,4102,DISTANT
12957,8840,9175,CASUAL
12958,4398,8337,DISTANT
12959,438,6806,DISTANT
12960,4698,9096,CASUAL
12961,6044,2144,CLOSE
12962,9405,5363,CASUAL
12963,9382,923,CASUAL
12964,3438,8187,DISTANT
12965,3843,5718,CLOSE
12966,521,7421,CLOSE
12967,7203,4057,CASUAL
12968,3251,1596,DISTANT
12969,916,8516,CLOSE
12970,2240,9599,CLOSE
12971,782,5556,CLOSE
12972,2624,7666,DISTANT
12973,4760,9500,DISTANT
12974,740,5988,CASUAL
12975,1419,8643,DISTANT
12976,6153,2730,DISTANT
12977,2739,5516,CLOSE
12978,2576,3895,CASUAL
12979,2809,3032,CASUAL
12980,1685,9979,CLOSE
12981,3423,424,CASUAL
12982,8464,361,CLOSE
12983,3911,9447,CASUAL
12984,5298,5492,CASUAL
12985,7630,2281,CLOSE
12986,6727,575,DISTANT
12987,1626,9673,DISTANT
12988,3433,5933,CASUAL
12989,139,4757,DISTANT
12990,1625,8451,DISTANT
12991,6185,2349,DISTANT
12992,7540,5204,DISTANT
12993,3186,8805,DISTANT
12994,1374,6064,CLOSE
12995,3424,9660,CASUAL
12996,9867,8977,CASUAL
12997,6019,8854,CASUAL
12998,2581,1589,DISTANT
12999,7070,5156,DISTANT
13000,2535,7163,CLOSE
13001,2369,7733,CASUAL
13002,6718,2593,CASUAL
13003,7269,6470,CASUAL
13004,6532,6063,CASUAL
13005,6692,2266,CASUAL
13006,1009,1722,CASUAL
13007,4109,617,CASUAL
13008,1950,7366,DISTANT
13009,7028,61,DISTANT
13010,6047,3611,CLOSE
13011,8475,4129,DISTANT
13012,3749,1140,CASUAL
13013,6984,3205,CLOSE
13014,2558,2078,DISTANT
13015,6049,7123,CLOSE
13016,1025,8594,CASUAL
13017,496,2889,CASUAL
13018,4708,4384,CLOSE
13019,9267,978,CLOSE
13020,1848,9677,CLOSE
13021,7125,9971,CLOSE
13022,6314,762,CASUAL
13023,9254,9537,DISTANT
13024,7955,2647,CASUAL
13025,3499,926,CLOSE
13026,435,561,DISTANT
13027,8046,4984,CLOSE
13028,4171,6934,DISTANT
13029,4533,2640,CLOSE
13030,4673,3306,DISTANT
13031,9763,6226,CLOSE
13032,1213,5442,CLOSE
13033,6292,4859,DISTANT
13034,1820,3089,CASUAL
13035,7215,6416,DISTANT
13036,5592,8251,CASUAL
13037,1877,7569,DISTANT
13038,2042,6688,CASUAL
13039,3900,3697,DISTANT
13040,5585,5901,CLOSE
13041,9020,1516,CLOSE
13042,8753,1295,DISTANT
13043,3937,4337,DISTANT
13044,1724,732,CASUAL
13045,7390,4475,DISTANT
13046,6899,247,CASUAL
13047,8789,2114,CLOSE
13048,135,109,CASUAL
13049,1260,6614,DISTANT
13050,3829,6719,DISTANT
13051,1469,9826,CLOSE
13052,6397,7496,CLOSE
13053,4442,5149,CLOSE
13054,8174,3962,DISTANT
13055,6384,4931,CLOSE
13056,5328,5789,DISTANT
13057,3335,7355,CLOSE
13058,5908,4106,CASUAL
13059,1757,1898,CLOSE
13060,1500,2118,CASUAL
13061,225,3025,DISTANT
13062,2274,7603,CLOSE
13063,4529,531,CLOSE
13064,7534,7993,CLOSE
13065,8021,5884,DISTANT
13066,4837,6725,CASUAL
13067,1480,4171,CLOSE
13068,242,5750,DISTANT
13069,244,591,DISTANT
13070,4347,2183,CLOSE
13071,481,1170,CLOSE
13072,1046,714,CASUAL
13073,1639,667,CLOSE
13074,7849,1323,CLOSE
13075,5543,4521,CASUAL
13076,7660,4906,CASUAL
13077,5525,5160,CLOSE
13078,9601,5943,CLOSE
13079,8356,8870,CASUAL
13080,9149,8154,CLOSE
13081,7296,515,CASUAL
13082,6024,7642,CLOSE
13083,9929,2906,DISTANT
13084,4915,2416,CASUAL
13085,7030,5401,DISTANT
13086,3545,9448,CASUAL
13087,7274,154,CASUAL
13088,1066,2907,CASUAL
13089,3852,7799,DISTANT
13090,2429,873,DISTANT
13091,4914,7734,CASUAL
13092,8977,2044,DISTANT
13093,6647,5885,DISTANT
13094,8367,7525,CLOSE
13095,6581,9696,CLOSE
13096,8407,888,CLOSE
13097,1577,417,DISTANT
13098,8606,3683,CLOSE
13099,8663,2507,CLOSE
13100,2325,381,CLOSE
13101,2370,7807,CLOSE
13102,8569,6999,DISTANT
13103,1728,5051,DISTANT
13104,6825,6806,DISTANT
13105,2302,9338,CLOSE
13106,7787,1139,CLOSE
13107,3838,7503,DISTANT
13108,1184,2862,DISTANT
13109,1149,8762,CASUAL
13110,4301,8800,DISTANT
13111,8215,2290,DISTANT
13112,1462,6039,CASUAL
13113,9053,4430,CASUAL
13114,8170,5816,CASUAL
13115,1669,1307,CASUAL
13116,9659,3779,DISTANT
13117,8370,5902,CASUAL
13118,5573,4794,DISTANT
13119,8736,4535,DISTANT
13120,3747,392,CLOSE
13121,9827,7451,CASUAL
13122,6513,7776,CASUAL
13123,2673,9825,DISTANT
13124,6839,8377,DISTANT
13125,2997,5457,DISTANT
13126,8690,5154,CLOSE
13127,4154,368,DISTANT
13128,9988,1861,CLOSE
13129,314,310,DISTANT
13130,492,9386,CASUAL
13131,5586,3908,DISTANT
13132,2702,5224,CASUAL
13133,5608,9028,CLOSE
13134,3395,5528,CASUAL
13135,8028,9330,CLOSE
13136,3160,8203,DISTANT
13137,58,1140,CLOSE
13138,9802,4772,CLOSE
13139,3290,7610,DISTANT
13140,6748,2452,CASUAL
13141,3761,552,CASUAL
13142,7642,6157,CASUAL
13143,1087,648,DISTANT
13144,7168,3120,CASUAL
13145,2345,9286,CLOSE
13146,9463,2523,DISTANT
13147,4947,2042,DISTANT
13148,8408,6968,DISTANT
13149,5969,8191,DISTANT
13150,5461,5730,CASUAL
13151,3943,2879,CLOSE
13152,9471,5473,DISTANT
13153,9397,8906,DISTANT
13154,7101,1421,DISTANT
13155,6675,8793,CASUAL
13156,8107,5746,DISTANT
13157,3142,3135,DISTANT
13158,5563,8827,DISTANT
13159,1928,5340,CASUAL
13160,688,7572,DISTANT
13161,7363,7056,CASUAL
13162,3274,6391,DISTANT
13163,3012,3183,CLOSE
13164,7364,3602,CLOSE
13165,7075,7752,CASUAL
13166,8645,2681,DISTANT
13167,8423,6718,CASUAL
13168,381,2006,DISTANT
13169,2527,9503,DISTANT
13170,8578,362,DISTANT
13171,4479,8854,DISTANT
13172,8057,7518,CLOSE
13173,7459,4669,DISTANT
13174,1761,5720,DISTANT
13175,6917,5155,DISTANT
13176,4435,9955,CASUAL
13177,3048,9963,CASUAL
13178,7267,6201,DISTANT
13179,3134,5110,DISTANT
13180,3744,9774,DISTANT
13181,2370,242,DISTANT
13182,6569,8423,DISTANT
13183,2997,3334,CASUAL
13184,3462,66,CASUAL
13185,6708,4094,CLOSE
13186,5291,3311,CASUAL
13187,8661,8775,CLOSE
13188,291,2735,CLOSE
13189,319,5505,DISTANT
13190,7586,6225,CLOSE
13191,4651,1666,CASUAL
13192,1049,928,CASUAL
13193,9833,2548,CLOSE
13194,4018,175,CASUAL
13195,1366,9194,CLOSE
13196,7221,6586,DISTANT
13197,1062,3650,CASUAL
13198,3837,6839,CASUAL
13199,7579,9062,CASUAL
13200,5635,7160,CASUAL
13201,5533,141,CASUAL
13202,6234,193,DISTANT
13203,947,5297,DISTANT
13204,3233,9439,CLOSE
13205,933,6928,CLOSE
13206,7149,2392,CLOSE
13207,3958,8470,CASUAL
13208,1619,6858,CASUAL
13209,3975,4583,DISTANT
13210,3543,7217,CLOSE
13211,5338,9855,DISTANT
13212,6054,673,DISTANT
13213,4907,9794,DISTANT
13214,5628,4482,CASUAL
13215,273,6536,CLOSE
13216,1139,8195,CASUAL
13217,5048,5936,CLOSE
13218,9700,6667,CLOSE
13219,9607,3856,DISTANT
13220,4595,6849,CLOSE
13221,6245,8899,CLOSE
13222,2806,6094,CLOSE
13223,2465,7143,CASUAL
13224,907,8200,CASUAL
13225,2714,446,DISTANT
13226,5718,3125,CLOSE
13227,4403,4304,CLOSE
13228,4375,9288,CLOSE
13229,3185,6011,CASUAL
13230,3011,2605,CASUAL
13231,6074,9890,CASUAL
13232,1758,8954,DISTANT
13233,2420,9013,DISTANT
13234,1754,3886,CASUAL
13235,4514,3970,CASUAL
13236,7156,760,DISTANT
13237,2124,2252,DISTANT
13238,5777,8029,CASUAL
13239,9425,7982,CASUAL
13240,9508,365,CLOSE
13241,6206,7461,DISTANT
13242,4193,9795,CASUAL
13243,2817,9864,CASUAL
13244,3415,5056,DISTANT
13245,2867,524,CASUAL
13246,7003,5739,CASUAL
13247,9918,8084,CASUAL
13248,485,6898,DISTANT
13249,62,4958,DISTANT
13250,9205,363,CLOSE
13251,840,6975,CLOSE
13252,3984,1285,CLOSE
13253,2150,332,CASUAL
13254,7504,3626,CLOSE
13255,1421,3505,DISTANT
13256,2144,5214,DISTANT
13257,5499,4047,DISTANT
13258,3665,1326,CASUAL
13259,1852,4219,CASUAL
13260,7704,9075,DISTANT
13261,9933,939,CLOSE
13262,233,7598,CLOSE
13263,7162,737,CASUAL
13264,8793,1393,DISTANT
13265,1738,581,CASUAL
13266,3472,3184,CASUAL
13267,5322,1316,CASUAL
13268,2123,9547,DISTANT
13269,6820,8714,DISTANT
13270,3424,9663,CLOSE
13271,7223,8910,DISTANT
13272,8908,3187,CASUAL
13273,8160,4649,DISTANT
13274,4187,8964,CLOSE
13275,9880,9654,CLOSE
13276,9495,9584,CASUAL
13277,6336,4847,CLOSE
13278,7950,7644,DISTANT
13279,4292,5523,CLOSE
13280,3700,1400,DISTANT
13281,9051,4191,CLOSE
13282,3380,461,CLOSE
13283,5599,2315,CASUAL
13284,1977,5973,CASUAL
13285,874,8756,CASUAL
13286,3463,6775,CLOSE
13287,6763,9665,CLOSE
13288,1588,9366,CLOSE
13289,2883,6734,DISTANT
13290,3645,6976,DISTANT
13291,8125,7641,CLOSE
13292,5705,6755,CASUAL
13293,3763,371,CLOSE
13294,338,9619,DISTANT
13295,3941,5421,CLOSE
13296,3618,8450,CASUAL
13297,8309,3346,CLOSE
13298,9790,6364,CASUAL
13299,3134,8312,DISTANT
13300,8021,4690,CASUAL
13301,4904,3375,CASUAL
13302,4392,7212,CASUAL
13303,6469,8764,DISTANT
13304,3838,3036,DISTANT
13305,6268,2325,CASUAL
13306,6496,5035,DISTANT
13307,3856,7080,CASUAL
13308,5411,6171,DISTANT
13309,5980,7456,CLOSE
13310,8650,4358,CASUAL
13311,4513,4952,DISTANT
13312,7810,8584,CLOSE
13313,5477,6210,CLOSE
13314,7206,1652,DISTANT
13315,3604,1910,CASUAL
13316,3773,5146,DISTANT
13317,2571,2927,DISTANT
13318,4231,3079,CASUAL
13319,1992,8926,DISTANT
13320,6421,2428,CASUAL
13321,970,2766,DISTANT
13322,7777,9370,CLOSE
13323,8376,1655,DISTANT
13324,1651,647,CASUAL
13325,9600,5778,CLOSE
13326,1068,9415,DISTANT
13327,1380,9996,CASUAL
13328,9267,1076,CASUAL
13329,7018,2566,CLOSE
13330,2213,7197,CASUAL
13331,61,2282,CLOSE
13332,1613,7811,CLOSE
13333,3386,2028,CLOSE
13334,9067,6635,DISTANT
13335,7111,8551,CASUAL
13336,2489,8414,CASUAL
13337,866,431,CASUAL
13338,5011,7874,CASUAL
13339,6072,2404,CLOSE
13340,3876,9806,CASUAL
13341,637,7504,DISTANT
13342,1892,4453,CASUAL
13343,6607,8289,CASUAL
13344,2262,7632,CLOSE
13345,1921,8057,DISTANT
13346,6915,52,CASUAL
13347,981,9141,DISTANT
13348,8310,2948,CLOSE
13349,3086,6384,DISTANT
13350,7480,6026,CLOSE
13351,2460,494,CLOSE
13352,9372,1014,CLOSE
13353,7332,4604,CLOSE
13354,5631,7613,CLOSE
13355,362,3456,CLOSE
13356,6504,7085,DISTANT
13357,754,5611,CLOSE
13358,7217,5140,CLOSE
13359,9482,7132,CASUAL
13360,4601,5866,DISTANT
13361,4110,3800,CASUAL
13362,2823,4164,DISTANT
13363,2504,1742,DISTANT
13364,4887,9428,CLOSE
13365,2487,1181,CLOSE
13366,1223,3147,CASUAL
13367,1543,3111,CASUAL
13368,6024,6476,DISTANT
13369,3054,4108,DISTANT
13370,7965,9329,CASUAL
13371,625,374,CASUAL
13372,2673,4392,CASUAL
13373,4953,3456,CLOSE
13374,4773,7207,DISTANT
13375,7700,1102,CLOSE
13376,9541,2787,DISTANT
13377,8439,2050,CLOSE
13378,3740,5198,DISTANT
13379,2465,9690,CLOSE
13380,4225,2888,CASUAL
13381,5750,2680,CASUAL
13382,8791,1367,CLOSE
13383,9722,2567,CLOSE
13384,4742,4976,CASUAL
13385,2125,2197,CLOSE
13386,9232,8507,DISTANT
13387,7355,2984,CLOSE
13388,5021,2487,DISTANT
13389,1916,7532,DISTANT
13390,2933,7068,DISTANT
13391,3540,8227,CLOSE
13392,9332,1301,CASUAL
13393,5414,3175,CLOSE
13394,1685,5444,CASUAL
13395,2202,292,CASUAL
13396,3215,236,CASUAL
13397,7233,3579,CASUAL
13398,9130,7504,CASUAL
13399,7156,9493,DISTANT
13400,1003,3423,CASUAL
13401,362,8872,CLOSE
13402,3431,7109,CLOSE
13403,2396,1997,CASUAL
13404,2365,1079,DISTANT
13405,4520,9744,CASUAL
13406,4276,8694,DISTANT
13407,7782,5655,CASUAL
13408,8648,6136,CLOSE
13409,8312,8396,CLOSE
13410,7512,7269,CLOSE
13411,6959,949,DISTANT
13412,780,8443,CASUAL
13413,4961,8619,CLOSE
13414,6487,1063,CASUAL
13415,1440,4291,CASUAL
13416,5265,3955,CLOSE
13417,6871,3899,DISTANT
13418,6579,9817,CASUAL
13419,3608,9495,DISTANT
13420,2757,1088,CASUAL
13421,9210,4116,DISTANT
13422,6813,499,CASUAL
13423,6214,1966,CASUAL
13424,1812,2811,CLOSE
13425,436,7834,DISTANT
13426,5923,4197,CLOSE
13427,3207,5230,CASUAL
13428,4125,3155,DISTANT
13429,1517,5052,CLOSE
13430,7076,7562,CLOSE
13431,6176,8868,CASUAL
13432,9227,4922,DISTANT
13433,8386,3398,DISTANT
13434,4324,8383,CLOSE
13435,5915,4852,CLOSE
13436,1908,763,CLOSE
13437,9044,7721,CASUAL
13438,8185,8236,DISTANT
13439,8950,4614,CASUAL
13440,4290,6287,CASUAL
13441,8768,622,DISTANT
13442,8930,4807,CLOSE
13443,3597,8383,CLOSE
13444,9242,1886,DISTANT
13445,499,2287,CASUAL
13446,1572,3374,DISTANT
13447,7383,9319,CLOSE
13448,246,1835,CLOSE
13449,3053,3498,CLOSE
13450,3693,7816,CASUAL
13451,8672,8004,CASUAL
13452,104,7934,CLOSE
13453,3507,715,CASUAL
13454,5372,8186,CASUAL
13455,5809,7487,DISTANT
13456,1777,7941,DISTANT
13457,353,1167,CASUAL
13458,3484,4267,CASUAL
13459,3867,809,DISTANT
13460,9967,5497,CLOSE
13461,4061,3342,DISTANT
13462,8396,1920,CASUAL
13463,3836,3066,CLOSE
13464,4615,1331,CLOSE
13465,1692,5314,CLOSE
13466,7419,2536,CASUAL
13467,1633,6803,CLOSE
13468,7779,3062,CASUAL
13469,3676,9558,CLOSE
13470,3205,64,DISTANT
13471,1806,9340,DISTANT
13472,1027,4739,CLOSE
13473,1537,18,CLOSE
13474,6330,2185,CLOSE
13475,3268,1553,DISTANT
13476,1515,5115,CLOSE
13477,7789,9400,CLOSE
13478,4249,7354,CASUAL
13479,914,3481,CLOSE
13480,4865,8166,DISTANT
13481,457,6219,CASUAL
13482,5302,4116,CLOSE
13483,7551,7299,DISTANT
13484,2274,4656,CASUAL
13485,4326,3438,CLOSE
13486,5619,4989,CASUAL
13487,4442,7758,DISTANT
13488,9504,674,DISTANT
13489,1820,9979,CLOSE
13490,7956,6058,DISTANT
13491,6338,9959,CASUAL
13492,7158,1031,CASUAL
13493,238,3965,CASUAL
13494,4575,504,CASUAL
13495,5083,4482,DISTANT
13496,7573,8247,CLOSE
13497,4610,7835,DISTANT
13498,8315,3955,CLOSE
13499,5741,3756,CLOSE
13500,7729,9492,DISTANT
13501,5750,6186,CASUAL
13502,5128,2254,CLOSE
13503,5597,5440,CASUAL
13504,8165,569,CASUAL
13505,8261,4848,DISTANT
13506,974,5149,DISTANT
13507,226,3327,DISTANT
13508,8431,5413,CLOSE
13509,4876,969,CLOSE
13510,1011,2776,DISTANT
13511,9177,2486,DISTANT
13512,5468,9220,CLOSE
13513,4865,8928,CASUAL
13514,4478,7843,CLOSE
13515,3986,6799,CASUAL
13516,815,9226,CLOSE
13517,8687,4780,DISTANT
13518,9553,5420,DISTANT
13519,2459,4066,CLOSE
13520,779,3744,CLOSE
13521,1849,3546,CLOSE
13522,5938,9533,DISTANT
13523,5879,2024,CLOSE
13524,4324,9773,CASUAL
13525,3651,3117,CLOSE
13526,4869,543,CLOSE
13527,6035,807,DISTANT
13528,1826,2247,DISTANT
13529,3215,439,CASUAL
13530,1080,5532,CLOSE
13531,5369,2833,CLOSE
13532,5429,9989,CASUAL
13533,3362,7251,DISTANT
13534,3842,9748,CLOSE
13535,6504,2421,DISTANT
13536,5268,2943,CLOSE
13537,9435,4600,DISTANT
13538,3539,5560,CLOSE
13539,9671,6943,CLOSE
13540,5724,3483,CASUAL
13541,5801,4983,DISTANT
13542,5445,1448,DISTANT
13543,9832,4439,DISTANT
13544,5153,9856,DISTANT
13545,3793,3093,CASUAL
13546,2300,9556,CASUAL
13547,1821,9484,CLOSE
13548,4865,981,DISTANT
13549,3290,1363,CLOSE
13550,7978,1108,DISTANT
13551,4663,8654,CLOSE
13552,8128,2694,CASUAL
13553,2206,7212,CASUAL
13554,6571,4104,CLOSE
13555,3936,9458,CASUAL
13556,1806,7017,CASUAL
13557,8513,4247,CLOSE
13558,2129,6995,DISTANT
13559,2454,2643,DISTANT
13560,7729,9228,CLOSE
13561,3213,2984,DISTANT
13562,5263,4123,CASUAL
13563,9280,5176,DISTANT
13564,7836,5202,CASUAL
13565,6605,4161,CLOSE
13566,8248,3927,CLOSE
13567,7307,8632,CASUAL
13568,1594,2027,CLOSE
13569,5447,3029,DISTANT
13570,3593,7868,CASUAL
13571,7426,6828,CASUAL
13572,9399,735,DISTANT
13573,9299,6863,CLOSE
13574,7172,8416,CASUAL
13575,6331,5567,CLOSE
13576,6251,2140,CASUAL
13577,392,4157,DISTANT
13578,6060,7566,DISTANT
13579,1240,729,CASUAL
13580,1948,3582,DISTANT
13581,8195,869,DISTANT
13582,8882,8782,CLOSE
13583,5614,4304,CLOSE
13584,1922,497,DISTANT
13585,42,1476,DISTANT
13586,5116,4691,CLOSE
13587,7784,1835,DISTANT
13588,8699,7906,CLOSE
13589,2384,9514,CASUAL
13590,3865,8955,CASUAL
13591,7466,6360,DISTANT
13592,4519,9330,DISTANT
13593,812,7888,DISTANT
13594,3037,846,CASUAL
13595,6352,8328,CASUAL
13596,2287,7453,CASUAL
13597,1101,8193,CASUAL
13598,4067,356,CLOSE
13599,1794,4608,DISTANT
13600,4296,936,DISTANT
13601,8152,5619,CASUAL
13602,4057,1560,CASUAL
13603,7410,9896,CLOSE
13604,890,3723,CLOSE
13605,3192,8035,CASUAL
13606,1136,4169,CLOSE
13607,1932,6213,DISTANT
13608,487,3636,CLOSE
13609,6185,2204,DISTANT
13610,7790,4320,CLOSE
13611,8172,9349,CASUAL
13612,7737,268,CASUAL
13613,9807,7728,CLOSE
13614,6704,1935,CLOSE
13615,6003,1682,DISTANT
13616,9808,5146,CLOSE
13617,796,2575,CLOSE
13618,7194,4645,DISTANT
13619,2914,4245,CLOSE
13620,6646,5005,DISTANT
13621,1989,7633,DISTANT
13622,3571,847,CASUAL
13623,2653,3512,DISTANT
13624,5828,1324,DISTANT
13625,1363,1430,DISTANT
13626,1654,3193,CLOSE
13627,1172,5307,CLOSE
13628,5484,3348,CLOSE
13629,8654,8810,DISTANT
13630,2981,6994,DISTANT
13631,7005,1319,DISTANT
13632,6469,3320,CASUAL
13633,4172,4766,DISTANT
13634,5070,3525,DISTANT
13635,1434,6679,CASUAL
13636,4646,4149,CLOSE
13637,8291,424,CASUAL
13638,4127,7595,CLOSE
13639,12,4013,DISTANT
13640,2064,7872,CLOSE
13641,2293,2608,DISTANT
13642,7896,6406,CLOSE
13643,9979,107,DISTANT
13644,9640,5446,DISTANT
13645,367,8282,CLOSE
13646,2020,2184,CASUAL
13647,9946,9467,CASUAL
13648,6837,4456,CLOSE
13649,9348,4436,CLOSE
13650,7713,8780,DISTANT
13651,7300,2513,CLOSE
13652,4402,6072,CASUAL
13653,585,7816,DISTANT
13654,6522,3760,CASUAL
13655,2961,5261,DISTANT
13656,9368,8735,CASUAL
13657,5997,7325,DISTANT
13658,2888,537,DISTANT
13659,2299,8691,CASUAL
13660,1726,8461,DISTANT
13661,9169,7500,CLOSE
13662,2477,9289,CLOSE
13663,2224,7754,DISTANT
13664,7703,9476,CASUAL
13665,1667,3436,DISTANT
13666,1428,6954,CASUAL
13667,8959,65,CLOSE
13668,3246,6466,CASUAL
13669,2809,5125,DISTANT
13670,6778,7319,CASUAL
13671,5966,8859,CASUAL
13672,7447,5842,CASUAL
13673,157,3301,CLOSE
13674,3254,9773,CLOSE
13675,533,8321,CLOSE
13676,2092,3716,CASUAL
13677,1065,5061,CLOSE
13678,1223,2889,CASUAL
13679,5641,7139,DISTANT
13680,1459,4757,DISTANT
13681,8543,933,DISTANT
13682,4291,9838,CLOSE
13683,1884,1173,DISTANT
13684,6368,4750,CASUAL
13685,884,9734,CASUAL
13686,1115,7862,CLOSE
13687,1598,4279,CLOSE
13688,7975,2696,CASUAL
13689,2163,2202,CLOSE
13690,8824,2510,DISTANT
13691,39,6789,CLOSE
13692,7550,2601,CLOSE
13693,5575,513,DISTANT
13694,2497,8164,CLOSE
13695,413,2987,CLOSE
13696,5155,998,DISTANT
13697,5228,5296,DISTANT
13698,2439,8663,CASUAL
13699,755,1280,CASUAL
13700,1754,6271,DISTANT
13701,90,1951,DISTANT
13702,5511,1209,CLOSE
13703,5820,327,DISTANT
13704,4659,6868,CLOSE
13705,2984,5451,CASUAL
13706,9341,6750,CASUAL
13707,357,1426,CASUAL
13708,8752,1636,CASUAL
13709,1922,6391,CASUAL
13710,7843,2783,CLOSE
13711,5023,1100,DISTANT
13712,1446,5823,CLOSE
13713,7641,5249,CASUAL
13714,2680,5342,DISTANT
13715,261,1937,CLOSE
13716,3484,4758,CLOSE
13717,309,8314,CLOSE
13718,9365,8523,CASUAL
13719,178,7108,CLOSE
13720,3781,1211,CLOSE
13721,2850,6257,CASUAL
13722,1316,6168,CASUAL
13723,8501,2926,CASUAL
13724,1820,9164,CLOSE
13725,875,5012,DISTANT
13726,7816,4011,CASUAL
13727,9272,8659,CLOSE
13728,3992,2851,CASUAL
13729,6764,5697,DISTANT
13730,3419,8336,DISTANT
13731,7396,2590,CASUAL
13732,3831,6643,DISTANT
13733,2260,5657,CLOSE
13734,3558,6771,DISTANT
13735,6903,621,DISTANT
13736,7729,8490,DISTANT
13737,1462,1286,DISTANT
13738,246,1033,CLOSE
13739,8662,7497,DISTANT
13740,7514,3348,CLOSE
13741,4635,9962,CASUAL
13742,1754,1658,CASUAL
13743,9482,914,CLOSE
13744,7757,7065,CLOSE
13745,3493,1586,CLOSE
13746,4281,1131,CASUAL
13747,6160,6811,CLOSE
13748,8021,6576,CLOSE
13749,4787,9263,DISTANT
13750,7471,5866,CASUAL
13751,5368,1607,CLOSE
13752,3219,3129,DISTANT
13753,6992,9986,CLOSE
13754,2833,4419,CLOSE
13755,3716,4094,DISTANT
13756,7406,3694,CASUAL
13757,7009,3119,CASUAL
13758,2436,4985,CASUAL
13759,1249,5845,CASUAL
13760,2513,4263,CLOSE
13761,5470,1915,CLOSE
13762,4181,3644,DISTANT
13763,2709,3032,CASUAL
13764,8549,2200,CLOSE
13765,4132,7710,DISTANT
13766,525,3794,CASUAL
13767,5288,2196,CLOSE
13768,1533,3976,CLOSE
13769,4115,7781,CASUAL
13770,6164,7073,CLOSE
13771,5935,1375,CASUAL
13772,2466,8230,CLOSE
13773,2425,566,DISTANT
13774,6626,7892,CASUAL
13775,6438,219,CASUAL
13776,255,7833,CASUAL
13777,4936,368,CLOSE
13778,3511,2268,CLOSE
13779,2307,9184,CASUAL
13780,4,1990,CASUAL
13781,298,3283,CASUAL
13782,7358,9026,CASUAL
13783,8886,6052,DISTANT
13784,7279,8749,DISTANT
13785,683,1584,CLOSE
13786,7189,1347,CLOSE
13787,1821,3850,CASUAL
13788,832,106,CLOSE
13789,5256,795,CASUAL
13790,3368,2035,CLOSE
13791,9145,3817,CLOSE
13792,8739,2952,CLOSE
13793,3936,5707,CLOSE
13794,8289,2899,CASUAL
13795,4803,6806,DISTANT
13796,3483,5723,CLOSE
13797,7569,9105,DISTANT
13798,7148,8477,CASUAL
13799,5063,5399,DISTANT
13800,6241,9380,DISTANT
13801,8849,9951,CLOSE
13802,1972,3124,CLOSE
13803,2295,3210,DISTANT
13804,2223,767,CLOSE
13805,1908,8245,DISTANT
13806,8698,6932,CLOSE
13807,1449,3893,CLOSE
13808,1355,541,CASUAL
13809,3003,7399,CASUAL
13810,9736,2606,DISTANT
13811,2785,1917,DISTANT
13812,2645,2474,DISTANT
13813,238,4355,CASUAL
13814,1202,25,DISTANT
13815,8067,5559,CLOSE
13816,2261,9019,CASUAL
13817,3148,111,CASUAL
13818,1323,7921,DISTANT
13819,2936,3777,CLOSE
13820,9502,3117,CASUAL
13821,8320,3940,DISTANT
13822,572,9471,CLOSE
13823,9917,3610,DISTANT
13824,5101,7194,CLOSE
13825,1480,4743,CASUAL
13826,8354,6215,CASUAL
13827,9888,2794,CLOSE
13828,7231,2317,DISTANT
13829,8044,4986,DISTANT
13830,3019,4249,CASUAL
13831,9806,8898,CLOSE
13832,5679,4109,CLOSE
13833,7189,7574,CASUAL
13834,7498,3069,CASUAL
13835,3862,3079,DISTANT
13836,2803,9312,CLOSE
13837,9655,9217,CLOSE
13838,9245,94,CLOSE
13839,9601,8896,CLOSE
13840,3181,6428,CLOSE
13841,8334,6656,DISTANT
13842,2407,74,CASUAL
13843,2827,813,CASUAL
13844,4420,3521,DISTANT
13845,9352,8511,DISTANT
13846,8569,5671,DISTANT
13847,1986,3839,DISTANT
13848,4706,7937,CLOSE
13849,9283,6196,DISTANT
13850,7330,1159,CLOSE
13851,9281,4648,CASUAL
13852,8512,1312,CASUAL
13853,1490,7145,CASUAL
13854,3228,2201,DISTANT
13855,560,1647,CLOSE
13856,5864,3602,DISTANT
13857,8269,9591,CLOSE
13858,535,329,CLOSE
13859,6266,9875,DISTANT
13860,3783,6235,DISTANT
13861,4869,2182,CLOSE
13862,1387,5714,DISTANT
13863,5047,3798,DISTANT
13864,4413,1962,DISTANT
13865,7713,3575,DISTANT
13866,4050,5299,DISTANT
13867,8254,8842,CASUAL
13868,4163,7820,DISTANT
13869,4886,110,CLOSE
13870,9530,7115,DISTANT
13871,8106,2185,CLOSE
13872,6638,4365,CASUAL
13873,526,9180,CASUAL
13874,2013,9310,CASUAL
13875,7233,2076,CLOSE
13876,3065,9236,CASUAL
13877,1210,4333,DISTANT
13878,2404,9344,DISTANT
13879,7757,6993,DISTANT
13880,1635,7989,CASUAL
13881,5036,4831,DISTANT
13882,5062,9614,CLOSE
13883,899,5456,CASUAL
13884,78,8691,DISTANT
13885,8115,3413,CASUAL
13886,295,9899,DISTANT
13887,1108,5301,DISTANT
13888,3869,9508,DISTANT
13889,8496,1820,CASUAL
13890,1049,4592,CASUAL
13891,4714,7953,DISTANT
13892,1983,6818,DISTANT
13893,4049,1944,CASUAL
13894,7217,7686,DISTANT
13895,1450,5971,DISTANT
13896,614,7959,CASUAL
13897,693,4836,CLOSE
13898,4284,540,DISTANT
13899,2853,7675,CLOSE
13900,1248,4060,CASUAL
13901,9164,4068,DISTANT
13902,7257,477,DISTANT
13903,4729,6962,CASUAL
13904,8538,4833,CLOSE
13905,4004,7854,DISTANT
13906,6293,6267,CASUAL
13907,809,9437,DISTANT
13908,1645,666,CLOSE
13909,2695,4082,CLOSE
13910,5465,2808,DISTANT
13911,5604,3476,DISTANT
13912,2647,398,CASUAL
13913,6883,6053,DISTANT
13914,5630,5999,CLOSE
13915,5201,3731,CASUAL
13916,7562,6138,DISTANT
13917,6591,9453,DISTANT
13918,8138,6688,CLOSE
13919,5604,4368,CASUAL
13920,8826,6560,CLOSE
13921,2241,3097,CLOSE
13922,1867,6552,CASUAL
13923,9979,6440,DISTANT
13924,6546,5020,CASUAL
13925,2623,5581,DISTANT
13926,6758,2173,CLOSE
13927,1327,7197,CLOSE
13928,7949,2198,CLOSE
13929,2119,2125,DISTANT
13930,1181,2700,DISTANT
13931,3712,4449,CASUAL
13932,6677,7833,CASUAL
13933,6872,5151,DISTANT
13934,3128,4542,CASUAL
13935,2850,9480,CLOSE
13936,2956,7026,CLOSE
13937,6319,3836,CLOSE
13938,8316,4957,CASUAL
13939,2518,9380,CLOSE
13940,3842,6455,CASUAL
13941,7254,2868,DISTANT
13942,8441,4054,CLOSE
13943,4610,5976,CASUAL
13944,7524,9752,CLOSE
13945,2233,8515,CASUAL
13946,1423,5163,CLOSE
13947,3296,1707,CLOSE
13948,5292,5094,DISTANT
13949,8670,4093,DISTANT
13950,6436,6229,CLOSE
13951,1662,8248,CLOSE
13952,453,7844,DISTANT
13953,2354,7756,CLOSE
13954,5211,6719,DISTANT
13955,3640,2827,CASUAL
13956,4605,136,CLOSE
13957,6540,7490,CLOSE
13958,7014,8497,CASUAL
13959,8357,9870,DISTANT
13960,9399,6297,DISTANT
13961,1545,7648,CLOSE
13962,7154,7171,CASUAL
13963,4935,9558,CLOSE
13964,9201,7943,DISTANT
13965,2141,6410,CLOSE
13966,8073,5789,DISTANT
13967,2761,5262,CASUAL
13968,4501,4253,CLOSE
13969,4082,5848,DISTANT
13970,8536,322,DISTANT
13971,1982,2784,DISTANT
13972,4770,4155,CASUAL
13973,6875,1117,CASUAL
13974,4260,1201,CASUAL
13975,4086,4045,CASUAL
13976,5860,8201,DISTANT
13977,5799,1314,CASUAL
13978,3349,2452,DISTANT
13979,6547,1863,CLOSE
13980,2803,9407,DISTANT
13981,9485,2144,CLOSE
13982,8893,3167,DISTANT
13983,4620,3954,CLOSE
13984,3569,1408,CLOSE
13985,1293,9180,CLOSE
13986,223,4531,DISTANT
13987,5712,6129,CASUAL
13988,7504,9050,CASUAL
13989,9998,677,DISTANT
13990,8244,4472,CLOSE
13991,3971,5813,CASUAL
13992,9011,918,CLOSE
13993,7583,6923,DISTANT
13994,3304,681,DISTANT
13995,6075,4543,CLOSE
13996,1374,5496,CLOSE
13997,6561,2714,CASUAL
13998,8130,4822,CLOSE
13999,2906,9636,CLOSE
14000,6077,9710,CLOSE
14001,9861,735,CASUAL
14002,335,8509,DISTANT
14003,7546,2645,DISTANT
14004,9014,8576,CASUAL
14005,5806,929,CLOSE
14006,1675,1713,CLOSE
14007,9318,2096,DISTANT
14008,1393,8980,CASUAL
14009,2173,980,DISTANT
14010,6215,1750,DISTANT
14011,3000,8941,CASUAL
14012,3313,9222,DISTANT
14013,1625,402,DISTANT
14014,8890,568,DISTANT
14015,7701,1852,CASUAL
14016,18,4546,DISTANT
14017,8286,8548,CASUAL
14018,690,1874,DISTANT
14019,8235,6143,DISTANT
14020,9166,5191,CASUAL
14021,5903,7501,CASUAL
14022,7026,9912,CLOSE
14023,2351,9627,CASUAL
14024,5297,8607,CLOSE
14025,357,6302,CLOSE
14026,1476,1139,CASUAL
14027,9378,5222,CLOSE
14028,9420,8805,CLOSE
14029,9172,8133,DISTANT
14030,3211,931,CASUAL
14031,3374,2642,CASUAL
14032,9485,6498,DISTANT
14033,4389,4823,CLOSE
14034,6555,4859,CLOSE
14035,3970,2263,CLOSE
14036,1350,9518,CASUAL
14037,9494,8049,CLOSE
14038,2719,2332,CASUAL
14039,1537,5314,DISTANT
14040,6534,7292,DISTANT
14041,5678,8645,CLOSE
14042,4901,9386,DISTANT
14043,1044,9629,CLOSE
14044,4971,8561,CASUAL
14045,4464,4258,CASUAL
14046,4228,1325,DISTANT
14047,4541,9194,CASUAL
14048,7747,7063,CLOSE
14049,399,5889,CLOSE
14050,4266,1487,DISTANT
14051,6380,6956,DISTANT
14052,9018,130,CLOSE
14053,8417,5777,CLOSE
14054,9359,6150,CASUAL
14055,8024,2245,CASUAL
14056,6868,6062,CASUAL
14057,8210,1027,CLOSE
14058,9631,8724,CASUAL
14059,9272,7593,CASUAL
14060,4277,8388,CLOSE
14061,2382,2047,CASUAL
14062,9872,4258,CLOSE
14063,8774,2529,CASUAL
14064,2738,3781,CLOSE
14065,4560,3455,CASUAL
14066,5353,4743,DISTANT
14067,1566,1199,CASUAL
14068,2426,4515,DISTANT
14069,5939,2255,CASUAL
14070,8950,4138,CASUAL
14071,2165,9349,CASUAL
14072,1153,4917,DISTANT
14073,7916,692,DISTANT
14074,5637,8227,DISTANT
14075,2985,2413,CASUAL
14076,8917,3503,DISTANT
14077,2580,1455,CASUAL
14078,7153,7817,DISTANT
14079,4360,2027,CASUAL
14080,1913,2632,DISTANT
14081,1958,4976,DISTANT
14082,6106,7103,CASUAL
14083,2086,1862,DISTANT
14084,470,2492,DISTANT
14085,699,8200,DISTANT
14086,5620,3683,DISTANT
14087,5271,2931,DISTANT
14088,3580,3608,CASUAL
14089,2332,250,CLOSE
14090,2727,2535,DISTANT
14091,8583,4931,CASUAL
14092,6420,5767,CASUAL
14093,8766,6022,DISTANT
14094,6942,5126,DISTANT
14095,9704,529,CLOSE
14096,9194,8291,CLOSE
14097,9102,6951,DISTANT
14098,7718,6915,CASUAL
14099,6286,3943,DISTANT
14100,6493,2435,CLOSE
14101,606,4657,CASUAL
14102,7000,7162,CLOSE
14103,5901,5017,DISTANT
14104,8721,7047,CLOSE
14105,2881,1996,CASUAL
14106,8750,818,DISTANT
14107,302,8113,DISTANT
14108,9942,5671,CLOSE
14109,9725,8608,CASUAL
14110,8651,3143,CLOSE
14111,3586,6129,CASUAL
14112,9633,2669,CLOSE
14113,8445,10,CLOSE
14114,2158,5528,DISTANT
14115,4455,1209,CLOSE
14116,9316,6700,CLOSE
14117,1419,3787,CLOSE
14118,5387,2413,DISTANT
14119,5518,2223,DISTANT
14120,1643,2062,CASUAL
14121,8781,9510,CLOSE
14122,5867,7013,CLOSE
14123,3467,8427,CLOSE
14124,9901,2078,CASUAL
14125,6637,3625,CLOSE
14126,2950,3425,CLOSE
14127,1588,1312,DISTANT
14128,7125,4793,CLOSE
14129,2477,9140,CLOSE
14130,2168,8726,CASUAL
14131,6330,6303,DISTANT
14132,5710,487,DISTANT
14133,4069,2212,CASUAL
14134,2200,1719,CASUAL
14135,3505,4189,CLOSE
14136,9978,3678,CLOSE
14137,3340,1078,CLOSE
14138,6323,8269,CASUAL
14139,9880,7735,CASUAL
14140,829,6766,CASUAL
14141,7209,4149,CLOSE
14142,9285,695,DISTANT
14143,3021,7660,CLOSE
14144,1601,5401,DISTANT
14145,9787,7745,CLOSE
14146,4305,6844,CLOSE
14147,649,2400,DISTANT
14148,1898,7389,CLOSE
14149,5044,4668,DISTANT
14150,4218,8363,DISTANT
14151,272,2965,DISTANT
14152,2378,280,DISTANT
14153,9336,3958,CLOSE
14154,1096,1343,DISTANT
14155,8669,592,CASUAL
14156,3528,7251,DISTANT
14157,2230,566,CASUAL
14158,1635,5859,DISTANT
14159,6024,2448,CLOSE
14160,7838,4890,CASUAL
14161,2245,848,CASUAL
14162,3416,2918,DISTANT
14163,695,3949,CASUAL
14164,2658,642,CLOSE
14165,9754,519,DISTANT
14166,7366,3725,CASUAL
14167,3682,1911,CASUAL
14168,1492,8517,DISTANT
14169,3075,7447,CASUAL
14170,5055,9392,DISTANT
14171,8028,5104,DISTANT
14172,4582,4813,CLOSE
14173,6554,5530,CASUAL
14174,7175,2822,DISTANT
14175,7319,655,CASUAL
14176,436,9400,CLOSE
14177,3245,5266,CASUAL
14178,9455,9248,CASUAL
14179,9395,3409,DISTANT
14180,8559,8226,CASUAL
14181,6465,9041,CLOSE
14182,2470,980,CASUAL
14183,9164,4546,CASUAL
14184,1736,2604,DISTANT
14185,1353,7307,DISTANT
14186,9125,4644,CASUAL
14187,5294,7369,DISTANT
14188,4216,4636,CASUAL
14189,534,5390,CLOSE
14190,6790,8875,DISTANT
14191,1927,5393,CASUAL
14192,8570,3059,CLOSE
14193,2873,5649,DISTANT
14194,9270,1538,CLOSE
14195,181,4387,CASUAL
14196,6299,2497,CLOSE
14197,7987,6255,CLOSE
14198,5536,2197,CLOSE
14199,9870,4563,CLOSE
14200,4301,6764,CLOSE
14201,4691,6058,CLOSE
14202,7025,5568,CLOSE
14203,5095,3370,DISTANT
14204,5516,2083,CLOSE
14205,9591,6530,CASUAL
14206,7830,5976,CLOSE
14207,6260,4854,CLOSE
14208,8090,3716,CLOSE
14209,1920,7711,CLOSE
14210,8783,4686,CLOSE
14211,6490,2777,CASUAL
14212,1611,5943,CASUAL
14213,2435,582,CASUAL
14214,4794,8144,CASUAL
14215,4747,454,CASUAL
14216,7382,4656,CASUAL
14217,3625,9739,DISTANT
14218,6707,7987,CASUAL
14219,6190,3978,CASUAL
14220,9460,3622,CASUAL
14221,1643,7828,CASUAL
14222,1862,6256,DISTANT
14223,6516,4280,DISTANT
14224,3574,2584,DISTANT
14225,7330,367,DISTANT
14226,8393,9999,CASUAL
14227,2431,1062,CASUAL
14228,9448,5132,CASUAL
14229,278,1684,CLOSE
14230,1783,3451,CASUAL
14231,6411,2712,CLOSE
14232,4974,8155,CLOSE
14233,9670,1060,DISTANT
14234,6818,8006,CLOSE
14235,8105,295,CLOSE
14236,1913,2550,DISTANT
14237,1732,5917,DISTANT
14238,9139,6798,CASUAL
14239,4807,6385,DISTANT
14240,7734,1738,CASUAL
14241,4245,2374,CLOSE
14242,1056,1457,DISTANT
14243,9157,6259,DISTANT
14244,2586,8182,CLOSE
14245,5566,4740,CASUAL
14246,6098,33,CASUAL
14247,332,5838,DISTANT
14248,1889,1428,CASUAL
14249,73,3551,CASUAL
14250,2171,1367,CASUAL
14251,6054,2993,CASUAL
14252,9029,3253,DISTANT
14253,4363,3552,CASUAL
14254,6946,5608,CASUAL
14255,2211,2435,CLOSE
14256,400,4519,CLOSE
14257,2585,7808,CLOSE
14258,6304,6404,CLOSE
14259,228,5900,CLOSE
14260,1313,6605,CASUAL
14261,1275,5909,CLOSE
14262,8813,6372,CLOSE
14263,9792,5279,CLOSE
14264,5809,731,DISTANT
14265,4777,1326,CLOSE
14266,2006,4592,CLOSE
14267,9211,9815,DISTANT
14268,5725,8892,DISTANT
14269,949,7542,CLOSE
14270,8889,9928,CASUAL
14271,6987,5919,CLOSE
14272,2941,1141,CLOSE
14273,4046,6950,CASUAL
14274,3978,8505,CLOSE
14275,1516,4676,CASUAL
14276,3676,2676,DISTANT
14277,2179,3510,CLOSE
14278,9796,9899,CASUAL
14279,230,5927,DISTANT
14280,7423,2384,CASUAL
14281,8559,7760,CLOSE
14282,9879,887,DISTANT
14283,3813,1456,DISTANT
14284,2,177,CLOSE
14285,2685,5131,CLOSE
14286,2102,7549,CLOSE
14287,7836,7250,CLOSE
14288,2204,8861,CLOSE
14289,3045,5597,CASUAL
14290,3981,3010,CLOSE
14291,5558,6035,CASUAL
14292,828,60,CLOSE
14293,299,9786,CLOSE
14294,6332,8280,CASUAL
14295,7499,4207,CLOSE
14296,7959,4896,CASUAL
14297,867,6107,CLOSE
14298,6614,4611,CASUAL
14299,2293,7304,CLOSE
14300,9769,1097,DISTANT
14301,1065,9380,CLOSE
14302,3,811,DISTANT
14303,1789,3668,DISTANT
14304,4155,1937,CASUAL
14305,3438,7531,CASUAL
14306,9287,7617,DISTANT
14307,7745,5601,CASUAL
14308,6030,3909,CASUAL
14309,1603,8217,CLOSE
14310,1334,9144,CLOSE
14311,2559,9178,CLOSE
14312,8098,9734,CASUAL
14313,2152,9816,DISTANT
14314,1804,6346,CLOSE
14315,5107,1921,DISTANT
14316,2674,1492,DISTANT
14317,2412,4426,DISTANT
14318,3977,5779,CLOSE
14319,4484,2707,DISTANT
14320,5392,8935,CLOSE
14321,6774,9928,CASUAL
14322,5393,4721,DISTANT
14323,4716,186,CLOSE
14324,7524,1822,CASUAL
14325,8822,2834,CLOSE
14326,6760,8259,CLOSE
14327,5018,950,DISTANT
14328,2010,1598,DISTANT
14329,5760,1848,DISTANT
14330,1134,4299,CLOSE
14331,2738,9912,CASUAL
14332,1522,3478,CLOSE
14333,8908,1256,CASUAL
14334,6735,4986,CASUAL
14335,5115,6660,CLOSE
14336,3770,7508,CLOSE
14337,8940,9497,CLOSE
14338,2273,3302,CLOSE
14339,5829,3144,CLOSE
14340,9209,558,DISTANT
14341,7907,4637,CASUAL
14342,6592,8006,CASUAL
14343,7458,3378,CLOSE
14344,9899,316,CLOSE
14345,1535,9486,DISTANT
14346,2023,4146,DISTANT
14347,9813,9982,CLOSE
14348,4756,2786,CLOSE
14349,6079,2757,CASUAL
14350,1128,9370,CASUAL
14351,7275,3747,CLOSE
14352,169,9437,DISTANT
14353,1992,6230,CLOSE
14354,9747,5765,DISTANT
14355,7847,8546,CASUAL
14356,2599,3484,DISTANT
14357,3409,9437,CLOSE
14358,2997,2163,CASUAL
14359,982,2190,CASUAL
14360,1307,3668,CLOSE
14361,4598,5587,DISTANT
14362,643,3033,CASUAL
14363,7208,3393,CLOSE
14364,9078,1425,CASUAL
14365,4984,7693,CLOSE
14366,6548,9591,DISTANT
14367,9193,7818,DISTANT
14368,975,2926,CLOSE
14369,3836,5845,DISTANT
14370,5581,211,CASUAL
14371,4260,5366,CLOSE
14372,9877,2144,DISTANT
14373,5698,1942,CASUAL
14374,8397,5314,CLOSE
14375,6947,1170,DISTANT
14376,2390,2804,CLOSE
14377,2979,9045,CASUAL
14378,4054,8736,CASUAL
14379,6493,4762,DISTANT
14380,8875,5020,CASUAL
14381,2968,6573,CLOSE
14382,6026,2229,CASUAL
14383,5450,819,CLOSE
14384,5681,5533,CLOSE
14385,6889,4331,DISTANT
14386,2947,4646,DISTANT
14387,7519,7869,CLOSE
14388,2595,4508,DISTANT
14389,6371,9529,CLOSE
14390,1510,581,CASUAL
14391,2185,4836,CLOSE
14392,6927,8790,CLOSE
14393,8564,5322,CASUAL
14394,152,4527,CLOSE
14395,7043,3006,CLOSE
14396,9590,1069,DISTANT
14397,922,7315,CASUAL
14398,665,2757,DISTANT
14399,108,8929,CASUAL
14400,5704,5084,DISTANT
14401,6537,4980,DISTANT
14402,4182,1007,DISTANT
14403,8187,7652,CASUAL
14404,8967,640,DISTANT
14405,4062,4909,CASUAL
14406,7705,4365,CASUAL
14407,4014,3266,CASUAL
14408,8940,8636,CLOSE
14409,4370,8884,DISTANT
14410,9145,6699,CLOSE
14411,3398,5115,CASUAL
14412,6045,4856,DISTANT
14413,6748,6910,CLOSE
14414,8260,4228,CLOSE
14415,8334,4360,CLOSE
14416,3958,7966,CLOSE
14417,7281,9303,DISTANT
14418,262,6474,CASUAL
14419,6261,8132,DISTANT
14420,4910,3858,DISTANT
14421,4206,5641,CASUAL
14422,800,7246,CASUAL
14423,5021,4555,DISTANT
14424,5606,8404,DISTANT
14425,362,9618,CLOSE
14426,9001,2658,DISTANT
14427,6893,7204,CASUAL
14428,3675,8229,CASUAL
14429,1448,3614,DISTANT
14430,4854,1274,CLOSE
14431,9782,9012,CLOSE
14432,4006,8597,CASUAL
14433,1681,1734,DISTANT
14434,401,899,DISTANT
14435,9360,9319,DISTANT
14436,7515,6230,CASUAL
14437,92,9550,DISTANT
14438,5181,3380,DISTANT
14439,1725,2285,CASUAL
14440,7784,823,CASUAL
14441,8014,3935,CASUAL
14442,715,1652,CASUAL
14443,3553,4632,CASUAL
14444,9218,8838,CLOSE
14445,891,9050,CASUAL
14446,377,87,DISTANT
14447,5490,6289,CASUAL
14448,9148,6162,DISTANT
14449,7672,1534,CLOSE
14450,4045,1389,CLOSE
14451,5489,5445,DISTANT
14452,6462,8864,CLOSE
14453,611,5134,DISTANT
14454,6142,5337,DISTANT
14455,5711,5426,CLOSE
14456,7296,3146,DISTANT
14457,1925,2217,CLOSE
14458,7709,5057,DISTANT
14459,3840,5235,CLOSE
14460,9162,1999,DISTANT
14461,7368,6674,CLOSE
14462,511,5886,CASUAL
14463,9202,7691,CASUAL
14464,1559,8536,DISTANT
14465,8440,152,CASUAL
14466,9620,1187,DISTANT
14467,9593,3674,CLOSE
14468,582,6629,CLOSE
14469,7326,5933,CASUAL
14470,7036,7199,CLOSE
14471,8821,2845,CASUAL
14472,8301,8662,CASUAL
14473,6863,3061,DISTANT
14474,2274,5934,CASUAL
14475,1654,2585,CASUAL
14476,4110,9412,CASUAL
14477,7387,9364,CASUAL
14478,206,284,DISTANT
14479,3731,5926,CLOSE
14480,4706,1566,CLOSE
14481,7667,1412,CASUAL
14482,9644,6946,CASUAL
14483,6155,5057,CASUAL
14484,1091,3249,CLOSE
14485,9642,286,CASUAL
14486,6376,8951,DISTANT
14487,1187,296,DISTANT
14488,8689,1192,CLOSE
14489,8760,6681,CLOSE
14490,2083,6674,CASUAL
14491,454,822,DISTANT
14492,5574,5591,DISTANT
14493,2900,5187,CLOSE
14494,257,371,CLOSE
14495,467,8915,DISTANT
14496,2205,3302,DISTANT
14497,2295,4094,CASUAL
14498,7818,7719,DISTANT
14499,8017,5904,CASUAL
14500,3169,1805,DISTANT
14501,1722,1947,CLOSE
14502,2780,2385,CLOSE
14503,7642,5431,CASUAL
14504,4252,1135,DISTANT
14505,939,8306,CLOSE
14506,8908,331,DISTANT
14507,7119,1082,DISTANT
14508,3204,5942,CLOSE
14509,7512,3038,DISTANT
14510,6032,1653,CLOSE
14511,316,4641,DISTANT
14512,6155,9345,CLOSE
14513,316,1833,DISTANT
14514,386,8165,CASUAL
14515,3259,979,CLOSE
14516,2124,3920,CLOSE
14517,7661,2467,DISTANT
14518,954,3690,DISTANT
14519,3205,2352,CLOSE
14520,2110,4716,CLOSE
14521,824,3145,CASUAL
14522,4140,1180,CASUAL
14523,472,3757,DISTANT
14524,4300,7532,CLOSE
14525,7370,9220,CLOSE
14526,4311,236,DISTANT
14527,8166,1973,CASUAL
14528,4385,4884,DISTANT
14529,6426,6677,DISTANT
14530,4311,4848,CASUAL
14531,1683,3492,DISTANT
14532,7874,3141,CLOSE
14533,9370,7054,CASUAL
14534,5401,1946,DISTANT
14535,6458,7701,CASUAL
14536,214,6088,CLOSE
14537,3235,9571,CLOSE
14538,8379,9964,CLOSE
14539,437,5854,DISTANT
14540,174,1485,DISTANT
14541,8369,414,CLOSE
14542,1847,1670,DISTANT
14543,9073,307,DISTANT
14544,6583,28,DISTANT
14545,9467,4021,DISTANT
14546,5539,5197,CASUAL
14547,5933,3419,DISTANT
14548,9390,4346,DISTANT
14549,5315,7574,CLOSE
14550,814,6799,DISTANT
14551,5537,1955,CLOSE
14552,5458,2390,CLOSE
14553,856,8744,CASUAL
14554,4089,3179,DISTANT
14555,1297,5115,CLOSE
14556,6409,7741,CASUAL
14557,9420,3745,CLOSE
14558,2275,9135,DISTANT
14559,4976,1042,CASUAL
14560,502,2423,CLOSE
14561,9801,3141,CASUAL
14562,711,7673,CLOSE
14563,9349,9817,CLOSE
14564,1153,575,CASUAL
14565,9023,7665,CASUAL
14566,5693,3464,DISTANT
14567,3467,2170,CLOSE
14568,8976,679,CLOSE
14569,8826,7730,DISTANT
14570,4356,6706,CASUAL
14571,4455,713,CASUAL
14572,9311,6213,CLOSE
14573,316,6489,CASUAL
14574,4173,3272,CLOSE
14575,2131,8342,DISTANT
14576,4769,9248,CASUAL
14577,7472,4327,CASUAL
14578,5651,5353,CASUAL
14579,3589,5416,CLOSE
14580,7535,1968,CLOSE
14581,700,622,CLOSE
14582,6946,9481,CLOSE
14583,42,643,DISTANT
14584,4867,4906,CASUAL
14585,9113,116,CLOSE
14586,5981,3435,CLOSE
14587,436,4281,CASUAL
14588,2663,305,CLOSE
14589,8208,7520,CLOSE
14590,7433,8187,CASUAL
14591,4170,8300,DISTANT
14592,1492,1076,CLOSE
14593,5780,7685,DISTANT
14594,7779,4402,DISTANT
14595,3553,5753,CASUAL
14596,7059,2068,CASUAL
14597,4470,8575,DISTANT
14598,527,6611,CASUAL
14599,5963,7030,DISTANT
14600,9400,6805,CASUAL
14601,7000,784,DISTANT
14602,6376,3863,CLOSE
14603,6447,641,CLOSE
14604,4416,8033,DISTANT
14605,7635,465,CLOSE
14606,454,5433,CLOSE
14607,7761,5134,CASUAL
14608,6236,4857,CASUAL
14609,9422,8464,DISTANT
14610,1098,5869,CLOSE
14611,5068,4906,DISTANT
14612,6647,6558,DISTANT
14613,6856,2446,DISTANT
14614,9275,5699,CASUAL
14615,9966,4249,CLOSE
14616,3567,1305,CASUAL
14617,7423,8370,CASUAL
14618,4226,7940,DISTANT
14619,336,8099,CLOSE
14620,9715,1995,CASUAL
14621,9264,8805,CLOSE
14622,8873,3339,CASUAL
14623,8094,3080,DISTANT
14624,1028,4555,DISTANT
14625,266,5362,CLOSE
14626,6262,3215,CLOSE
14627,3147,1473,CASUAL
14628,8716,2461,CASUAL
14629,4365,9223,CLOSE
14630,5413,8577,CASUAL
14631,5492,4638,CLOSE
14632,8705,2615,CLOSE
14633,7934,6849,CASUAL
14634,4601,6195,CASUAL
14635,2916,4833,DISTANT
14636,7233,6781,DISTANT
14637,4443,8026,CLOSE
14638,8954,7233,CASUAL
14639,8410,3990,DISTANT
14640,7486,9583,CLOSE
14641,9737,3691,CASUAL
14642,3152,9474,DISTANT
14643,3687,4330,CLOSE
14644,2122,7785,CLOSE
14645,6989,8239,DISTANT
14646,2293,8204,CLOSE
14647,3858,5247,DISTANT
14648,9094,5166,CASUAL
14649,8672,3347,CLOSE
14650,7847,6060,DISTANT
14651,1248,6865,CASUAL
14652,1386,8726,CASUAL
14653,9537,9435,DISTANT
14654,962,7716,CLOSE
14655,1129,1544,CLOSE
14656,5427,2847,DISTANT
14657,1558,69,DISTANT
14658,8509,7979,DISTANT
14659,9708,7197,CLOSE
14660,4046,4708,CLOSE
14661,673,9215,CLOSE
14662,6645,9372,DISTANT
14663,6359,6154,DISTANT
14664,1501,3434,DISTANT
14665,1703,9477,CASUAL
14666,4368,4017,CASUAL
14667,7817,8032,CASUAL
14668,806,8145,CASUAL
14669,969,2467,CLOSE
14670,8278,4765,CASUAL
14671,5066,8505,CLOSE
14672,8389,6841,CLOSE
14673,8585,8469,DISTANT
14674,9293,7341,CLOSE
14675,6535,99,CASUAL
14676,1523,474,CLOSE
14677,9039,100,CASUAL
14678,5881,8773,CASUAL
14679,2747,9037,CLOSE
14680,8104,8389,CASUAL
14681,7849,2363,CLOSE
14682,8589,831,DISTANT
14683,4392,3047,CASUAL
14684,9447,753,CLOSE
14685,6412,8971,DISTANT
14686,8849,1915,CLOSE
14687,9197,8354,CLOSE
14688,2176,8086,DISTANT
14689,3701,3525,CASUAL
14690,3714,7446,CASUAL
14691,4760,2776,DISTANT
14692,4629,3792,CASUAL
14693,5254,1684,CASUAL
14694,2020,6718,DISTANT
14695,9767,6864,CLOSE
14696,6801,3837,DISTANT
14697,3456,3439,CLOSE
14698,9527,4173,CASUAL
14699,3094,5614,CLOSE
14700,4526,8119,CASUAL
14701,399,9380,CLOSE
14702,8457,2151,CASUAL
14703,9065,1074,CLOSE
14704,6475,4370,CLOSE
14705,6194,3373,CASUAL
14706,3546,2585,CASUAL
14707,1527,2160,DISTANT
14708,3392,7857,DISTANT
14709,2752,8044,CASUAL
14710,6789,2902,CLOSE
14711,2552,981,CASUAL
14712,4165,8166,DISTANT
14713,466,6842,DISTANT
14714,1250,7716,DISTANT
14715,1696,6285,DISTANT
14716,3425,6122,DISTANT
14717,8959,6027,DISTANT
14718,2891,9040,DISTANT
14719,345,2608,DISTANT
14720,1291,4244,CASUAL
14721,9441,3194,CASUAL
14722,4404,3614,DISTANT
14723,2081,420,CLOSE
14724,9398,1934,CLOSE
14725,2148,6991,CASUAL
14726,3085,5008,CLOSE
14727,4305,9556,CASUAL
14728,6649,4893,CLOSE
14729,6723,5844,DISTANT
14730,2082,3926,DISTANT
14731,5530,4987,CASUAL
14732,4497,9091,CASUAL
14733,5788,3368,CLOSE
14734,7177,9125,CLOSE
14735,1364,3468,CASUAL
14736,1954,5748,CASUAL
14737,3229,7037,DISTANT
14738,5449,9688,DISTANT
14739,7581,3014,CLOSE
14740,6428,2960,CLOSE
14741,8484,4271,CLOSE
14742,9446,8717,CASUAL
14743,6096,2367,CASUAL
14744,6653,3154,CLOSE
14745,4491,7546,DISTANT
14746,3822,6918,DISTANT
14747,7211,5363,DISTANT
14748,2120,8504,CLOSE
14749,6756,3921,CLOSE
14750,7281,3605,CASUAL
14751,6906,6444,CLOSE
14752,9165,8010,CASUAL
14753,3567,3236,CLOSE
14754,4882,7631,CLOSE
14755,6332,7052,CASUAL
14756,6572,5806,DISTANT
14757,3649,5700,CLOSE
14758,2721,4609,CLOSE
14759,607,5469,CLOSE
14760,3418,2885,CASUAL
14761,2537,4637,CASUAL
14762,7836,8482,DISTANT
14763,3137,6068,CLOSE
14764,8626,2689,DISTANT
14765,3974,1082,CASUAL
14766,2397,7645,DISTANT
14767,4976,8999,DISTANT
14768,156,5776,CLOSE
14769,1666,7200,DISTANT
14770,8215,6597,DISTANT
14771,5246,7447,DISTANT
14772,434,9641,CLOSE
14773,2677,8140,DISTANT
14774,6968,6362,CASUAL
14775,7121,5303,DISTANT
14776,3582,764,CASUAL
14777,4538,7235,CLOSE
14778,4081,9728,CLOSE
14779,9040,6930,CLOSE
14780,5212,8001,CASUAL
14781,3409,8766,CLOSE
14782,6705,1486,DISTANT
14783,8201,396,CASUAL
14784,7352,2552,CLOSE
14785,3086,66,DISTANT
14786,1586,1408,CASUAL
14787,4810,8325,DISTANT
14788,3788,4712,CASUAL
14789,2153,2527,DISTANT
14790,3357,4464,CLOSE
14791,7513,9176,DISTANT
14792,8368,5887,DISTANT
14793,6010,4884,CLOSE
14794,8418,8622,CASUAL
14795,61,5612,CASUAL
14796,5966,3161,DISTANT
14797,4555,8182,CLOSE
14798,5690,3437,DISTANT
14799,990,9164,CLOSE
14800,139,9982,CLOSE
14801,2790,9767,CLOSE
14802,8892,8981,CLOSE
14803,9242,2612,DISTANT
14804,5032,112,CASUAL
14805,4789,3458,CASUAL
14806,5767,775,CLOSE
14807,6939,6182,DISTANT
14808,5294,2346,DISTANT
14809,6385,978,CLOSE
14810,9210,7677,CLOSE
14811,8599,7515,DISTANT
14812,1975,3344,CLOSE
14813,4077,316,CASUAL
14814,9204,784,CASUAL
14815,1678,1366,CASUAL
14816,4626,8407,DISTANT
14817,1889,6150,CASUAL
14818,4384,6160,CLOSE
14819,6591,7702,DISTANT
14820,3992,3643,DISTANT
14821,6738,3310,CASUAL
14822,120,5906,CASUAL
14823,4037,1694,CLOSE
14824,6774,8835,CASUAL
14825,7780,1700,CASUAL
14826,1466,7215,CLOSE
14827,985,9010,CLOSE
14828,4438,1743,DISTANT
14829,7041,8867,CLOSE
14830,8629,3685,CASUAL
14831,3324,7021,CASUAL
14832,8712,6436,DISTANT
14833,7751,1017,CASUAL
14834,7236,7347,CLOSE
14835,1235,2164,CASUAL
14836,5363,7985,DISTANT
14837,5112,4316,DISTANT
14838,4195,9865,CASUAL
14839,968,2068,CLOSE
14840,2822,5829,CASUAL
14841,8936,8604,CASUAL
14842,4846,8771,DISTANT
14843,7613,7849,DISTANT
14844,8809,3215,CASUAL
14845,9377,114,CLOSE
14846,8796,1342,CLOSE
14847,3927,2381,CASUAL
14848,8541,2360,CASUAL
14849,7836,6525,CLOSE
14850,8865,7326,DISTANT
14851,9874,2562,DISTANT
14852,8472,932,CLOSE
14853,9737,2448,CLOSE
14854,8910,117,CLOSE
14855,5862,8582,CASUAL
14856,7010,6493,CASUAL
14857,5607,8863,CASUAL
14858,3363,8263,CLOSE
14859,2681,3570,CASUAL
14860,7062,7885,CLOSE
14861,2636,1506,CLOSE
14862,3686,4057,CASUAL
14863,4120,1133,DISTANT
14864,1424,5007,CASUAL
14865,275,1509,CLOSE
14866,1811,7742,CASUAL
14867,9179,7856,CASUAL
14868,5114,7933,DISTANT
14869,8071,5459,CASUAL
14870,3977,3599,DISTANT
14871,6460,8758,DISTANT
14872,6903,2282,CASUAL
14873,1726,8650,DISTANT
14874,3750,9900,DISTANT
14875,7643,5419,CASUAL
14876,757,6111,CASUAL
14877,634,6351,CLOSE
14878,4146,8050,CLOSE
14879,7146,2445,DISTANT
14880,8831,8608,CLOSE
14881,5639,5450,CLOSE
14882,5414,9752,DISTANT
14883,103,2399,CASUAL
14884,1815,7163,DISTANT
14885,3831,5388,CLOSE
14886,1953,3377,DISTANT
14887,7315,4308,CLOSE
14888,9040,2576,CLOSE
14889,4037,9072,CASUAL
14890,7516,8715,CASUAL
14891,5446,4549,CASUAL
14892,6429,2886,CLOSE
14893,6434,4995,CASUAL
14894,1775,4998,CASUAL
14895,667,505,CASUAL
14896,1701,4853,CASUAL
14897,8343,7204,CASUAL
14898,2494,8046,DISTANT
14899,8736,956,DISTANT
14900,9697,3024,CASUAL
14901,7195,9380,DISTANT
14902,3101,4809,CASUAL
14903,7821,4370,DISTANT
14904,1327,530,CLOSE
14905,6136,2656,CLOSE
14906,4140,7769,CASUAL
14907,5892,4931,CASUAL
14908,272,5203,CASUAL
14909,1867,5010,CLOSE
14910,3124,4517,DISTANT
14911,2601,2805,CLOSE
14912,3281,9571,DISTANT
14913,9547,9757,CLOSE
14914,3408,932,CASUAL
14915,8830,4627,CLOSE
14916,6003,8500,DISTANT
14917,9250,6965,DISTANT
14918,6438,6811,CLOSE
14919,8542,3113,CLOSE
14920,1436,1588,CASUAL
14921,1301,8937,CLOSE
14922,1472,4164,CASUAL
14923,2625,8010,CLOSE
14924,1922,6567,DISTANT
14925,8390,5060,DISTANT
14926,4171,1373,DISTANT
14927,1817,1447,DISTANT
14928,8448,5446,CASUAL
14929,8264,3986,CLOSE
14930,4058,9658,DISTANT
14931,7196,44,CLOSE
14932,1273,8798,CLOSE
14933,9898,7856,CLOSE
14934,3404,4174,CASUAL
14935,3564,2714,CLOSE
14936,6190,3865,DISTANT
14937,9804,4214,CLOSE
14938,6853,2815,DISTANT
14939,9119,2923,CLOSE
14940,841,7727,CLOSE
14941,3131,3485,CLOSE
14942,7765,9436,CASUAL
14943,305,7140,CASUAL
14944,7909,5700,CLOSE
14945,824,5892,CLOSE
14946,6074,608,DISTANT
14947,2947,8728,CASUAL
14948,7693,7890,DISTANT
14949,4408,2307,CASUAL
14950,1503,145,CLOSE
14951,1271,1594,CLOSE
14952,2157,343,CASUAL
14953,8054,7918,DISTANT
14954,843,3861,CLOSE
14955,5401,4433,DISTANT
14956,9929,1059,DISTANT
14957,4715,417,DISTANT
14958,9386,710,CASUAL
14959,2961,3573,CLOSE
14960,7728,1179,CASUAL
14961,8210,4527,DISTANT
14962,9907,639,CLOSE
14963,9600,4973,CLOSE
14964,4932,8709,CLOSE
14965,7654,5806,CLOSE
14966,1359,5299,DISTANT
14967,466,3372,CASUAL
14968,8949,8342,CLOSE
14969,9421,2769,CLOSE
14970,6364,5698,CLOSE
14971,984,6181,CLOSE
14972,3956,8108,CLOSE
14973,5563,3516,CASUAL
14974,2670,9780,CLOSE
14975,151,6431,CASUAL
14976,2134,5998,CLOSE
14977,6664,1392,CASUAL
14978,2346,9393,DISTANT
14979,6265,6730,CLOSE
14980,9007,5669,CASUAL
14981,4960,7905,CLOSE
14982,7562,4878,DISTANT
14983,5274,5670,DISTANT
14984,5323,95,DISTANT
14985,7869,490,CLOSE
14986,2057,6293,CASUAL
14987,6264,3153,CASUAL
14988,6111,8120,CASUAL
14989,6038,6263,CLOSE
14990,8064,4252,CASUAL
14991,1578,7857,DISTANT
14992,8169,6088,CLOSE
14993,9531,8745,CLOSE
14994,517,4122,CLOSE
14995,5797,4424,CASUAL
14996,4235,3659,CASUAL
14997,7311,4322,CLOSE
14998,6275,4195,CLOSE
14999,218,911,CLOSE
15000,2565,2038,CASUAL
15001,2900,4070,CLOSE
15002,3415,5785,DISTANT
15003,6602,9075,CLOSE
15004,3409,542,CASUAL
15005,1542,8050,CASUAL
15006,8826,809,CASUAL
15007,8316,8401,CASUAL
15008,209,9159,DISTANT
15009,7171,5240,CLOSE
15010,5413,922,DISTANT
15011,8709,9114,CASUAL
15012,562,326,CLOSE
15013,3083,8459,DISTANT
15014,7876,5089,CLOSE
15015,8421,6115,DISTANT
15016,257,2709,DISTANT
15017,3200,5166,DISTANT
15018,4279,7182,CASUAL
15019,6648,1259,CASUAL
15020,7653,8932,CLOSE
15021,2065,8378,DISTANT
15022,1687,4874,DISTANT
15023,8488,7924,DISTANT
15024,6583,5288,DISTANT
15025,5957,3258,CLOSE
15026,1168,2760,DISTANT
15027,9623,1640,CLOSE
15028,7148,564,CASUAL
15029,8010,8070,CASUAL
15030,9003,511,CASUAL
15031,9312,9479,DISTANT
15032,261,4428,CLOSE
15033,6160,6776,CASUAL
15034,7054,3536,CLOSE
15035,5174,707,CASUAL
15036,9544,8722,CLOSE
15037,6551,2190,CLOSE
15038,5016,9693,DISTANT
15039,1697,448,DISTANT
15040,2417,9573,CLOSE
15041,2018,7133,CLOSE
15042,5329,9723,CLOSE
15043,9050,253,CLOSE
15044,1473,4378,CLOSE
15045,6455,849,DISTANT
15046,8578,9511,CASUAL
15047,821,2810,CASUAL
15048,9898,3395,CASUAL
15049,5476,7697,DISTANT
15050,3748,6873,CASUAL
15051,8812,197,DISTANT
15052,69,4846,CLOSE
15053,2372,1117,DISTANT
15054,8013,4515,CLOSE
15055,4295,2483,CASUAL
15056,9844,7542,CLOSE
15057,3174,9976,CLOSE
15058,6403,9266,CLOSE
15059,5973,2881,CLOSE
15060,7317,1233,DISTANT
15061,9131,7092,CLOSE
15062,5174,9091,CASUAL
15063,9054,4487,CASUAL
15064,1441,5799,DISTANT
15065,31,7317,DISTANT
15066,8495,6308,CASUAL
15067,3692,587,CASUAL
15068,8142,6786,DISTANT
15069,6003,5692,DISTANT
15070,5969,456,DISTANT
15071,1697,3819,CASUAL
15072,4001,7197,DISTANT
15073,3208,6788,CLOSE
15074,8025,9992,CLOSE
15075,3656,1766,CASUAL
15076,5879,6073,DISTANT
15077,7522,7754,CLOSE
15078,6404,7120,DISTANT
15079,3338,399,CASUAL
15080,453,3698,CASUAL
15081,5669,6996,CASUAL
15082,3161,3527,CLOSE
15083,4599,6689,CLOSE
15084,2949,5301,CASUAL
15085,4230,3147,CASUAL
15086,2050,1043,DISTANT
15087,2565,2503,CASUAL
15088,1853,6643,CLOSE
15089,5690,3365,CASUAL
15090,5537,9302,DISTANT
15091,3039,2718,CASUAL
15092,2174,1497,CLOSE
15093,3997,2043,CLOSE
15094,2784,3373,CLOSE
15095,3880,1648,CLOSE
15096,1929,3540,CASUAL
15097,3439,6136,CASUAL
15098,103,4928,CLOSE
15099,7449,5386,CASUAL
15100,9195,8200,CASUAL
15101,6992,4058,CLOSE
15102,7174,3015,CASUAL
15103,2717,4112,CASUAL
15104,1423,9121,DISTANT
15105,3923,9044,CLOSE
15106,7006,3637,CASUAL
15107,8152,6842,CASUAL
15108,2386,5058,DISTANT
15109,1575,5294,CASUAL
15110,5281,9315,CASUAL
15111,5728,8146,CASUAL
15112,2151,1435,CLOSE
15113,204,6838,CASUAL
15114,1179,1059,DISTANT
15115,3994,3517,CASUAL
15116,3765,4166,CASUAL
15117,3353,9412,CASUAL
15118,3682,4870,CASUAL
15119,6563,2932,CLOSE
15120,893,9498,DISTANT
15121,2899,6806,CASUAL
15122,9505,6804,DISTANT
15123,1930,6137,CLOSE
15124,4972,3596,DISTANT
15125,5901,4175,DISTANT
15126,2034,9319,CLOSE
15127,7434,994,CLOSE
15128,415,9986,DISTANT
15129,6055,3756,CLOSE
15130,4350,6285,DISTANT
15131,793,1210,CLOSE
15132,5066,6962,CLOSE
15133,5602,5600,DISTANT
15134,5390,2582,CASUAL
15135,9584,1625,CLOSE
15136,5708,6889,DISTANT
15137,5338,1077,CLOSE
15138,6874,5244,DISTANT
15139,7697,9965,CLOSE
15140,6903,4537,CASUAL
15141,9833,7532,CLOSE
15142,1368,4169,CASUAL
15143,4206,7593,CLOSE
15144,4289,6428,DISTANT
15145,8490,3810,CLOSE
15146,4807,6211,CLOSE
15147,4920,5676,DISTANT
15148,2211,4621,CASUAL
15149,2203,820,CASUAL
15150,6584,4427,CASUAL
15151,4351,6065,CLOSE
15152,6936,5615,DISTANT
15153,5474,6358,DISTANT
15154,3230,9756,CASUAL
15155,4817,4056,CLOSE
15156,5869,5948,CASUAL
15157,409,345,CLOSE
15158,9636,1935,DISTANT
15159,4647,9893,CLOSE
15160,7014,5824,CASUAL
15161,747,8246,CASUAL
15162,3235,3302,CLOSE
15163,4941,8634,CASUAL
15164,6672,4548,DISTANT
15165,1655,5626,CLOSE
15166,2507,9457,CASUAL
15167,7569,4868,CASUAL
15168,2181,3728,CASUAL
15169,1219,6250,CASUAL
15170,293,5936,CLOSE
15171,4805,5966,CLOSE
15172,1436,5198,CASUAL
15173,6248,4100,CASUAL
15174,6080,2802,CLOSE
15175,769,1199,CASUAL
15176,1715,4216,CASUAL
15177,4065,4441,DISTANT
15178,9677,8977,CASUAL
15179,8548,5035,CASUAL
15180,4753,9381,CASUAL
15181,7259,9641,DISTANT
15182,1589,9731,CASUAL
15183,1814,7178,CLOSE
15184,3522,202,DISTANT
15185,6388,9463,CLOSE
15186,3827,9146,CASUAL
15187,1863,242,CASUAL
15188,8635,1132,CASUAL
15189,9380,1515,CLOSE
15190,8576,5002,CASUAL
15191,6389,4956,CASUAL
15192,2495,9190,DISTANT
15193,6180,1071,CLOSE
15194,7073,6177,CASUAL
15195,8104,3587,CASUAL
15196,125,8274,DISTANT
15197,6479,7685,CASUAL
15198,8797,3917,CASUAL
15199,9562,8086,DISTANT
15200,2661,7145,CLOSE
15201,7383,4850,CLOSE
15202,6804,9190,CASUAL
15203,2452,96,CASUAL
15204,1057,6504,CLOSE
15205,3132,1621,CASUAL
15206,6458,2620,DISTANT
15207,4466,8940,CLOSE
15208,3002,6819,DISTANT
15209,5854,3163,DISTANT
15210,4397,5191,CASUAL
15211,1754,3666,CLOSE
15212,2370,1558,CLOSE
15213,3907,799,CLOSE
15214,1335,8138,CASUAL
15215,6410,3709,CLOSE
15216,5822,6723,DISTANT
15217,5380,4646,CLOSE
15218,9021,7940,CLOSE
15219,3112,5668,DISTANT
15220,2124,9744,CLOSE
15221,842,2514,CASUAL
15222,6230,9167,CLOSE
15223,1644,5294,CASUAL
15224,8540,4759,DISTANT
15225,8399,9914,DISTANT
15226,7151,9414,DISTANT
15227,9167,9841,CLOSE
15228,5449,3773,CLOSE
15229,7923,418,CASUAL
15230,1042,2506,CASUAL
15231,9387,6699,DISTANT
15232,8061,2938,CASUAL
15233,4868,3435,CASUAL
15234,7998,2025,CASUAL
15235,6739,6407,CLOSE
15236,4643,5781,CASUAL
15237,5718,4907,DISTANT
15238,7188,2812,CASUAL
15239,6481,7119,CASUAL
15240,1015,5843,CASUAL
15241,3888,2729,CLOSE
15242,798,2934,CASUAL
15243,8251,3340,DISTANT
15244,1140,2974,DISTANT
15245,398,3893,CLOSE
15246,7148,7722,DISTANT
15247,3901,5332,CASUAL
15248,5896,7095,CLOSE
15249,9242,1782,CASUAL
15250,4642,7175,CASUAL
15251,6941,39,CASUAL
15252,6059,2776,DISTANT
15253,7841,8826,CASUAL
15254,3060,9534,DISTANT
15255,67,6251,CLOSE
15256,2796,5480,DISTANT
15257,1054,4296,CLOSE
15258,1887,1380,CLOSE
15259,186,9044,CLOSE
15260,9578,3728,CASUAL
15261,5955,9025,CASUAL
15262,7339,4342,DISTANT
15263,115,8718,DISTANT
15264,7295,249,DISTANT
15265,3397,6667,CASUAL
15266,5346,6634,CLOSE
15267,9040,6278,DISTANT
15268,5362,116,CASUAL
15269,1141,2394,DISTANT
15270,7460,4087,CLOSE
15271,2779,4304,CASUAL
15272,1696,5260,DISTANT
15273,7260,1041,DISTANT
15274,9301,9716,CLOSE
15275,4570,5468,DISTANT
15276,7642,5684,CLOSE
15277,5190,1786,CASUAL
15278,5641,892,CASUAL
15279,7100,5234,DISTANT
15280,633,5722,CASUAL
15281,5196,990,CASUAL
15282,6445,918,DISTANT
15283,5563,5934,CASUAL
15284,2966,1520,CLOSE
15285,3827,4341,CASUAL
15286,2127,6791,CLOSE
15287,5177,2428,CLOSE
15288,6802,4447,CASUAL
15289,4921,1573,CLOSE
15290,1549,3372,CASUAL
15291,8851,7510,CASUAL
15292,7933,6768,CLOSE
15293,3908,9809,CLOSE
15294,1828,9289,DISTANT
15295,7036,3556,DISTANT
15296,5264,1973,CLOSE
15297,9291,4576,CLOSE
15298,6281,5517,CLOSE
15299,1124,4943,CLOSE
15300,4098,3165,CLOSE
15301,4838,5015,DISTANT
15302,3711,5973,CLOSE
15303,699,1692,DISTANT
15304,4739,9020,CASUAL
15305,6609,4097,DISTANT
15306,3253,6997,CASUAL
15307,2576,2097,DISTANT
15308,3794,8237,DISTANT
15309,8106,6300,DISTANT
15310,974,5390,DISTANT
15311,6650,6439,CLOSE
15312,3082,5706,DISTANT
15313,7544,1598,CASUAL
15314,6403,2797,DISTANT
15315,5860,3687,CLOSE
15316,1030,3400,CLOSE
15317,9193,3521,CASUAL
15318,2772,1209,CASUAL
15319,9444,2975,DISTANT
15320,9936,2871,DISTANT
15321,1461,997,DISTANT
15322,2180,627,CLOSE
15323,5886,1048,CASUAL
15324,1691,6220,DISTANT
15325,5601,5032,CASUAL
15326,7876,5261,CLOSE
15327,6956,7234,DISTANT
15328,7156,102,CLOSE
15329,4868,7664,CLOSE
15330,2039,3219,CLOSE
15331,3015,2717,CASUAL
15332,1711,9288,DISTANT
15333,7256,5045,CLOSE
15334,2690,7249,CLOSE
15335,9146,3451,CLOSE
15336,9909,5464,CLOSE
15337,1813,9329,CLOSE
15338,3816,7906,DISTANT
15339,8526,8647,DISTANT
15340,8725,173,CASUAL
15341,9376,533,CASUAL
15342,2817,8736,CLOSE
15343,199,2105,CLOSE
15344,2320,5757,CLOSE
15345,4217,3510,DISTANT
15346,6924,2936,DISTANT
15347,4910,3921,CLOSE
15348,3928,2395,CLOSE
15349,5792,8792,DISTANT
15350,8552,3191,CASUAL
15351,7546,2563,CLOSE
15352,1713,8931,DISTANT
15353,9680,1166,DISTANT
15354,3016,7407,CASUAL
15355,8194,6372,CASUAL
15356,5149,9041,DISTANT
15357,9330,774,DISTANT
15358,5456,5262,CLOSE
15359,1651,7645,DISTANT
15360,7275,4998,DISTANT
15361,4519,7045,CASUAL
15362,3607,319,CLOSE
15363,4552,3385,CLOSE
15364,6182,6068,DISTANT
15365,6310,9557,CASUAL
15366,9436,3318,CLOSE
15367,1677,5641,DISTANT
15368,6166,2842,CASUAL
15369,7516,929,CASUAL
15370,8962,3294,DISTANT
15371,4062,5774,DISTANT
15372,7087,6628,DISTANT
15373,9612,7409,DISTANT
15374,6384,2985,CLOSE
15375,8405,4730,CASUAL
15376,8367,6224,CASUAL
15377,3932,5441,DISTANT
15378,5297,5273,CASUAL
15379,7110,9680,CASUAL
15380,453,1665,CASUAL
15381,240,4483,CASUAL
15382,7007,6587,CASUAL
15383,2467,7485,CASUAL
15384,7139,1556,CASUAL
15385,9979,8294,CLOSE
15386,1324,7631,CLOSE
15387,2076,8886,DISTANT
15388,4764,6896,CASUAL
15389,6959,8829,CASUAL
15390,648,2975,CLOSE
15391,5858,6915,CLOSE
15392,7151,3532,CLOSE
15393,5809,3335,CLOSE
15394,4392,6213,CASUAL
15395,5733,6520,CASUAL
15396,1920,6880,CLOSE
15397,8233,8851,DISTANT
15398,1052,1010,CLOSE
15399,1719,6547,DISTANT
15400,5896,7740,DISTANT
15401,5697,8882,CLOSE
15402,6711,2569,CLOSE
15403,5707,4700,CLOSE
15404,4993,2418,CASUAL
15405,8256,6843,CASUAL
15406,3113,704,CLOSE
15407,4555,9279,CASUAL
15408,8850,6188,CLOSE
15409,8767,3277,DISTANT
15410,4513,7981,CLOSE
15411,5712,1366,CLOSE
15412,1346,8459,CASUAL
15413,7352,5468,CLOSE
15414,7265,8092,CASUAL
15415,9100,8108,DISTANT
15416,5669,2646,CASUAL
15417,8768,5205,DISTANT
15418,1519,6643,CLOSE
15419,7080,3823,CLOSE
15420,1632,9113,CASUAL
15421,9489,8728,DISTANT
15422,3251,3062,DISTANT
15423,7271,3369,CASUAL
15424,281,488,CASUAL
15425,7086,3831,DISTANT
15426,8914,6584,DISTANT
15427,9303,6654,CASUAL
15428,848,9447,DISTANT
15429,9083,621,DISTANT
15430,4161,8046,CASUAL
15431,1864,4707,CASUAL
15432,8685,8765,DISTANT
15433,8480,6580,CASUAL
15434,9775,9476,CASUAL
15435,4649,8556,CASUAL
15436,3820,5438,CLOSE
15437,1695,7542,DISTANT
15438,9586,5466,CASUAL
15439,2402,6422,CLOSE
15440,5588,7983,DISTANT
15441,8157,7904,DISTANT
15442,8476,4960,DISTANT
15443,1010,1814,CLOSE
15444,2278,598,DISTANT
15445,3765,489,CLOSE
15446,5470,8975,CLOSE
15447,1661,4675,CASUAL
15448,4572,3114,DISTANT
15449,6806,3956,CLOSE
15450,3369,2402,DISTANT
15451,7587,924,CLOSE
15452,1992,9181,DISTANT
15453,2408,5848,DISTANT
15454,4359,6878,CASUAL
15455,2350,9290,CLOSE
15456,3389,4394,CASUAL
15457,270,4459,CASUAL
15458,6423,3916,DISTANT
15459,7154,5075,CLOSE
15460,1111,806,CLOSE
15461,881,1984,CLOSE
15462,1859,9211,CLOSE
15463,9111,1710,CLOSE
15464,5206,599,CLOSE
15465,9028,5156,CASUAL
15466,2150,8499,DISTANT
15467,4712,9956,CLOSE
15468,8422,659,CASUAL
15469,7996,9732,DISTANT
15470,5889,9573,CLOSE
15471,1514,4364,CLOSE
15472,4988,4753,DISTANT
15473,1919,2196,CASUAL
15474,1390,2773,CASUAL
15475,3126,9983,CASUAL
15476,3292,9509,DISTANT
15477,6839,8544,CASUAL
15478,9754,716,CASUAL
15479,9944,7597,CASUAL
15480,7073,281,CLOSE
15481,1471,4586,DISTANT
15482,2556,8078,CLOSE
15483,8951,8640,CASUAL
15484,2261,7866,CASUAL
15485,2151,5709,DISTANT
15486,9115,977,CASUAL
15487,1163,4885,CASUAL
15488,9379,8158,CASUAL
15489,8921,8591,CLOSE
15490,439,5863,DISTANT
15491,3873,9645,DISTANT
15492,222,6289,CASUAL
15493,7350,8984,DISTANT
15494,1563,3882,CLOSE
15495,8163,388,CLOSE
15496,1069,7763,CLOSE
15497,5152,609,DISTANT
15498,7626,6756,CLOSE
15499,7146,8911,CASUAL
15500,4214,2913,CLOSE
15501,2503,9211,CLOSE
15502,9703,7946,CLOSE
15503,8981,5198,CLOSE
15504,9861,9548,DISTANT
15505,7235,5523,CASUAL
15506,6937,5436,DISTANT
15507,1738,948,DISTANT
15508,8886,7937,CLOSE
15509,8240,1511,DISTANT
15510,5403,149,DISTANT
15511,69,5222,CASUAL
15512,4716,4005,CASUAL
15513,4877,117,DISTANT
15514,4063,8110,DISTANT
15515,8571,9040,CASUAL
15516,5222,9430,CLOSE
15517,2331,7245,CLOSE
15518,3146,3886,DISTANT
15519,6252,3469,CLOSE
15520,3295,211,CASUAL
15521,5224,31,CASUAL
15522,7618,7027,CASUAL
15523,9396,7075,DISTANT
15524,3996,1105,DISTANT
15525,4603,1209,DISTANT
15526,396,4081,CASUAL
15527,5366,2765,CLOSE
15528,5572,79,CLOSE
15529,5395,26,CASUAL
15530,8352,9755,DISTANT
15531,8969,5683,CASUAL
15532,8388,990,CLOSE
15533,4897,1682,CLOSE
15534,5868,3933,DISTANT
15535,630,7743,CLOSE
15536,6105,140,CASUAL
15537,2170,9203,DISTANT
15538,3699,5311,CLOSE
15539,1592,3041,CLOSE
15540,7280,1798,DISTANT
15541,1380,2090,CASUAL
15542,4269,2149,CLOSE
15543,3584,4081,DISTANT
15544,7088,8257,DISTANT
15545,7147,4549,CASUAL
15546,9400,5042,CASUAL
15547,7033,4841,CASUAL
15548,9141,1562,CLOSE
15549,4930,2572,CLOSE
15550,4181,443,CASUAL
15551,6362,1494,DISTANT
15552,3866,997,CLOSE
15553,8760,9653,CASUAL
15554,8824,8997,CLOSE
15555,9135,7832,CLOSE
15556,4134,5703,DISTANT
15557,382,8561,CLOSE
15558,6759,3827,CLOSE
15559,1332,8895,CLOSE
15560,5834,2289,CLOSE
15561,8056,5312,DISTANT
15562,891,4458,DISTANT
15563,1002,8975,CASUAL
15564,3067,8547,CASUAL
15565,2783,2356,CASUAL
15566,9751,3435,CLOSE
15567,1536,7037,DISTANT
15568,5556,8394,DISTANT
15569,9656,378,DISTANT
15570,8220,2592,DISTANT
15571,9589,8840,CLOSE
15572,8469,295,CASUAL
15573,3596,7701,CASUAL
15574,9872,9327,CLOSE
15575,4858,7990,DISTANT
15576,4472,1942,CLOSE
15577,1621,2670,CASUAL
15578,9421,2001,CLOSE
15579,3107,4544,CASUAL
15580,957,8944,DISTANT
15581,8929,9947,CASUAL
15582,5155,1679,CASUAL
15583,4976,6294,CASUAL
15584,6057,3910,CASUAL
15585,2850,5116,CASUAL
15586,4111,5093,CASUAL
15587,940,9809,DISTANT
15588,2408,4354,CLOSE
15589,3182,5674,CLOSE
15590,3540,7685,CLOSE
15591,4385,5368,CASUAL
15592,4873,1832,CLOSE
15593,125,5450,DISTANT
15594,2014,9315,DISTANT
15595,6505,8443,CASUAL
15596,7645,7907,DISTANT
15597,6954,1794,CLOSE
15598,6445,9070,DISTANT
15599,9255,4121,CASUAL
15600,4908,8975,CLOSE
15601,9533,5579,CLOSE
15602,9778,9045,CASUAL
15603,8028,8859,DISTANT
15604,6768,8538,CLOSE
15605,4665,2660,DISTANT
15606,1028,2845,CASUAL
15607,5860,5661,CASUAL
15608,8691,6552,CLOSE
15609,3403,3593,DISTANT
15610,3185,5248,CLOSE
15611,9674,2462,CASUAL
15612,7005,5123,CLOSE
15613,8260,2689,CASUAL
15614,6268,8823,CLOSE
15615,8469,4789,CLOSE
15616,8497,5332,DISTANT
15617,8242,1939,CASUAL
15618,7752,7697,CLOSE
15619,7765,7614,CLOSE
15620,1103,6777,CASUAL
15621,8939,2706,CASUAL
15622,2345,2546,DISTANT
15623,4187,2757,CASUAL
15624,9075,4173,CASUAL
15625,5132,5416,DISTANT
15626,5708,5401,DISTANT
15627,5347,2231,CLOSE
15628,5283,6473,CLOSE
15629,1559,7326,CASUAL
15630,4460,3032,DISTANT
15631,1892,4052,CLOSE
15632,605,2597,CLOSE
15633,3608,7929,CLOSE
15634,6230,3083,DISTANT
15635,5061,5852,CASUAL
15636,8700,3558,CLOSE
15637,3658,7744,DISTANT
15638,1647,601,CLOSE
15639,8471,8484,DISTANT
15640,2044,9782,CLOSE
15641,2714,6327,DISTANT
15642,5088,9868,DISTANT
15643,3533,8535,DISTANT
15644,8331,5206,CLOSE
15645,9665,2503,DISTANT
15646,2576,8203,CASUAL
15647,8879,9191,DISTANT
15648,9496,2934,CASUAL
15649,2541,9087,DISTANT
15650,5490,1563,DISTANT
15651,7192,4660,CLOSE
15652,5265,289,DISTANT
15653,2147,5307,DISTANT
15654,7733,409,DISTANT
15655,2948,4707,CASUAL
15656,4869,4983,CLOSE
15657,7819,4637,CASUAL
15658,4567,201,DISTANT
15659,2349,493,CLOSE
15660,9076,480,CLOSE
15661,1139,466,CLOSE
15662,1920,9543,DISTANT
15663,9573,900,CASUAL
15664,6292,8540,CLOSE
15665,1687,9243,CLOSE
15666,8215,9548,DISTANT
15667,6175,6256,CASUAL
15668,9717,3670,CLOSE
15669,1926,4490,CASUAL
15670,526,6933,CLOSE
15671,8217,3016,CASUAL
15672,5041,1710,CASUAL
15673,890,6773,CASUAL
15674,3027,3579,DISTANT
15675,8998,2732,CLOSE
15676,4028,7867,DISTANT
15677,3879,2490,CLOSE
15678,6177,3708,CASUAL
15679,4166,7969,CLOSE
15680,3189,4359,DISTANT
15681,5539,8075,DISTANT
15682,8001,5004,DISTANT
15683,3717,3539,DISTANT
15684,4399,9425,CASUAL
15685,2286,3543,DISTANT
15686,728,9438,CASUAL
15687,4936,4048,CLOSE
15688,6200,9455,CASUAL
15689,2668,8703,DISTANT
15690,5315,9935,DISTANT
15691,2850,3716,CASUAL
15692,929,1958,CLOSE
15693,7143,7575,CLOSE
15694,585,8501,DISTANT
15695,3706,2052,DISTANT
15696,3854,1140,CLOSE
15697,7696,3765,CASUAL
15698,3552,993,DISTANT
15699,2454,379,DISTANT
15700,5914,9910,DISTANT
15701,356,869,CLOSE
15702,1889,9435,CASUAL
15703,6059,733,CASUAL
15704,223,3063,CLOSE
15705,294,5377,DISTANT
15706,4480,8291,CASUAL
15707,3002,9689,CLOSE
15708,5959,216,CASUAL
15709,949,4264,CLOSE
15710,3582,8984,CASUAL
15711,7966,4491,DISTANT
15712,9559,6346,CASUAL
15713,8271,383,CLOSE
15714,9197,5226,DISTANT
15715,4157,6543,DISTANT
15716,9198,9499,DISTANT
15717,4106,7581,CLOSE
15718,2120,5276,CASUAL
15719,3923,124,CLOSE
15720,8625,8664,CASUAL
15721,3933,3261,CLOSE
15722,9633,751,CASUAL
15723,5039,4342,CLOSE
15724,6500,353,CASUAL
15725,742,1514,CASUAL
15726,8127,4152,CLOSE
15727,7721,6708,CLOSE
15728,6011,8910,CLOSE
15729,8335,649,CLOSE
15730,2565,6474,CLOSE
15731,211,8440,CLOSE
15732,2292,1142,CLOSE
15733,1900,2885,CLOSE
15734,955,9047,DISTANT
15735,7239,5123,CASUAL
15736,2495,9342,CASUAL
15737,9966,2730,CLOSE
15738,2658,8959,CASUAL
15739,7906,4591,CASUAL
15740,5629,1507,CLOSE
15741,3925,4477,CLOSE
15742,8599,2167,DISTANT
15743,6296,9447,DISTANT
15744,4908,1719,CASUAL
15745,571,2474,CLOSE
15746,8591,7008,CLOSE
15747,2464,7041,DISTANT
15748,2158,8751,CLOSE
15749,1500,4983,CLOSE
15750,5757,2577,CASUAL
15751,7326,8296,DISTANT
15752,9862,4698,DISTANT
15753,9165,9856,CASUAL
15754,9417,7258,CASUAL
15755,1699,9537,DISTANT
15756,3619,890,CLOSE
15757,8326,7163,CASUAL
15758,142,1154,CASUAL
15759,9021,6797,CLOSE
15760,89,9264,CASUAL
15761,4843,6881,CASUAL
15762,2600,483,CLOSE
15763,4338,2249,CLOSE
15764,6063,4537,DISTANT
15765,3007,2406,DISTANT
15766,548,2816,CASUAL
15767,6664,3092,DISTANT
15768,9187,3966,CASUAL
15769,8463,4283,CASUAL
15770,8388,2888,CASUAL
15771,805,6683,CASUAL
15772,7110,738,CASUAL
15773,6860,9469,CASUAL
15774,5545,7238,DISTANT
15775,6576,7910,CLOSE
15776,8126,9883,CASUAL
15777,6364,6411,CASUAL
15778,3365,9319,DISTANT
15779,178,2869,CLOSE
15780,5388,9466,CASUAL
15781,3909,1322,CLOSE
15782,1711,3460,CLOSE
15783,9993,1510,DISTANT
15784,7067,9189,CASUAL
15785,9188,4655,CASUAL
15786,9482,5326,CLOSE
15787,1936,6639,DISTANT
15788,2053,1340,DISTANT
15789,633,4808,DISTANT
15790,2576,3765,CLOSE
15791,5350,7523,DISTANT
15792,6876,1879,DISTANT
15793,3339,4517,DISTANT
15794,1632,5116,CLOSE
15795,1682,8327,CASUAL
15796,3968,5930,DISTANT
15797,1192,7601,CASUAL
15798,9035,4107,CASUAL
15799,5789,2318,CASUAL
15800,563,6993,CASUAL
15801,8564,6002,CLOSE
15802,4057,5893,CLOSE
15803,345,9532,CASUAL
15804,5567,9340,CASUAL
15805,8870,6252,CLOSE
15806,844,1669,CASUAL
15807,2828,9372,CASUAL
15808,9591,6745,DISTANT
15809,7220,3706,DISTANT
15810,9799,8129,CLOSE
15811,315,7553,DISTANT
15812,1104,2230,CLOSE
15813,5296,7515,CASUAL
15814,1297,4500,CLOSE
15815,4685,1808,DISTANT
15816,6202,6573,CLOSE
15817,4295,8079,DISTANT
15818,5501,4579,CLOSE
15819,1207,4565,CASUAL
15820,9236,1132,CLOSE
15821,3464,6976,CLOSE
15822,8330,5073,DISTANT
15823,9611,9947,CASUAL
15824,9508,1585,DISTANT
15825,3476,1741,CLOSE
15826,3810,6548,CLOSE
15827,9401,4139,CLOSE
15828,144,1546,CASUAL
15829,1448,7578,DISTANT
15830,8602,1654,CLOSE
15831,9182,6743,CASUAL
15832,7782,3562,CASUAL
15833,769,84,CASUAL
15834,709,8344,DISTANT
15835,8959,1271,CASUAL
15836,944,7651,CLOSE
15837,9124,9856,CASUAL
15838,4076,5746,CASUAL
15839,4453,9596,CLOSE
15840,6921,3158,CASUAL
15841,9418,9538,CLOSE
15842,9225,2708,DISTANT
15843,1797,2582,DISTANT
15844,638,3461,CLOSE
15845,8949,4108,CASUAL
15846,8554,752,CLOSE
15847,9421,625,CASUAL
15848,1360,7836,DISTANT
15849,5709,8610,DISTANT
15850,6284,5836,CASUAL
15851,7917,9103,DISTANT
15852,8850,7538,CLOSE
15853,441,2197,CLOSE
15854,4692,3547,CLOSE
15855,1543,9893,DISTANT
15856,2888,9253,CLOSE
15857,7223,3853,CLOSE
15858,8861,8252,DISTANT
15859,5272,4139,CASUAL
15860,9249,0,CLOSE
15861,7029,7908,DISTANT
15862,4937,7406,CLOSE
15863,7735,4213,CASUAL
15864,4050,9038,CLOSE
15865,59,3871,CASUAL
15866,7399,7740,CLOSE
15867,1995,3449,DISTANT
15868,8230,4850,CLOSE
15869,9907,1144,DISTANT
15870,5058,5558,CASUAL
15871,3535,3436,CASUAL
15872,5133,8098,CASUAL
15873,1029,8299,CLOSE
15874,7141,801,CASUAL
15875,401,1758,CLOSE
15876,293,3636,CLOSE
15877,9551,9570,DISTANT
15878,8387,5093,DISTANT
15879,3339,6720,CLOSE
15880,9340,3026,CASUAL
15881,9910,4705,CLOSE
15882,2620,2629,CLOSE
15883,347,7511,DISTANT
15884,5844,8145,DISTANT
15885,5090,3606,DISTANT
15886,6248,6080,CASUAL
15887,599,3681,CASUAL
15888,5898,5780,CASUAL
15889,4553,8613,CASUAL
15890,2778,9438,DISTANT
15891,5917,2383,CLOSE
15892,2234,4687,CLOSE
15893,140,1793,CASUAL
15894,1940,4681,CLOSE
15895,2267,7079,DISTANT
15896,8820,8121,DISTANT
15897,5052,1425,CLOSE
15898,2687,9973,DISTANT
15899,2401,555,CLOSE
15900,451,2412,CASUAL
15901,575,8347,CLOSE
15902,9078,3376,CASUAL
15903,4258,1402,DISTANT
15904,4563,8374,CLOSE
15905,5374,7009,DISTANT
15906,5528,9805,CASUAL
15907,3247,7901,CLOSE
15908,1860,8076,DISTANT
15909,8820,1263,DISTANT
15910,2062,4349,CLOSE
15911,3174,3566,CLOSE
15912,7823,4063,CASUAL
15913,8451,5170,CASUAL
15914,4218,4883,DISTANT
15915,8803,1731,CASUAL
15916,4906,4046,DISTANT
15917,3401,3599,CASUAL
15918,5069,8432,CLOSE
15919,9817,5947,DISTANT
15920,1120,2571,CLOSE
15921,6192,129,CLOSE
15922,7626,1210,CASUAL
15923,9599,2348,CLOSE
15924,1359,8941,CLOSE
15925,7763,7857,DISTANT
15926,7912,5092,CASUAL
15927,3560,1059,CASUAL
15928,718,9831,DISTANT
15929,9619,7901,CLOSE
15930,4985,9288,CASUAL
15931,1810,6343,DISTANT
15932,4805,8446,CASUAL
15933,4459,9339,DISTANT
15934,4665,1197,DISTANT
15935,6424,4158,CLOSE
15936,1777,9084,CLOSE
15937,7839,1763,DISTANT
15938,9104,8662,DISTANT
15939,2250,2465,CLOSE
15940,5082,3713,CLOSE
15941,6136,1412,DISTANT
15942,4131,9895,DISTANT
15943,7517,4307,DISTANT
15944,6758,9879,DISTANT
15945,9833,1033,CLOSE
15946,7088,5842,DISTANT
15947,3756,2737,DISTANT
15948,801,3540,CASUAL
15949,2259,309,CASUAL
15950,2880,2858,CLOSE
15951,5774,3076,CLOSE
15952,3164,209,CASUAL
15953,9220,854,CASUAL
15954,8399,8144,CASUAL
15955,8671,5741,DISTANT
15956,8388,1681,CASUAL
15957,729,4045,CLOSE
15958,8876,8043,DISTANT
15959,9068,2738,DISTANT
15960,2761,6572,DISTANT
15961,3828,1564,DISTANT
15962,6055,6913,CASUAL
15963,785,1276,DISTANT
15964,7221,1562,CLOSE
15965,8017,6857,CASUAL
15966,9420,8900,DISTANT
15967,3340,1233,DISTANT
15968,8076,1039,DISTANT
15969,648,4626,CLOSE
15970,7204,2654,DISTANT
15971,7927,574,CLOSE
15972,987,3673,CASUAL
15973,931,1425,CASUAL
15974,6155,35,CLOSE
15975,8965,2787,DISTANT
15976,2592,6457,DISTANT
15977,7434,1453,CASUAL
15978,514,3813,CASUAL
15979,2577,1326,DISTANT
15980,2449,5263,CASUAL
15981,9590,9003,CLOSE
15982,2614,1662,DISTANT
15983,4465,5527,CLOSE
15984,5323,2539,DISTANT
15985,1736,6545,CASUAL
15986,2188,7973,CASUAL
15987,1159,2787,CLOSE
15988,4737,8121,DISTANT
15989,5275,5654,CLOSE
15990,9032,8483,CLOSE
15991,5151,3257,DISTANT
15992,9023,4220,CASUAL
15993,9253,5553,DISTANT
15994,685,759,DISTANT
15995,3048,4290,CASUAL
15996,6614,5603,DISTANT
15997,2444,9967,DISTANT
15998,6463,2075,DISTANT
15999,2397,6364,CLOSE
16000,8924,1611,CLOSE
16001,5925,7044,CASUAL
16002,5861,2497,CASUAL
16003,4840,5587,CLOSE
16004,2434,9182,DISTANT
16005,1800,1067,CLOSE
16006,2783,2844,CASUAL
16007,8934,7836,CLOSE
16008,4211,1128,CASUAL
16009,7451,8014,CASUAL
16010,8879,1549,DISTANT
16011,6612,5402,DISTANT
16012,1690,145,CASUAL
16013,519,9851,DISTANT
16014,8120,3653,DISTANT
16015,7582,4361,DISTANT
16016,9042,2894,DISTANT
16017,914,9463,DISTANT
16018,7543,5489,DISTANT
16019,2752,5234,CASUAL
16020,7695,236,CLOSE
16021,7128,3087,CASUAL
16022,9486,5931,DISTANT
16023,3870,4458,DISTANT
16024,7499,3020,CLOSE
16025,2408,4758,CLOSE
16026,1844,267,DISTANT
16027,1808,5496,CLOSE
16028,5836,4733,DISTANT
16029,4778,5832,CASUAL
16030,5464,5761,DISTANT
16031,9323,3340,CASUAL
16032,2480,8263,CLOSE
16033,7710,9280,CASUAL
16034,941,6851,CASUAL
16035,2621,3702,CASUAL
16036,5467,5646,CASUAL
16037,4596,4182,CASUAL
16038,9884,149,CLOSE
16039,5543,9921,CLOSE
16040,3289,6419,DISTANT
16041,6946,7664,DISTANT
16042,9015,6566,CASUAL
16043,9964,3472,CLOSE
16044,5474,6310,CLOSE
16045,790,8276,DISTANT
16046,8267,7104,CLOSE
16047,6363,4902,DISTANT
16048,7879,425,CLOSE
16049,4177,7061,CLOSE
16050,8950,7582,DISTANT
16051,7240,2290,CASUAL
16052,9269,2726,CASUAL
16053,1589,7990,DISTANT
16054,9994,7844,CLOSE
16055,5181,4709,CLOSE
16056,3601,4592,CASUAL
16057,2232,5940,CASUAL
16058,7879,9705,CLOSE
16059,6535,6884,CASUAL
16060,652,3819,DISTANT
16061,4671,4236,CASUAL
16062,2245,3393,CASUAL
16063,2501,3763,CASUAL
16064,650,9767,DISTANT
16065,4246,8146,DISTANT
16066,3004,1529,CASUAL
16067,6860,8960,DISTANT
16068,9131,2492,CLOSE
16069,2553,2651,CLOSE
16070,3202,3446,CLOSE
16071,5285,7233,CLOSE
16072,4315,5875,DISTANT
16073,9439,9647,CASUAL
16074,3810,4392,CLOSE
16075,4197,285,CASUAL
16076,2799,856,CASUAL
16077,9179,3217,CASUAL
16078,2761,5765,CASUAL
16079,3537,5340,CLOSE
16080,3195,1523,CASUAL
16081,2945,5468,DISTANT
16082,8648,3882,DISTANT
16083,8096,7064,DISTANT
16084,119,5224,CLOSE
16085,7445,8613,CLOSE
16086,318,7648,DISTANT
16087,2228,9986,DISTANT
16088,8960,6885,CASUAL
16089,462,7671,CLOSE
16090,1775,1008,DISTANT
16091,9070,5697,CASUAL
16092,1415,3567,DISTANT
16093,3309,5175,CLOSE
16094,8092,1519,CASUAL
16095,8573,8723,CASUAL
16096,1105,6268,DISTANT
16097,6583,135,DISTANT
16098,787,6121,DISTANT
16099,8316,6614,CLOSE
16100,1006,7718,CLOSE
16101,6092,4454,CLOSE
16102,9084,7647,DISTANT
16103,4750,5648,DISTANT
16104,6199,3092,CLOSE
16105,7495,5829,DISTANT
16106,6831,4833,CLOSE
16107,6213,8216,CASUAL
16108,4408,8213,CASUAL
16109,6080,650,CLOSE
16110,6739,8291,DISTANT
16111,1584,2683,DISTANT
16112,6908,9482,DISTANT
16113,3800,1323,DISTANT
16114,6306,6957,CASUAL
16115,4153,7237,CLOSE
16116,7562,2325,DISTANT
16117,64,5478,DISTANT
16118,2277,5707,CASUAL
16119,2716,1536,CLOSE
16120,4968,4869,DISTANT
16121,2195,4089,DISTANT
16122,1932,3411,CLOSE
16123,841,7229,CASUAL
16124,5255,944,CLOSE
16125,7855,7082,CASUAL
16126,3343,9013,DISTANT
16127,6092,2358,DISTANT
16128,9985,3474,DISTANT
16129,8434,2777,CLOSE
16130,7034,8196,DISTANT
16131,6648,9323,CLOSE
16132,6565,7388,DISTANT
16133,3150,5940,CASUAL
16134,2181,9251,CASUAL
16135,5675,7203,CLOSE
16136,4640,8353,CASUAL
16137,9280,5995,DISTANT
16138,8507,3957,CLOSE
16139,7648,8468,CLOSE
16140,1738,5024,CLOSE
16141,4008,1550,CLOSE
16142,1922,3204,CASUAL
16143,8866,1331,CLOSE
16144,6152,3859,DISTANT
16145,3168,2204,DISTANT
16146,4324,8090,CASUAL
16147,7166,1152,DISTANT
16148,2269,5462,DISTANT
16149,4957,7724,CLOSE
16150,1815,6242,CLOSE
16151,7315,3675,CLOSE
16152,5421,4443,DISTANT
16153,7639,3314,CASUAL
16154,6802,430,CLOSE
16155,9085,1293,CLOSE
16156,5727,9951,CASUAL
16157,9838,9465,CASUAL
16158,3831,5944,CASUAL
16159,3474,4942,CASUAL
16160,2083,2119,CLOSE
16161,523,4811,DISTANT
16162,8430,1408,CASUAL
16163,6844,3423,DISTANT
16164,6434,2170,DISTANT
16165,9598,2783,DISTANT
16166,652,3979,CLOSE
16167,484,3556,CLOSE
16168,7075,4980,CLOSE
16169,9099,6459,DISTANT
16170,8291,8526,CLOSE
16171,930,2229,CLOSE
16172,833,7573,CLOSE
16173,2339,8709,DISTANT
16174,5563,6283,DISTANT
16175,6120,7871,DISTANT
16176,7990,538,DISTANT
16177,9846,1645,CLOSE
16178,7502,6713,DISTANT
16179,8524,6582,CLOSE
16180,8922,2465,DISTANT
16181,8345,8556,CASUAL
16182,6719,8721,CLOSE
16183,2860,8423,CASUAL
16184,6145,9293,CLOSE
16185,1027,6300,CASUAL
16186,3359,9695,CASUAL
16187,5639,1155,DISTANT
16188,851,4037,CLOSE
16189,2163,9375,CASUAL
16190,8642,4898,CLOSE
16191,1372,9651,CLOSE
16192,1225,3575,CLOSE
16193,8591,6157,CASUAL
16194,8141,5666,DISTANT
16195,1828,6934,CASUAL
16196,8880,118,CASUAL
16197,4642,5238,CASUAL
16198,9440,8077,DISTANT
16199,7290,5757,CASUAL
16200,6513,4349,CASUAL
16201,2470,1229,CLOSE
16202,459,3493,CLOSE
16203,965,2851,CASUAL
16204,473,4704,CLOSE
16205,5526,8998,CLOSE
16206,353,8053,DISTANT
16207,5824,9520,CASUAL
16208,2720,8142,CLOSE
16209,4954,2239,CLOSE
16210,9492,8969,DISTANT
16211,1971,8013,CASUAL
16212,4542,1068,CASUAL
16213,5108,191,CASUAL
16214,3591,9020,CASUAL
16215,777,5128,CLOSE
16216,3606,316,CLOSE
16217,3367,938,CASUAL
16218,8047,972,CASUAL
16219,5226,1800,CLOSE
16220,2091,2203,CASUAL
16221,5487,9035,CLOSE
16222,2514,7486,DISTANT
16223,9842,8905,CASUAL
16224,3427,3510,DISTANT
16225,4677,740,CLOSE
16226,6180,5962,CASUAL
16227,9144,7268,CLOSE
16228,1950,753,CLOSE
16229,7686,5816,DISTANT
16230,7216,6439,CLOSE
16231,2716,3325,DISTANT
16232,2624,7701,CLOSE
16233,8947,8056,CLOSE
16234,6373,6230,DISTANT
16235,7247,8511,DISTANT
16236,2140,6936,CASUAL
16237,7281,5938,CASUAL
16238,8083,8497,CASUAL
16239,9745,2676,DISTANT
16240,7336,6356,CLOSE
16241,9305,7361,DISTANT
16242,8612,9481,CASUAL
16243,3732,9714,CASUAL
16244,2943,2708,CASUAL
16245,1037,7235,CLOSE
16246,112,7283,CASUAL
16247,7737,9788,CASUAL
16248,7126,3698,CLOSE
16249,7906,3490,DISTANT
16250,2521,2434,CASUAL
16251,3347,5309,CASUAL
16252,7260,2246,DISTANT
16253,3989,5234,CASUAL
16254,6094,52,DISTANT
16255,2196,3710,CASUAL
16256,1230,8140,CLOSE
16257,849,660,CASUAL
16258,6140,8271,CASUAL
16259,1232,2827,DISTANT
16260,8399,6059,DISTANT
16261,249,507,CLOSE
16262,3814,7062,DISTANT
16263,5127,3917,DISTANT
16264,1476,5328,CASUAL
16265,4434,6283,CASUAL
16266,4959,7106,CLOSE
16267,9417,4921,DISTANT
16268,4976,2020,CASUAL
16269,8029,7733,CASUAL
16270,4204,9834,DISTANT
16271,2179,3416,DISTANT
16272,6298,3980,CLOSE
16273,9268,1527,CASUAL
16274,2418,4583,CLOSE
16275,6024,5136,DISTANT
16276,3511,3539,CASUAL
16277,8537,858,CASUAL
16278,249,326,CLOSE
16279,1820,2369,DISTANT
16280,4342,8242,CASUAL
16281,285,805,CLOSE
16282,8599,2270,CASUAL
16283,1663,7150,DISTANT
16284,8775,155,CASUAL
16285,1195,5582,CASUAL
16286,6219,3476,CASUAL
16287,5085,4207,CASUAL
16288,8235,9924,CLOSE
16289,332,1215,CLOSE
16290,9695,7337,DISTANT
16291,4072,8447,CASUAL
16292,5394,3650,CASUAL
16293,8393,154,CLOSE
16294,5059,5416,DISTANT
16295,2531,9348,DISTANT
16296,9684,6457,CASUAL
16297,6347,5374,DISTANT
16298,6895,106,CASUAL
16299,1455,8769,DISTANT
16300,63,7025,CASUAL
16301,7930,6350,CLOSE
16302,3691,2166,DISTANT
16303,1421,6186,DISTANT
16304,5901,4878,CLOSE
16305,7724,2142,CASUAL
16306,3560,6567,CASUAL
16307,444,6718,CASUAL
16308,2166,6268,DISTANT
16309,7324,9507,DISTANT
16310,3660,9833,DISTANT
16311,2420,1375,CLOSE
16312,317,8521,CLOSE
16313,5747,6623,CLOSE
16314,9712,4104,CASUAL
16315,534,9203,CLOSE
16316,4014,3042,CASUAL
16317,7580,3063,DISTANT
16318,3107,5350,CASUAL
16319,6385,1724,CLOSE
16320,5203,8955,CASUAL
16321,4347,4949,CLOSE
16322,6665,5261,CLOSE
16323,9680,974,DISTANT
16324,249,7496,CASUAL
16325,6962,1518,DISTANT
16326,4453,1795,CLOSE
16327,7860,2760,DISTANT
16328,7930,7497,CLOSE
16329,4539,457,DISTANT
16330,5775,6014,CASUAL
16331,1571,7280,CLOSE
16332,5700,3624,CLOSE
16333,930,9469,CLOSE
16334,6220,9842,CASUAL
16335,5230,9222,DISTANT
16336,4605,7178,DISTANT
16337,7589,7427,CASUAL
16338,5926,7447,DISTANT
16339,6379,2544,CLOSE
16340,9011,6783,CASUAL
16341,6321,3403,CASUAL
16342,2821,8966,DISTANT
16343,8046,6444,DISTANT
16344,196,9598,DISTANT
16345,9550,721,CLOSE
16346,1196,19,CLOSE
16347,6639,6070,CLOSE
16348,6718,3133,CASUAL
16349,4051,1181,CLOSE
16350,7399,5368,CLOSE
16351,7005,802,CASUAL
16352,7368,8173,DISTANT
16353,3662,6588,CASUAL
16354,9916,6762,CLOSE
16355,1863,3630,CASUAL
16356,406,1477,DISTANT
16357,2882,8687,CLOSE
16358,704,523,CLOSE
16359,9502,8062,DISTANT
16360,985,289,DISTANT
16361,876,3653,CLOSE
16362,6586,5900,CASUAL
16363,7908,7173,DISTANT
16364,2688,2361,CASUAL
16365,6515,8077,CASUAL
16366,9006,6243,CASUAL
16367,4546,2929,DISTANT
16368,1254,3848,CASUAL
16369,8466,3969,CASUAL
16370,9594,6592,CASUAL
16371,2097,7704,CASUAL
16372,3158,3853,CASUAL
16373,2903,5008,DISTANT
16374,2953,6145,CASUAL
16375,2339,2289,CLOSE
16376,2446,713,DISTANT
16377,1772,5942,CLOSE
16378,9905,9986,CASUAL
16379,4717,6806,DISTANT
16380,1370,7552,CLOSE
16381,1793,1693,DISTANT
16382,4588,475,CASUAL
16383,3334,664,DISTANT
16384,8072,7756,CLOSE
16385,2803,6713,DISTANT
16386,4395,9256,CLOSE
16387,9510,1208,CASUAL
16388,4923,5620,DISTANT
16389,6439,8944,CASUAL
16390,8318,6435,CLOSE
16391,6956,8137,CASUAL
16392,6652,5579,CASUAL
16393,208,3781,DISTANT
16394,3267,9131,DISTANT
16395,9716,3302,CLOSE
16396,371,805,CASUAL
16397,3049,9260,CASUAL
16398,2746,915,DISTANT
16399,646,4525,CLOSE
16400,6757,6905,CLOSE
16401,1301,9707,CLOSE
16402,6736,6643,CASUAL
16403,563,1477,CLOSE
16404,3755,3409,CASUAL
16405,5498,530,CASUAL
16406,1268,2821,DISTANT
16407,1495,3257,DISTANT
16408,6280,8824,DISTANT
16409,2492,9179,DISTANT
16410,6689,2945,CLOSE
16411,7644,4588,CLOSE
16412,580,236,CLOSE
16413,7744,7143,CASUAL
16414,4698,4867,DISTANT
16415,6555,3374,CLOSE
16416,9128,4220,CASUAL
16417,6829,989,CASUAL
16418,4434,2673,DISTANT
16419,2266,4174,CLOSE
16420,6062,6799,CASUAL
16421,7756,5960,CASUAL
16422,1378,6225,DISTANT
16423,6588,1361,DISTANT
16424,1873,4326,CASUAL
16425,6529,3909,DISTANT
16426,1552,2383,DISTANT
16427,9514,112,DISTANT
16428,9774,2672,DISTANT
16429,3401,1168,DISTANT
16430,9276,1988,DISTANT
16431,9632,9433,CLOSE
16432,6482,3729,CLOSE
16433,1384,2785,CLOSE
16434,5627,8895,CASUAL
16435,9977,3541,DISTANT
16436,4637,5101,CLOSE
16437,8967,6488,CASUAL
16438,6702,9932,DISTANT
16439,6402,7240,CASUAL
16440,2288,2082,CLOSE
16441,7641,3881,CLOSE
16442,4161,7164,DISTANT
16443,2480,4107,CLOSE
16444,9214,142,CLOSE
16445,4053,9620,CASUAL
16446,9815,7882,CASUAL
16447,2299,7178,CASUAL
16448,2608,7712,CLOSE
16449,9884,4723,CASUAL
16450,7286,9955,CASUAL
16451,1794,7486,DISTANT
16452,6940,7400,DISTANT
16453,5582,9146,CLOSE
16454,6339,8281,CLOSE
16455,7567,6740,CLOSE
16456,1740,790,CLOSE
16457,1220,2275,CLOSE
16458,1324,8391,CASUAL
16459,5116,8180,DISTANT
16460,8719,8767,CLOSE
16461,4128,4002,CLOSE
16462,737,2002,DISTANT
16463,8473,9969,CASUAL
16464,8586,6628,CLOSE
16465,3148,8263,CASUAL
16466,244,4233,CLOSE
16467,1448,2454,CASUAL
16468,525,2584,CLOSE
16469,2809,5809,CLOSE
16470,9979,2928,CLOSE
16471,5161,7279,CASUAL
16472,578,4132,DISTANT
16473,7873,7193,DISTANT
16474,7159,7711,CASUAL
16475,2674,3561,CASUAL
16476,7034,1908,DISTANT
16477,4818,2386,DISTANT
16478,6326,58,CASUAL
16479,3957,9085,CASUAL
16480,6955,7898,CLOSE
16481,2783,5736,CLOSE
16482,661,3827,CASUAL
16483,3683,3752,CASUAL
16484,3291,4829,DISTANT
16485,6214,2645,CLOSE
16486,2231,8129,CLOSE
16487,6616,9712,CASUAL
16488,493,176,CLOSE
16489,8042,4615,CASUAL
16490,1474,5610,DISTANT
16491,4213,5348,DISTANT
16492,7803,8448,CASUAL
16493,9603,3706,DISTANT
16494,946,4638,CASUAL
16495,9232,8073,DISTANT
16496,3222,9521,CASUAL
16497,8072,5358,CASUAL
16498,2147,1088,CLOSE
16499,210,2762,CLOSE
16500,9275,339,DISTANT
16501,625,9932,CASUAL
16502,1834,7538,DISTANT
16503,6018,1715,CLOSE
16504,1002,1228,DISTANT
16505,5578,4769,DISTANT
16506,1230,8588,CLOSE
16507,8473,8491,CLOSE
16508,3995,6848,CASUAL
16509,3528,3215,DISTANT
16510,8244,8243,CASUAL
16511,2904,1741,DISTANT
16512,4278,5709,DISTANT
16513,8005,1593,DISTANT
16514,5757,452,DISTANT
16515,5743,3694,DISTANT
16516,405,6290,CASUAL
16517,3980,4698,DISTANT
16518,4377,568,DISTANT
16519,1065,5558,DISTANT
16520,6256,4445,DISTANT
16521,7540,5972,CASUAL
16522,6378,6360,DISTANT
16523,6575,9345,CLOSE
16524,5786,8634,DISTANT
16525,2120,2691,CASUAL
16526,6780,1339,CASUAL
16527,1896,9862,CASUAL
16528,3442,5332,CLOSE
16529,8398,142,DISTANT
16530,3012,6805,CASUAL
16531,4522,1428,CASUAL
16532,4309,9645,DISTANT
16533,9760,5971,CLOSE
16534,4887,1319,DISTANT
16535,7200,7420,CLOSE
16536,5729,7211,CASUAL
16537,4840,3543,DISTANT
16538,3682,2376,CASUAL
16539,5142,4162,CLOSE
16540,4431,4810,CASUAL
16541,504,9263,CLOSE
16542,1151,5281,CASUAL
16543,5423,4574,CASUAL
16544,9275,8480,CLOSE
16545,2120,4244,DISTANT
16546,3704,478,CASUAL
16547,5145,9590,CASUAL
16548,2858,6476,DISTANT
16549,2016,6710,DISTANT
16550,6537,7379,CASUAL
16551,5497,8715,DISTANT
16552,1537,7471,DISTANT
16553,6333,6255,CASUAL
16554,9845,5359,CASUAL
16555,8276,2408,CASUAL
16556,6835,5718,CASUAL
16557,8515,4982,CLOSE
16558,8241,6663,CASUAL
16559,966,6013,CASUAL
16560,9960,913,CLOSE
16561,4541,8522,CLOSE
16562,7978,5571,CLOSE
16563,2510,6760,DISTANT
16564,6105,7623,CLOSE
16565,5942,7255,CLOSE
16566,4454,517,CASUAL
16567,4584,1333,DISTANT
16568,5005,9872,DISTANT
16569,3129,5853,CLOSE
16570,7693,7863,CASUAL
16571,9109,9287,CASUAL
16572,6234,5068,CLOSE
16573,3488,8889,DISTANT
16574,2292,5665,DISTANT
16575,5745,5488,CASUAL
16576,9211,8754,DISTANT
16577,972,826,DISTANT
16578,8481,9027,CASUAL
16579,1292,3108,DISTANT
16580,9861,2199,DISTANT
16581,8607,4595,DISTANT
16582,113,1986,CASUAL
16583,713,6554,CLOSE
16584,2961,4816,CLOSE
16585,820,1723,DISTANT
16586,1026,1618,CLOSE
16587,8241,1094,CLOSE
16588,7364,4606,CASUAL
16589,9264,2154,DISTANT
16590,9586,8614,DISTANT
16591,7512,6637,DISTANT
16592,5817,1156,DISTANT
16593,1959,5802,DISTANT
16594,8883,1649,DISTANT
16595,6193,8907,DISTANT
16596,9000,1201,CASUAL
16597,2006,5541,DISTANT
16598,3569,9480,CLOSE
16599,2756,4659,CASUAL
16600,8789,9102,CASUAL
16601,4089,1867,CLOSE
16602,2848,2655,CLOSE
16603,2223,4961,DISTANT
16604,9864,2432,CASUAL
16605,488,236,DISTANT
16606,8093,602,DISTANT
16607,6730,1504,CASUAL
16608,8132,489,DISTANT
16609,4481,5030,CASUAL
16610,7251,7098,CLOSE
16611,6128,9762,CASUAL
16612,5077,9293,DISTANT
16613,795,4300,CASUAL
16614,3168,5676,CLOSE
16615,8555,4418,DISTANT
16616,4309,5888,CASUAL
16617,4151,882,CASUAL
16618,1475,5936,CASUAL
16619,6709,2329,CASUAL
16620,7691,3094,CASUAL
16621,1729,5590,DISTANT
16622,3589,5597,CLOSE
16623,5357,325,CLOSE
16624,4414,9945,DISTANT
16625,4808,4548,DISTANT
16626,8979,7981,CLOSE
16627,3798,4403,CLOSE
16628,4105,6077,CLOSE
16629,3111,8716,CASUAL
16630,1537,912,CLOSE
16631,898,380,CASUAL
16632,1508,8872,CLOSE
16633,5830,283,CASUAL
16634,2946,8354,CLOSE
16635,1429,7803,CLOSE
16636,1920,6459,CASUAL
16637,4766,4893,DISTANT
16638,891,1494,CASUAL
16639,293,17,DISTANT
16640,2671,7747,DISTANT
16641,3319,8878,CASUAL
16642,8649,9000,CLOSE
16643,3488,8344,CASUAL
16644,7491,3845,CASUAL
16645,9876,9512,CLOSE
16646,1313,3794,CLOSE
16647,7072,8038,CLOSE
16648,2356,9701,DISTANT
16649,9593,7337,DISTANT
16650,9086,3813,DISTANT
16651,8446,5795,CASUAL
16652,4188,6466,CASUAL
16653,3115,5672,DISTANT
16654,7183,3121,DISTANT
16655,2156,2895,CLOSE
16656,300,7325,CLOSE
16657,1719,7666,CASUAL
16658,6714,1957,DISTANT
16659,1859,7836,CASUAL
16660,8723,1937,CASUAL
16661,7847,8661,CASUAL
16662,6329,3223,CASUAL
16663,6481,2685,CASUAL
16664,1160,3486,CASUAL
16665,3044,4108,CLOSE
16666,8828,5526,DISTANT
16667,9080,8853,CLOSE
16668,6290,7041,CASUAL
16669,8479,2690,CLOSE
16670,1559,5456,DISTANT
16671,1882,1877,CASUAL
16672,5986,3554,DISTANT
16673,9224,883,CLOSE
16674,8007,1020,CASUAL
16675,3444,6229,DISTANT
16676,469,2727,CLOSE
16677,8552,7857,CLOSE
16678,2263,5151,CASUAL
16679,2761,5296,CASUAL
16680,1103,3004,CASUAL
16681,1011,3406,CASUAL
16682,8418,5079,CLOSE
16683,7460,7695,CASUAL
16684,7766,5439,CASUAL
16685,7362,8407,DISTANT
16686,6949,224,CLOSE
16687,2147,9673,DISTANT
16688,268,5339,DISTANT
16689,4896,7431,CASUAL
16690,4492,5077,CASUAL
16691,4568,9327,CLOSE
16692,9275,6167,DISTANT
16693,7842,3873,CASUAL
16694,5416,2105,CLOSE
16695,1288,6661,CLOSE
16696,9321,677,CASUAL
16697,2904,4786,CLOSE
16698,9288,8429,CLOSE
16699,7600,9073,DISTANT
16700,5897,8832,DISTANT
16701,6983,2131,DISTANT
16702,1092,6136,CLOSE
16703,1443,8798,DISTANT
16704,2835,7261,CASUAL
16705,1369,753,CASUAL
16706,6364,4985,CASUAL
16707,8153,2231,CASUAL
16708,6332,672,CLOSE
16709,8230,5806,DISTANT
16710,6551,3272,CLOSE
16711,8757,262,CLOSE
16712,385,2422,CASUAL
16713,1752,3768,CASUAL
16714,3017,3991,DISTANT
16715,4137,5622,DISTANT
16716,8018,6388,CASUAL
16717,3496,2175,DISTANT
16718,9791,9121,CLOSE
16719,1237,6567,CLOSE
16720,7292,4907,DISTANT
16721,2949,7170,DISTANT
16722,2870,6321,CLOSE
16723,7969,1811,DISTANT
16724,7808,4636,CASUAL
16725,9397,9392,DISTANT
16726,6479,7623,CLOSE
16727,9515,2904,CASUAL
16728,2079,6776,DISTANT
16729,5609,9343,CASUAL
16730,9441,7482,DISTANT
16731,5711,9810,CASUAL
16732,9242,9972,CASUAL
16733,6615,1117,CASUAL
16734,4342,1235,CLOSE
16735,3672,6900,DISTANT
16736,8342,254,CLOSE
16737,9347,892,CLOSE
16738,2373,3723,CASUAL
16739,4339,4516,DISTANT
16740,354,7690,DISTANT
16741,9666,9308,CASUAL
16742,6386,8557,CLOSE
16743,8000,6976,CLOSE
16744,8353,9590,CASUAL
16745,2719,9114,CASUAL
16746,1395,6738,DISTANT
16747,6172,8845,CASUAL
16748,768,9766,DISTANT
16749,2257,411,DISTANT
16750,3388,5564,CASUAL
16751,723,2436,CASUAL
16752,8856,6975,CASUAL
16753,4043,3696,CLOSE
16754,8766,3224,CASUAL
16755,7501,1977,DISTANT
16756,148,7231,CLOSE
16757,7812,9022,CLOSE
16758,4750,7725,CLOSE
16759,5610,8167,CASUAL
16760,6361,3604,CLOSE
16761,6483,485,CLOSE
16762,3701,8882,CLOSE
16763,6520,5543,CLOSE
16764,7375,5618,DISTANT
16765,5801,9139,DISTANT
16766,4326,4357,DISTANT
16767,6836,1072,DISTANT
16768,5802,6585,CASUAL
16769,5148,4102,CASUAL
16770,6929,405,CASUAL
16771,3085,7045,DISTANT
16772,5278,364,DISTANT
16773,7656,1917,CASUAL
16774,1140,9246,CLOSE
16775,9866,6080,CLOSE
16776,6802,2646,CLOSE
16777,3089,9825,CLOSE
16778,3063,4466,CASUAL
16779,3166,2911,CLOSE
16780,5024,8278,CLOSE
16781,9308,5355,CASUAL
16782,1966,5666,CLOSE
16783,7920,5214,CLOSE
16784,4890,6615,DISTANT
16785,8405,8097,DISTANT
16786,8546,2839,CLOSE
16787,8881,5618,CASUAL
16788,7461,7564,CASUAL
16789,9263,1993,CLOSE
16790,1158,976,DISTANT
16791,5174,9746,CLOSE
16792,7017,4679,CLOSE
16793,9259,2006,CLOSE
16794,6907,5163,CLOSE
16795,9652,42,DISTANT
16796,8625,6732,CLOSE
16797,7741,660,CLOSE
16798,8062,9009,CLOSE
16799,9091,3276,CASUAL
16800,2974,8040,CASUAL
16801,9819,9289,CASUAL
16802,5262,3538,CASUAL
16803,8190,4232,CLOSE
16804,665,4336,DISTANT
16805,1171,5802,CASUAL
16806,2529,4479,CASUAL
16807,8406,5095,CLOSE
16808,8193,98,CLOSE
16809,2928,5922,CASUAL
16810,5257,9383,CASUAL
16811,4752,6766,DISTANT
16812,9323,9187,DISTANT
16813,5999,1884,CLOSE
16814,4902,3619,CLOSE
16815,150,8169,CASUAL
16816,1865,6545,DISTANT
16817,419,2744,CASUAL
16818,4955,5776,CASUAL
16819,1279,2452,DISTANT
16820,784,3372,CLOSE
16821,3965,5811,CLOSE
16822,4018,6696,DISTANT
16823,3969,3975,CLOSE
16824,7289,9350,CASUAL
16825,8853,331,CLOSE
16826,3237,7235,DISTANT
16827,8919,1871,CLOSE
16828,5740,7024,CLOSE
16829,3472,8505,CLOSE
16830,5591,8227,CASUAL
16831,4623,7904,CLOSE
16832,4450,1680,CASUAL
16833,4322,5329,CASUAL
16834,3948,9296,CLOSE
16835,3695,3929,CLOSE
16836,9837,6876,CLOSE
16837,3348,1356,CASUAL
16838,6525,4892,DISTANT
16839,2394,646,CASUAL
16840,3345,3515,DISTANT
16841,3311,7384,DISTANT
16842,5608,4876,CASUAL
16843,3854,874,DISTANT
16844,6349,1400,DISTANT
16845,8061,9331,DISTANT
16846,7031,3573,CASUAL
16847,2662,8738,DISTANT
16848,2489,1364,CASUAL
16849,7018,5005,DISTANT
16850,5442,9598,CASUAL
16851,4058,1651,CASUAL
16852,5430,9726,DISTANT
16853,9897,9790,DISTANT
16854,8958,8110,CLOSE
16855,8758,4344,DISTANT
16856,6950,4425,DISTANT
16857,5198,176,CASUAL
16858,7710,2765,DISTANT
16859,1367,8948,CASUAL
16860,2236,3992,CASUAL
16861,4013,6013,DISTANT
16862,9711,6040,CLOSE
16863,8627,7153,DISTANT
16864,7641,6176,CASUAL
16865,9361,4662,CLOSE
16866,3720,8970,DISTANT
16867,6849,7668,DISTANT
16868,865,1455,DISTANT
16869,6178,471,DISTANT
16870,322,3296,CLOSE
16871,2018,613,CASUAL
16872,17,363,CLOSE
16873,6706,4419,CLOSE
16874,8532,9905,CLOSE
16875,44,4587,DISTANT
16876,3232,8306,DISTANT
16877,8708,7123,DISTANT
16878,8958,4047,DISTANT
16879,5975,2437,CLOSE
16880,2361,8994,CASUAL
16881,1192,5359,DISTANT
16882,5072,6510,CLOSE
16883,5835,397,DISTANT
16884,7392,2270,CLOSE
16885,2841,5382,CASUAL
16886,501,9268,CLOSE
16887,3776,124,DISTANT
16888,8078,4939,DISTANT
16889,9727,4048,CLOSE
16890,1900,1398,CLOSE
16891,3588,2028,DISTANT
16892,4723,3666,DISTANT
16893,3301,8460,CASUAL
16894,907,6910,CASUAL
16895,6105,7603,CASUAL
16896,2118,7793,CLOSE
16897,592,1554,CASUAL
16898,6226,8495,DISTANT
16899,2622,1799,CLOSE
16900,4638,3424,DISTANT
16901,7903,3723,CASUAL
16902,6776,5857,CLOSE
16903,5679,5829,CLOSE
16904,1305,499,CASUAL
16905,7340,7604,DISTANT
16906,1059,8458,CLOSE
16907,9800,6891,CASUAL
16908,6350,8909,CLOSE
16909,1785,1342,CASUAL
16910,1433,7674,CASUAL
16911,9443,455,DISTANT
16912,7887,9278,DISTANT
16913,9928,2421,CLOSE
16914,4858,3815,DISTANT
16915,2051,3788,CASUAL
16916,3786,8679,DISTANT
16917,3124,8805,DISTANT
16918,9878,8767,DISTANT
16919,3398,4822,CASUAL
16920,377,8800,CLOSE
16921,1111,9415,DISTANT
16922,2359,735,DISTANT
16923,8475,3605,DISTANT
16924,2233,5976,DISTANT
16925,5887,6407,CLOSE
16926,1655,7199,CASUAL
16927,3907,2631,DISTANT
16928,2895,4077,CASUAL
16929,9894,2432,CLOSE
16930,9282,8185,DISTANT
16931,4233,8235,DISTANT
16932,5178,1891,CASUAL
16933,9706,113,CLOSE
16934,7031,1280,DISTANT
16935,3187,3728,CASUAL
16936,4130,1126,DISTANT
16937,6494,9170,CASUAL
16938,1735,6608,CLOSE
16939,4287,7927,DISTANT
16940,7658,409,CASUAL
16941,8666,2252,DISTANT
16942,9364,6066,CASUAL
16943,3348,9965,DISTANT
16944,7459,4835,CLOSE
16945,2194,713,CLOSE
16946,5236,6763,CLOSE
16947,8256,4104,CASUAL
16948,9075,1524,CLOSE
16949,6934,6937,CLOSE
16950,2779,2338,DISTANT
16951,289,3876,CASUAL
16952,2747,8483,CASUAL
16953,1756,2128,CLOSE
16954,2731,8311,DISTANT
16955,5796,9640,CLOSE
16956,6961,6596,CLOSE
16957,9225,4912,CASUAL
16958,3615,3300,DISTANT
16959,9199,324,DISTANT
16960,1964,3875,CLOSE
16961,87,6232,CASUAL
16962,1147,3555,CLOSE
16963,3793,7355,CASUAL
16964,1804,960,CASUAL
16965,7818,5339,CLOSE
16966,7518,1068,CASUAL
16967,8435,9200,CASUAL
16968,770,8512,CLOSE
16969,717,4398,CASUAL
16970,816,5372,CASUAL
16971,9176,2671,DISTANT
16972,8364,383,DISTANT
16973,2367,1645,CLOSE
16974,114,3632,CLOSE
16975,8918,5070,CLOSE
16976,3497,3122,CLOSE
16977,3018,1829,CLOSE
16978,1423,8833,CASUAL
16979,9576,3201,CASUAL
16980,7023,6441,CLOSE
16981,5499,8412,CASUAL
16982,8256,7937,CASUAL
16983,3778,5282,CLOSE
16984,4808,2763,CLOSE
16985,5306,641,CASUAL
16986,8617,3399,CASUAL
16987,4400,5440,DISTANT
16988,2930,8617,CASUAL
16989,5450,5836,CASUAL
16990,5626,326,CLOSE
16991,5732,2377,DISTANT
16992,5581,5758,DISTANT
16993,3942,8550,DISTANT
16994,3648,536,CASUAL
16995,2849,8930,CASUAL
16996,5735,9688,DISTANT
16997,2874,3163,DISTANT
16998,1856,3342,CLOSE
16999,6597,6884,CLOSE
17000,5440,4118,DISTANT
17001,4518,7096,DISTANT
17002,5639,3113,DISTANT
17003,3780,4892,CASUAL
17004,7911,2271,CASUAL
17005,7593,8746,DISTANT
17006,1853,1973,CLOSE
17007,3615,3916,DISTANT
17008,1063,6629,DISTANT
17009,706,9754,CLOSE
17010,6728,6649,CASUAL
17011,389,8724,DISTANT
17012,679,7258,DISTANT
17013,4579,1366,CLOSE
17014,4182,2383,DISTANT
17015,3997,5529,CLOSE
17016,897,3190,CASUAL
17017,385,5937,DISTANT
17018,5400,4399,DISTANT
17019,6401,933,CASUAL
17020,2889,6857,CLOSE
17021,9830,7324,CLOSE
17022,608,5494,CLOSE
17023,4435,1719,CASUAL
17024,3997,1155,DISTANT
17025,7607,2877,CASUAL
17026,2794,4992,CASUAL
17027,680,5987,DISTANT
17028,8372,5368,CLOSE
17029,728,5496,DISTANT
17030,9391,5799,DISTANT
17031,8614,7075,CLOSE
17032,3103,5034,CLOSE
17033,3953,221,DISTANT
17034,654,3801,CASUAL
17035,5578,4479,CASUAL
17036,1841,6956,CASUAL
17037,75,4867,CASUAL
17038,6680,5674,CASUAL
17039,1980,2866,CASUAL
17040,5618,8211,DISTANT
17041,4571,8735,CLOSE
17042,5740,5848,CLOSE
17043,1402,2020,CLOSE
17044,5067,3314,DISTANT
17045,2806,5710,DISTANT
17046,3628,2749,CLOSE
17047,2430,1013,CASUAL
17048,2728,8041,CASUAL
17049,4543,5087,CLOSE
17050,6894,6329,CASUAL
17051,841,3396,CLOSE
17052,3488,1458,CASUAL
17053,7590,1792,CASUAL
17054,431,1612,DISTANT
17055,7852,6729,CLOSE
17056,2598,4689,CASUAL
17057,2352,7128,CASUAL
17058,8116,7289,CLOSE
17059,6483,6225,CASUAL
17060,3950,5524,CLOSE
17061,6223,5935,CLOSE
17062,8037,9345,CLOSE
17063,2835,1924,CLOSE
17064,2496,4993,CLOSE
17065,1193,1376,DISTANT
17066,3693,8764,DISTANT
17067,1239,1844,DISTANT
17068,7152,4708,DISTANT
17069,4462,9729,CASUAL
17070,1134,2772,CLOSE
17071,6189,1207,CLOSE
17072,1271,9935,CASUAL
17073,9284,395,CASUAL
17074,7398,553,CASUAL
17075,1027,2736,DISTANT
17076,845,14,CASUAL
17077,6032,787,CLOSE
17078,6794,548,CLOSE
17079,6364,2226,DISTANT
17080,1008,9190,DISTANT
17081,5219,4002,CASUAL
17082,2471,340,DISTANT
17083,8235,5656,DISTANT
17084,1825,9340,DISTANT
17085,968,5321,CASUAL
17086,9452,7101,CLOSE
17087,3772,8322,DISTANT
17088,498,6904,CASUAL
17089,98,7734,CLOSE
17090,1743,2984,CASUAL
17091,5704,5727,CASUAL
17092,4976,4012,CLOSE
17093,1997,9907,DISTANT
17094,9674,290,DISTANT
17095,7225,2790,CLOSE
17096,2326,7950,DISTANT
17097,1481,1669,CASUAL
17098,1890,432,CLOSE
17099,7828,3355,CLOSE
17100,3093,9679,DISTANT
17101,2499,9735,DISTANT
17102,5104,8291,DISTANT
17103,8221,2607,CASUAL
17104,8618,4223,CLOSE
17105,467,7548,DISTANT
17106,283,7003,CLOSE
17107,8604,6029,DISTANT
17108,2630,6478,DISTANT
17109,7964,5325,CASUAL
17110,3221,2294,CLOSE
17111,3248,9226,CLOSE
17112,7142,9377,DISTANT
17113,2593,1747,CASUAL
17114,9839,9940,CLOSE
17115,5539,373,DISTANT
17116,1968,5910,CASUAL
17117,2528,3396,CLOSE
17118,3735,1180,DISTANT
17119,7813,4415,CASUAL
17120,7266,5515,DISTANT
17121,2191,4820,DISTANT
17122,985,5642,DISTANT
17123,5229,5626,DISTANT
17124,7029,2463,DISTANT
17125,5601,9252,CLOSE
17126,4734,6603,CASUAL
17127,3954,8169,CASUAL
17128,1572,8031,DISTANT
17129,5406,3133,CLOSE
17130,600,5846,CASUAL
17131,4450,8494,CLOSE
17132,3102,7985,DISTANT
17133,8775,303,DISTANT
17134,2582,9045,CASUAL
17135,467,3245,CLOSE
17136,4226,5571,DISTANT
17137,6121,199,DISTANT
17138,321,8970,CLOSE
17139,175,3330,DISTANT
17140,3377,2063,CASUAL
17141,2695,6152,DISTANT
17142,5799,1279,DISTANT
17143,9705,2307,CLOSE
17144,8763,4267,DISTANT
17145,1003,3028,CLOSE
17146,9686,5354,CLOSE
17147,2459,9430,CASUAL
17148,5066,3760,CLOSE
17149,1103,717,CLOSE
17150,8465,5021,CASUAL
17151,490,8225,CASUAL
17152,5225,6144,CLOSE
17153,3179,2114,CASUAL
17154,4550,7316,CLOSE
17155,1339,2172,DISTANT
17156,3496,9626,CASUAL
17157,7431,4097,DISTANT
17158,9591,3620,DISTANT
17159,2780,1799,CLOSE
17160,7250,8452,DISTANT
17161,4143,8992,CLOSE
17162,8239,7865,CASUAL
17163,2404,3767,CASUAL
17164,5183,5140,CASUAL
17165,8302,5949,CLOSE
17166,2722,2424,CASUAL
17167,7498,640,CLOSE
17168,905,5311,CLOSE
17169,8480,9585,CASUAL
17170,8219,2486,CASUAL
17171,5394,3560,DISTANT
17172,8984,8094,DISTANT
17173,7749,3391,DISTANT
17174,4622,4012,DISTANT
17175,7844,2556,DISTANT
17176,8410,3517,CASUAL
17177,1475,544,DISTANT
17178,6435,3019,DISTANT
17179,8718,5230,CLOSE
17180,8037,8061,CLOSE
17181,8963,3299,CASUAL
17182,6285,3248,DISTANT
17183,9864,3788,DISTANT
17184,8988,1406,CASUAL
17185,8503,1241,CASUAL
17186,8074,4089,DISTANT
17187,9989,3288,CASUAL
17188,5337,5499,CLOSE
17189,4283,571,DISTANT
17190,5785,1772,DISTANT
17191,6714,1925,DISTANT
17192,6300,3519,DISTANT
17193,8484,7261,DISTANT
17194,590,5207,CLOSE
17195,9997,2793,DISTANT
17196,9222,6174,DISTANT
17197,3062,6522,CASUAL
17198,2931,1371,DISTANT
17199,1301,5963,CASUAL
17200,7391,7586,CLOSE
17201,1034,7118,DISTANT
17202,2377,268,DISTANT
17203,3664,7057,CASUAL
17204,8652,1333,CLOSE
17205,689,6162,CLOSE
17206,8574,2454,CASUAL
17207,8576,1430,CLOSE
17208,7435,2961,DISTANT
17209,2624,1245,DISTANT
17210,5948,9393,DISTANT
17211,1320,45,CLOSE
17212,9292,909,CLOSE
17213,621,4177,DISTANT
17214,4964,4303,CLOSE
17215,5745,2689,CASUAL
17216,5640,2811,DISTANT
17217,888,719,CASUAL
17218,3410,8957,CLOSE
17219,4750,8569,CASUAL
17220,8275,7791,CASUAL
17221,8620,6328,CLOSE
17222,5358,6139,DISTANT
17223,6686,4148,CASUAL
17224,2566,1318,DISTANT
17225,8240,2326,DISTANT
17226,7350,5224,CASUAL
17227,2344,5389,CLOSE
17228,3695,258,DISTANT
17229,5686,8161,DISTANT
17230,7162,3143,CLOSE
17231,6505,8335,CASUAL
17232,6395,7727,CASUAL
17233,6142,6200,CASUAL
17234,2882,6114,CASUAL
17235,4712,731,CLOSE
17236,778,9003,CASUAL
17237,6970,5651,CASUAL
17238,2237,4647,CASUAL
17239,4927,1612,CASUAL
17240,6726,3759,CLOSE
17241,17,5025,CASUAL
17242,9303,478,CLOSE
17243,6184,5133,CLOSE
17244,5140,178,CASUAL
17245,2790,9663,CLOSE
17246,5023,7485,CASUAL
17247,9631,2401,DISTANT
17248,781,8621,DISTANT
17249,728,6677,CLOSE
17250,5603,3863,CLOSE
17251,1617,971,CLOSE
17252,2345,1690,CLOSE
17253,8887,5067,CLOSE
17254,419,761,DISTANT
17255,6861,2249,CLOSE
17256,3201,4367,CLOSE
17257,9887,4286,CASUAL
17258,7456,3615,DISTANT
17259,8354,6156,CASUAL
17260,9908,4473,CLOSE
17261,4887,3297,CLOSE
17262,8399,6886,CLOSE
17263,2819,7736,DISTANT
17264,7408,6926,DISTANT
17265,7463,8735,CLOSE
17266,7646,4160,CLOSE
17267,4739,241,DISTANT
17268,6030,1938,CASUAL
17269,493,8776,CLOSE
17270,3782,2148,CASUAL
17271,9874,290,CASUAL
17272,9878,1594,DISTANT
17273,5511,616,CLOSE
17274,7477,4511,CLOSE
17275,9569,8908,DISTANT
17276,1705,2153,CASUAL
17277,7864,8899,CASUAL
17278,949,4075,CLOSE
17279,4612,265,DISTANT
17280,2698,852,CASUAL
17281,5230,7940,DISTANT
17282,7455,8706,DISTANT
17283,5922,2360,DISTANT
17284,3306,783,CASUAL
17285,7659,4358,CLOSE
17286,8776,7214,CASUAL
17287,9249,5449,CASUAL
17288,7925,3132,CASUAL
17289,4790,8232,DISTANT
17290,3219,337,DISTANT
17291,1896,8232,CLOSE
17292,643,1831,DISTANT
17293,7810,6463,CLOSE
17294,1385,3908,CLOSE
17295,1478,8713,CLOSE
17296,6932,5563,CASUAL
17297,5501,886,DISTANT
17298,7829,520,CLOSE
17299,7191,591,DISTANT
17300,6597,5617,DISTANT
17301,3601,8765,CLOSE
17302,8286,9964,CLOSE
17303,161,5019,DISTANT
17304,6498,1437,CASUAL
17305,6021,8118,CASUAL
17306,1984,9149,DISTANT
17307,2303,7380,DISTANT
17308,1913,2930,DISTANT
17309,8590,1536,CLOSE
17310,3816,544,DISTANT
17311,1149,5071,CLOSE
17312,2270,4511,CASUAL
17313,4682,2649,DISTANT
17314,6883,1031,CASUAL
17315,4221,7645,CASUAL
17316,5093,5554,CASUAL
17317,2523,3490,CASUAL
17318,7862,1809,CASUAL
17319,539,247,DISTANT
17320,9312,5065,DISTANT
17321,6134,8447,CASUAL
17322,293,5921,DISTANT
17323,3445,2070,CLOSE
17324,2731,1295,CASUAL
17325,5032,6335,DISTANT
17326,184,5240,CASUAL
17327,4240,5842,DISTANT
17328,5475,7210,CLOSE
17329,3975,4696,CLOSE
17330,1634,1452,CLOSE
17331,9550,6189,DISTANT
17332,999,3913,DISTANT
17333,5674,7899,CLOSE
17334,4433,1726,CASUAL
17335,2072,2804,CLOSE
17336,6092,1170,CASUAL
17337,8922,600,DISTANT
17338,1139,6128,CLOSE
17339,3449,7401,CLOSE
17340,8007,2287,DISTANT
17341,7734,8024,CLOSE
17342,3939,6083,CASUAL
17343,8903,6088,DISTANT
17344,2727,5270,DISTANT
17345,4791,3820,CLOSE
17346,6852,4334,CASUAL
17347,8816,9198,CASUAL
17348,3793,7446,DISTANT
17349,6582,3187,CASUAL
17350,3800,8012,CASUAL
17351,5546,8776,CLOSE
17352,4641,3213,DISTANT
17353,91,1903,DISTANT
17354,7179,7452,CLOSE
17355,1022,8832,CASUAL
17356,6572,521,CLOSE
17357,407,6642,CLOSE
17358,5301,4542,CLOSE
17359,8643,6235,CASUAL
17360,6875,380,CLOSE
17361,5336,2579,CLOSE
17362,4148,8807,CLOSE
17363,572,526,DISTANT
17364,4506,5881,CLOSE
17365,177,5992,CASUAL
17366,8735,2363,CLOSE
17367,5316,2922,CASUAL
17368,7055,4079,DISTANT
17369,7823,2885,CLOSE
17370,208,2588,DISTANT
17371,7803,3035,CLOSE
17372,8332,7638,CASUAL
17373,7136,3316,DISTANT
17374,7556,7405,CASUAL
17375,5414,5590,DISTANT
17376,4054,6134,CASUAL
17377,6155,4896,CLOSE
17378,2272,7883,CLOSE
17379,1600,6017,DISTANT
17380,1065,5885,CLOSE
17381,8434,4394,CLOSE
17382,7513,2961,DISTANT
17383,7925,7194,DISTANT
17384,4459,6851,CLOSE
17385,3145,8724,CLOSE
17386,1908,8766,DISTANT
17387,7403,2622,CLOSE
17388,3597,1415,DISTANT
17389,9070,5279,CLOSE
17390,4734,826,CASUAL
17391,6160,8708,DISTANT
17392,8476,3030,DISTANT
17393,1120,3435,CASUAL
17394,2722,3241,DISTANT
17395,2397,4524,CLOSE
17396,143,2983,CASUAL
17397,2734,7648,CLOSE
17398,8640,6262,CLOSE
17399,6708,4300,DISTANT
17400,9642,4993,DISTANT
17401,1531,8531,CASUAL
17402,8192,8428,CASUAL
17403,5399,4882,CASUAL
17404,1997,1842,CLOSE
17405,1317,1926,CASUAL
17406,2095,8666,DISTANT
17407,3119,5033,CLOSE
17408,2313,7550,CASUAL
17409,4800,2551,CLOSE
17410,8311,7971,DISTANT
17411,3679,856,CLOSE
17412,6700,8371,DISTANT
17413,992,6536,CASUAL
17414,5825,6447,CLOSE
17415,9229,9825,CASUAL
17416,5904,4612,CASUAL
17417,6601,2012,DISTANT
17418,4810,2724,CLOSE
17419,3246,946,CASUAL
17420,9531,2358,DISTANT
17421,2732,5052,CASUAL
17422,7461,7117,CASUAL
17423,3494,5358,CLOSE
17424,3283,5469,CASUAL
17425,2949,2409,CLOSE
17426,6415,6411,CASUAL
17427,6301,105,CASUAL
17428,1719,873,CLOSE
17429,1827,6386,CASUAL
17430,5726,912,DISTANT
17431,1739,7930,DISTANT
17432,6473,3529,DISTANT
17433,8706,4548,CLOSE
17434,1956,5451,CASUAL
17435,5735,1604,DISTANT
17436,684,8505,DISTANT
17437,78,8747,CASUAL
17438,1051,701,DISTANT
17439,9038,197,CASUAL
17440,3459,1491,CASUAL
17441,3028,9849,DISTANT
17442,1718,2553,DISTANT
17443,2930,8363,CASUAL
17444,143,8205,CASUAL
17445,5572,3981,CASUAL
17446,5908,3487,DISTANT
17447,9864,3239,CLOSE
17448,9733,1330,DISTANT
17449,7145,3205,CASUAL
17450,8872,5397,CLOSE
17451,770,9967,DISTANT
17452,3092,8510,CASUAL
17453,2083,7180,CLOSE
17454,3838,4685,CLOSE
17455,7264,9741,DISTANT
17456,1065,2207,CLOSE
17457,639,3875,CLOSE
17458,5174,6487,DISTANT
17459,2200,5600,DISTANT
17460,4884,8223,DISTANT
17461,6319,8788,CLOSE
17462,8798,1588,CLOSE
17463,9458,5612,CASUAL
17464,3985,9982,CLOSE
17465,6679,8642,CASUAL
17466,9033,796,DISTANT
17467,498,724,CASUAL
17468,1239,7400,DISTANT
17469,9000,2784,DISTANT
17470,2310,5285,CASUAL
17471,6933,8606,CASUAL
17472,8771,196,CASUAL
17473,1787,1898,CASUAL
17474,5619,6560,CASUAL
17475,7267,6705,CLOSE
17476,534,1847,CLOSE
17477,5184,6477,CLOSE
17478,5891,1135,CLOSE
17479,669,1064,DISTANT
17480,939,1730,CASUAL
17481,5826,6174,DISTANT
17482,497,8583,CASUAL
17483,5520,8188,DISTANT
17484,8609,963,CASUAL
17485,1549,5041,DISTANT
17486,936,5933,CASUAL
17487,8370,440,DISTANT
17488,1444,121,CASUAL
17489,1145,1890,DISTANT
17490,7405,3068,CASUAL
17491,3209,3258,DISTANT
17492,4221,5152,DISTANT
17493,6567,661,CASUAL
17494,3724,6163,DISTANT
17495,5509,1192,DISTANT
17496,9650,1942,CASUAL
17497,8541,8117,DISTANT
17498,8382,7398,DISTANT
17499,8688,5202,CASUAL
17500,8116,2179,CASUAL
17501,619,560,CLOSE
17502,1549,5411,CLOSE
17503,923,1280,CLOSE
17504,1350,8824,CLOSE
17505,2558,9143,CASUAL
17506,8392,2942,CLOSE
17507,7184,6721,CLOSE
17508,8219,3600,DISTANT
17509,5865,4278,CASUAL
17510,1245,3349,CLOSE
17511,9122,103,CLOSE
17512,5778,2960,DISTANT
17513,95,7429,DISTANT
17514,8072,1665,CASUAL
17515,5849,5251,CLOSE
17516,1970,7128,DISTANT
17517,968,130,CLOSE
17518,8207,9111,DISTANT
17519,5721,3953,CLOSE
17520,7984,1598,CASUAL
17521,3962,3681,CASUAL
17522,846,7440,CLOSE
17523,5889,8811,DISTANT
17524,7730,8718,CASUAL
17525,1474,2282,CLOSE
17526,2929,1696,CLOSE
17527,40,2315,DISTANT
17528,3687,3061,CLOSE
17529,5781,2107,CASUAL
17530,9955,1198,CLOSE
17531,1578,9635,DISTANT
17532,5789,1321,CLOSE
17533,7056,375,DISTANT
17534,2117,1757,CASUAL
17535,2922,3545,CASUAL
17536,3588,6630,CLOSE
17537,4726,5988,CASUAL
17538,5012,6713,CLOSE
17539,7174,424,DISTANT
17540,6415,8425,DISTANT
17541,8604,3358,CASUAL
17542,7809,7171,CLOSE
17543,2026,4717,CASUAL
17544,7088,6070,CLOSE
17545,5690,6517,DISTANT
17546,8333,346,DISTANT
17547,6782,7729,CLOSE
17548,6994,7744,CLOSE
17549,812,6579,CASUAL
17550,1479,1504,CLOSE
17551,8348,4558,CASUAL
17552,8135,8683,CASUAL
17553,2568,5521,CASUAL
17554,8198,6510,CASUAL
17555,6866,721,CLOSE
17556,7310,828,CASUAL
17557,3319,3115,DISTANT
17558,6043,8578,DISTANT
17559,8667,8225,CLOSE
17560,2365,1254,CLOSE
17561,1481,7696,CASUAL
17562,1977,8170,DISTANT
17563,219,6660,CLOSE
17564,3320,2201,CASUAL
17565,9938,4220,CLOSE
17566,4961,8174,CLOSE
17567,1740,1448,CLOSE
17568,189,6309,CLOSE
17569,6796,5088,DISTANT
17570,1639,281,CASUAL
17571,2079,3211,CLOSE
17572,2231,937,CLOSE
17573,9822,9550,CLOSE
17574,1197,23,DISTANT
17575,9100,7246,CASUAL
17576,6526,9212,CASUAL
17577,1077,8608,CASUAL
17578,9580,3095,CLOSE
17579,5367,6011,DISTANT
17580,6907,7945,CLOSE
17581,6868,5657,DISTANT
17582,2198,7297,CASUAL
17583,9779,69,CLOSE
17584,3138,3818,DISTANT
17585,4018,1496,CASUAL
17586,7689,9677,CASUAL
17587,3974,801,CASUAL
17588,7988,772,DISTANT
17589,7859,9399,CLOSE
17590,2828,8516,DISTANT
17591,555,2150,DISTANT
17592,6498,6210,CLOSE
17593,3267,2363,CASUAL
17594,1490,9781,CASUAL
17595,803,2187,DISTANT
17596,6365,5265,DISTANT
17597,1996,7532,DISTANT
17598,3782,6476,CLOSE
17599,9097,6115,DISTANT
17600,3510,283,CLOSE
17601,5342,4804,DISTANT
17602,2973,7544,CLOSE
17603,2262,5800,CASUAL
17604,6221,5814,DISTANT
17605,2939,869,DISTANT
17606,8012,426,CASUAL
17607,7772,6595,CLOSE
17608,1511,4960,CLOSE
17609,318,6554,CLOSE
17610,893,3579,CASUAL
17611,6211,2412,CASUAL
17612,2529,7190,CASUAL
17613,9787,6873,CASUAL
17614,6593,2875,DISTANT
17615,1153,554,CASUAL
17616,4086,6876,CASUAL
17617,1525,166,CLOSE
17618,3457,3913,CLOSE
17619,7512,2492,CLOSE
17620,9503,7609,DISTANT
17621,9208,7496,CLOSE
17622,7656,4571,CLOSE
17623,8167,8268,DISTANT
17624,3767,6341,DISTANT
17625,2699,9210,CLOSE
17626,9290,1745,DISTANT
17627,3085,6678,DISTANT
17628,8013,4599,CLOSE
17629,2511,9390,DISTANT
17630,7074,6663,CLOSE
17631,1700,597,CASUAL
17632,8485,1523,CLOSE
17633,6128,3632,DISTANT
17634,5070,2759,CLOSE
17635,1453,9158,DISTANT
17636,2903,3683,CASUAL
17637,3265,9784,CASUAL
17638,484,3541,DISTANT
17639,391,1126,DISTANT
17640,7497,5028,DISTANT
17641,4809,7406,DISTANT
17642,9228,4827,CLOSE
17643,7585,157,CASUAL
17644,3438,838,CASUAL
17645,3316,4772,DISTANT
17646,335,8955,CLOSE
17647,243,2810,CLOSE
17648,5177,9141,DISTANT
17649,5349,2891,DISTANT
17650,9185,7361,DISTANT
17651,2385,8098,CLOSE
17652,6501,7068,CASUAL
17653,6699,6286,CLOSE
17654,6022,1199,CASUAL
17655,4829,3544,CASUAL
17656,9907,2148,CASUAL
17657,3918,976,CASUAL
17658,9861,4422,CLOSE
17659,8487,179,CLOSE
17660,7958,943,DISTANT
17661,6813,7888,CASUAL
17662,520,9119,CLOSE
17663,4104,8079,DISTANT
17664,8798,3599,CASUAL
17665,3250,3064,DISTANT
17666,5044,389,DISTANT
17667,4649,2666,DISTANT
17668,3253,422,CLOSE
17669,3707,6577,DISTANT
17670,8016,8250,CASUAL
17671,6388,2007,CLOSE
17672,2600,2626,CLOSE
17673,6550,9012,CASUAL
17674,1884,2731,DISTANT
17675,7232,7677,DISTANT
17676,9108,3935,CASUAL
17677,6504,2320,CLOSE
17678,9358,9432,CASUAL
17679,593,9249,CLOSE
17680,6787,9803,DISTANT
17681,7839,8719,CASUAL
17682,178,6490,DISTANT
17683,2865,313,CASUAL
17684,1792,5374,CLOSE
17685,4317,6785,DISTANT
17686,7931,2370,CASUAL
17687,1181,7579,CLOSE
17688,9008,5136,DISTANT
17689,2729,9634,CASUAL
17690,405,2878,CLOSE
17691,1531,6269,CLOSE
17692,4584,8746,CASUAL
17693,8261,5598,CLOSE
17694,2216,334,CASUAL
17695,3935,2673,CASUAL
17696,547,6746,CLOSE
17697,238,7927,CASUAL
17698,2753,479,CLOSE
17699,5399,1738,DISTANT
17700,2570,2289,DISTANT
17701,6821,7593,DISTANT
17702,8158,7749,CLOSE
17703,2511,6307,DISTANT
17704,5318,6811,CASUAL
17705,1748,8004,DISTANT
17706,3632,9681,DISTANT
17707,7543,7509,CLOSE
17708,7769,2664,CLOSE
17709,8884,5602,CASUAL
17710,1921,9138,DISTANT
17711,753,7964,CLOSE
17712,7718,1825,CASUAL
17713,5994,185,CLOSE
17714,9446,2070,CASUAL
17715,2645,3386,CLOSE
17716,3701,8252,CASUAL
17717,9286,147,CLOSE
17718,5316,9545,CASUAL
17719,5987,1315,CASUAL
17720,2798,732,CASUAL
17721,8800,3037,CASUAL
17722,9268,4432,CLOSE
17723,8057,2440,CLOSE
17724,7473,7890,CLOSE
17725,2029,537,CASUAL
17726,3978,4850,CLOSE
17727,9099,6751,CLOSE
17728,1860,4366,CASUAL
17729,7658,9780,CASUAL
17730,1292,9474,DISTANT
17731,7869,37,CLOSE
17732,9337,5742,CASUAL
17733,5736,2643,CASUAL
17734,1604,9001,DISTANT
17735,2162,1050,DISTANT
17736,4885,3955,CLOSE
17737,8636,2953,DISTANT
17738,8182,4822,CASUAL
17739,7487,8419,DISTANT
17740,6906,1969,CASUAL
17741,30,4272,CLOSE
17742,2651,2644,CASUAL
17743,5091,7948,CLOSE
17744,2720,8021,CLOSE
17745,9826,6385,CASUAL
17746,9332,544,CLOSE
17747,7895,6750,CASUAL
17748,747,6000,CLOSE
17749,7213,465,CASUAL
17750,7268,3078,CLOSE
17751,9383,9223,DISTANT
17752,648,2391,CLOSE
17753,188,840,DISTANT
17754,5324,7193,DISTANT
17755,9514,5390,DISTANT
17756,3973,2110,CLOSE
17757,3563,2635,CASUAL
17758,6737,3039,CLOSE
17759,9392,1460,CASUAL
17760,4589,6967,CASUAL
17761,9800,1124,DISTANT
17762,6417,1637,DISTANT
17763,1453,6049,CASUAL
17764,992,7376,CASUAL
17765,3645,202,CASUAL
17766,9588,5779,CASUAL
17767,1510,7475,CASUAL
17768,9734,5960,CLOSE
17769,9358,4569,CLOSE
17770,1567,4693,CLOSE
17771,1161,3247,CLOSE
17772,6430,6363,CASUAL
17773,6617,3260,CLOSE
17774,5451,900,CASUAL
17775,6253,3814,CASUAL
17776,6198,8915,CLOSE
17777,7828,2195,DISTANT
17778,4124,9416,DISTANT
17779,6318,8002,DISTANT
17780,687,5634,DISTANT
17781,3782,2825,CASUAL
17782,8739,521,CLOSE
17783,289,8088,DISTANT
17784,1651,5217,DISTANT
17785,9854,5642,CLOSE
17786,2802,9280,CLOSE
17787,257,8604,CASUAL
17788,659,2987,CLOSE
17789,6558,1095,CLOSE
17790,5230,4385,DISTANT
17791,372,6388,DISTANT
17792,9118,6383,CLOSE
17793,8612,5158,DISTANT
17794,3953,7642,CLOSE
17795,7641,6313,DISTANT
17796,9928,5,DISTANT
17797,2793,4117,CLOSE
17798,2299,5645,CLOSE
17799,4617,9930,DISTANT
17800,7545,7227,DISTANT
17801,5495,8151,CASUAL
17802,2265,4752,CASUAL
17803,3072,8446,CLOSE
17804,1881,3882,CLOSE
17805,6348,3338,CASUAL
17806,3354,3296,CASUAL
17807,2216,6571,CLOSE
17808,765,148,DISTANT
17809,5856,274,DISTANT
17810,6877,2355,CLOSE
17811,5164,6679,CLOSE
17812,7319,7456,CASUAL
17813,2757,2149,CLOSE
17814,1244,9706,CLOSE
17815,7263,4207,CASUAL
17816,9034,9071,CLOSE
17817,3167,8725,DISTANT
17818,6956,5145,CLOSE
17819,7976,3320,CASUAL
17820,1714,1680,CLOSE
17821,6775,7704,CLOSE
17822,8918,3948,CASUAL
17823,8582,2075,CLOSE
17824,8392,4567,CASUAL
17825,9782,5774,CLOSE
17826,9444,7235,CASUAL
17827,2261,3714,DISTANT
17828,3498,1631,CASUAL
17829,8477,9410,CASUAL
17830,4440,9175,CLOSE
17831,2809,942,DISTANT
17832,6459,872,DISTANT
17833,3042,9417,DISTANT
17834,5414,8400,DISTANT
17835,860,876,CASUAL
17836,7700,903,DISTANT
17837,7629,8048,CASUAL
17838,7525,7415,DISTANT
17839,4794,9843,DISTANT
17840,5930,8032,CASUAL
17841,9926,590,CASUAL
17842,5626,6083,DISTANT
17843,619,720,CASUAL
17844,4612,1079,CLOSE
17845,5766,4504,CASUAL
17846,8591,807,CASUAL
17847,530,6199,CASUAL
17848,2129,3943,DISTANT
17849,9383,8668,CASUAL
17850,2320,9115,DISTANT
17851,6379,1726,DISTANT
17852,3654,9677,DISTANT
17853,9139,5884,DISTANT
17854,8501,952,CASUAL
17855,5625,5626,DISTANT
17856,5261,9597,DISTANT
17857,448,32,DISTANT
17858,3419,2534,CLOSE
17859,9831,4886,DISTANT
17860,6495,2338,CASUAL
17861,5298,9946,DISTANT
17862,1528,8297,CASUAL
17863,4984,9596,CASUAL
17864,4507,3870,CLOSE
17865,3756,9451,CLOSE
17866,8448,9862,CASUAL
17867,1858,7961,CLOSE
17868,3392,9347,DISTANT
17869,8489,7915,DISTANT
17870,8639,2916,CLOSE
17871,4689,9268,DISTANT
17872,7385,1042,CASUAL
17873,6115,6896,CLOSE
17874,8511,5431,CLOSE
17875,8911,6587,DISTANT
17876,3858,3883,CASUAL
17877,7286,8812,CASUAL
17878,2963,3979,CASUAL
17879,3600,369,CLOSE
17880,7579,6606,CLOSE
17881,8541,4386,DISTANT
17882,9317,921,CASUAL
17883,3207,5873,CLOSE
17884,9136,2502,CASUAL
17885,806,9751,DISTANT
17886,2278,447,CLOSE
17887,3443,736,CASUAL
17888,3926,9338,CLOSE
17889,1186,6652,CLOSE
17890,5935,9655,DISTANT
17891,1388,3147,DISTANT
17892,1075,2243,DISTANT
17893,2892,6028,CASUAL
17894,145,3713,DISTANT
17895,202,7986,CASUAL
17896,7914,5058,DISTANT
17897,9188,2599,CASUAL
17898,406,9380,CLOSE
17899,7413,8665,CLOSE
17900,5226,6851,CASUAL
17901,3773,369,CLOSE
17902,2026,4494,CASUAL
17903,5336,3744,DISTANT
17904,7245,1267,DISTANT
17905,9741,8467,DISTANT
17906,4737,6903,DISTANT
17907,8772,1255,DISTANT
17908,3726,880,CLOSE
17909,6798,4335,CLOSE
17910,9723,6628,CASUAL
17911,8384,4839,CLOSE
17912,6330,5545,CASUAL
17913,6854,1446,CLOSE
17914,4386,7449,CASUAL
17915,8806,6162,DISTANT
17916,1319,3040,CLOSE
17917,6665,7495,DISTANT
17918,6020,5690,DISTANT
17919,101,1180,CASUAL
17920,8419,7208,CASUAL
17921,9283,6757,CASUAL
17922,9816,7746,DISTANT
17923,5460,5698,DISTANT
17924,6668,5161,CASUAL
17925,1463,5314,CASUAL
17926,8846,3309,DISTANT
17927,5055,9096,CLOSE
17928,1076,566,DISTANT
17929,3168,2574,CASUAL
17930,9558,7059,DISTANT
17931,1525,7827,CLOSE
17932,7846,9993,CLOSE
17933,2385,93,CLOSE
17934,9575,2911,CASUAL
17935,8492,5769,DISTANT
17936,2493,4110,CASUAL
17937,1396,7914,CLOSE
17938,6575,9608,CLOSE
17939,8414,5156,DISTANT
17940,1855,6013,CASUAL
17941,4792,4479,CASUAL
17942,2525,3653,CLOSE
17943,6357,1035,CASUAL
17944,5621,4744,CLOSE
17945,3993,7463,CASUAL
17946,9202,638,CASUAL
17947,3245,9858,CLOSE
17948,321,3375,CLOSE
17949,6421,3506,CLOSE
17950,6306,5379,CASUAL
17951,7727,4353,CASUAL
17952,9557,4247,CLOSE
17953,1052,3635,DISTANT
17954,2142,2935,DISTANT
17955,8488,7582,CLOSE
17956,710,5530,DISTANT
17957,3924,2094,DISTANT
17958,5407,536,DISTANT
17959,9358,7419,CASUAL
17960,1216,729,CLOSE
17961,8390,2370,DISTANT
17962,1711,9172,CASUAL
17963,3060,2429,CLOSE
17964,7580,4850,DISTANT
17965,5827,9481,DISTANT
17966,2151,7893,CASUAL
17967,5447,8332,CLOSE
17968,3400,1338,CLOSE
17969,5161,3208,DISTANT
17970,2347,8546,DISTANT
17971,7498,2421,CASUAL
17972,8720,2036,CLOSE
17973,662,3041,CASUAL
17974,2453,6106,CASUAL
17975,9619,9935,CLOSE
17976,2781,8811,DISTANT
17977,4020,9055,DISTANT
17978,6794,583,CASUAL
17979,1302,3258,CLOSE
17980,2217,6235,DISTANT
17981,8548,3714,DISTANT
17982,1254,8535,CASUAL
17983,6929,3821,CLOSE
17984,6621,4155,DISTANT
17985,650,6530,DISTANT
17986,906,8712,CASUAL
17987,5737,2865,CLOSE
17988,7669,9623,CLOSE
17989,6830,569,CASUAL
17990,3911,9692,CLOSE
17991,3601,8263,CASUAL
17992,1268,8681,DISTANT
17993,3011,1025,CLOSE
17994,8432,874,CASUAL
17995,2213,3593,CLOSE
17996,7493,2620,DISTANT
17997,3346,9092,DISTANT
17998,7776,9286,CLOSE
17999,5291,3556,CLOSE
18000,4350,9593,DISTANT
18001,2082,8380,DISTANT
18002,2322,5312,CASUAL
18003,7421,2738,CASUAL
18004,5995,6554,DISTANT
18005,9080,182,CASUAL
18006,3486,3234,CLOSE
18007,9658,1887,CLOSE
18008,8523,5802,DISTANT
18009,3792,5816,CLOSE
18010,5636,6017,DISTANT
18011,3052,1269,CASUAL
18012,6725,3495,CLOSE
18013,8508,5336,CASUAL
18014,3929,2721,CASUAL
18015,7054,8117,DISTANT
18016,417,6791,CLOSE
18017,4152,6547,DISTANT
18018,8151,7048,DISTANT
18019,9564,9931,DISTANT
18020,1098,7394,DISTANT
18021,3774,7994,CASUAL
18022,9973,8686,DISTANT
18023,404,3033,CASUAL
18024,2272,637,CASUAL
18025,7058,1108,DISTANT
18026,5977,6511,CLOSE
18027,3793,4815,CASUAL
18028,8084,1573,CLOSE
18029,6623,6957,CLOSE
18030,906,9103,CASUAL
18031,8761,1280,CLOSE
18032,3342,4971,CASUAL
18033,7443,5476,DISTANT
18034,2084,566,DISTANT
18035,2080,9723,DISTANT
18036,454,25,DISTANT
18037,8368,7169,CLOSE
18038,900,3906,DISTANT
18039,8697,1664,DISTANT
18040,248,7865,CLOSE
18041,3771,593,CASUAL
18042,1318,3109,CASUAL
18043,7791,5793,DISTANT
18044,7635,410,DISTANT
18045,6357,8732,CLOSE
18046,1849,4839,CASUAL
18047,4809,6721,DISTANT
18048,648,2933,CLOSE
18049,3461,2324,DISTANT
18050,8498,8028,DISTANT
18051,8952,2897,CASUAL
18052,4313,8751,CLOSE
18053,8616,8605,CLOSE
18054,4773,1835,DISTANT
18055,7404,9560,CLOSE
18056,5291,3585,CASUAL
18057,2385,2604,DISTANT
18058,6693,951,CASUAL
18059,6391,732,CLOSE
18060,9115,4210,CASUAL
18061,4215,3244,CASUAL
18062,8646,952,DISTANT
18063,8865,3573,CLOSE
18064,3168,3029,CLOSE
18065,5007,2944,CASUAL
18066,6730,1280,CASUAL
18067,9297,8663,CASUAL
18068,3591,486,CASUAL
18069,9838,1569,CLOSE
18070,7910,9440,DISTANT
18071,8164,6104,CASUAL
18072,9146,5496,CASUAL
18073,3764,7299,DISTANT
18074,1413,9855,CASUAL
18075,9336,6370,CLOSE
18076,6420,3888,CASUAL
18077,6953,442,DISTANT
18078,2666,7389,DISTANT
18079,2305,4865,CASUAL
18080,4834,9169,CASUAL
18081,9429,7282,CLOSE
18082,727,5742,CLOSE
18083,728,5886,DISTANT
18084,777,6777,DISTANT
18085,4181,8507,CASUAL
18086,1384,8341,CLOSE
18087,7494,2622,CLOSE
18088,8646,8611,CASUAL
18089,4467,5663,CLOSE
18090,6917,6004,CASUAL
18091,4848,8307,DISTANT
18092,50,7055,CASUAL
18093,1429,8376,CASUAL
18094,5121,8962,DISTANT
18095,8701,1417,CLOSE
18096,8585,3897,DISTANT
18097,545,1054,DISTANT
18098,4449,3781,CASUAL
18099,8659,2080,CLOSE
18100,4449,6056,CLOSE
18101,2594,3313,CLOSE
18102,149,5458,CASUAL
18103,6975,3136,CLOSE
18104,6349,7295,CLOSE
18105,9840,2223,CLOSE
18106,4514,8049,DISTANT
18107,1981,6905,CLOSE
18108,1884,8934,CLOSE
18109,2090,8788,CASUAL
18110,9114,9669,CASUAL
18111,7121,8244,DISTANT
18112,5490,4132,CASUAL
18113,1467,3244,CLOSE
18114,9525,4820,DISTANT
18115,763,5054,DISTANT
18116,8127,8395,DISTANT
18117,830,4778,DISTANT
18118,6278,2685,CLOSE
18119,6355,1346,DISTANT
18120,4334,7939,CASUAL
18121,5113,5086,CLOSE
18122,6048,1459,CLOSE
18123,9698,3681,CLOSE
18124,1775,5924,CLOSE
18125,2600,3086,CLOSE
18126,1460,1368,DISTANT
18127,9284,6101,DISTANT
18128,9632,5399,DISTANT
18129,5255,8392,CASUAL
18130,9525,2286,DISTANT
18131,9073,301,DISTANT
18132,7145,1293,CASUAL
18133,1215,2487,CLOSE
18134,8171,5764,CLOSE
18135,8013,2221,CASUAL
18136,5956,7921,DISTANT
18137,899,16,DISTANT
18138,2200,7247,DISTANT
18139,4104,9977,CASUAL
18140,1391,3554,DISTANT
18141,3495,7990,DISTANT
18142,6315,8621,DISTANT
18143,3871,8478,DISTANT
18144,5646,4295,CASUAL
18145,3953,5359,DISTANT
18146,7731,1595,CASUAL
18147,9577,4238,DISTANT
18148,5357,9647,CLOSE
18149,4729,9668,CLOSE
18150,6527,8638,CLOSE
18151,9279,2925,CLOSE
18152,8467,3985,DISTANT
18153,9679,2929,CLOSE
18154,6156,5825,CASUAL
18155,4159,2275,DISTANT
18156,4432,8085,CLOSE
18157,9779,193,CASUAL
18158,1751,2679,DISTANT
18159,8054,2040,CASUAL
18160,3782,7560,DISTANT
18161,3060,5051,DISTANT
18162,3080,7372,DISTANT
18163,5764,7552,CASUAL
18164,6533,6275,DISTANT
18165,6327,706,CASUAL
18166,5945,450,CLOSE
18167,5808,3923,CLOSE
18168,2740,633,CLOSE
18169,6214,3156,DISTANT
18170,9300,7087,DISTANT
18171,6471,1689,CASUAL
18172,6475,7354,DISTANT
18173,3164,5184,CLOSE
18174,1798,8250,CASUAL
18175,4496,7990,DISTANT
18176,1584,3112,CLOSE
18177,7108,4874,CASUAL
18178,4961,2765,CASUAL
18179,890,3020,DISTANT
18180,3949,8289,CASUAL
18181,7224,1521,DISTANT
18182,7696,1037,CLOSE
18183,1668,617,DISTANT
18184,3435,5426,DISTANT
18185,7849,1229,CASUAL
18186,5916,9043,CLOSE
18187,6795,314,CLOSE
18188,1707,8483,CASUAL
18189,3363,6622,CLOSE
18190,7616,8453,CASUAL
18191,5371,5806,CLOSE
18192,8905,7399,CASUAL
18193,4418,1118,DISTANT
18194,3604,9934,CASUAL
18195,898,8006,DISTANT
18196,1849,9328,DISTANT
18197,6359,2649,CASUAL
18198,1186,4987,CASUAL
18199,1659,7397,DISTANT
18200,6450,6513,DISTANT
18201,2743,1634,CASUAL
18202,8408,554,CLOSE
18203,9518,1512,DISTANT
18204,8382,638,DISTANT
18205,6784,9045,CLOSE
18206,3967,2808,DISTANT
18207,4421,8659,CASUAL
18208,5223,9983,DISTANT
18209,222,1084,CASUAL
18210,4517,7785,DISTANT
18211,33,5902,CASUAL
18212,9485,5543,CLOSE
18213,398,1117,CLOSE
18214,6803,129,DISTANT
18215,8365,158,CASUAL
18216,3310,6679,DISTANT
18217,7094,6389,DISTANT
18218,2305,4537,DISTANT
18219,8274,2147,CASUAL
18220,1696,3640,DISTANT
18221,9215,445,CLOSE
18222,1198,8343,CLOSE
18223,9970,9391,DISTANT
18224,2047,351,CLOSE
18225,1643,4734,DISTANT
18226,9329,3645,DISTANT
18227,6809,1785,DISTANT
18228,3561,8089,CASUAL
18229,8214,2496,CLOSE
18230,9679,5677,CASUAL
18231,2156,8453,CLOSE
18232,289,8526,CASUAL
18233,7818,2878,CLOSE
18234,2649,7920,CLOSE
18235,1605,4548,DISTANT
18236,2929,3102,CASUAL
18237,7732,8703,CASUAL
18238,5629,3107,CASUAL
18239,7058,2068,DISTANT
18240,7865,4521,CLOSE
18241,1178,8295,CLOSE
18242,8873,6215,DISTANT
18243,5993,1869,CASUAL
18244,2127,5035,CLOSE
18245,3280,257,DISTANT
18246,4364,4750,DISTANT
18247,1893,1338,CASUAL
18248,4481,2456,CLOSE
18249,8286,5553,DISTANT
18250,3711,8732,CLOSE
18251,5381,9700,CASUAL
18252,7265,7999,DISTANT
18253,8372,2331,CASUAL
18254,1853,4568,CASUAL
18255,6991,1329,CASUAL
18256,1199,2949,CASUAL
18257,2392,8598,DISTANT
18258,9391,4245,DISTANT
18259,9047,9632,CASUAL
18260,6138,9603,CLOSE
18261,2084,1948,DISTANT
18262,981,8744,DISTANT
18263,3751,8494,CLOSE
18264,2266,529,CASUAL
18265,8555,7383,DISTANT
18266,7158,8434,CASUAL
18267,5301,6727,CASUAL
18268,2084,4668,CASUAL
18269,5563,5775,CLOSE
18270,5138,5740,CLOSE
18271,5472,4888,CASUAL
18272,7081,3206,CASUAL
18273,3650,8025,CASUAL
18274,713,5036,CLOSE
18275,3841,995,CASUAL
18276,5048,1158,DISTANT
18277,5690,7591,DISTANT
18278,7682,4850,CLOSE
18279,7352,8799,CASUAL
18280,5707,5540,CLOSE
18281,2350,7307,DISTANT
18282,4440,8853,CLOSE
18283,4452,6660,CASUAL
18284,7341,3942,CASUAL
18285,5491,2528,CASUAL
18286,2116,9384,DISTANT
18287,7852,516,DISTANT
18288,2620,9645,CASUAL
18289,9817,6770,DISTANT
18290,1245,1478,CASUAL
18291,6785,2200,DISTANT
18292,6097,615,CLOSE
18293,1084,5224,CASUAL
18294,7842,6835,CLOSE
18295,9037,6146,CLOSE
18296,3040,8410,CASUAL
18297,1802,1875,CASUAL
18298,5778,6395,DISTANT
18299,3110,1329,DISTANT
18300,5438,3066,CLOSE
18301,4731,7083,DISTANT
18302,3427,9184,DISTANT
18303,8017,1529,DISTANT
18304,9717,1959,CLOSE
18305,9278,3917,CASUAL
18306,575,7893,CASUAL
18307,2216,7104,CASUAL
18308,4325,737,DISTANT
18309,4570,5633,CASUAL
18310,3039,2999,CLOSE
18311,7588,2296,DISTANT
18312,8515,4091,DISTANT
18313,727,905,CLOSE
18314,5521,2534,DISTANT
18315,6668,9510,DISTANT
18316,762,8964,DISTANT
18317,7528,4862,DISTANT
18318,5034,8969,CLOSE
18319,8969,1269,DISTANT
18320,2568,7682,CASUAL
18321,5534,8124,CASUAL
18322,477,2575,CLOSE
18323,2619,7963,CASUAL
18324,9290,5204,CASUAL
18325,2165,575,DISTANT
18326,6449,8924,CLOSE
18327,1852,1642,DISTANT
18328,2451,5249,CLOSE
18329,8628,5234,CASUAL
18330,6920,3042,CASUAL
18331,2267,4714,CLOSE
18332,4394,5733,CLOSE
18333,801,4208,CASUAL
18334,7775,8796,DISTANT
18335,7937,2129,DISTANT
18336,6822,4153,DISTANT
18337,233,9785,DISTANT
18338,7149,5175,DISTANT
18339,6606,6365,CASUAL
18340,1047,6251,CLOSE
18341,4399,4589,DISTANT
18342,1106,938,CLOSE
18343,5004,5996,CASUAL
18344,1368,3287,DISTANT
18345,9646,4189,CLOSE
18346,8252,7870,CLOSE
18347,4264,4270,CASUAL
18348,8769,4363,CASUAL
18349,4236,601,CLOSE
18350,7404,4931,CASUAL
18351,318,288,CLOSE
18352,4616,1014,CLOSE
18353,9294,3575,CASUAL
18354,1250,1699,CLOSE
18355,5987,5501,CASUAL
18356,1586,8839,CLOSE
18357,5854,226,CLOSE
18358,5395,9990,DISTANT
18359,3724,6429,CASUAL
18360,1880,9566,CASUAL
18361,6684,3598,CLOSE
18362,8162,6294,DISTANT
18363,808,4159,CASUAL
18364,2214,1918,DISTANT
18365,6993,8928,CASUAL
18366,5862,7968,DISTANT
18367,6026,8600,DISTANT
18368,7413,7765,CASUAL
18369,1073,847,CASUAL
18370,9200,1,CLOSE
18371,8135,3889,CLOSE
18372,3790,6697,CASUAL
18373,75,6569,DISTANT
18374,4153,8767,CASUAL
18375,1461,3459,DISTANT
18376,6961,9513,CASUAL
18377,7707,4029,CLOSE
18378,1302,7393,CASUAL
18379,1746,3754,DISTANT
18380,1471,1235,CASUAL
18381,2686,5823,CLOSE
18382,9722,4761,CASUAL
18383,2340,6526,CLOSE
18384,2300,8186,CASUAL
18385,465,1669,DISTANT
18386,4628,5319,CASUAL
18387,3384,6688,CLOSE
18388,4223,6886,CASUAL
18389,5598,2110,DISTANT
18390,9013,2135,CASUAL
18391,5904,2368,CASUAL
18392,9667,2009,DISTANT
18393,7467,7173,CLOSE
18394,6677,4324,CASUAL
18395,5397,8930,CASUAL
18396,3844,4279,DISTANT
18397,1284,4611,CLOSE
18398,6724,5517,CASUAL
18399,6724,5648,DISTANT
18400,3967,8502,CASUAL
18401,3103,1984,CASUAL
18402,2717,8574,CLOSE
18403,7865,1894,DISTANT
18404,8216,4530,CLOSE
18405,7887,3457,CLOSE
18406,5345,7208,CLOSE
18407,7728,3164,CLOSE
18408,4713,13,CLOSE
18409,2476,9335,DISTANT
18410,7522,171,CASUAL
18411,6737,9893,CLOSE
18412,6198,5036,CASUAL
18413,3489,4995,CLOSE
18414,9494,4042,DISTANT
18415,5352,2832,CASUAL
18416,7999,6622,DISTANT
18417,154,7049,DISTANT
18418,8553,475,CASUAL
18419,1199,3990,DISTANT
18420,1650,839,CLOSE
18421,3573,7584,CASUAL
18422,2417,2594,CLOSE
18423,6135,5818,CASUAL
18424,4366,7305,CASUAL
18425,3096,902,CLOSE
18426,2834,9978,DISTANT
18427,4251,9109,CLOSE
18428,2733,2972,DISTANT
18429,4759,7240,CLOSE
18430,9422,9228,CASUAL
18431,1410,7932,CASUAL
18432,8457,214,CLOSE
18433,7428,4695,CLOSE
18434,5773,5123,CASUAL
18435,3430,3691,CASUAL
18436,2218,9547,CASUAL
18437,6050,8177,CASUAL
18438,3974,8528,CASUAL
18439,7406,5967,CLOSE
18440,5489,1743,CASUAL
18441,6837,3054,CLOSE
18442,1254,1965,CASUAL
18443,1178,6976,DISTANT
18444,8725,2332,DISTANT
18445,7045,5554,CLOSE
18446,4485,6507,CLOSE
18447,5939,844,CASUAL
18448,9135,1196,CASUAL
18449,3048,5132,CASUAL
18450,2083,4930,CLOSE
18451,4536,6407,DISTANT
18452,5064,6134,CASUAL
18453,6801,9086,CLOSE
18454,5486,6340,CASUAL
18455,272,3703,DISTANT
18456,263,8996,CLOSE
18457,9300,9364,DISTANT
18458,9549,6914,CASUAL
18459,9795,9737,CASUAL
18460,5139,3668,DISTANT
18461,342,5175,CLOSE
18462,5210,5792,DISTANT
18463,5093,6804,DISTANT
18464,7725,4828,CLOSE
18465,3306,5819,CLOSE
18466,3662,3828,DISTANT
18467,2227,2040,CASUAL
18468,803,5363,CLOSE
18469,1182,8472,CLOSE
18470,3970,9975,CASUAL
18471,1527,2995,DISTANT
18472,3338,2395,DISTANT
18473,9051,3150,DISTANT
18474,293,9515,CASUAL
18475,8562,4305,CASUAL
18476,6687,2906,DISTANT
18477,1977,9380,CASUAL
18478,2387,1484,CLOSE
18479,1416,5219,DISTANT
18480,2916,357,CASUAL
18481,9798,9594,DISTANT
18482,9860,1692,CASUAL
18483,9024,1771,CLOSE
18484,8566,4624,CLOSE
18485,4285,894,DISTANT
18486,3672,6906,CASUAL
18487,567,2670,DISTANT
18488,1160,1707,CLOSE
18489,8617,3771,CASUAL
18490,1159,61,DISTANT
18491,1004,5642,DISTANT
18492,110,4784,CASUAL
18493,4323,2442,DISTANT
18494,2730,6301,CASUAL
18495,2202,1051,CASUAL
18496,7619,9230,CLOSE
18497,7870,5177,CASUAL
18498,5189,3141,DISTANT
18499,9752,1758,CLOSE
18500,1089,2228,DISTANT
18501,2895,7126,DISTANT
18502,1161,2526,CASUAL
18503,5750,6789,CLOSE
18504,4636,9155,DISTANT
18505,4009,9395,CLOSE
18506,20,541,CASUAL
18507,8086,7513,CASUAL
18508,9760,9281,CLOSE
18509,3220,5612,DISTANT
18510,2335,6602,DISTANT
18511,6817,2372,CLOSE
18512,7928,7825,DISTANT
18513,4156,7569,CASUAL
18514,3127,3997,DISTANT
18515,8548,4405,CASUAL
18516,7505,2479,CASUAL
18517,4564,7662,CLOSE
18518,3713,2728,DISTANT
18519,114,9649,CASUAL
18520,4874,1880,CASUAL
18521,5180,1059,CLOSE
18522,4658,1818,CLOSE
18523,3472,4998,CASUAL
18524,1696,9541,CASUAL
18525,2682,1090,CLOSE
18526,7175,9582,CLOSE
18527,8177,5628,DISTANT
18528,2956,7998,DISTANT
18529,7847,2972,CLOSE
18530,6697,7872,DISTANT
18531,6336,6381,DISTANT
18532,7417,8811,CASUAL
18533,28,2650,DISTANT
18534,359,8421,DISTANT
18535,5733,7230,CLOSE
18536,8377,4647,CLOSE
18537,1286,4106,DISTANT
18538,9559,1968,DISTANT
18539,85,4392,CLOSE
18540,9978,1298,CASUAL
18541,1342,4970,CLOSE
18542,6813,5772,CLOSE
18543,9321,5187,CLOSE
18544,998,1740,CASUAL
18545,1802,2271,DISTANT
18546,30,6921,DISTANT
18547,9957,8038,DISTANT
18548,7014,5107,CLOSE
18549,1563,5851,CASUAL
18550,5857,3448,CLOSE
18551,7272,4054,DISTANT
18552,2217,4378,CASUAL
18553,6270,9441,DISTANT
18554,9308,9024,CASUAL
18555,1575,5284,CLOSE
18556,5607,221,CASUAL
18557,4627,4538,CLOSE
18558,3962,5785,DISTANT
18559,1907,5445,CLOSE
18560,4873,3451,CLOSE
18561,3332,9673,CLOSE
18562,5661,7965,DISTANT
18563,1174,825,CLOSE
18564,4086,6249,DISTANT
18565,7891,5873,DISTANT
18566,4468,4511,DISTANT
18567,6674,7153,CLOSE
18568,1677,8857,CLOSE
18569,4585,9153,CASUAL
18570,1167,7145,DISTANT
18571,9391,2509,DISTANT
18572,3305,2746,CLOSE
18573,894,8106,DISTANT
18574,3797,5576,CLOSE
18575,8419,4037,CLOSE
18576,690,4217,DISTANT
18577,7958,4889,DISTANT
18578,7754,3187,CLOSE
18579,7414,1422,CASUAL
18580,2035,5243,CASUAL
18581,2712,1941,CLOSE
18582,1694,4267,DISTANT
18583,6310,2043,CLOSE
18584,78,5823,CASUAL
18585,3874,8264,DISTANT
18586,772,3458,DISTANT
18587,8114,3758,CASUAL
18588,2894,630,CASUAL
18589,2947,3614,CASUAL
18590,8814,8121,CLOSE
18591,7962,294,DISTANT
18592,1970,7629,CLOSE
18593,6140,9024,CLOSE
18594,3492,552,DISTANT
18595,536,7630,CLOSE
18596,7804,1509,CLOSE
18597,1654,839,CASUAL
18598,1957,7016,CLOSE
18599,8180,5070,CLOSE
18600,3603,8773,DISTANT
18601,5901,1880,CASUAL
18602,3579,3927,CASUAL
18603,2610,5203,DISTANT
18604,417,9292,CASUAL
18605,592,3868,DISTANT
18606,551,58,CLOSE
18607,5920,826,DISTANT
18608,1324,924,CASUAL
18609,58,1818,CLOSE
18610,5564,9206,CLOSE
18611,7286,1482,DISTANT
18612,4722,4959,CLOSE
18613,4206,2923,CLOSE
18614,8429,1447,CLOSE
18615,687,4529,DISTANT
18616,2410,3644,CLOSE
18617,8829,4405,DISTANT
18618,9403,2447,DISTANT
18619,7253,3334,DISTANT
18620,7364,4373,CASUAL
18621,7901,1179,CASUAL
18622,8529,3925,CASUAL
18623,8750,5051,DISTANT
18624,8250,6554,CASUAL
18625,4837,9160,CASUAL
18626,9903,5665,CLOSE
18627,1069,3581,CLOSE
18628,9340,3651,DISTANT
18629,4380,7995,CLOSE
18630,7629,1989,CLOSE
18631,9402,8729,CASUAL
18632,8385,583,DISTANT
18633,7736,8645,CASUAL
18634,7177,9822,DISTANT
18635,8868,113,CASUAL
18636,3566,2489,CASUAL
18637,8847,2937,CLOSE
18638,7709,8902,CASUAL
18639,7707,5683,CLOSE
18640,7536,8059,DISTANT
18641,531,7592,DISTANT
18642,364,142,CASUAL
18643,3172,7384,CLOSE
18644,6819,2049,CASUAL
18645,9004,6577,DISTANT
18646,3453,6725,CASUAL
18647,1845,1396,CLOSE
18648,5958,4219,CLOSE
18649,6598,7674,CLOSE
18650,3268,3008,CLOSE
18651,579,6262,CLOSE
18652,6451,6662,CLOSE
18653,700,9298,CASUAL
18654,3058,5688,DISTANT
18655,3205,6955,CASUAL
18656,6088,4164,CASUAL
18657,3388,1640,CLOSE
18658,8381,3404,DISTANT
18659,1166,8777,CLOSE
18660,4983,2114,CASUAL
18661,1473,9123,CASUAL
18662,1814,1470,DISTANT
18663,2683,1486,CLOSE
18664,1911,4731,CASUAL
18665,8997,5092,CASUAL
18666,1395,2757,CLOSE
18667,999,952,DISTANT
18668,2292,6666,CASUAL
18669,9104,137,CLOSE
18670,5214,3033,DISTANT
18671,3650,8475,CLOSE
18672,7653,950,DISTANT
18673,2381,6858,DISTANT
18674,9149,5884,DISTANT
18675,5962,6095,CLOSE
18676,2144,5141,CLOSE
18677,9302,9343,DISTANT
18678,3715,9350,CASUAL
18679,6915,3390,DISTANT
18680,3166,4549,DISTANT
18681,3756,9874,DISTANT
18682,1074,298,CLOSE
18683,3212,6792,CLOSE
18684,3294,2886,DISTANT
18685,8591,599,CASUAL
18686,2544,5001,DISTANT
18687,7090,2300,DISTANT
18688,8034,3902,CLOSE
18689,2793,3628,CLOSE
18690,9476,3592,CASUAL
18691,3486,8457,CLOSE
18692,9905,213,CLOSE
18693,7349,7158,DISTANT
18694,318,921,CLOSE
18695,9284,6498,DISTANT
18696,471,4257,CLOSE
18697,456,8672,DISTANT
18698,8054,8810,CASUAL
18699,7763,1359,CASUAL
18700,3595,7260,CASUAL
18701,6893,3472,CLOSE
18702,9151,5624,DISTANT
18703,5751,4089,CLOSE
18704,4315,8787,CLOSE
18705,766,2361,CLOSE
18706,5048,1612,CASUAL
18707,320,2682,DISTANT
18708,3972,6714,DISTANT
18709,1680,9561,CLOSE
18710,1282,9751,CLOSE
18711,5010,2503,CASUAL
18712,8360,4705,DISTANT
18713,7325,5622,CASUAL
18714,9542,4163,DISTANT
18715,2632,489,CASUAL
18716,3693,3663,CLOSE
18717,3222,6918,CASUAL
18718,4312,8525,CLOSE
18719,5414,1225,CLOSE
18720,8170,6257,CLOSE
18721,9185,4150,CASUAL
18722,8051,1245,CASUAL
18723,7163,7955,CASUAL
18724,2950,6593,DISTANT
18725,9471,3351,CASUAL
18726,7684,37,DISTANT
18727,5174,4278,CLOSE
18728,5716,1155,CASUAL
18729,5611,5944,DISTANT
18730,899,2960,CASUAL
18731,7137,7973,CASUAL
18732,394,8477,DISTANT
18733,2992,921,CLOSE
18734,4289,4936,DISTANT
18735,3289,7816,CLOSE
18736,9010,176,CASUAL
18737,8052,5457,CLOSE
18738,9555,5902,DISTANT
18739,5638,2014,CLOSE
18740,5230,3046,CLOSE
18741,5357,5491,CASUAL
18742,2175,7136,CLOSE
18743,533,3736,CLOSE
18744,80,6219,CLOSE
18745,995,5260,CASUAL
18746,9643,9048,CASUAL
18747,1214,9749,CASUAL
18748,7272,9326,CLOSE
18749,3042,5763,DISTANT
18750,3982,4988,CASUAL
18751,5390,3002,CLOSE
18752,5334,9387,CASUAL
18753,9533,2038,DISTANT
18754,576,1657,CLOSE
18755,8279,434,CLOSE
18756,1898,6269,DISTANT
18757,7544,1812,DISTANT
18758,9431,2439,DISTANT
18759,1874,5080,CLOSE
18760,9139,928,CLOSE
18761,5859,894,DISTANT
18762,2531,6760,CLOSE
18763,917,3719,DISTANT
18764,3737,1385,DISTANT
18765,2190,4109,CLOSE
18766,2767,628,DISTANT
18767,4225,2631,DISTANT
18768,4345,1315,DISTANT
18769,1089,2100,DISTANT
18770,2532,517,CASUAL
18771,5781,2493,DISTANT
18772,6086,4180,CASUAL
18773,2725,7513,CASUAL
18774,4496,2440,CLOSE
18775,234,3349,CASUAL
18776,5114,9000,CLOSE
18777,7551,4217,CASUAL
18778,533,8585,CASUAL
18779,213,6877,CLOSE
18780,5986,3666,DISTANT
18781,8518,4077,CLOSE
18782,6938,8815,CLOSE
18783,1462,9154,CASUAL
18784,1058,6000,DISTANT
18785,4468,1486,DISTANT
18786,472,9543,CASUAL
18787,3738,9851,CLOSE
18788,8789,9798,DISTANT
18789,7406,3499,CASUAL
18790,8256,1007,DISTANT
18791,8739,7246,CLOSE
18792,8431,6186,CASUAL
18793,2257,1427,DISTANT
18794,7239,6754,CLOSE
18795,3345,9232,CLOSE
18796,2023,9637,CLOSE
18797,7592,213,DISTANT
18798,6328,5885,CLOSE
18799,1264,9185,CASUAL
18800,5916,4010,CLOSE
18801,9125,3131,CASUAL
18802,6734,232,CLOSE
18803,1415,7550,CASUAL
18804,8226,2821,CASUAL
18805,7262,7700,CASUAL
18806,8326,4900,CLOSE
18807,4986,3598,CASUAL
18808,6299,2822,CASUAL
18809,2261,1800,CASUAL
18810,2240,2522,CLOSE
18811,9134,888,DISTANT
18812,833,5992,DISTANT
18813,3289,1804,CASUAL
18814,9534,2900,DISTANT
18815,9743,9221,DISTANT
18816,8927,7431,CASUAL
18817,826,5612,CLOSE
18818,4781,7390,DISTANT
18819,9577,3168,CLOSE
18820,6362,12,DISTANT
18821,8371,2154,CLOSE
18822,3613,6869,CASUAL
18823,9376,9985,DISTANT
18824,1826,5235,CASUAL
18825,3952,2736,DISTANT
18826,1311,2397,CASUAL
18827,5121,6711,CLOSE
18828,6784,2909,CLOSE
18829,2199,5259,CLOSE
18830,5442,5965,CASUAL
18831,6659,9831,CLOSE
18832,589,5274,DISTANT
18833,9531,1738,DISTANT
18834,3675,3429,CLOSE
18835,4242,3400,CASUAL
18836,3936,5257,CLOSE
18837,5155,3559,DISTANT
18838,302,1043,CLOSE
18839,6575,3535,CASUAL
18840,9018,97,CASUAL
18841,173,9310,CLOSE
18842,3434,9505,DISTANT
18843,9112,5266,CLOSE
18844,3938,1913,DISTANT
18845,9304,6896,DISTANT
18846,4520,7311,DISTANT
18847,5355,372,CASUAL
18848,5205,9793,DISTANT
18849,2933,9738,DISTANT
18850,5899,3981,CASUAL
18851,7757,2177,DISTANT
18852,3833,7619,DISTANT
18853,8869,4431,CASUAL
18854,2887,1907,CASUAL
18855,9492,402,DISTANT
18856,5816,535,DISTANT
18857,9521,5630,CASUAL
18858,5791,9975,CASUAL
18859,4353,7002,CASUAL
18860,295,7538,CLOSE
18861,5726,5502,CLOSE
18862,5229,9443,CLOSE
18863,9948,889,CLOSE
18864,95,3222,CLOSE
18865,6968,8783,CLOSE
18866,7349,8585,DISTANT
18867,246,3155,CLOSE
18868,968,6571,CASUAL
18869,3374,4058,DISTANT
18870,1015,7186,CLOSE
18871,5433,8474,DISTANT
18872,5590,5470,CASUAL
18873,419,8971,CLOSE
18874,4246,2513,CASUAL
18875,4564,671,CASUAL
18876,3156,2303,DISTANT
18877,3066,9765,DISTANT
18878,9107,9030,CASUAL
18879,3878,856,CLOSE
18880,2522,353,DISTANT
18881,5193,9946,DISTANT
18882,8189,6480,CASUAL
18883,1226,4870,DISTANT
18884,3792,7902,DISTANT
18885,2113,4563,CLOSE
18886,273,45,DISTANT
18887,612,5425,CASUAL
18888,7830,6929,CASUAL
18889,5963,7691,DISTANT
18890,6613,363,DISTANT
18891,4309,7309,CASUAL
18892,3210,5322,DISTANT
18893,1816,6371,DISTANT
18894,7348,989,CASUAL
18895,8608,8442,DISTANT
18896,30,2884,CLOSE
18897,7621,253,CASUAL
18898,1135,972,DISTANT
18899,1005,2991,CLOSE
18900,5410,2423,DISTANT
18901,7118,2019,CLOSE
18902,2509,8565,CASUAL
18903,5067,9247,CLOSE
18904,972,9386,DISTANT
18905,2273,3525,CASUAL
18906,6544,1754,CLOSE
18907,3086,1233,CASUAL
18908,4318,9981,DISTANT
18909,6769,2451,DISTANT
18910,9393,6614,CASUAL
18911,7904,7810,DISTANT
18912,4682,4166,DISTANT
18913,8888,1454,CLOSE
18914,182,7666,CLOSE
18915,933,3234,CASUAL
18916,2948,425,CLOSE
18917,8410,108,CLOSE
18918,8766,7032,CLOSE
18919,4513,6055,CLOSE
18920,1692,1243,CLOSE
18921,2303,4811,CASUAL
18922,921,6851,DISTANT
18923,7233,849,DISTANT
18924,4672,3498,CLOSE
18925,9668,2317,CASUAL
18926,6576,5884,CLOSE
18927,8742,236,DISTANT
18928,2405,3853,CLOSE
18929,9596,7749,DISTANT
18930,6252,1291,DISTANT
18931,394,7477,CASUAL
18932,7479,2338,DISTANT
18933,8683,9400,DISTANT
18934,8380,6259,CASUAL
18935,2410,6370,CLOSE
18936,9337,6922,DISTANT
18937,3447,9203,CLOSE
18938,9397,551,CLOSE
18939,5340,4849,DISTANT
18940,3997,2755,CLOSE
18941,267,5479,CLOSE
18942,1894,6275,CLOSE
18943,8393,8051,CASUAL
18944,2671,7841,DISTANT
18945,7280,3226,CASUAL
18946,9725,8596,CLOSE
18947,6229,3777,CLOSE
18948,2794,2178,CLOSE
18949,1182,4405,CASUAL
18950,6317,2005,CLOSE
18951,526,1356,CLOSE
18952,6943,6678,CLOSE
18953,9210,7476,CASUAL
18954,855,1235,CLOSE
18955,601,2393,CLOSE
18956,4711,4726,DISTANT
18957,6805,1240,DISTANT
18958,4604,5833,CASUAL
18959,7833,1217,CLOSE
18960,8093,500,DISTANT
18961,1498,9242,CLOSE
18962,1296,6819,CLOSE
18963,2700,844,CASUAL
18964,2067,8303,DISTANT
18965,3754,9458,CASUAL
18966,2070,841,CLOSE
18967,6522,1681,DISTANT
18968,7796,5011,CLOSE
18969,6220,1481,DISTANT
18970,7491,5577,DISTANT
18971,5925,1715,DISTANT
18972,2163,7094,DISTANT
18973,9133,7087,CASUAL
18974,2750,3419,CASUAL
18975,9358,4811,DISTANT
18976,5686,7430,CASUAL
18977,4730,8304,DISTANT
18978,9384,8469,DISTANT
18979,6546,5462,DISTANT
18980,5786,7790,CASUAL
18981,475,4591,CLOSE
18982,8072,1788,CASUAL
18983,7312,2643,DISTANT
18984,5185,627,CLOSE
18985,935,1311,CASUAL
18986,3594,9215,CLOSE
18987,3667,4556,CLOSE
18988,4634,9563,CLOSE
18989,684,1985,CLOSE
18990,6145,2225,DISTANT
18991,7633,5799,CLOSE
18992,1789,8791,CASUAL
18993,2400,4418,CLOSE
18994,9987,5263,CASUAL
18995,2843,8082,CLOSE
18996,4132,1986,CASUAL
18997,9248,1257,CLOSE
18998,9968,5805,CLOSE
18999,7672,6499,CLOSE
19000,7017,1115,CLOSE
19001,790,7755,CLOSE
19002,9853,8100,CASUAL
19003,6271,2713,CLOSE
19004,2380,5835,CASUAL
19005,925,3074,CLOSE
19006,6707,6283,CASUAL
19007,693,6174,CASUAL
19008,2992,5323,CASUAL
19009,1547,6839,DISTANT
19010,5362,6536,CLOSE
19011,2780,6598,CASUAL
19012,3520,228,CLOSE
19013,7482,4029,DISTANT
19014,4805,5405,CASUAL
19015,9166,716,CLOSE
19016,4840,9133,DISTANT
19017,3742,3483,CLOSE
19018,9087,2290,CASUAL
19019,6146,6970,CLOSE
19020,8922,6204,DISTANT
19021,7989,1329,CASUAL
19022,1301,683,CLOSE
19023,6342,1463,CLOSE
19024,3233,5160,CASUAL
19025,5349,2311,DISTANT
19026,3829,2305,CLOSE
19027,2150,7571,DISTANT
19028,3458,3186,CASUAL
19029,998,3321,DISTANT
19030,6752,3776,DISTANT
19031,1650,1319,CLOSE
19032,4638,7737,CASUAL
19033,7495,4837,CLOSE
19034,3586,5904,DISTANT
19035,803,1145,CASUAL
19036,5131,2160,CASUAL
19037,1568,771,CLOSE
19038,8195,2658,CLOSE
19039,52,4528,DISTANT
19040,8349,699,DISTANT
19041,4158,2330,CLOSE
19042,5681,832,CASUAL
19043,5878,3501,CASUAL
19044,3759,2352,DISTANT
19045,5520,7148,DISTANT
19046,314,8813,CASUAL
19047,8658,759,CASUAL
19048,1710,7148,CASUAL
19049,9974,3661,CASUAL
19050,5630,5170,CLOSE
19051,1718,4204,CASUAL
19052,6579,8946,CASUAL
19053,1867,9980,DISTANT
19054,6664,8596,DISTANT
19055,2384,2606,CLOSE
19056,3684,1823,CLOSE
19057,4192,8175,DISTANT
19058,5746,2415,CASUAL
19059,6136,9023,DISTANT
19060,475,6174,CASUAL
19061,4535,2118,CLOSE
19062,9668,7200,CLOSE
19063,6668,5946,CASUAL
19064,5497,8931,CLOSE
19065,129,5968,CLOSE
19066,3315,5401,DISTANT
19067,3207,7023,DISTANT
19068,3687,5839,CASUAL
19069,3423,2604,CLOSE
19070,2201,9951,CLOSE
19071,1437,9297,DISTANT
19072,4989,6098,DISTANT
19073,7561,5090,DISTANT
19074,8066,100,CASUAL
19075,2723,9335,DISTANT
19076,2798,346,CLOSE
19077,8253,7374,DISTANT
19078,9366,6997,DISTANT
19079,6570,8519,CLOSE
19080,1582,7494,DISTANT
19081,4221,1347,CASUAL
19082,5332,7505,DISTANT
19083,7848,8990,CLOSE
19084,7107,1216,DISTANT
19085,9339,5212,DISTANT
19086,9541,7131,CLOSE
19087,9800,3111,DISTANT
19088,6070,5677,CLOSE
19089,3091,2842,CASUAL
19090,3200,5249,CLOSE
19091,338,8782,DISTANT
19092,3963,4748,DISTANT
19093,5541,8452,DISTANT
19094,6826,5670,CASUAL
19095,7282,168,DISTANT
19096,4768,3001,DISTANT
19097,1739,5124,CLOSE
19098,4633,8213,DISTANT
19099,3998,797,CASUAL
19100,4048,4325,CLOSE
19101,4682,901,CLOSE
19102,8111,5462,DISTANT
19103,2064,2385,CASUAL
19104,7957,9157,CASUAL
19105,4345,7665,CASUAL
19106,7205,3460,DISTANT
19107,3447,176,DISTANT
19108,5941,6122,CLOSE
19109,2075,595,DISTANT
19110,6300,5676,CASUAL
19111,5003,7961,DISTANT
19112,3720,3965,CASUAL
19113,4147,5075,DISTANT
19114,1102,5638,CASUAL
19115,3630,9950,CASUAL
19116,2041,6454,CASUAL
19117,218,5499,DISTANT
19118,1741,824,DISTANT
19119,7,1495,CLOSE
19120,7242,3964,DISTANT
19121,7575,2057,CLOSE
19122,4055,679,CASUAL
19123,9966,3369,DISTANT
19124,5767,8066,CASUAL
19125,9187,4745,CLOSE
19126,7312,1647,DISTANT
19127,1914,3009,CASUAL
19128,5731,9694,CASUAL
19129,1349,3050,CASUAL
19130,4189,9797,CLOSE
19131,9432,4432,CASUAL
19132,2972,7385,CASUAL
19133,4828,9044,CLOSE
19134,8236,1505,CASUAL
19135,2322,8317,DISTANT
19136,9353,8492,DISTANT
19137,3749,5925,DISTANT
19138,8535,4632,CASUAL
19139,3342,714,CLOSE
19140,6862,6027,CLOSE
19141,3746,4477,CLOSE
19142,6703,1398,DISTANT
19143,3649,2159,CLOSE
19144,8229,2887,CLOSE
19145,4530,4079,DISTANT
19146,4422,7688,CLOSE
19147,178,3055,CASUAL
19148,9563,4848,CLOSE
19149,9670,8334,DISTANT
19150,6607,8130,CASUAL
19151,2396,7570,DISTANT
19152,5734,3229,CLOSE
19153,2757,9720,CASUAL
19154,8989,6466,CLOSE
19155,2848,6309,CLOSE
19156,3149,6858,CASUAL
19157,5288,310,DISTANT
19158,5276,1988,CLOSE
19159,460,5479,CLOSE
19160,1075,1859,DISTANT
19161,3467,999,CASUAL
19162,2163,7368,CLOSE
19163,6412,7465,DISTANT
19164,2153,1605,CASUAL
19165,7326,1,CASUAL
19166,3707,2148,CASUAL
19167,3303,2170,CLOSE
19168,7477,9627,CASUAL
19169,2630,743,DISTANT
19170,5048,6772,DISTANT
19171,6194,6991,CASUAL
19172,7677,7443,CASUAL
19173,6960,8627,CASUAL
19174,8609,2138,CASUAL
19175,2561,2270,CASUAL
19176,4459,7418,CASUAL
19177,7856,8788,DISTANT
19178,7838,3898,DISTANT
19179,7366,7794,CASUAL
19180,7969,7916,DISTANT
19181,2869,889,CASUAL
19182,3316,8845,DISTANT
19183,7084,5701,DISTANT
19184,2365,4859,CLOSE
19185,9726,5165,CLOSE
19186,9310,5097,CLOSE
19187,8778,5475,CLOSE
19188,7659,9485,DISTANT
19189,2556,5277,DISTANT
19190,4972,2600,CASUAL
19191,7745,1155,DISTANT
19192,5773,7370,CLOSE
19193,2136,2171,DISTANT
19194,4044,8260,DISTANT
19195,5714,8695,DISTANT
19196,461,1760,CLOSE
19197,8549,4919,CASUAL
19198,2410,7637,CASUAL
19199,6020,7364,CLOSE
19200,226,9657,CLOSE
19201,2027,6672,DISTANT
19202,8568,1250,CLOSE
19203,1551,2659,CASUAL
19204,1040,5100,DISTANT
19205,1946,301,DISTANT
19206,90,1800,DISTANT
19207,863,9695,CLOSE
19208,4472,7705,CASUAL
19209,9083,3230,CASUAL
19210,5800,5232,DISTANT
19211,5845,517,CLOSE
19212,4720,993,DISTANT
19213,5116,9838,CASUAL
19214,5084,7078,CASUAL
19215,7674,4185,DISTANT
19216,317,2146,CLOSE
19217,3406,1560,CASUAL
19218,8173,9221,DISTANT
19219,2448,3026,DISTANT
19220,8799,2546,DISTANT
19221,4497,1856,CASUAL
19222,4403,8335,CASUAL
19223,4988,3818,DISTANT
19224,8811,9976,CLOSE
19225,4410,6382,CASUAL
19226,3873,8976,CASUAL
19227,9564,3154,CASUAL
19228,1022,3476,CLOSE
19229,9451,5927,DISTANT
19230,3656,3414,CLOSE
19231,5754,3801,CLOSE
19232,5624,1856,DISTANT
19233,7485,983,CASUAL
19234,1151,6749,CASUAL
19235,1562,9842,DISTANT
19236,6272,2539,CASUAL
19237,4770,1823,CASUAL
19238,3843,4329,DISTANT
19239,3187,993,CASUAL
19240,9351,5289,CASUAL
19241,2050,5065,DISTANT
19242,3095,1082,CLOSE
19243,9080,9106,DISTANT
19244,7950,3738,DISTANT
19245,8992,5195,DISTANT
19246,1469,9817,CLOSE
19247,2914,1229,CLOSE
19248,2197,2073,CASUAL
19249,39,9852,CLOSE
19250,9668,7544,CASUAL
19251,7134,6117,CASUAL
19252,6728,2577,CLOSE
19253,6262,8695,DISTANT
19254,3105,6068,CLOSE
19255,300,7954,DISTANT
19256,337,4651,CASUAL
19257,7050,3892,CLOSE
19258,803,8038,CLOSE
19259,7469,320,CASUAL
19260,2223,4836,CLOSE
19261,4950,61,DISTANT
19262,837,4214,CLOSE
19263,5963,7812,CLOSE
19264,2358,7158,DISTANT
19265,1126,7086,CASUAL
19266,2737,7052,DISTANT
19267,8036,4991,CLOSE
19268,3895,3739,DISTANT
19269,4275,4923,DISTANT
19270,3661,9495,DISTANT
19271,7931,4402,CLOSE
19272,2413,8597,CLOSE
19273,4254,2074,CASUAL
19274,7898,6332,DISTANT
19275,5067,9038,DISTANT
19276,3068,8982,DISTANT
19277,5535,4104,CASUAL
19278,1984,2540,CASUAL
19279,3372,9863,CLOSE
19280,7516,9121,CASUAL
19281,5393,3798,DISTANT
19282,3720,1641,CLOSE
19283,166,9421,CLOSE
19284,7507,6913,CLOSE
19285,1385,6632,CLOSE
19286,3770,4017,DISTANT
19287,2963,768,CLOSE
19288,8963,6001,DISTANT
19289,557,6606,CLOSE
19290,3899,9625,CASUAL
19291,6943,3471,DISTANT
19292,3202,9297,CASUAL
19293,7992,2193,CASUAL
19294,7691,1169,CLOSE
19295,1994,330,CASUAL
19296,9253,7793,DISTANT
19297,6163,2757,CASUAL
19298,3330,1221,CASUAL
19299,8620,583,DISTANT
19300,7080,4738,DISTANT
19301,8889,4334,CASUAL
19302,3969,4477,CLOSE
19303,3806,3553,CASUAL
19304,6451,5670,DISTANT
19305,8216,5441,DISTANT
19306,6050,1466,CLOSE
19307,1849,6738,CASUAL
19308,4268,7723,DISTANT
19309,6586,9747,CASUAL
19310,3937,2977,CLOSE
19311,8244,9193,CASUAL
19312,5534,825,DISTANT
19313,7579,551,DISTANT
19314,4413,6606,DISTANT
19315,3631,6291,CLOSE
19316,9924,6273,CASUAL
19317,4272,6778,CASUAL
19318,6985,9708,CLOSE
19319,9917,2666,CASUAL
19320,1540,7952,CLOSE
19321,4794,7698,CLOSE
19322,6712,7391,DISTANT
19323,403,4581,DISTANT
19324,2611,4045,CLOSE
19325,2834,7203,DISTANT
19326,7775,9096,CLOSE
19327,2023,6888,CASUAL
19328,8631,5645,CLOSE
19329,1402,78,CASUAL
19330,1064,3027,CASUAL
19331,2142,9701,CLOSE
19332,2164,6898,CASUAL
19333,4584,6363,DISTANT
19334,1374,1007,CLOSE
19335,184,4253,CLOSE
19336,9007,8645,CLOSE
19337,6378,4478,CASUAL
19338,6328,4495,CASUAL
19339,181,2292,DISTANT
19340,5182,790,CASUAL
19341,259,3711,DISTANT
19342,7171,4337,CLOSE
19343,4154,1316,DISTANT
19344,9341,2467,DISTANT
19345,632,6982,CLOSE
19346,8238,3990,DISTANT
19347,9693,9997,CASUAL
19348,9660,4947,CASUAL
19349,3805,3393,DISTANT
19350,4087,3116,DISTANT
19351,8901,9995,CLOSE
19352,7001,9222,DISTANT
19353,4467,9796,DISTANT
19354,6984,1970,CLOSE
19355,9478,7293,DISTANT
19356,745,362,DISTANT
19357,6965,4602,CASUAL
19358,3880,3849,DISTANT
19359,6158,8935,CASUAL
19360,8186,8212,CLOSE
19361,8815,6080,CASUAL
19362,5631,4728,DISTANT
19363,3175,6862,CLOSE
19364,7877,9053,DISTANT
19365,8680,2639,DISTANT
19366,4800,1761,CLOSE
19367,7771,8580,DISTANT
19368,4120,9268,CASUAL
19369,3689,2019,CASUAL
19370,9697,5397,CLOSE
19371,6466,7739,CLOSE
19372,4719,6096,CASUAL
19373,8878,9062,DISTANT
19374,9278,5534,CASUAL
19375,8203,3680,CLOSE
19376,2306,7146,DISTANT
19377,7214,7483,CASUAL
19378,6813,2133,CLOSE
19379,5080,9335,CLOSE
19380,1041,7220,CASUAL
19381,7066,9917,DISTANT
19382,6687,8998,CLOSE
19383,7806,1137,CLOSE
19384,2656,7831,CLOSE
19385,7460,9451,DISTANT
19386,5335,792,DISTANT
19387,47,8283,DISTANT
19388,1066,3667,CLOSE
19389,3997,6721,DISTANT
19390,8537,1158,CASUAL
19391,1430,8338,CLOSE
19392,1112,9428,CLOSE
19393,5351,5654,CASUAL
19394,337,6490,CLOSE
19395,5859,4778,CLOSE
19396,1684,2024,DISTANT
19397,6857,3969,CLOSE
19398,4570,9639,CLOSE
19399,13,8448,CASUAL
19400,2399,3127,DISTANT
19401,1426,8178,CASUAL
19402,7429,9716,CASUAL
19403,2934,2855,DISTANT
19404,1147,116,DISTANT
19405,9433,3761,DISTANT
19406,5082,4417,DISTANT
19407,8777,3072,CASUAL
19408,3400,7858,DISTANT
19409,9922,6858,CASUAL
19410,6960,6048,CLOSE
19411,8399,966,CLOSE
19412,9481,1329,CLOSE
19413,8626,384,CLOSE
19414,6814,9291,CLOSE
19415,7562,68,DISTANT
19416,3351,9735,CASUAL
19417,4338,2549,CLOSE
19418,8815,8136,CLOSE
19419,8131,2013,CLOSE
19420,4932,4299,CASUAL
19421,7752,3411,CASUAL
19422,263,280,CLOSE
19423,3465,3610,DISTANT
19424,7731,4772,CASUAL
19425,5517,2697,DISTANT
19426,2738,4767,CASUAL
19427,9886,5866,CASUAL
19428,6771,9682,DISTANT
19429,7940,8747,CASUAL
19430,9361,8774,CASUAL
19431,6381,6109,DISTANT
19432,7069,55,CASUAL
19433,2221,2429,CASUAL
19434,2526,8574,CLOSE
19435,7986,8369,CLOSE
19436,5,5014,CASUAL
19437,7772,173,DISTANT
19438,1818,3707,CLOSE
19439,2886,4532,CLOSE
19440,3762,4576,CLOSE
19441,2135,1949,CASUAL
19442,6543,4269,CASUAL
19443,3860,858,CLOSE
19444,7246,2324,CASUAL
19445,8559,5929,DISTANT
19446,1455,6854,CLOSE
19447,198,1686,DISTANT
19448,5324,6343,CLOSE
19449,7401,7190,DISTANT
19450,2793,793,CLOSE
19451,6894,4884,DISTANT
19452,9675,5232,DISTANT
19453,8351,7960,CASUAL
19454,1002,2889,DISTANT
19455,3391,9918,CLOSE
19456,8835,3360,DISTANT
19457,4463,1787,CASUAL
19458,4517,9006,CASUAL
19459,5025,9575,DISTANT
19460,3097,3901,CASUAL
19461,9476,4534,CASUAL
19462,4174,3693,CASUAL
19463,3867,4757,DISTANT
19464,8189,4106,CLOSE
19465,5215,4976,DISTANT
19466,4395,9226,CASUAL
19467,8280,4122,CLOSE
19468,6360,8368,CLOSE
19469,5196,5002,DISTANT
19470,5191,8203,CASUAL
19471,3305,8861,DISTANT
19472,3062,5957,CASUAL
19473,655,6715,CLOSE
19474,7119,7836,CLOSE
19475,5518,7101,DISTANT
19476,7442,4025,CASUAL
19477,8441,3706,CASUAL
19478,6644,7621,DISTANT
19479,6689,5185,DISTANT
19480,3351,9962,DISTANT
19481,203,6967,DISTANT
19482,8389,3799,DISTANT
19483,2015,9421,DISTANT
19484,1707,9309,CLOSE
19485,3971,5491,CASUAL
19486,9208,4313,CLOSE
19487,4961,6556,DISTANT
19488,7651,7645,CLOSE
19489,6078,9739,DISTANT
19490,9215,8744,CASUAL
19491,9284,4376,CASUAL
19492,8503,8479,CASUAL
19493,9786,9350,DISTANT
19494,884,5547,CLOSE
19495,3276,5957,CLOSE
19496,7049,3154,CLOSE
19497,5295,6935,CASUAL
19498,6727,5786,CLOSE
19499,9047,2628,DISTANT
19500,7412,8044,CASUAL
19501,1045,3949,CLOSE
19502,3816,5830,CASUAL
19503,3761,4473,CASUAL
19504,136,9594,CASUAL
19505,7881,1634,CLOSE
19506,1964,8274,CLOSE
19507,8216,3094,CLOSE
19508,7617,1016,DISTANT
19509,7782,2359,DISTANT
19510,9379,2031,CASUAL
19511,2910,9085,DISTANT
19512,2678,545,CASUAL
19513,2381,4272,CASUAL
19514,483,3996,DISTANT
19515,1858,9330,CASUAL
19516,1123,4588,CLOSE
19517,6872,3780,CASUAL
19518,2100,4639,DISTANT
19519,6000,4602,CLOSE
19520,3288,8335,DISTANT
19521,9789,5557,DISTANT
19522,9505,7223,CASUAL
19523,6546,3457,CASUAL
19524,8639,9770,CLOSE
19525,2661,2915,DISTANT
19526,4398,4826,CASUAL
19527,2001,3909,CASUAL
19528,5531,9479,DISTANT
19529,5831,5881,CLOSE
19530,6454,5266,DISTANT
19531,2614,5049,CLOSE
19532,2875,253,CLOSE
19533,7670,9935,CASUAL
19534,1556,7705,CASUAL
19535,9416,8879,CASUAL
19536,3708,5922,CLOSE
19537,1475,1217,CLOSE
19538,9262,5965,CLOSE
19539,3553,7357,CASUAL
19540,1168,9128,CLOSE
19541,5878,1038,DISTANT
19542,7084,3327,DISTANT
19543,4918,2703,CLOSE
19544,8970,5871,DISTANT
19545,3862,4213,CASUAL
19546,8332,3271,CLOSE
19547,7751,9316,CASUAL
19548,537,220,CASUAL
19549,4113,7224,CLOSE
19550,5713,2152,DISTANT
19551,3620,1259,CLOSE
19552,3486,9941,DISTANT
19553,5531,7671,CASUAL
19554,435,3918,DISTANT
19555,6672,6531,CASUAL
19556,1868,4129,CLOSE
19557,9171,2508,CLOSE
19558,382,2519,CLOSE
19559,5415,8311,CLOSE
19560,9449,2717,CLOSE
19561,2635,7482,DISTANT
19562,6275,9307,CLOSE
19563,5172,3990,CASUAL
19564,8634,2944,CLOSE
19565,4033,2863,DISTANT
19566,4028,7692,CASUAL
19567,3408,3602,DISTANT
19568,9132,9194,CLOSE
19569,4949,7697,CLOSE
19570,1880,8449,CASUAL
19571,3451,190,DISTANT
19572,4065,4783,DISTANT
19573,4483,2817,DISTANT
19574,9596,524,CLOSE
19575,4969,7365,DISTANT
19576,6355,7079,DISTANT
19577,7013,1142,CASUAL
19578,3255,9131,CLOSE
19579,2863,699,CASUAL
19580,6355,1912,CASUAL
19581,8260,9544,DISTANT
19582,7185,6654,CLOSE
19583,5262,9605,CLOSE
19584,8886,8390,DISTANT
19585,5142,3279,DISTANT
19586,9932,7559,CASUAL
19587,6739,5608,CLOSE
19588,5725,2037,CLOSE
19589,3059,1528,CLOSE
19590,1532,1636,CASUAL
19591,6068,4761,DISTANT
19592,3698,6387,CASUAL
19593,5560,2251,CASUAL
19594,6870,2832,CASUAL
19595,3181,6951,CLOSE
19596,1923,8986,CASUAL
19597,5396,5810,DISTANT
19598,5193,7560,CLOSE
19599,9720,8316,DISTANT
19600,5709,7806,DISTANT
19601,8857,7107,DISTANT
19602,5485,3184,DISTANT
19603,4776,3456,CASUAL
19604,52,2322,CLOSE
19605,814,9858,CASUAL
19606,704,6042,CLOSE
19607,8087,6793,DISTANT
19608,1088,9757,DISTANT
19609,5270,1509,CASUAL
19610,1670,5663,CASUAL
19611,5165,757,DISTANT
19612,547,6300,CASUAL
19613,9755,2313,CASUAL
19614,6962,4899,CASUAL
19615,295,2965,DISTANT
19616,6734,7017,DISTANT
19617,9514,9829,CLOSE
19618,1508,4703,DISTANT
19619,2059,117,CASUAL
19620,3342,6725,CASUAL
19621,1698,4702,DISTANT
19622,6055,7072,DISTANT
19623,1107,1403,CASUAL
19624,5389,3248,CLOSE
19625,5597,2381,DISTANT
19626,2299,8352,CASUAL
19627,9866,6500,DISTANT
19628,9120,4644,DISTANT
19629,8833,4069,CASUAL
19630,5707,766,CLOSE
19631,8727,8316,CASUAL
19632,7188,3707,DISTANT
19633,5067,2347,CASUAL
19634,6985,4219,DISTANT
19635,313,8607,CLOSE
19636,8603,1827,CASUAL
19637,4598,2327,DISTANT
19638,6487,5511,CLOSE
19639,5027,7136,DISTANT
19640,736,9904,CLOSE
19641,9771,5371,DISTANT
19642,8253,5939,CLOSE
19643,7351,2031,CLOSE
19644,3970,305,DISTANT
19645,8903,1080,CASUAL
19646,9131,384,DISTANT
19647,3269,2009,CASUAL
19648,1150,6067,CLOSE
19649,568,1772,DISTANT
19650,1956,4548,CLOSE
19651,4350,5397,DISTANT
19652,6337,860,CASUAL
19653,8967,1093,CLOSE
19654,1226,6924,DISTANT
19655,1948,2299,CASUAL
19656,1509,6843,CLOSE
19657,4651,9741,CASUAL
19658,1079,8944,CLOSE
19659,9267,2212,CASUAL
19660,4744,1155,CASUAL
19661,8222,4449,DISTANT
19662,1926,9888,CASUAL
19663,3477,3990,DISTANT
19664,4831,6950,CLOSE
19665,3110,8991,CLOSE
19666,9449,5668,DISTANT
19667,7075,6943,CASUAL
19668,1660,367,DISTANT
19669,584,1730,CLOSE
19670,2192,7694,CASUAL
19671,4861,727,CLOSE
19672,7755,9035,CASUAL
19673,3329,5710,CLOSE
19674,5963,3958,CASUAL
19675,3374,2445,DISTANT
19676,5386,7779,CASUAL
19677,3589,7738,DISTANT
19678,3299,6884,CASUAL
19679,949,3869,CASUAL
19680,8534,646,DISTANT
19681,8169,7850,DISTANT
19682,8690,8396,CASUAL
19683,9031,2330,CLOSE
19684,7899,9038,DISTANT
19685,3175,7664,CLOSE
19686,5868,3620,DISTANT
19687,219,9029,DISTANT
19688,8137,7146,DISTANT
19689,7865,9252,DISTANT
19690,4366,4622,CLOSE
19691,4823,9285,DISTANT
19692,7775,7189,CLOSE
19693,2087,7217,DISTANT
19694,6459,5324,DISTANT
19695,7236,1704,CLOSE
19696,9865,580,CLOSE
19697,6300,4333,DISTANT
19698,2120,9079,CLOSE
19699,1471,177,CLOSE
19700,9620,908,CLOSE
19701,139,5032,DISTANT
19702,2798,7978,CLOSE
19703,9640,7030,CASUAL
19704,9513,5903,CLOSE
19705,3444,1447,CLOSE
19706,8464,5160,CASUAL
19707,3535,9100,CLOSE
19708,7074,7996,CASUAL
19709,1629,3793,DISTANT
19710,8337,8105,CASUAL
19711,8980,8072,DISTANT
19712,7805,373,CASUAL
19713,3327,2557,CASUAL
19714,5440,4866,DISTANT
19715,2302,3056,CASUAL
19716,7798,4659,CASUAL
19717,5078,9100,CLOSE
19718,6654,5139,CASUAL
19719,747,6596,DISTANT
19720,8175,8434,CASUAL
19721,1526,6023,CASUAL
19722,8109,8326,CLOSE
19723,2458,730,CLOSE
19724,1100,9977,CASUAL
19725,2054,4537,CLOSE
19726,5516,289,CASUAL
19727,7276,9282,DISTANT
19728,4667,7135,CASUAL
19729,4154,3995,DISTANT
19730,6051,6125,CLOSE
19731,260,4613,CLOSE
19732,2538,966,CLOSE
19733,4848,877,DISTANT
19734,1862,7190,CASUAL
19735,7536,8999,DISTANT
19736,9208,5689,DISTANT
19737,4103,4399,CLOSE
19738,8981,2264,CLOSE
19739,7618,4575,DISTANT
19740,9669,6396,CLOSE
19741,8035,4567,DISTANT
19742,5437,3168,DISTANT
19743,4853,8379,DISTANT
19744,3058,1530,DISTANT
19745,6425,3286,CLOSE
19746,3656,6303,CLOSE
19747,4910,8141,CASUAL
19748,1908,7704,CLOSE
19749,8996,5291,DISTANT
19750,1156,4186,DISTANT
19751,808,3937,CLOSE
19752,8297,1170,DISTANT
19753,3504,6986,CLOSE
19754,9242,1606,CASUAL
19755,7679,3587,DISTANT
19756,4730,407,DISTANT
19757,2939,8464,CASUAL
19758,8359,2813,CLOSE
19759,9453,6772,DISTANT
19760,3297,2341,DISTANT
19761,6017,5723,DISTANT
19762,7449,3930,DISTANT
19763,4709,1984,DISTANT
19764,2263,3240,CLOSE
19765,8753,966,DISTANT
19766,1148,7270,DISTANT
19767,714,5051,DISTANT
19768,2773,3321,DISTANT
19769,4768,4924,DISTANT
19770,9228,854,CLOSE
19771,952,3558,CASUAL
19772,2587,883,CASUAL
19773,1974,8934,CLOSE
19774,7493,8247,CASUAL
19775,2749,2508,CLOSE
19776,9784,5277,DISTANT
19777,40,1277,DISTANT
19778,3944,2336,DISTANT
19779,944,9900,CASUAL
19780,9803,3925,DISTANT
19781,7224,5038,CLOSE
19782,1943,2876,CLOSE
19783,9,7108,DISTANT
19784,7123,4851,CLOSE
19785,3939,2117,CLOSE
19786,5827,4819,DISTANT
19787,6253,5872,CASUAL
19788,4727,7385,CLOSE
19789,8397,334,CLOSE
19790,3374,2551,DISTANT
19791,1470,7813,CLOSE
19792,4815,7350,CLOSE
19793,1987,5888,CLOSE
19794,5802,655,DISTANT
19795,2976,2093,DISTANT
19796,6686,8058,DISTANT
19797,6316,4954,DISTANT
19798,9459,7418,DISTANT
19799,9163,5880,DISTANT
19800,4397,5567,CLOSE
19801,732,368,CLOSE
19802,7062,7822,CLOSE
19803,3742,9693,CLOSE
19804,321,150,DISTANT
19805,9289,7089,CASUAL
19806,6514,7632,CASUAL
19807,7729,6898,CLOSE
19808,6033,2807,DISTANT
19809,822,4112,CLOSE
19810,8206,6389,CASUAL
19811,7721,6717,CLOSE
19812,5654,995,DISTANT
19813,6110,9144,CASUAL
19814,8645,8540,CLOSE
19815,1762,2375,DISTANT
19816,5083,2041,DISTANT
19817,2836,6061,CASUAL
19818,988,7014,CASUAL
19819,9688,3031,CLOSE
19820,6307,8054,CASUAL
19821,256,9866,CLOSE
19822,4222,70,DISTANT
19823,960,8984,DISTANT
19824,6922,1641,CLOSE
19825,4127,1419,CLOSE
19826,125,7319,CASUAL
19827,7118,2575,CLOSE
19828,4908,9129,CASUAL
19829,4862,5986,CLOSE
19830,3657,838,CASUAL
19831,7519,5583,CASUAL
19832,5557,7432,CASUAL
19833,3640,1583,CLOSE
19834,2406,9112,DISTANT
19835,7833,3275,CASUAL
19836,6449,3127,CLOSE
19837,9744,437,CLOSE
19838,4289,6446,CASUAL
19839,2622,4804,DISTANT
19840,8416,6917,CASUAL
19841,6165,7882,CASUAL
19842,8525,6413,CLOSE
19843,6852,7584,CLOSE
19844,8907,4800,CLOSE
19845,5367,8500,DISTANT
19846,3728,6256,CASUAL
19847,7329,8682,DISTANT
19848,26,8007,DISTANT
19849,1826,7914,CLOSE
19850,2572,3035,DISTANT
19851,4123,8432,DISTANT
19852,8165,8297,CASUAL
19853,8473,5486,DISTANT
19854,2397,4267,DISTANT
19855,1911,4550,DISTANT
19856,9899,2681,CLOSE
19857,236,7932,CLOSE
19858,6890,699,CASUAL
19859,7237,7599,CASUAL
19860,4323,9067,DISTANT
19861,2934,7656,CASUAL
19862,7616,531,CASUAL
19863,4952,112,DISTANT
19864,7961,1008,DISTANT
19865,2111,6007,DISTANT
19866,1796,4723,DISTANT
19867,357,8032,CASUAL
19868,522,5751,DISTANT
19869,6700,4875,DISTANT
19870,7761,1156,DISTANT
19871,9468,7592,CLOSE
19872,1580,696,CASUAL
19873,7811,6783,CLOSE
19874,309,1483,CLOSE
19875,1900,4931,CASUAL
19876,5537,2831,CLOSE
19877,7039,3776,DISTANT
19878,5191,1408,CASUAL
19879,7532,5024,CASUAL
19880,3184,2105,CASUAL
19881,6289,7582,DISTANT
19882,3289,8570,CLOSE
19883,8861,2554,CASUAL
19884,368,4729,CASUAL
19885,2598,904,DISTANT
19886,3431,5501,CASUAL
19887,8477,5930,DISTANT
19888,3445,9158,CLOSE
19889,5753,5531,CASUAL
19890,6275,2324,CLOSE
19891,3362,153,DISTANT
19892,4307,1586,CLOSE
19893,9791,3774,CLOSE
19894,6698,4830,DISTANT
19895,3801,2559,CLOSE
19896,3328,6181,CASUAL
19897,3096,5377,CASUAL
19898,6599,5504,CASUAL
19899,8147,3337,DISTANT
19900,4837,2536,CASUAL
19901,7058,2005,CLOSE
19902,719,2304,CLOSE
19903,7561,1011,CASUAL
19904,778,9600,CASUAL
19905,9809,4735,DISTANT
19906,5105,7821,CLOSE
19907,6201,6582,CLOSE
19908,8404,441,DISTANT
19909,8577,9257,DISTANT
19910,3106,2097,CASUAL
19911,324,5749,DISTANT
19912,1691,5164,CASUAL
19913,3617,7681,CLOSE
19914,1771,6569,CLOSE
19915,1854,9720,DISTANT
19916,809,517,CASUAL
19917,4537,8847,CLOSE
19918,1439,1336,DISTANT
19919,5434,7378,DISTANT
19920,3148,1559,CLOSE
19921,2980,7432,DISTANT
19922,1296,7848,CLOSE
19923,5715,2066,CASUAL
19924,7692,8962,CASUAL
19925,6018,5532,DISTANT
19926,5761,573,CASUAL
19927,8843,2517,CLOSE
19928,204,9431,DISTANT
19929,5475,6284,CASUAL
19930,3770,9993,CASUAL
19931,1172,2502,CLOSE
19932,3327,8520,CLOSE
19933,3881,9137,CASUAL
19934,6726,5510,CASUAL
19935,6069,8079,CASUAL
19936,5566,4286,CASUAL
19937,3321,5002,DISTANT
19938,8763,5023,CASUAL
19939,4321,9914,DISTANT
19940,123,6938,CLOSE
19941,7900,9649,CASUAL
19942,5324,8833,DISTANT
19943,3008,9761,DISTANT
19944,523,5275,CASUAL
19945,7089,3925,CLOSE
19946,5635,6940,DISTANT
19947,9397,3268,DISTANT
19948,5114,8666,CASUAL
19949,4234,6709,DISTANT
19950,7382,6435,DISTANT
19951,9826,9025,CLOSE
19952,1492,3440,CASUAL
19953,9528,897,CASUAL
19954,9814,7363,CASUAL
19955,1647,3824,CLOSE
19956,5052,1043,CASUAL
19957,7256,7183,CLOSE
19958,5573,5962,CASUAL
19959,9256,9119,CLOSE
19960,9822,9494,DISTANT
19961,3633,8085,CASUAL
19962,6130,1557,CLOSE
19963,406,3505,CASUAL
19964,7696,488,DISTANT
19965,1626,9541,DISTANT
19966,9878,4589,CLOSE
19967,1622,2452,CLOSE
19968,1528,9852,DISTANT
19969,1633,3368,CLOSE
19970,2940,814,DISTANT
19971,7621,1653,DISTANT
19972,6114,8325,CLOSE
19973,3293,4454,CLOSE
19974,3180,8553,CASUAL
19975,3258,4859,DISTANT
19976,9177,1640,CLOSE
19977,8851,7506,CASUAL
19978,7453,2996,DISTANT
19979,7943,1040,CASUAL
19980,3321,2061,CLOSE
19981,3935,6537,CLOSE
19982,7038,268,CLOSE
19983,8731,3332,DISTANT
19984,7758,1510,CASUAL
19985,5223,337,CLOSE
19986,4030,5145,CLOSE
19987,3038,3898,DISTANT
19988,4758,9597,CLOSE
19989,8113,5131,DISTANT
19990,7829,208,DISTANT
19991,6550,4374,CASUAL
19992,1259,6691,CASUAL
19993,5485,6347,CLOSE
19994,6429,2455,DISTANT
19995,8910,8154,CASUAL
19996,8554,6781,CLOSE
19997,4943,8178,DISTANT
19998,5338,7825,DISTANT
19999,6898,6561,CASUAL
20000,2090,2018,DISTANT
20001,3179,6872,DISTANT
20002,5125,3436,CLOSE
20003,3988,6146,CLOSE
20004,5870,2996,CASUAL
20005,3795,7106,CASUAL
20006,736,9013,CASUAL
20007,1543,6536,CLOSE
20008,641,3348,DISTANT
20009,7503,8779,CLOSE
20010,8118,1814,CASUAL
20011,3092,9522,CLOSE
20012,8244,8828,CLOSE
20013,826,9149,CASUAL
20014,3614,4917,CLOSE
20015,5928,967,CLOSE
20016,3559,139,CLOSE
20017,2789,7394,CLOSE
20018,1756,4057,CLOSE
20019,4993,4488,CASUAL
20020,3575,9373,DISTANT
20021,6666,3753,CASUAL
20022,5610,7,CLOSE
20023,1331,8921,DISTANT
20024,7162,1262,CASUAL
20025,644,9666,DISTANT
20026,6251,8743,CASUAL
20027,5618,2789,CLOSE
20028,1822,9675,DISTANT
20029,1140,5352,CLOSE
20030,6461,8651,DISTANT
20031,2921,5612,CLOSE
20032,2502,8730,CLOSE
20033,1087,3301,CLOSE
20034,9791,3835,DISTANT
20035,5605,7617,CLOSE
20036,4712,800,CASUAL
20037,3665,2822,CLOSE
20038,7202,5380,DISTANT
20039,3795,8697,DISTANT
20040,9266,9206,CLOSE
20041,4482,4884,DISTANT
20042,8830,4423,CASUAL
20043,3278,5002,DISTANT
20044,5831,1072,CLOSE
20045,6255,5089,CASUAL
20046,9741,7594,DISTANT
20047,4603,2871,CLOSE
20048,2294,1880,DISTANT
20049,8304,8194,DISTANT
20050,9240,9818,CASUAL
20051,2878,3030,CLOSE
20052,5446,1191,CASUAL
20053,4049,8352,CASUAL
20054,163,7913,CASUAL
20055,4662,3077,DISTANT
20056,6390,6868,DISTANT
20057,6479,3689,DISTANT
20058,9486,3051,CLOSE
20059,3547,8076,CASUAL
20060,4156,5181,CASUAL
20061,1655,5999,DISTANT
20062,8515,9029,CLOSE
20063,8249,4905,DISTANT
20064,2679,8631,DISTANT
20065,7325,62,CASUAL
20066,5043,5932,DISTANT
20067,1863,5064,CLOSE
20068,4271,7591,CASUAL
20069,303,7421,CASUAL
20070,2018,9816,CASUAL
20071,9447,8656,CLOSE
20072,215,7745,DISTANT
20073,5213,6162,CASUAL
20074,5393,2243,CASUAL
20075,8632,1993,CLOSE
20076,3509,5270,DISTANT
20077,978,7073,CLOSE
20078,7682,6971,CLOSE
20079,5392,5113,DISTANT
20080,418,3042,DISTANT
20081,8163,5052,CASUAL
20082,7611,2477,DISTANT
20083,995,7687,CASUAL
20084,6602,3198,CASUAL
20085,6913,823,CASUAL
20086,1181,3640,CLOSE
20087,6476,9315,CLOSE
20088,8793,7539,CASUAL
20089,2227,2529,CLOSE
20090,2806,2751,DISTANT
20091,4529,2784,DISTANT
20092,518,1872,CLOSE
20093,4941,8898,CASUAL
20094,3184,1958,DISTANT
20095,9928,4193,CASUAL
20096,1764,1155,CLOSE
20097,364,7286,CLOSE
20098,1404,98,DISTANT
20099,6130,5646,DISTANT
20100,3985,3803,CASUAL
20101,6919,6920,DISTANT
20102,1502,6537,CASUAL
20103,1697,1958,CLOSE
20104,995,5187,DISTANT
20105,9678,7650,CLOSE
20106,6464,9756,CLOSE
20107,443,4517,CLOSE
20108,6214,8377,DISTANT
20109,6717,4317,CLOSE
20110,6786,1989,CLOSE
20111,930,9079,DISTANT
20112,3361,2434,DISTANT
20113,8054,994,DISTANT
20114,4118,3734,CASUAL
20115,4809,7354,DISTANT
20116,1396,6612,DISTANT
20117,5968,5412,CLOSE
20118,7826,3554,CASUAL
20119,8193,953,CLOSE
20120,2729,1268,CLOSE
20121,6211,9587,DISTANT
20122,9786,9709,CASUAL
20123,4007,3187,CLOSE
20124,1996,7548,CLOSE
20125,4311,7347,CLOSE
20126,9571,772,DISTANT
20127,7929,2170,DISTANT
20128,4988,7585,CASUAL
20129,7555,3107,CASUAL
20130,1826,2158,CASUAL
20131,1932,9296,DISTANT
20132,9269,8294,DISTANT
20133,6978,6545,DISTANT
20134,6640,4900,DISTANT
20135,1574,6400,CASUAL
20136,7148,8154,CASUAL
20137,3452,6537,DISTANT
20138,5360,1356,DISTANT
20139,7389,8029,CASUAL
20140,6310,8594,CLOSE
20141,6952,8891,CLOSE
20142,8825,121,DISTANT
20143,5171,2991,CLOSE
20144,7753,5527,DISTANT
20145,1800,9070,DISTANT
20146,8728,9614,DISTANT
20147,4624,5295,CASUAL
20148,3614,5696,CASUAL
20149,2249,4192,DISTANT
20150,3387,5865,CLOSE
20151,9285,4627,CASUAL
20152,3121,4034,DISTANT
20153,6408,7663,CASUAL
20154,1363,7777,CLOSE
20155,2960,6736,CASUAL
20156,5396,7136,CASUAL
20157,663,1072,CLOSE
20158,3078,5838,CASUAL
20159,8035,53,CASUAL
20160,4979,4216,DISTANT
20161,2745,6995,DISTANT
20162,6225,2881,CLOSE
20163,9611,219,DISTANT
20164,1941,7296,CLOSE
20165,170,842,DISTANT
20166,5183,889,DISTANT
20167,4423,8155,DISTANT
20168,4197,9837,CASUAL
20169,4713,9788,DISTANT
20170,2485,5994,DISTANT
20171,6222,3072,DISTANT
20172,9713,1523,DISTANT
20173,9285,9692,CLOSE
20174,2076,9966,CASUAL
20175,3402,1591,CLOSE
20176,184,8394,CLOSE
20177,6217,3394,CASUAL
20178,3692,6621,CLOSE
20179,4097,6096,CLOSE
20180,3172,9572,CLOSE
20181,8791,2197,CLOSE
20182,1674,8457,DISTANT
20183,4589,7039,CLOSE
20184,2737,5493,CASUAL
20185,8817,7758,CASUAL
20186,8706,5012,CLOSE
20187,8239,566,CLOSE
20188,6875,6458,CLOSE
20189,6737,3408,CASUAL
20190,2800,6068,CASUAL
20191,3036,6284,CASUAL
20192,7890,2455,CASUAL
20193,7134,2292,CASUAL
20194,7030,9265,CLOSE
20195,3597,1177,DISTANT
20196,5864,8166,DISTANT
20197,7102,6914,CLOSE
20198,8188,2741,CASUAL
20199,7681,4842,CASUAL
20200,930,5154,CASUAL
20201,970,5145,DISTANT
20202,5220,6642,DISTANT
20203,9195,9302,CLOSE
20204,6142,7040,DISTANT
20205,8560,7658,CLOSE
20206,6151,7980,CLOSE
20207,9609,3417,DISTANT
20208,9700,1405,DISTANT
20209,830,2604,CLOSE
20210,1738,4792,CLOSE
20211,1424,2309,CASUAL
20212,5568,1049,CASUAL
20213,6801,8297,DISTANT
20214,3412,4577,DISTANT
20215,237,3621,DISTANT
20216,2902,7502,DISTANT
20217,1201,7065,DISTANT
20218,8385,1396,CASUAL
20219,9252,1192,DISTANT
20220,5172,2471,CASUAL
20221,2058,2860,CLOSE
20222,2074,3796,CLOSE
20223,8539,4461,CLOSE
20224,6974,7418,CLOSE
20225,2170,8166,CLOSE
20226,3854,2449,DISTANT
20227,1180,6943,CLOSE
20228,4352,7628,CLOSE
20229,8606,4095,CLOSE
20230,1157,7095,DISTANT
20231,6284,8449,DISTANT
20232,8882,2979,CLOSE
20233,4514,4780,CLOSE
20234,2397,1538,CASUAL
20235,7252,369,CASUAL
20236,1068,3141,CASUAL
20237,8703,7814,CLOSE
20238,9210,8422,CASUAL
20239,9617,2546,CASUAL
20240,1700,2313,CLOSE
20241,7331,3560,CASUAL
20242,7991,2104,CLOSE
20243,1530,68,CASUAL
20244,4751,8396,DISTANT
20245,97,4827,DISTANT
20246,9773,8299,DISTANT
20247,9054,1059,CASUAL
20248,352,6531,DISTANT
20249,7656,856,CLOSE
20250,2533,55,CLOSE
20251,1977,851,CLOSE
20252,1589,8690,DISTANT
20253,9618,1904,DISTANT
20254,1126,5265,CASUAL
20255,605,2,DISTANT
20256,8418,5060,DISTANT
20257,8010,7798,CASUAL
20258,2310,6763,DISTANT
20259,7964,1290,DISTANT
20260,3972,4069,CASUAL
20261,3984,1798,DISTANT
20262,5191,791,CLOSE
20263,4917,5550,CLOSE
20264,3209,5654,CLOSE
20265,2171,2314,CLOSE
20266,8407,8903,CASUAL
20267,5971,873,DISTANT
20268,9193,9911,DISTANT
20269,542,1940,DISTANT
20270,8747,6446,CASUAL
20271,462,8922,CASUAL
20272,3380,8364,CASUAL
20273,6264,663,CASUAL
20274,1794,7231,CASUAL
20275,9957,1369,CASUAL
20276,3330,9523,CASUAL
20277,7540,3428,DISTANT
20278,2724,9851,CLOSE
20279,2494,5123,CASUAL
20280,4414,3803,CLOSE
20281,1449,2950,DISTANT
20282,2632,8164,CASUAL
20283,3673,9479,CLOSE
20284,7287,2375,DISTANT
20285,7859,6930,DISTANT
20286,7227,6013,DISTANT
20287,8499,96,DISTANT
20288,2315,9771,DISTANT
20289,9508,6511,CLOSE
20290,7525,8073,CLOSE
20291,3765,4728,DISTANT
20292,8533,8809,CLOSE
20293,2098,8475,CLOSE
20294,8305,9405,CASUAL
20295,5953,4626,CLOSE
20296,5146,7923,CASUAL
20297,8385,3259,DISTANT
20298,1801,4877,CASUAL
20299,853,6829,CLOSE
20300,5923,6170,DISTANT
20301,7176,7935,DISTANT
20302,1716,761,CASUAL
20303,2543,9480,DISTANT
20304,4639,566,DISTANT
20305,5602,5283,CLOSE
20306,4780,773,DISTANT
20307,5439,6153,CLOSE
20308,9402,2710,CASUAL
20309,9319,1080,CLOSE
20310,5597,6312,CLOSE
20311,6608,2629,CLOSE
20312,4892,3825,DISTANT
20313,2261,6388,CASUAL
20314,8248,8891,CLOSE
20315,7448,1304,DISTANT
20316,3733,6748,CLOSE
20317,9313,3254,CLOSE
20318,1754,1482,CASUAL
20319,665,1734,DISTANT
20320,5156,8834,CASUAL
20321,4521,2326,CASUAL
20322,120,213,CASUAL
20323,1809,479,CASUAL
20324,6461,4462,CASUAL
20325,2662,4373,CLOSE
20326,4419,5376,CLOSE
20327,3656,8127,CASUAL
20328,9807,8565,CLOSE
20329,4156,7738,CLOSE
20330,9853,6407,DISTANT
20331,3083,8609,DISTANT
20332,6307,7241,CLOSE
20333,4576,1784,CASUAL
20334,2238,7900,CLOSE
20335,2795,9515,CLOSE
20336,6149,9196,CASUAL
20337,2107,4731,CLOSE
20338,2628,1520,DISTANT
20339,887,3514,DISTANT
20340,8316,8158,DISTANT
20341,6305,9962,CLOSE
20342,5631,3950,CLOSE
20343,6932,3251,DISTANT
20344,6911,9339,CASUAL
20345,2689,6546,CLOSE
20346,167,7815,CASUAL
20347,617,3366,DISTANT
20348,465,956,DISTANT
20349,2585,5819,CLOSE
20350,2484,5604,CASUAL
20351,3790,8719,DISTANT
20352,3983,1775,CLOSE
20353,6812,6553,DISTANT
20354,746,6568,CLOSE
20355,8500,6349,CASUAL
20356,8487,1796,CLOSE
20357,4547,5092,CASUAL
20358,6978,6511,CLOSE
20359,2712,7955,CLOSE
20360,5049,5198,CASUAL
20361,8851,7755,CASUAL
20362,5374,9883,CASUAL
20363,281,5592,CASUAL
20364,647,8199,CLOSE
20365,4314,5077,CASUAL
20366,3320,6402,DISTANT
20367,3180,9907,CLOSE
20368,7203,1186,CLOSE
20369,8072,3499,CLOSE
20370,200,9714,CASUAL
20371,9827,8943,DISTANT
20372,3298,771,CASUAL
20373,4600,5340,CLOSE
20374,7,3052,DISTANT
20375,1444,6962,CLOSE
20376,2887,4892,DISTANT
20377,6112,8185,CASUAL
20378,6440,9122,CASUAL
20379,8756,9530,CLOSE
20380,367,3955,CLOSE
20381,4044,24,CLOSE
20382,7250,1601,DISTANT
20383,4068,3422,DISTANT
20384,5673,1264,CASUAL
20385,3977,9881,CASUAL
20386,2605,1835,CLOSE
20387,8313,9891,CLOSE
20388,6256,8374,DISTANT
20389,7029,8213,CLOSE
20390,1497,7263,CLOSE
20391,5620,6224,CLOSE
20392,7336,127,CLOSE
20393,8700,6709,DISTANT
20394,5393,4104,CLOSE
20395,616,6097,CLOSE
20396,4501,3969,CASUAL
20397,5256,9727,DISTANT
20398,8841,1410,CASUAL
20399,7446,3800,DISTANT
20400,8300,86,DISTANT
20401,7082,1387,CLOSE
20402,6472,5943,DISTANT
20403,1442,5180,CLOSE
20404,8733,4081,CASUAL
20405,5733,5963,CLOSE
20406,6973,605,CASUAL
20407,3907,4801,DISTANT
20408,1830,1269,DISTANT
20409,3531,6435,CLOSE
20410,8378,3515,CLOSE
20411,2554,7429,DISTANT
20412,6449,3702,CASUAL
20413,5143,1301,DISTANT
20414,1210,6793,CASUAL
20415,7667,8397,CLOSE
20416,2416,6183,DISTANT
20417,6375,9502,CLOSE
20418,7399,1775,CASUAL
20419,391,6258,CLOSE
20420,5615,739,CASUAL
20421,7583,1237,CASUAL
20422,9152,2037,CLOSE
20423,4862,2667,CASUAL
20424,2689,4080,DISTANT
20425,2704,7379,DISTANT
20426,7293,3580,DISTANT
20427,7905,731,CASUAL
20428,540,3975,DISTANT
20429,8963,2618,CLOSE
20430,7875,7536,CASUAL
20431,1540,7498,DISTANT
20432,6559,527,CASUAL
20433,4463,5478,DISTANT
20434,9105,814,DISTANT
20435,1952,4824,CASUAL
20436,4075,6314,CLOSE
20437,7469,6419,DISTANT
20438,455,856,CLOSE
20439,6975,1390,CASUAL
20440,1933,130,CASUAL
20441,5444,5529,CLOSE
20442,6931,9810,DISTANT
20443,3958,5272,DISTANT
20444,7737,5753,DISTANT
20445,7737,4794,CASUAL
20446,7942,8085,CLOSE
20447,7959,2664,CASUAL
20448,5673,6580,DISTANT
20449,6755,882,CASUAL
20450,8044,6610,CASUAL
20451,3895,8133,CLOSE
20452,5541,2118,DISTANT
20453,6669,4916,CASUAL
20454,50,9213,DISTANT
20455,2363,6415,DISTANT
20456,2413,7714,CLOSE
20457,5372,2661,CLOSE
20458,6474,2123,CASUAL
20459,5945,8633,CLOSE
20460,1182,908,CLOSE
20461,9032,4361,CASUAL
20462,980,7766,CASUAL
20463,2772,9550,CASUAL
20464,3141,3420,DISTANT
20465,9384,5082,DISTANT
20466,1588,793,CASUAL
20467,6098,9549,CLOSE
20468,2960,1145,CASUAL
20469,1067,831,DISTANT
20470,7753,8427,CASUAL
20471,6857,2896,DISTANT
20472,8968,2647,CASUAL
20473,2006,3799,DISTANT
20474,1601,368,CASUAL
20475,7959,5462,DISTANT
20476,4633,5350,CASUAL
20477,2444,8398,CASUAL
20478,1469,2026,CASUAL
20479,8681,8964,CASUAL
20480,7764,2108,CASUAL
20481,3663,2839,CLOSE
20482,5225,2225,DISTANT
20483,1782,708,CASUAL
20484,3558,7391,CASUAL
20485,9343,2298,DISTANT
20486,2192,9306,CASUAL
20487,4522,9594,DISTANT
20488,5969,8447,CASUAL
20489,4059,4595,CASUAL
20490,8063,9491,DISTANT
20491,2931,920,CLOSE
20492,4198,4312,DISTANT
20493,7818,722,CASUAL
20494,5378,7312,DISTANT
20495,7952,6834,CLOSE
20496,5426,7049,CLOSE
20497,9951,8087,DISTANT
20498,4104,4171,CLOSE
20499,4900,9280,CASUAL
20500,8292,4369,DISTANT
20501,3187,3727,CASUAL
20502,4431,6400,DISTANT
20503,5330,515,DISTANT
20504,3102,7720,CLOSE
20505,9621,7615,CASUAL
20506,9131,1876,CLOSE
20507,816,3113,CLOSE
20508,1285,5918,CASUAL
20509,435,7851,DISTANT
20510,4854,6451,CLOSE
20511,6677,2339,DISTANT
20512,9150,89,CASUAL
20513,8174,9733,CASUAL
20514,9098,8919,CASUAL
20515,2881,6222,DISTANT
20516,8931,4114,CASUAL
20517,1579,7764,CASUAL
20518,8147,8274,CLOSE
20519,2151,8770,CASUAL
20520,3236,8286,CLOSE
20521,3606,2905,CASUAL
20522,3382,3462,CLOSE
20523,6532,9251,DISTANT
20524,5119,7666,CASUAL
20525,2873,5559,DISTANT
20526,6794,8458,CASUAL
20527,5827,7669,CLOSE
20528,7190,625,CLOSE
20529,8145,2896,CASUAL
20530,1064,3673,CASUAL
20531,2459,1359,DISTANT
20532,2434,5430,CASUAL
20533,8373,1567,DISTANT
20534,8199,7506,CASUAL
20535,2412,1088,DISTANT
20536,8292,4711,DISTANT
20537,8689,1603,DISTANT
20538,7768,6689,CLOSE
20539,4128,7136,DISTANT
20540,1782,1075,CASUAL
20541,9221,5714,CASUAL
20542,4835,4737,CLOSE
20543,3293,639,CLOSE
20544,6336,3500,DISTANT
20545,2405,6850,CLOSE
20546,5109,1520,CASUAL
20547,838,4688,CASUAL
20548,8546,5141,CASUAL
20549,700,1780,DISTANT
20550,580,3624,CLOSE
20551,8287,37,DISTANT
20552,1593,4754,DISTANT
20553,9392,9879,DISTANT
20554,591,9838,CASUAL
20555,3548,267,CASUAL
20556,5301,4611,CLOSE
20557,6305,241,CASUAL
20558,6002,7528,CLOSE
20559,8335,6035,DISTANT
20560,7668,1694,CASUAL
20561,6018,3159,CASUAL
20562,3519,815,DISTANT
20563,6964,1580,CASUAL
20564,6589,4475,CASUAL
20565,5926,42,CASUAL
20566,8521,1222,CASUAL
20567,4871,7599,CLOSE
20568,8614,9033,DISTANT
20569,3660,21,CASUAL
20570,591,2201,CLOSE
20571,7651,2892,DISTANT
20572,8493,7217,DISTANT
20573,2402,394,CASUAL
20574,8446,5938,CLOSE
20575,1901,2464,CASUAL
20576,8930,403,CASUAL
20577,9228,6237,DISTANT
20578,4512,3146,CLOSE
20579,3312,9124,DISTANT
20580,1483,8392,CLOSE
20581,1322,6939,CASUAL
20582,6734,5500,CASUAL
20583,8406,8615,DISTANT
20584,4490,6640,CASUAL
20585,8222,2967,CLOSE
20586,2927,4015,CLOSE
20587,4876,5063,CLOSE
20588,3196,8127,CASUAL
20589,2694,9521,DISTANT
20590,3526,7462,DISTANT
20591,8995,7849,CASUAL
20592,5844,913,DISTANT
20593,172,3240,CLOSE
20594,8820,3298,CLOSE
20595,4527,9918,DISTANT
20596,6628,1822,CLOSE
20597,7535,7738,CLOSE
20598,2491,4090,DISTANT
20599,4469,6853,CLOSE
20600,5074,1241,CLOSE
20601,553,2111,CLOSE
20602,1220,7280,CLOSE
20603,8951,384,CLOSE
20604,2830,8718,DISTANT
20605,5653,7115,CASUAL
20606,5794,3713,CASUAL
20607,9392,9846,CASUAL
20608,1255,9605,CLOSE
20609,3382,192,DISTANT
20610,6013,107,CASUAL
20611,8647,1696,DISTANT
20612,6202,7984,CASUAL
20613,9426,5625,CASUAL
20614,9057,2006,CLOSE
20615,5072,8023,DISTANT
20616,2024,2345,DISTANT
20617,3351,9647,DISTANT
20618,9461,7809,DISTANT
20619,9313,7701,DISTANT
20620,5831,4527,CLOSE
20621,3066,4132,DISTANT
20622,8369,3827,CASUAL
20623,9143,2551,DISTANT
20624,6407,3886,CLOSE
20625,8274,2718,DISTANT
20626,5529,4583,DISTANT
20627,1512,9857,CLOSE
20628,2558,2913,CASUAL
20629,8914,5924,DISTANT
20630,846,9248,CASUAL
20631,4775,9313,CLOSE
20632,132,4105,DISTANT
20633,5852,8497,CASUAL
20634,3117,5492,CLOSE
20635,5492,9963,CLOSE
20636,998,5998,DISTANT
20637,4492,224,CASUAL
20638,1984,2333,CLOSE
20639,4586,4191,CLOSE
20640,9618,3410,CASUAL
20641,6284,4457,DISTANT
20642,3800,670,CASUAL
20643,1032,373,DISTANT
20644,11,6285,CLOSE
20645,3605,2884,DISTANT
20646,9701,2726,DISTANT
20647,1708,8717,CASUAL
20648,9952,6325,DISTANT
20649,8745,3765,CLOSE
20650,3646,9757,CASUAL
20651,6172,8195,CLOSE
20652,7102,8223,CLOSE
20653,8120,4965,CLOSE
20654,3967,7001,CLOSE
20655,7327,2888,CASUAL
20656,3949,5290,DISTANT
20657,9448,1624,CASUAL
20658,1515,7207,CLOSE
20659,2850,9119,DISTANT
20660,1331,5621,CASUAL
20661,8694,9539,DISTANT
20662,426,2428,CASUAL
20663,5354,8584,CASUAL
20664,4521,2258,CLOSE
20665,8308,2177,DISTANT
20666,2671,7433,CLOSE
20667,8464,5402,DISTANT
20668,3758,6727,DISTANT
20669,6224,1476,DISTANT
20670,5822,6003,DISTANT
20671,2564,8997,CLOSE
20672,5196,462,CLOSE
20673,3351,9866,CASUAL
20674,8104,3421,DISTANT
20675,338,5719,DISTANT
20676,5833,216,CASUAL
20677,6621,6722,CLOSE
20678,8740,5368,CLOSE
20679,1056,4697,DISTANT
20680,6105,7439,DISTANT
20681,5776,6924,CASUAL
20682,316,7549,CASUAL
20683,1248,4328,CASUAL
20684,6208,9339,CLOSE
20685,7112,4107,CLOSE
20686,8548,5803,DISTANT
20687,6217,120,DISTANT
20688,9819,5335,DISTANT
20689,9377,8460,CASUAL
20690,5111,9327,DISTANT
20691,3768,1767,CLOSE
20692,13,3571,DISTANT
20693,4913,1179,CLOSE
20694,5573,2984,CASUAL
20695,1207,6269,CLOSE
20696,7829,4507,DISTANT
20697,9872,9346,CASUAL
20698,8081,9230,CLOSE
20699,4380,7339,CASUAL
20700,2102,3537,DISTANT
20701,775,1794,CASUAL
20702,6152,3813,CASUAL
20703,4220,5548,CASUAL
20704,938,8729,CLOSE
20705,1568,8771,DISTANT
20706,3492,8263,DISTANT
20707,2149,7165,CLOSE
20708,6249,5566,CASUAL
20709,3860,5211,CLOSE
20710,805,55,CLOSE
20711,6827,2295,CASUAL
20712,6374,1061,DISTANT
20713,5819,3994,DISTANT
20714,917,7042,DISTANT
20715,7043,3530,CLOSE
20716,3857,5002,DISTANT
20717,6433,1215,CLOSE
20718,9523,8195,DISTANT
20719,8670,8375,DISTANT
20720,1222,7908,CLOSE
20721,7558,927,CASUAL
20722,1485,5901,CASUAL
20723,5301,2966,DISTANT
20724,2960,7466,CASUAL
20725,7183,380,CLOSE
20726,200,2881,CLOSE
20727,3868,4374,CLOSE
20728,38,9702,CLOSE
20729,2311,1617,DISTANT
20730,9273,5856,CASUAL
20731,462,5200,DISTANT
20732,9037,8009,DISTANT
20733,5431,9712,DISTANT
20734,2011,6121,CLOSE
20735,9663,9452,CLOSE
20736,3474,2244,DISTANT
20737,536,2024,DISTANT
20738,8191,7614,DISTANT
20739,3142,2502,DISTANT
20740,9957,6593,DISTANT
20741,7754,7308,CASUAL
20742,9236,395,DISTANT
20743,8689,56,CLOSE
20744,2443,1590,CASUAL
20745,9035,3743,CASUAL
20746,5124,688,DISTANT
20747,1368,5144,CASUAL
20748,3824,5658,CLOSE
20749,1913,8658,CASUAL
20750,5962,9821,CLOSE
20751,2092,7794,CASUAL
20752,5485,3875,CASUAL
20753,316,2258,DISTANT
20754,402,5081,CLOSE
20755,9535,6243,CLOSE
20756,1246,8351,CASUAL
20757,8909,3537,CASUAL
20758,5556,6130,DISTANT
20759,5327,4033,DISTANT
20760,3775,4101,DISTANT
20761,3658,4953,CLOSE
20762,6342,3202,CASUAL
20763,8813,3195,DISTANT
20764,2428,6482,CLOSE
20765,2156,8577,CLOSE
20766,1080,3020,CLOSE
20767,312,8742,CLOSE
20768,2643,6045,CLOSE
20769,5076,7346,DISTANT
20770,1463,2611,CASUAL
20771,6958,8514,CLOSE
20772,9885,2319,CASUAL
20773,881,4121,CASUAL
20774,5847,1299,CASUAL
20775,5473,5186,CASUAL
20776,2184,8056,CLOSE
20777,7902,4439,DISTANT
20778,5354,1295,CLOSE
20779,1856,432,CLOSE
20780,8189,967,CLOSE
20781,4742,365,DISTANT
20782,284,7912,DISTANT
20783,1392,3586,DISTANT
20784,4980,1957,CASUAL
20785,5324,7879,DISTANT
20786,2822,1062,CLOSE
20787,2260,8989,CASUAL
20788,3611,1024,CLOSE
20789,3621,8646,CASUAL
20790,6151,252,DISTANT
20791,480,3112,CLOSE
20792,9392,5561,DISTANT
20793,8261,5614,DISTANT
20794,869,8644,DISTANT
20795,4664,4604,CASUAL
20796,9566,3689,DISTANT
20797,1442,6302,DISTANT
20798,6018,7088,DISTANT
20799,416,1578,DISTANT
20800,5240,8628,CLOSE
20801,4142,1648,DISTANT
20802,4471,1531,CLOSE
20803,5351,7320,CASUAL
20804,6331,8142,CASUAL
20805,8901,7025,CASUAL
20806,9359,713,CASUAL
20807,1135,7913,CASUAL
20808,5540,6951,DISTANT
20809,3515,9313,CASUAL
20810,3386,4115,CLOSE
20811,2317,7229,DISTANT
20812,8832,4913,CLOSE
20813,8178,9001,CLOSE
20814,8216,5945,CASUAL
20815,5410,7983,DISTANT
20816,1823,7698,CLOSE
20817,2801,7945,CLOSE
20818,2810,4435,CASUAL
20819,1187,6423,CLOSE
20820,2962,3328,DISTANT
20821,4290,9566,CASUAL
20822,9146,2700,CASUAL
20823,9135,3588,CASUAL
20824,4269,9258,CASUAL
20825,9704,3062,CLOSE
20826,9034,9205,DISTANT
20827,8423,9735,CASUAL
20828,495,1997,CASUAL
20829,6708,1710,DISTANT
20830,5461,5194,DISTANT
20831,168,1458,DISTANT
20832,2209,5065,CASUAL
20833,9556,5483,CLOSE
20834,9920,3199,CASUAL
20835,2947,408,CASUAL
20836,5747,6331,CASUAL
20837,8063,3596,DISTANT
20838,3844,6913,CASUAL
20839,1419,4832,DISTANT
20840,3332,5622,CASUAL
20841,2043,5165,CASUAL
20842,9687,6494,CLOSE
20843,1591,4696,CLOSE
20844,7103,4353,CASUAL
20845,1905,6957,DISTANT
20846,5668,4720,CASUAL
20847,6690,6263,CLOSE
20848,6964,7720,DISTANT
20849,6021,8732,CLOSE
20850,8681,1237,CASUAL
20851,2158,9293,CLOSE
20852,1681,9563,CASUAL
20853,9866,7512,DISTANT
20854,9184,9728,DISTANT
20855,3428,8073,CASUAL
20856,7198,9844,CASUAL
20857,9496,904,CASUAL
20858,687,9817,CLOSE
20859,2237,7099,CASUAL
20860,6201,4723,CLOSE
20861,8465,5877,CASUAL
20862,9830,9575,DISTANT
20863,561,3875,DISTANT
20864,9824,1137,CLOSE
20865,419,8437,CLOSE
20866,2007,9747,CASUAL
20867,6604,4410,DISTANT
20868,1117,5408,DISTANT
20869,343,2197,DISTANT
20870,3566,4407,DISTANT
20871,6597,8822,CASUAL
20872,3759,7266,CASUAL
20873,5487,3628,CLOSE
20874,1901,5191,CLOSE
20875,9325,4207,CASUAL
20876,4402,6443,DISTANT
20877,7752,7896,DISTANT
20878,2385,4308,CASUAL
20879,4763,7151,CASUAL
20880,8788,7161,CASUAL
20881,6395,226,CLOSE
20882,4414,9335,CLOSE
20883,2691,6244,DISTANT
20884,8280,6142,CASUAL
20885,3666,186,CLOSE
20886,8274,1056,DISTANT
20887,5856,1532,CASUAL
20888,5437,6310,CLOSE
20889,1594,2670,DISTANT
20890,1002,7048,CASUAL
20891,115,5748,CLOSE
20892,1354,4648,CASUAL
20893,1624,5826,CASUAL
20894,6873,497,DISTANT
20895,3214,1442,CASUAL
20896,3100,9643,DISTANT
20897,7290,9322,CLOSE
20898,7346,619,CASUAL
20899,5139,5200,CASUAL
20900,722,9583,DISTANT
20901,9408,4858,CASUAL
20902,2142,4287,CASUAL
20903,8643,4652,DISTANT
20904,1474,963,CLOSE
20905,6840,6128,DISTANT
20906,6895,1654,DISTANT
20907,9221,1995,DISTANT
20908,9255,140,CASUAL
20909,1890,8678,CASUAL
20910,3653,31,DISTANT
20911,4207,29,CLOSE
20912,300,2986,CLOSE
20913,5296,2824,CASUAL
20914,3774,6001,DISTANT
20915,2706,312,CASUAL
20916,2254,2073,CASUAL
20917,1284,674,CLOSE
20918,3406,9397,CASUAL
20919,3244,8184,DISTANT
20920,3687,7624,DISTANT
20921,8430,1874,CLOSE
20922,267,1429,CASUAL
20923,7867,621,CASUAL
20924,5629,9564,CASUAL
20925,2248,136,DISTANT
20926,1479,6116,CLOSE
20927,2674,4564,CASUAL
20928,1352,7261,CLOSE
20929,2718,9031,CASUAL
20930,6697,1358,CASUAL
20931,1577,7043,CASUAL
20932,9292,6250,CASUAL
20933,7419,9628,DISTANT
20934,1958,6026,CLOSE
20935,4335,6695,CASUAL
20936,8770,6971,DISTANT
20937,3389,5276,CASUAL
20938,4130,5063,CLOSE
20939,4874,2213,CASUAL
20940,9630,8393,DISTANT
20941,7587,490,CASUAL
20942,3099,824,DISTANT
20943,4424,7081,DISTANT
20944,466,4910,CLOSE
20945,5166,7433,CLOSE
20946,8361,5526,CASUAL
20947,1653,1473,DISTANT
20948,7348,4106,DISTANT
20949,2076,3838,CASUAL
20950,7243,2703,DISTANT
20951,5270,9330,DISTANT
20952,611,1374,CASUAL
20953,1546,1636,CLOSE
20954,6935,9548,CLOSE
20955,9807,6001,CLOSE
20956,9613,1797,CLOSE
20957,8054,7111,CLOSE
20958,8633,791,DISTANT
20959,6583,3775,DISTANT
20960,6353,6905,CLOSE
20961,1780,8708,DISTANT
20962,2513,3672,DISTANT
20963,6027,6690,DISTANT
20964,8025,3653,CLOSE
20965,7344,4456,CASUAL
20966,580,6407,DISTANT
20967,3015,367,DISTANT
20968,4377,8959,CASUAL
20969,5571,2004,CLOSE
20970,8698,3209,CLOSE
20971,9723,9955,CLOSE
20972,314,6393,DISTANT
20973,3920,9195,DISTANT
20974,8139,5871,CLOSE
20975,8047,1334,CASUAL
20976,9539,1453,DISTANT
20977,3575,4139,CASUAL
20978,2632,4715,DISTANT
20979,2276,9092,CASUAL
20980,1371,6371,DISTANT
20981,3859,8220,DISTANT
20982,6403,1558,DISTANT
20983,7763,9492,DISTANT
20984,3641,6265,CASUAL
20985,5647,2747,DISTANT
20986,3923,6474,DISTANT
20987,1283,2218,DISTANT
20988,3661,6677,CLOSE
20989,1691,4184,CASUAL
20990,9588,1812,CLOSE
20991,4037,866,CLOSE
20992,2393,3506,CLOSE
20993,6624,4615,DISTANT
20994,400,988,CLOSE
20995,2959,3040,CLOSE
20996,9285,1485,DISTANT
20997,9872,6017,CASUAL
20998,8042,4260,CLOSE
20999,1389,427,CASUAL
21000,1482,1865,CASUAL
21001,721,4665,CLOSE
21002,5698,6210,DISTANT
21003,5597,9629,CLOSE
21004,2625,8984,CLOSE
21005,9361,9163,CLOSE
21006,9656,2320,DISTANT
21007,2912,4933,CASUAL
21008,3191,8976,DISTANT
21009,5320,9694,CASUAL
21010,4081,9204,CASUAL
21011,3060,7409,DISTANT
21012,4897,6727,DISTANT
21013,5603,484,CLOSE
21014,3333,9177,CLOSE
21015,3240,7790,DISTANT
21016,7745,9686,CASUAL
21017,4578,5558,DISTANT
21018,5432,6306,CLOSE
21019,2033,8632,CASUAL
21020,6915,7322,CLOSE
21021,3006,5181,CASUAL
21022,9452,8807,CLOSE
21023,4672,7192,CLOSE
21024,9859,6475,DISTANT
21025,928,6334,CASUAL
21026,9334,6495,CASUAL
21027,8040,1992,CLOSE
21028,7570,2655,CASUAL
21029,6905,7517,DISTANT
21030,9025,5096,CASUAL
21031,2392,2133,DISTANT
21032,709,536,DISTANT
21033,8871,7300,DISTANT
21034,7948,1524,CLOSE
21035,4076,4151,DISTANT
21036,3241,1613,DISTANT
21037,9321,1534,CASUAL
21038,4903,5903,CLOSE
21039,7227,9428,CASUAL
21040,2075,3231,CASUAL
21041,3190,54,DISTANT
21042,3917,9436,DISTANT
21043,2095,8864,CLOSE
21044,9871,3726,DISTANT
21045,6399,5649,CASUAL
21046,2077,5640,DISTANT
21047,6643,9550,CLOSE
21048,632,2075,CLOSE
21049,6642,5872,CASUAL
21050,2586,5780,CLOSE
21051,999,8026,CLOSE
21052,787,8465,DISTANT
21053,4386,407,CLOSE
21054,337,7269,CLOSE
21055,9826,9492,DISTANT
21056,3441,9148,DISTANT
21057,2303,8506,DISTANT
21058,9514,3592,CLOSE
21059,3705,7703,CASUAL
21060,9428,9366,CLOSE
21061,8984,1510,DISTANT
21062,7468,8108,CLOSE
21063,8245,3,DISTANT
21064,5876,7774,DISTANT
21065,538,8441,DISTANT
21066,2018,1358,CLOSE
21067,4942,227,CASUAL
21068,470,4728,CASUAL
21069,5900,5419,CLOSE
21070,4579,6679,CASUAL
21071,8725,3080,CLOSE
21072,8066,748,CASUAL
21073,6949,9636,CASUAL
21074,6849,1154,DISTANT
21075,8856,8351,CASUAL
21076,3327,5374,CLOSE
21077,1740,7044,DISTANT
21078,4777,247,DISTANT
21079,846,1881,CLOSE
21080,1641,7403,CLOSE
21081,4698,1611,CLOSE
21082,9763,3714,CASUAL
21083,6254,1900,CLOSE
21084,5238,3498,DISTANT
21085,9455,5632,CLOSE
21086,66,9554,DISTANT
21087,408,7835,CLOSE
21088,746,2191,CASUAL
21089,541,8496,CASUAL
21090,7969,1542,DISTANT
21091,3391,2173,DISTANT
21092,1040,7772,DISTANT
21093,6418,1632,CLOSE
21094,2307,9247,CLOSE
21095,1199,3464,CLOSE
21096,1477,4849,DISTANT
21097,7006,1760,CASUAL
21098,7182,9384,DISTANT
21099,8424,4024,CASUAL
21100,57,2761,CASUAL
21101,8423,7275,CASUAL
21102,1646,4740,CASUAL
21103,7849,6734,CLOSE
21104,3062,3214,CASUAL
21105,9296,4773,DISTANT
21106,385,6891,CLOSE
21107,825,8462,CLOSE
21108,4937,3862,CASUAL
21109,2600,6915,DISTANT
21110,6735,7779,CLOSE
21111,5119,5602,CASUAL
21112,2125,7016,DISTANT
21113,411,6154,DISTANT
21114,110,7023,CLOSE
21115,3766,8642,CLOSE
21116,2807,4601,CASUAL
21117,9432,58,DISTANT
21118,669,4396,CLOSE
21119,8274,2348,CLOSE
21120,5026,9906,DISTANT
21121,9823,8428,DISTANT
21122,8926,5735,DISTANT
21123,4964,547,DISTANT
21124,2905,1837,DISTANT
21125,4862,3279,DISTANT
21126,4807,6309,CLOSE
21127,624,9014,CASUAL
21128,8111,51,CLOSE
21129,9119,1222,CASUAL
21130,4284,4996,CLOSE
21131,5951,9746,CASUAL
21132,7337,2543,DISTANT
21133,1778,6008,CLOSE
21134,3152,6642,CLOSE
21135,4430,8975,CASUAL
21136,9235,2400,CASUAL
21137,7741,8538,CLOSE
21138,6247,8908,DISTANT
21139,562,1099,DISTANT
21140,2170,6548,DISTANT
21141,1572,3541,CASUAL
21142,419,7791,DISTANT
21143,3081,9059,CLOSE
21144,6369,6562,CLOSE
21145,1829,191,CLOSE
21146,6860,5488,CLOSE
21147,4308,5173,DISTANT
21148,7531,4876,DISTANT
21149,2976,8347,CASUAL
21150,6961,8750,CASUAL
21151,463,8941,CASUAL
21152,7324,2309,DISTANT
21153,1001,4164,CLOSE
21154,3134,1981,CLOSE
21155,9396,4387,CLOSE
21156,6376,4322,CASUAL
21157,7257,8719,DISTANT
21158,4404,2676,CLOSE
21159,6574,3887,DISTANT
21160,9084,5369,CLOSE
21161,2085,1612,DISTANT
21162,6128,4719,CASUAL
21163,7962,3224,CLOSE
21164,111,1986,DISTANT
21165,4175,141,CASUAL
21166,7440,3094,CASUAL
21167,8379,8333,CLOSE
21168,4549,2491,DISTANT
21169,2922,6160,CASUAL
21170,6963,7871,CLOSE
21171,4291,8144,DISTANT
21172,317,6778,CASUAL
21173,5386,3949,CASUAL
21174,8035,2028,CASUAL
21175,9817,4661,CLOSE
21176,597,9023,CASUAL
21177,8326,2654,CLOSE
21178,8642,247,CLOSE
21179,5363,2264,CLOSE
21180,5565,5572,DISTANT
21181,9575,4008,DISTANT
21182,2798,825,CLOSE
21183,673,3500,DISTANT
21184,5072,2376,DISTANT
21185,2328,1000,CLOSE
21186,8762,1007,DISTANT
21187,5316,4769,DISTANT
21188,6688,2446,CLOSE
21189,8290,4613,CLOSE
21190,1084,7393,CLOSE
21191,8950,3036,DISTANT
21192,5696,3104,CLOSE
21193,9256,3623,CASUAL
21194,5993,3139,DISTANT
21195,31,9161,CLOSE
21196,2331,7449,DISTANT
21197,9545,9557,CASUAL
21198,8505,8432,DISTANT
21199,2886,2954,CASUAL
21200,6421,556,DISTANT
21201,9752,4730,CASUAL
21202,4617,2893,CASUAL
21203,8600,2856,CASUAL
21204,7779,5502,CLOSE
21205,9806,4111,CASUAL
21206,812,1179,CASUAL
21207,1850,4046,CASUAL
21208,9212,648,DISTANT
21209,1019,7471,DISTANT
21210,1920,4262,CASUAL
21211,6856,8653,DISTANT
21212,4960,7134,CASUAL
21213,2861,5055,CASUAL
21214,9566,1805,CASUAL
21215,5649,1140,DISTANT
21216,1734,7621,DISTANT
21217,6523,9334,DISTANT
21218,5804,5935,DISTANT
21219,7250,3613,DISTANT
21220,428,9673,CASUAL
21221,5442,2615,DISTANT
21222,9209,5413,CASUAL
21223,5604,4632,CASUAL
21224,6009,3705,CLOSE
21225,1387,8704,CASUAL
21226,5550,7693,CLOSE
21227,1247,9104,CASUAL
21228,839,6851,DISTANT
21229,9781,1618,CASUAL
21230,5032,6823,CASUAL
21231,5155,6809,CASUAL
21232,4034,5210,CLOSE
21233,6550,1407,CLOSE
21234,7204,3291,CLOSE
21235,2880,9646,CASUAL
21236,4111,4429,CLOSE
21237,9312,2975,DISTANT
21238,3,8802,CLOSE
21239,4229,2724,CASUAL
21240,5637,6711,CLOSE
21241,8437,187,CASUAL
21242,8872,6551,CLOSE
21243,5894,2719,DISTANT
21244,2378,6524,DISTANT
21245,820,3516,DISTANT
21246,5252,1152,CLOSE
21247,2453,3585,DISTANT
21248,1277,6597,CLOSE
21249,917,7857,CASUAL
21250,4840,8519,CASUAL
21251,1832,8326,CLOSE
21252,5990,963,DISTANT
21253,125,2470,DISTANT
21254,3302,6621,DISTANT
21255,589,6479,DISTANT
21256,8089,9154,DISTANT
21257,1363,1257,DISTANT
21258,8661,8698,CASUAL
21259,6792,3450,CASUAL
21260,9960,1777,CASUAL
21261,532,6798,CLOSE
21262,829,1215,DISTANT
21263,1017,8037,CASUAL
21264,4518,7082,CLOSE
21265,6436,2317,CLOSE
21266,2510,9931,CLOSE
21267,8632,2560,CLOSE
21268,7503,621,DISTANT
21269,9795,9114,DISTANT
21270,8558,7473,DISTANT
21271,8048,1931,CLOSE
21272,660,3277,CASUAL
21273,8351,6573,CLOSE
21274,9382,3353,DISTANT
21275,322,5989,CLOSE
21276,4697,2929,DISTANT
21277,9317,4288,CLOSE
21278,4689,8135,DISTANT
21279,4620,9689,CLOSE
21280,9269,6539,CASUAL
21281,272,8196,DISTANT
21282,8373,6842,DISTANT
21283,1889,6865,CLOSE
21284,2178,9692,CLOSE
21285,9143,478,CLOSE
21286,7937,3657,DISTANT
21287,8325,4729,CLOSE
21288,8920,748,CLOSE
21289,5785,6650,CLOSE
21290,9489,6346,DISTANT
21291,7901,9873,DISTANT
21292,6352,1252,DISTANT
21293,2445,5534,DISTANT
21294,5163,8946,CLOSE
21295,7193,74,CASUAL
21296,6618,3182,CLOSE
21297,9729,8977,DISTANT
21298,2014,4956,CLOSE
21299,7070,5615,DISTANT
21300,275,9615,DISTANT
21301,4619,5849,CLOSE
21302,515,3823,CLOSE
21303,2101,7695,CASUAL
21304,2633,9228,DISTANT
21305,4799,7999,DISTANT
21306,9599,5009,CLOSE
21307,2049,8628,CASUAL
21308,1051,5855,DISTANT
21309,1609,4257,DISTANT
21310,5206,7057,CLOSE
21311,2494,4578,DISTANT
21312,6716,1532,DISTANT
21313,781,5034,CASUAL
21314,6595,6785,CASUAL
21315,1542,9678,CLOSE
21316,2789,1487,CASUAL
21317,6897,3452,CLOSE
21318,8444,5939,CLOSE
21319,3747,3299,DISTANT
21320,1705,4463,CASUAL
21321,4836,6597,CLOSE
21322,680,1163,CASUAL
21323,9973,2152,DISTANT
21324,5010,1995,CASUAL
21325,7054,1825,CASUAL
21326,3752,4932,CLOSE
21327,587,1926,DISTANT
21328,1779,5468,CLOSE
21329,8299,9291,CASUAL
21330,3812,4501,DISTANT
21331,9347,9923,CASUAL
21332,4395,1946,CASUAL
21333,7896,5436,CASUAL
21334,2173,2457,DISTANT
21335,2658,9715,DISTANT
21336,8427,2427,CASUAL
21337,5002,8355,CLOSE
21338,4247,6407,CLOSE
21339,7399,3239,CLOSE
21340,2730,976,DISTANT
21341,1807,4601,CASUAL
21342,3420,9734,CASUAL
21343,4691,5552,CASUAL
21344,7906,9551,DISTANT
21345,2656,6624,CASUAL
21346,9979,9025,DISTANT
21347,2928,7377,CASUAL
21348,2517,6053,CASUAL
21349,1887,6030,DISTANT
21350,4628,1122,CLOSE
21351,6613,191,DISTANT
21352,1165,8218,CASUAL
21353,78,9588,CLOSE
21354,125,7385,DISTANT
21355,6511,6639,CLOSE
21356,2728,6899,DISTANT
21357,4149,7679,DISTANT
21358,197,8352,CLOSE
21359,6050,1719,DISTANT
21360,6699,3016,DISTANT
21361,3220,2434,CASUAL
21362,7167,8641,DISTANT
21363,306,6892,CASUAL
21364,9791,3003,CLOSE
21365,3001,1838,CASUAL
21366,4841,461,CLOSE
21367,3646,8445,CLOSE
21368,9015,7225,CLOSE
21369,3012,5153,DISTANT
21370,9119,175,CLOSE
21371,3326,4186,CLOSE
21372,6065,5990,CLOSE
21373,8807,831,CLOSE
21374,6765,9912,CASUAL
21375,5982,2609,CASUAL
21376,576,1675,CASUAL
21377,4194,2190,DISTANT
21378,5359,2910,CASUAL
21379,8231,2194,DISTANT
21380,7346,189,DISTANT
21381,8890,920,CASUAL
21382,4566,5475,CLOSE
21383,1426,8477,CASUAL
21384,260,1376,CASUAL
21385,6753,6847,CLOSE
21386,7471,8071,DISTANT
21387,999,764,CLOSE
21388,620,2791,CLOSE
21389,2293,9018,CASUAL
21390,2108,118,CASUAL
21391,2387,1464,DISTANT
21392,8606,8070,DISTANT
21393,5613,8829,CLOSE
21394,7717,6750,DISTANT
21395,3024,817,DISTANT
21396,6596,7008,CLOSE
21397,3203,1101,DISTANT
21398,1868,2381,DISTANT
21399,8904,3547,CLOSE
21400,532,6925,CLOSE
21401,4752,1228,CASUAL
21402,5230,5564,DISTANT
21403,2728,4351,CASUAL
21404,9470,4638,DISTANT
21405,3965,2771,DISTANT
21406,7351,420,CASUAL
21407,9076,4778,CASUAL
21408,1537,4530,CASUAL
21409,761,131,DISTANT
21410,7715,3003,DISTANT
21411,4912,6158,DISTANT
21412,2726,7552,CASUAL
21413,1980,5927,CLOSE
21414,49,5855,CASUAL
21415,7333,7906,CLOSE
21416,1636,8633,CASUAL
21417,8130,203,CASUAL
21418,3445,8139,DISTANT
21419,8804,2135,CASUAL
21420,3360,8396,CLOSE
21421,6256,3193,CASUAL
21422,8563,5464,CLOSE
21423,5600,6823,CLOSE
21424,462,3761,DISTANT
21425,5987,6721,DISTANT
21426,3641,68,CASUAL
21427,4170,6376,CLOSE
21428,5824,1535,CLOSE
21429,5003,2154,CASUAL
21430,4817,5778,CASUAL
21431,7806,6476,CASUAL
21432,8932,7013,CASUAL
21433,8970,2945,CLOSE
21434,7239,6993,CLOSE
21435,3059,5819,CLOSE
21436,8875,3502,DISTANT
21437,3628,9219,DISTANT
21438,6540,783,DISTANT
21439,7265,7026,DISTANT
21440,6343,8432,CASUAL
21441,4989,8206,CLOSE
21442,5851,8509,CLOSE
21443,3680,4210,CASUAL
21444,9108,869,DISTANT
21445,8010,5973,CLOSE
21446,9402,9140,CASUAL
21447,2704,1489,CLOSE
21448,4967,5530,DISTANT
21449,7623,3798,CASUAL
21450,364,2327,DISTANT
21451,3061,1551,DISTANT
21452,2428,6373,CASUAL
21453,9727,9073,DISTANT
21454,2282,3810,CLOSE
21455,1111,2456,CLOSE
21456,6410,7590,CASUAL
21457,6523,252,CLOSE
21458,5260,2006,DISTANT
21459,3208,5738,CASUAL
21460,503,1601,DISTANT
21461,3685,6353,CASUAL
21462,9299,2771,CASUAL
21463,1522,9310,CASUAL
21464,6707,881,CASUAL
21465,5875,5923,DISTANT
21466,2110,5166,CASUAL
21467,6064,5281,CASUAL
21468,3066,2565,CASUAL
21469,756,7314,CASUAL
21470,911,8385,CLOSE
21471,7835,5670,CLOSE
21472,3501,3037,DISTANT
21473,1045,9630,CASUAL
21474,5420,2713,CLOSE
21475,1238,4618,DISTANT
21476,3106,8702,DISTANT
21477,8609,4818,CLOSE
21478,2224,9339,CASUAL
21479,674,8164,CASUAL
21480,7922,2785,DISTANT
21481,3909,9337,CLOSE
21482,1586,7060,DISTANT
21483,2532,4830,CASUAL
21484,1125,1343,CASUAL
21485,1541,4000,CASUAL
21486,2241,5245,CASUAL
21487,7708,9195,CASUAL
21488,6359,4367,DISTANT
21489,5076,2478,CLOSE
21490,5532,1793,CASUAL
21491,8581,9798,CASUAL
21492,1556,2665,CASUAL
21493,6549,6723,CLOSE
21494,4870,4552,DISTANT
21495,9458,9600,CLOSE
21496,2270,6855,CASUAL
21497,9096,3737,CASUAL
21498,3667,77,DISTANT
21499,950,2646,CLOSE
21500,1903,5420,CLOSE
21501,2086,2759,CLOSE
21502,9838,3003,CLOSE
21503,4530,63,CASUAL
21504,598,2361,CLOSE
21505,2278,4577,CASUAL
21506,1575,4667,CASUAL
21507,7990,1991,CLOSE
21508,2088,1644,CLOSE
21509,4423,6909,CASUAL
21510,3036,30,DISTANT
21511,4494,1663,DISTANT
21512,9433,7522,DISTANT
21513,2320,6681,CLOSE
21514,7279,1841,CASUAL
21515,6850,5071,CLOSE
21516,5024,2098,DISTANT
21517,5229,3036,CLOSE
21518,5881,5694,CASUAL
21519,8924,9118,CLOSE
21520,552,6404,DISTANT
21521,8695,2162,CASUAL
21522,6810,7855,CLOSE
21523,2036,5778,DISTANT
21524,9227,1609,DISTANT
21525,7869,9875,CASUAL
21526,4042,2043,CASUAL
21527,5954,6748,CASUAL
21528,4061,3342,CLOSE
21529,8551,4905,CLOSE
21530,6571,2123,CLOSE
21531,1414,4338,CLOSE
21532,3204,6783,CLOSE
21533,1017,4236,CLOSE
21534,9448,5824,DISTANT
21535,1734,5027,DISTANT
21536,1217,8944,CASUAL
21537,5534,2745,CASUAL
21538,614,1689,DISTANT
21539,6693,9919,CASUAL
21540,3643,7181,CASUAL
21541,7141,640,DISTANT
21542,4411,4181,CLOSE
21543,8214,7034,CLOSE
21544,4102,5018,CASUAL
21545,2684,9437,CASUAL
21546,1892,5124,CASUAL
21547,856,6179,CLOSE
21548,540,4081,CASUAL
21549,854,5001,DISTANT
21550,9690,6625,CASUAL
21551,7286,3022,CLOSE
21552,8477,2926,CLOSE
21553,1858,8597,CLOSE
21554,830,9436,CASUAL
21555,3726,9404,CLOSE
21556,4571,2552,CLOSE
21557,6499,9749,CLOSE
21558,7896,3154,CLOSE
21559,8595,5479,CLOSE
21560,4886,7394,CASUAL
21561,8635,2077,CLOSE
21562,291,207,CASUAL
21563,9326,7922,CASUAL
21564,8637,5044,CASUAL
21565,3618,6376,DISTANT
21566,924,9503,CLOSE
21567,8414,8955,CLOSE
21568,5804,3183,DISTANT
21569,9428,8769,CASUAL
21570,3488,7387,CASUAL
21571,5885,4438,CLOSE
21572,7854,671,CLOSE
21573,5383,3251,DISTANT
21574,6104,1706,DISTANT
21575,2597,6241,CLOSE
21576,8028,386,CASUAL
21577,3885,8085,CASUAL
21578,8009,3374,CASUAL
21579,75,4944,CLOSE
21580,7306,570,CLOSE
21581,7318,2032,DISTANT
21582,1607,8247,CLOSE
21583,2370,2132,CLOSE
21584,8552,117,CLOSE
21585,6933,7830,CLOSE
21586,5232,1614,CLOSE
21587,5164,9833,CLOSE
21588,3888,4066,CASUAL
21589,5131,9318,DISTANT
21590,8030,2055,DISTANT
21591,9707,399,DISTANT
21592,266,3945,CASUAL
21593,2646,3521,CASUAL
21594,6479,9715,CASUAL
21595,9173,1832,DISTANT
21596,6568,1453,DISTANT
21597,5925,2180,CLOSE
21598,1587,7746,DISTANT
21599,1663,6593,CLOSE
21600,4262,2755,DISTANT
21601,9572,1803,DISTANT
21602,2279,1208,DISTANT
21603,4329,50,CASUAL
21604,4852,8552,CASUAL
21605,4126,6018,CLOSE
21606,7982,3658,CLOSE
21607,6334,3414,CLOSE
21608,877,3603,CASUAL
21609,7270,6605,CASUAL
21610,1539,6398,DISTANT
21611,8111,6542,CLOSE
21612,3465,6825,CASUAL
21613,3350,1717,CLOSE
21614,805,8473,CLOSE
21615,6272,1732,CLOSE
21616,7061,6991,CLOSE
21617,1169,2248,DISTANT
21618,5437,4898,CLOSE
21619,5368,2596,CLOSE
21620,3023,5652,CLOSE
21621,2305,9979,CASUAL
21622,503,9153,CASUAL
21623,3224,3257,DISTANT
21624,3277,3333,DISTANT
21625,1037,6269,CASUAL
21626,1830,6822,CASUAL
21627,9304,2922,DISTANT
21628,3988,2337,DISTANT
21629,4339,6102,CASUAL
21630,5463,8353,CLOSE
21631,93,9900,DISTANT
21632,2884,3819,CASUAL
21633,5394,2429,DISTANT
21634,8803,3141,CASUAL
21635,11,9959,CASUAL
21636,6125,7894,DISTANT
21637,8151,2355,CASUAL
21638,9150,506,DISTANT
21639,4456,7119,DISTANT
21640,6562,3607,CASUAL
21641,6226,5704,CASUAL
21642,6725,744,CLOSE
21643,4564,7225,DISTANT
21644,2256,4809,DISTANT
21645,1588,7270,CLOSE
21646,8072,9743,CASUAL
21647,319,7580,CLOSE
21648,8869,5637,CASUAL
21649,9829,1340,CASUAL
21650,9634,7311,DISTANT
21651,2747,9303,CLOSE
21652,9456,5034,CASUAL
21653,8615,5812,CLOSE
21654,9923,5948,CLOSE
21655,4986,7960,CLOSE
21656,5455,7144,CLOSE
21657,9176,4727,CASUAL
21658,1218,8910,CLOSE
21659,8522,2723,CLOSE
21660,7761,5335,DISTANT
21661,6705,9283,CLOSE
21662,7440,9785,DISTANT
21663,1378,9355,CLOSE
21664,2308,7794,CASUAL
21665,5427,5175,DISTANT
21666,9415,4710,DISTANT
21667,5209,1382,CASUAL
21668,9939,4777,CASUAL
21669,5464,5879,CASUAL
21670,8126,9591,CLOSE
21671,5408,3553,CLOSE
21672,351,1361,CASUAL
21673,1185,608,DISTANT
21674,8076,299,CLOSE
21675,2168,4803,CASUAL
21676,9297,8972,CLOSE
21677,7637,6302,CLOSE
21678,4449,7402,CASUAL
21679,7586,3739,CLOSE
21680,3282,5525,CLOSE
21681,2362,6817,CLOSE
21682,2961,5154,DISTANT
21683,5029,6673,DISTANT
21684,8956,7331,CLOSE
21685,8518,3128,DISTANT
21686,2572,6510,CLOSE
21687,6137,6559,CLOSE
21688,8827,141,DISTANT
21689,1636,3049,CLOSE
21690,1328,3422,CLOSE
21691,7768,201,DISTANT
21692,1089,5013,CLOSE
21693,2447,6786,DISTANT
21694,3799,3898,DISTANT
21695,744,4184,CASUAL
21696,9151,4590,DISTANT
21697,8074,7125,CASUAL
21698,5798,2468,DISTANT
21699,4239,9869,CASUAL
21700,5220,2958,CLOSE
21701,119,2942,CLOSE
21702,40,5997,CASUAL
21703,8545,7065,DISTANT
21704,2771,2293,CASUAL
21705,8663,942,DISTANT
21706,9459,3685,CLOSE
21707,9578,3785,DISTANT
21708,2984,1762,DISTANT
21709,5340,3878,DISTANT
21710,3372,3329,CASUAL
21711,7684,2494,CASUAL
21712,8438,3053,DISTANT
21713,4178,948,DISTANT
21714,4255,3617,DISTANT
21715,3486,8925,CASUAL
21716,8731,9771,CLOSE
21717,5258,2369,CLOSE
21718,2083,5961,CLOSE
21719,7310,7486,CLOSE
21720,5703,6965,CASUAL
21721,6155,5733,CASUAL
21722,1356,7789,DISTANT
21723,7508,4885,CLOSE
21724,337,5506,DISTANT
21725,8865,7920,CLOSE
21726,4474,9405,DISTANT
21727,2881,6962,CLOSE
21728,7254,1152,DISTANT
21729,3187,491,DISTANT
21730,1079,6019,CASUAL
21731,526,4191,CLOSE
21732,305,9993,DISTANT
21733,8191,1980,CASUAL
21734,1791,8338,DISTANT
21735,694,6856,DISTANT
21736,5173,7157,DISTANT
21737,6680,6398,CLOSE
21738,2231,9623,CLOSE
21739,8878,9209,CASUAL
21740,3411,7884,CLOSE
21741,4201,785,CASUAL
21742,8118,9223,CASUAL
21743,666,117,CASUAL
21744,7417,7551,CASUAL
21745,8571,7501,CLOSE
21746,3194,8124,CLOSE
21747,6302,526,CLOSE
21748,5438,4314,CASUAL
21749,9676,3968,CLOSE
21750,559,4124,DISTANT
21751,2894,4063,DISTANT
21752,1162,9829,CASUAL
21753,5878,6149,CLOSE
21754,6698,6900,CASUAL
21755,123,3030,DISTANT
21756,7522,8841,CLOSE
21757,850,8682,CASUAL
21758,8650,2181,DISTANT
21759,1313,8456,CASUAL
21760,5377,7783,DISTANT
21761,4829,8082,CLOSE
21762,9990,5072,CLOSE
21763,6013,1611,CLOSE
21764,441,2009,CASUAL
21765,7960,9257,DISTANT
21766,8575,5459,CASUAL
21767,9163,8653,CLOSE
21768,9612,8162,CLOSE
21769,7666,9156,CASUAL
21770,9504,4893,CLOSE
21771,8629,7453,DISTANT
21772,2669,1207,CASUAL
21773,7840,8988,DISTANT
21774,7061,596,DISTANT
21775,5894,7725,CLOSE
21776,4232,4580,CLOSE
21777,5473,6605,DISTANT
21778,9517,64,CASUAL
21779,8871,9123,DISTANT
21780,9953,1020,CASUAL
21781,9478,1770,CASUAL
21782,3863,1528,DISTANT
21783,197,7318,CASUAL
21784,4427,4589,DISTANT
21785,2258,4153,DISTANT
21786,1964,3004,DISTANT
21787,4412,536,CASUAL
21788,5573,1904,DISTANT
21789,834,1108,DISTANT
21790,3925,8579,CASUAL
21791,3534,9107,DISTANT
21792,4647,5210,CASUAL
21793,260,1151,CLOSE
21794,7940,2396,DISTANT
21795,833,8026,CLOSE
21796,7234,9742,CLOSE
21797,1328,8357,CASUAL
21798,8501,2825,DISTANT
21799,8749,7879,CLOSE
21800,4732,1385,DISTANT
21801,7608,7910,DISTANT
21802,5187,2573,CASUAL
21803,1549,2940,DISTANT
21804,8909,6072,CASUAL
21805,2452,1470,CASUAL
21806,453,1040,CLOSE
21807,5113,8676,CLOSE
21808,5619,6435,CASUAL
21809,6673,1772,CLOSE
21810,5083,6689,CASUAL
21811,858,4990,DISTANT
21812,3147,6635,CASUAL
21813,9760,3126,CLOSE
21814,2124,3792,CLOSE
21815,7293,2355,DISTANT
21816,6839,2065,DISTANT
21817,5408,2752,CASUAL
21818,9404,8755,CLOSE
21819,9488,6887,CASUAL
21820,4719,4710,CASUAL
21821,1686,3782,CLOSE
21822,3848,7707,CLOSE
21823,9317,337,DISTANT
21824,9655,1974,CLOSE
21825,7539,682,CLOSE
21826,8958,1608,CASUAL
21827,5981,9234,CLOSE
21828,6805,5782,CLOSE
21829,8391,7489,CASUAL
21830,339,6927,DISTANT
21831,6041,9258,CLOSE
21832,6263,3246,CASUAL
21833,2188,9532,CASUAL
21834,4229,722,DISTANT
21835,3497,6144,DISTANT
21836,5389,5782,CLOSE
21837,8647,628,CLOSE
21838,4787,5894,CLOSE
21839,7779,258,CASUAL
21840,7806,4972,CLOSE
21841,4456,8687,CLOSE
21842,4582,6550,CASUAL
21843,8270,4218,DISTANT
21844,6494,7142,CASUAL
21845,819,7904,CLOSE
21846,5071,1411,CLOSE
21847,861,8901,CLOSE
21848,9500,9058,CLOSE
21849,2575,7814,CLOSE
21850,6711,1688,CASUAL
21851,8294,6833,CLOSE
21852,1488,485,CLOSE
21853,448,378,CLOSE
21854,7455,887,DISTANT
21855,4056,3320,DISTANT
21856,981,1262,CASUAL
21857,8198,473,CASUAL
21858,7340,4485,CLOSE
21859,4106,4919,CLOSE
21860,7323,5833,CASUAL
21861,8626,9481,DISTANT
21862,3935,7773,DISTANT
21863,4231,6498,CASUAL
21864,2261,1799,CASUAL
21865,5285,6106,CASUAL
21866,476,5811,CLOSE
21867,5499,8997,CASUAL
21868,3943,2081,DISTANT
21869,6405,905,CLOSE
21870,4780,5929,CASUAL
21871,4309,440,CASUAL
21872,2936,3395,CLOSE
21873,3420,5196,CASUAL
21874,6839,4843,DISTANT
21875,9479,5656,CASUAL
21876,5904,6507,DISTANT
21877,7974,8927,CASUAL
21878,2758,9725,CLOSE
21879,726,5883,DISTANT
21880,1228,1344,CLOSE
21881,6367,5385,DISTANT
21882,2614,3852,DISTANT
21883,3271,6783,DISTANT
21884,1924,4571,DISTANT
21885,7996,6207,CASUAL
21886,5744,8821,CASUAL
21887,5055,7216,DISTANT
21888,9202,9735,DISTANT
21889,7013,546,CLOSE
21890,9740,8920,DISTANT
21891,3182,6439,CASUAL
21892,6075,2302,CLOSE
21893,3490,8333,CASUAL
21894,7625,8457,DISTANT
21895,4665,90,CLOSE
21896,1188,458,CASUAL
21897,2358,658,CASUAL
21898,9904,5781,DISTANT
21899,1974,1708,CLOSE
21900,7286,4177,DISTANT
21901,4856,9842,CASUAL
21902,3047,9054,DISTANT
21903,1816,3960,CASUAL
21904,5211,9784,CASUAL
21905,3611,2161,CASUAL
21906,9447,683,CLOSE
21907,6695,8958,DISTANT
21908,9748,9804,CLOSE
21909,9935,9299,CASUAL
21910,2604,4492,CLOSE
21911,6011,241,CLOSE
21912,5462,8010,DISTANT
21913,209,321,CASUAL
21914,8357,3422,DISTANT
21915,6663,5758,DISTANT
21916,4308,1819,CLOSE
21917,3702,6472,CLOSE
21918,1691,9791,CLOSE
21919,6843,5541,CASUAL
21920,2296,8221,CLOSE
21921,3476,6483,DISTANT
21922,8403,9453,DISTANT
21923,5586,6072,CLOSE
21924,622,3333,CLOSE
21925,4671,1246,CASUAL
21926,6908,4806,CLOSE
21927,373,7363,DISTANT
21928,2649,120,DISTANT
21929,8502,9997,CASUAL
21930,2569,3056,CASUAL
21931,5784,7007,CLOSE
21932,4716,3331,CLOSE
21933,4387,85,CASUAL
21934,8175,6647,DISTANT
21935,222,7048,DISTANT
21936,2354,9676,DISTANT
21937,4134,531,CASUAL
21938,1210,7973,DISTANT
21939,6977,6988,CLOSE
21940,9804,1418,CLOSE
21941,9281,9666,CLOSE
21942,4238,9039,DISTANT
21943,8103,2320,CLOSE
21944,5043,338,CASUAL
21945,8600,4266,CASUAL
21946,8887,5805,CASUAL
21947,3485,6862,CLOSE
21948,3482,480,DISTANT
21949,7197,1174,DISTANT
21950,4602,5751,CASUAL
21951,7413,8683,CLOSE
21952,627,9780,CASUAL
21953,903,1111,CLOSE
21954,1141,6426,DISTANT
21955,9465,548,DISTANT
21956,802,3540,CLOSE
21957,2828,6529,CLOSE
21958,6198,7814,CLOSE
21959,6695,217,CASUAL
21960,2161,7211,DISTANT
21961,5896,2427,CASUAL
21962,3450,7489,DISTANT
21963,1402,6485,CLOSE
21964,117,6935,CASUAL
21965,5291,6507,CASUAL
21966,3857,7574,CLOSE
21967,6124,1764,CASUAL
21968,5386,1173,CASUAL
21969,5351,1994,DISTANT
21970,3873,6408,CASUAL
21971,2273,7871,CLOSE
21972,7913,5375,CLOSE
21973,2046,6419,DISTANT
21974,6657,3615,CLOSE
21975,6315,199,CLOSE
21976,2958,3547,CASUAL
21977,3955,8039,CLOSE
21978,9727,1290,DISTANT
21979,8542,1411,CLOSE
21980,7393,1674,CLOSE
21981,6485,6589,DISTANT
21982,7123,7,CASUAL
21983,8994,1323,CLOSE
21984,910,6012,CLOSE
21985,9273,7998,CASUAL
21986,6312,4116,CLOSE
21987,8272,2610,CASUAL
21988,7246,4269,CLOSE
21989,7320,9325,DISTANT
21990,765,6042,DISTANT
21991,5724,5375,CASUAL
21992,9455,5719,CLOSE
21993,72,4063,DISTANT
21994,1915,3204,CASUAL
21995,9435,41,DISTANT
21996,2146,1839,DISTANT
21997,4841,6492,DISTANT
21998,8817,4493,DISTANT
21999,2817,3363,DISTANT
22000,1002,6348,CLOSE
22001,3546,3684,DISTANT
22002,5393,1805,CLOSE
22003,9213,9730,CLOSE
22004,8289,7352,CASUAL
22005,5529,1548,CASUAL
22006,7667,8902,CLOSE
22007,4523,3768,CLOSE
22008,6943,339,CASUAL
22009,6369,4052,CLOSE
22010,9243,1412,DISTANT
22011,1905,8673,CLOSE
22012,783,7227,CLOSE
22013,7454,1103,CLOSE
22014,7934,3582,DISTANT
22015,8104,2898,CLOSE
22016,8253,2589,DISTANT
22017,978,9543,DISTANT
22018,9612,3452,DISTANT
22019,5617,4039,DISTANT
22020,9830,8752,CLOSE
22021,2690,2241,CLOSE
22022,2121,6331,CASUAL
22023,734,6720,DISTANT
22024,2550,3420,DISTANT
22025,3398,2390,CLOSE
22026,6602,614,CLOSE
22027,5706,2569,CASUAL
22028,579,1329,DISTANT
22029,3364,6210,CASUAL
22030,297,4879,DISTANT
22031,2152,5722,CASUAL
22032,3028,9891,CLOSE
22033,6937,3272,DISTANT
22034,5180,3836,CLOSE
22035,2089,592,CLOSE
22036,7374,6899,DISTANT
22037,5931,2471,DISTANT
22038,6823,3809,CLOSE
22039,1886,190,CLOSE
22040,8884,520,DISTANT
22041,2626,4627,DISTANT
22042,2934,9754,CASUAL
22043,3193,6969,CLOSE
22044,9144,4668,DISTANT
22045,764,6841,DISTANT
22046,3550,8530,DISTANT
22047,7061,2937,DISTANT
22048,5497,3232,CASUAL
22049,6083,2093,CLOSE
22050,4834,4799,CLOSE
22051,3762,258,CLOSE
22052,9908,3033,CLOSE
22053,7726,8799,CLOSE
22054,5503,4423,CLOSE
22055,1009,3950,CLOSE
22056,6580,3103,CLOSE
22057,8253,6761,CASUAL
22058,404,5176,CASUAL
22059,5449,9652,CLOSE
22060,8687,2336,DISTANT
22061,771,6960,CASUAL
22062,3937,317,CLOSE
22063,5075,4502,DISTANT
22064,3939,388,CASUAL
22065,3889,496,CASUAL
22066,4868,9195,DISTANT
22067,812,9918,CLOSE
22068,4633,201,CLOSE
22069,9262,4512,CLOSE
22070,1008,5278,CLOSE
22071,3153,7520,CASUAL
22072,5961,7467,DISTANT
22073,2743,5242,CASUAL
22074,4575,489,CASUAL
22075,9512,4019,DISTANT
22076,5547,8146,CLOSE
22077,7320,6901,CASUAL
22078,3150,8540,CASUAL
22079,7731,7537,DISTANT
22080,4286,2953,CLOSE
22081,9859,9097,DISTANT
22082,9384,7952,CLOSE
22083,7812,403,CLOSE
22084,7286,9309,CLOSE
22085,7054,1556,CASUAL
22086,7235,3940,CLOSE
22087,3202,1208,CASUAL
22088,180,5704,CLOSE
22089,598,9273,CASUAL
22090,1060,2802,DISTANT
22091,6103,5207,DISTANT
22092,5776,9345,DISTANT
22093,7857,7973,CASUAL
22094,2033,3648,DISTANT
22095,2295,6940,DISTANT
22096,9352,93,CASUAL
22097,1720,3912,DISTANT
22098,4164,9016,DISTANT
22099,2071,9690,CASUAL
22100,2666,611,CLOSE
22101,8472,2362,CLOSE
22102,6587,1078,CASUAL
22103,8072,9005,DISTANT
22104,2406,1410,CLOSE
22105,4796,3852,CASUAL
22106,3398,1284,DISTANT
22107,9116,2834,CASUAL
22108,9785,934,CASUAL
22109,4967,5461,CASUAL
22110,8247,2416,CASUAL
22111,6269,2809,DISTANT
22112,8528,8154,CASUAL
22113,676,6443,CLOSE
22114,2854,6310,DISTANT
22115,175,9877,DISTANT
22116,7625,5772,DISTANT
22117,3568,7265,CASUAL
22118,6253,9158,CLOSE
22119,1351,2834,DISTANT
22120,5049,5307,DISTANT
22121,5417,3331,DISTANT
22122,1429,9800,CASUAL
22123,5097,7057,CLOSE
22124,9399,3525,CASUAL
22125,1663,3871,CLOSE
22126,4971,8734,DISTANT
22127,7768,2718,CLOSE
22128,5567,3969,CLOSE
22129,7745,5578,CLOSE
22130,1804,265,CASUAL
22131,3029,4753,DISTANT
22132,8316,5323,DISTANT
22133,9085,8382,DISTANT
22134,8573,2513,CASUAL
22135,7036,476,CASUAL
22136,1339,8543,CASUAL
22137,5122,1047,CLOSE
22138,7998,7117,DISTANT
22139,651,1381,CLOSE
22140,3319,5894,CASUAL
22141,5999,8358,CASUAL
22142,796,6569,CASUAL
22143,2820,9235,CASUAL
22144,346,3152,DISTANT
22145,6720,1431,DISTANT
22146,6710,5095,DISTANT
22147,3469,3678,CLOSE
22148,420,8862,CASUAL
22149,4482,6841,CASUAL
22150,6718,337,CASUAL
22151,4652,591,CLOSE
22152,7709,9392,CLOSE
22153,1590,6402,CLOSE
22154,7059,2598,CLOSE
22155,6191,7350,CASUAL
22156,8757,3556,DISTANT
22157,8942,2975,CLOSE
22158,6207,7727,CASUAL
22159,6062,6318,DISTANT
22160,7374,6779,DISTANT
22161,2912,2501,CASUAL
22162,6954,7732,CLOSE
22163,4648,9178,CASUAL
22164,193,3471,DISTANT
22165,7854,5234,CLOSE
22166,4170,8319,DISTANT
22167,9673,5028,CLOSE
22168,7265,8825,DISTANT
22169,3381,3718,DISTANT
22170,1124,7719,CASUAL
22171,976,8243,CLOSE
22172,5896,2305,DISTANT
22173,9901,2626,CLOSE
22174,75,2186,CASUAL
22175,8564,1725,CASUAL
22176,379,2585,CASUAL
22177,9816,3012,DISTANT
22178,8231,1985,DISTANT
22179,5765,7132,DISTANT
22180,3613,6561,CASUAL
22181,8312,9308,DISTANT
22182,2160,5529,DISTANT
22183,1880,4621,CLOSE
22184,8669,7231,DISTANT
22185,5131,4182,DISTANT
22186,9078,3376,CLOSE
22187,5378,3101,CASUAL
22188,1540,9529,CLOSE
22189,9169,4686,CLOSE
22190,630,8683,DISTANT
22191,1745,8565,CLOSE
22192,3809,5306,CASUAL
22193,8457,5852,CASUAL
22194,7975,8700,CLOSE
22195,2603,4621,CASUAL
22196,6808,6952,DISTANT
22197,3313,2748,DISTANT
22198,7757,5487,CLOSE
22199,1433,4831,CLOSE
22200,6836,5828,CLOSE
22201,7442,714,CLOSE
22202,6945,8347,DISTANT
22203,4478,3657,CLOSE
22204,7290,4711,CLOSE
22205,9738,4321,DISTANT
22206,9164,9169,DISTANT
22207,219,2297,CLOSE
22208,8799,2920,CASUAL
22209,524,2412,CASUAL
22210,7116,6149,CLOSE
22211,799,5755,CLOSE
22212,4383,8363,CLOSE
22213,7077,7449,CASUAL
22214,9651,8753,CASUAL
22215,4924,6250,CASUAL
22216,8800,4392,CASUAL
22217,2237,7595,CLOSE
22218,6841,6692,CLOSE
22219,6650,7394,CASUAL
22220,7353,1325,CASUAL
22221,6945,9139,CASUAL
22222,5834,5972,CASUAL
22223,3199,9857,DISTANT
22224,5988,9474,CLOSE
22225,219,245,CASUAL
22226,6411,6624,CASUAL
22227,2838,1479,CASUAL
22228,8864,3705,CLOSE
22229,4200,4977,DISTANT
22230,8865,1699,DISTANT
22231,4325,2683,CASUAL
22232,3094,9616,DISTANT
22233,6221,565,CLOSE
22234,6548,3798,CASUAL
22235,8343,9707,CLOSE
22236,5230,4772,DISTANT
22237,2725,4584,CLOSE
22238,3056,8497,CASUAL
22239,55,6871,DISTANT
22240,7360,1710,CASUAL
22241,6644,7325,CLOSE
22242,8470,1533,CLOSE
22243,9590,462,CASUAL
22244,7498,5690,CLOSE
22245,2644,4370,CLOSE
22246,7142,2051,CLOSE
22247,5132,6658,DISTANT
22248,1601,6855,CASUAL
22249,9443,5200,CASUAL
22250,1552,3325,CASUAL
22251,5918,3009,DISTANT
22252,2229,1775,DISTANT
22253,4394,4702,CLOSE
22254,7475,3249,DISTANT
22255,14,1343,DISTANT
22256,5259,5943,CLOSE
22257,6397,6767,CLOSE
22258,6368,8766,CASUAL
22259,3631,4672,CLOSE
22260,8969,3549,DISTANT
22261,5080,3521,CASUAL
22262,2512,7856,DISTANT
22263,8777,1861,CLOSE
22264,7758,9077,CLOSE
22265,1124,9242,DISTANT
22266,400,8814,CLOSE
22267,6877,1106,CLOSE
22268,1797,8743,DISTANT
22269,7287,6061,CLOSE
22270,9081,136,CLOSE
22271,7237,3290,CASUAL
22272,5610,1161,CASUAL
22273,5089,4507,CLOSE
22274,7416,7574,CASUAL
22275,2388,3910,DISTANT
22276,5229,9444,DISTANT
22277,2992,3838,DISTANT
22278,105,8510,CASUAL
22279,2808,9381,DISTANT
22280,8677,2484,CASUAL
22281,3870,6965,CLOSE
22282,6163,8618,CLOSE
22283,410,3337,CASUAL
22284,5810,6958,CLOSE
22285,505,4532,CLOSE
22286,6373,8831,CASUAL
22287,5654,6444,CASUAL
22288,3996,7053,CLOSE
22289,2141,1289,CLOSE
22290,7993,2648,CLOSE
22291,8162,7772,CASUAL
22292,5214,1109,DISTANT
22293,8039,5756,DISTANT
22294,3763,2686,CASUAL
22295,1541,9372,CLOSE
22296,8283,9016,DISTANT
22297,4719,9577,CASUAL
22298,8421,4878,DISTANT
22299,2115,1143,CASUAL
22300,1531,7289,CASUAL
22301,3127,5158,CASUAL
22302,7599,8409,CLOSE
22303,4506,3790,CASUAL
22304,8672,9302,CASUAL
22305,2676,5944,DISTANT
22306,7159,8983,CLOSE
22307,798,7044,DISTANT
22308,6259,994,CASUAL
22309,4835,1089,CLOSE
22310,5892,7517,CLOSE
22311,166,2810,CASUAL
22312,858,2987,CLOSE
22313,9096,3413,DISTANT
22314,5968,6871,CASUAL
22315,902,3385,CASUAL
22316,2578,8426,DISTANT
22317,9124,3214,CLOSE
22318,3516,5081,CLOSE
22319,2918,6422,CASUAL
22320,2869,866,DISTANT
22321,366,2342,CLOSE
22322,7799,5049,DISTANT
22323,5832,1260,DISTANT
22324,1269,8127,CASUAL
22325,4072,5453,CLOSE
22326,3973,907,CLOSE
22327,3995,6742,CLOSE
22328,4859,1274,CASUAL
22329,5671,836,DISTANT
22330,2129,8655,DISTANT
22331,2500,1975,CLOSE
22332,2352,1631,CASUAL
22333,9803,663,CLOSE
22334,8702,7181,DISTANT
22335,1221,3232,CASUAL
22336,1966,189,CLOSE
22337,5390,219,CLOSE
22338,6570,5782,DISTANT
22339,6845,5537,CASUAL
22340,543,6484,CLOSE
22341,1,4187,CLOSE
22342,954,2530,CLOSE
22343,4291,5182,CLOSE
22344,908,7154,DISTANT
22345,7987,7659,CLOSE
22346,5895,9948,DISTANT
22347,6311,9486,CLOSE
22348,7041,3878,CASUAL
22349,6742,3986,CLOSE
22350,6657,8247,CLOSE
22351,3773,3495,CLOSE
22352,7267,9000,CASUAL
22353,6459,2841,CLOSE
22354,6747,8916,DISTANT
22355,8198,467,DISTANT
22356,9147,8526,CASUAL
22357,1874,3529,CASUAL
22358,9167,2481,CASUAL
22359,6024,1108,CLOSE
22360,4481,477,DISTANT
22361,4822,4489,DISTANT
22362,9213,5589,CASUAL
22363,3584,3605,CLOSE
22364,693,7143,DISTANT
22365,6410,6251,CLOSE
22366,9003,1649,CASUAL
22367,1441,3490,DISTANT
22368,741,8390,CASUAL
22369,1662,3026,DISTANT
22370,7938,9328,CASUAL
22371,8592,3528,DISTANT
22372,3670,1482,DISTANT
22373,5359,7909,DISTANT
22374,2510,2475,CLOSE
22375,2141,8375,DISTANT
22376,4422,4857,CLOSE
22377,9839,7448,DISTANT
22378,7091,3433,CASUAL
22379,6083,7845,CLOSE
22380,7767,1270,CLOSE
22381,3797,8263,CLOSE
22382,9211,4232,CASUAL
22383,9079,1516,CLOSE
22384,3809,6521,DISTANT
22385,3578,5826,DISTANT
22386,940,1491,CASUAL
22387,9389,4608,CLOSE
22388,1447,2048,DISTANT
22389,9122,3822,CLOSE
22390,2249,1099,CLOSE
22391,197,2513,CLOSE
22392,6096,3564,CASUAL
22393,7547,4017,CASUAL
22394,3290,9822,CASUAL
22395,5845,1527,CLOSE
22396,7153,8679,CASUAL
22397,8349,6789,DISTANT
22398,6817,269,DISTANT
22399,3516,8173,DISTANT
22400,8312,1158,CASUAL
22401,9352,2654,DISTANT
22402,864,924,CASUAL
22403,7960,7434,CLOSE
22404,3854,6467,CLOSE
22405,7053,2611,CASUAL
22406,7566,3944,CLOSE
22407,5510,1437,CLOSE
22408,4083,7662,CLOSE
22409,1399,2734,CASUAL
22410,1067,8612,DISTANT
22411,4026,7762,CLOSE
22412,6643,9476,DISTANT
22413,6841,5102,DISTANT
22414,111,6499,DISTANT
22415,5571,2182,DISTANT
22416,6715,5808,DISTANT
22417,191,2192,DISTANT
22418,5278,5150,CLOSE
22419,4292,7151,CLOSE
22420,7086,8035,CLOSE
22421,8309,7723,CASUAL
22422,2695,216,CLOSE
22423,2953,2503,CLOSE
22424,9468,8657,CASUAL
22425,1503,183,DISTANT
22426,3405,4811,DISTANT
22427,3846,6251,CASUAL
22428,201,1653,CASUAL
22429,469,8941,CASUAL
22430,6528,3337,DISTANT
22431,6876,2566,CLOSE
22432,9719,3890,CLOSE
22433,3492,1427,CLOSE
22434,4987,5804,CLOSE
22435,6530,3747,DISTANT
22436,905,8609,CASUAL
22437,1672,428,CLOSE
22438,8398,146,CASUAL
22439,3289,6766,CASUAL
22440,1813,6027,CLOSE
22441,5270,1657,CASUAL
22442,8487,6948,DISTANT
22443,7260,6439,CASUAL
22444,6648,1059,DISTANT
22445,980,3171,CASUAL
22446,1542,4365,DISTANT
22447,8486,7255,CLOSE
22448,4741,8411,CASUAL
22449,3815,3386,CLOSE
22450,3761,945,CLOSE
22451,9829,6115,CLOSE
22452,8818,1460,CLOSE
22453,3682,4746,CLOSE
22454,8888,7637,CLOSE
22455,7601,4631,CASUAL
22456,8940,1942,DISTANT
22457,5995,3651,DISTANT
22458,9043,2224,CASUAL
22459,4902,9246,CLOSE
22460,5972,9478,CASUAL
22461,1799,3071,CASUAL
22462,9116,6287,CLOSE
22463,5598,4447,CASUAL
22464,8116,1706,CASUAL
22465,6072,684,CLOSE
22466,9745,2716,DISTANT
22467,1429,7217,CASUAL
22468,7113,8773,DISTANT
22469,232,821,CLOSE
22470,6292,8880,DISTANT
22471,1406,6572,CASUAL
22472,2562,180,CLOSE
22473,5891,2143,CASUAL
22474,8587,1831,CASUAL
22475,9526,7273,DISTANT
22476,5788,9590,DISTANT
22477,3434,6618,DISTANT
22478,2464,788,CASUAL
22479,4352,8740,CASUAL
22480,9380,8041,CLOSE
22481,3905,6320,CASUAL
22482,9332,5809,CASUAL
22483,8793,3033,DISTANT
22484,9326,4155,CLOSE
22485,9340,6129,DISTANT
22486,4334,2504,DISTANT
22487,3845,2865,CASUAL
22488,7218,6688,CASUAL
22489,2660,3470,DISTANT
22490,5988,4628,CLOSE
22491,5870,7876,CLOSE
22492,7371,4095,CASUAL
22493,2533,6129,DISTANT
22494,6999,6061,CASUAL
22495,7476,3864,CASUAL
22496,2325,837,DISTANT
22497,2141,5275,CASUAL
22498,1132,9224,DISTANT
22499,2001,3664,DISTANT
22500,1085,1871,DISTANT
22501,2171,5372,DISTANT
22502,6884,794,CLOSE
22503,9430,5535,CLOSE
22504,4798,3820,DISTANT
22505,5258,1325,CLOSE
22506,986,9005,CLOSE
22507,8825,120,CLOSE
22508,1963,2360,CASUAL
22509,937,4581,CASUAL
22510,1778,4044,CLOSE
22511,9295,311,DISTANT
22512,9662,6190,DISTANT
22513,1969,2816,DISTANT
22514,1466,2329,CASUAL
22515,4275,2372,CLOSE
22516,3116,2168,CLOSE
22517,831,3307,DISTANT
22518,1104,2613,CLOSE
22519,1932,7547,CLOSE
22520,8498,8321,CLOSE
22521,1453,9881,CASUAL
22522,381,2201,DISTANT
22523,3220,8746,DISTANT
22524,6228,8310,DISTANT
22525,4789,6620,CASUAL
22526,3319,9070,CLOSE
22527,7125,5531,DISTANT
22528,2349,8332,DISTANT
22529,8759,3043,CASUAL
22530,8159,6540,CLOSE
22531,8365,8217,CLOSE
22532,3500,4382,CLOSE
22533,9133,54,CLOSE
22534,673,1088,CLOSE
22535,7527,4669,DISTANT
22536,2065,9162,CLOSE
22537,9588,7848,CASUAL
22538,7820,2182,DISTANT
22539,8305,6412,CLOSE
22540,3860,8752,CLOSE
22541,1963,1306,DISTANT
22542,4086,7972,DISTANT
22543,4961,363,CASUAL
22544,6197,1645,CASUAL
22545,9938,7307,DISTANT
22546,9699,8566,CLOSE
22547,3201,3217,CASUAL
22548,1249,263,CLOSE
22549,5793,5159,DISTANT
22550,3906,3252,CASUAL
22551,9625,9251,DISTANT
22552,6520,237,DISTANT
22553,7560,9142,DISTANT
22554,6446,7269,CLOSE
22555,5949,1268,CLOSE
22556,7258,2671,CLOSE
22557,9131,9441,CASUAL
22558,1908,2546,CASUAL
22559,3522,4642,CASUAL
22560,8763,1821,CLOSE
22561,2004,6393,CLOSE
22562,5181,8497,DISTANT
22563,2668,3848,CLOSE
22564,4307,3991,CASUAL
22565,9414,5235,CASUAL
22566,4164,2681,CASUAL
22567,7504,2290,DISTANT
22568,5492,4438,CLOSE
22569,5192,6752,CASUAL
22570,4626,138,CASUAL
22571,3796,1366,DISTANT
22572,5641,3869,CASUAL
22573,3253,423,DISTANT
22574,5217,4615,CASUAL
22575,1293,5958,DISTANT
22576,8604,9321,CLOSE
22577,1118,5226,CASUAL
22578,876,8192,CASUAL
22579,7233,3248,DISTANT
22580,8152,8769,CLOSE
22581,9427,1119,CLOSE
22582,3097,8881,DISTANT
22583,4260,5647,CASUAL
22584,2005,1910,CLOSE
22585,1224,5214,CASUAL
22586,8225,9358,CLOSE
22587,381,3664,CASUAL
22588,8790,5121,CLOSE
22589,9449,4208,CASUAL
22590,5241,9249,CASUAL
22591,9940,2803,CLOSE
22592,4598,7918,DISTANT
22593,5875,956,CASUAL
22594,78,8485,CLOSE
22595,1455,3760,DISTANT
22596,8642,8244,DISTANT
22597,6825,9067,CASUAL
22598,6333,3757,DISTANT
22599,5064,4743,DISTANT
22600,7038,7950,CASUAL
22601,4197,108,CLOSE
22602,5275,2994,CASUAL
22603,3562,3937,DISTANT
22604,8656,8989,DISTANT
22605,3323,3826,DISTANT
22606,6353,953,CASUAL
22607,1369,8493,CASUAL
22608,5160,1540,CLOSE
22609,3443,7206,DISTANT
22610,3023,4298,CASUAL
22611,1638,8022,DISTANT
22612,8207,2970,CASUAL
22613,6593,5351,DISTANT
22614,2243,9448,DISTANT
22615,4331,47,DISTANT
22616,4737,5459,CLOSE
22617,8595,9757,CLOSE
22618,3186,6208,CASUAL
22619,7141,8682,DISTANT
22620,1644,8641,CASUAL
22621,8243,9835,CLOSE
22622,1588,6255,CASUAL
22623,111,1854,DISTANT
22624,4161,4715,DISTANT
22625,6700,2198,CLOSE
22626,586,3893,DISTANT
22627,1288,6502,DISTANT
22628,2018,4546,DISTANT
22629,7539,668,CASUAL
22630,7663,4533,DISTANT
22631,1080,8125,DISTANT
22632,8091,8084,CASUAL
22633,1463,448,CASUAL
22634,5565,8259,CLOSE
22635,7541,8305,CLOSE
22636,792,9410,CASUAL
22637,3584,6823,CASUAL
22638,8823,2333,CASUAL
22639,4304,708,DISTANT
22640,3575,480,CASUAL
22641,6355,8848,CASUAL
22642,4562,5100,CASUAL
22643,4517,4023,DISTANT
22644,8934,2067,CASUAL
22645,3188,1759,CASUAL
22646,6401,7813,CLOSE
22647,7583,1699,CLOSE
22648,5718,3020,DISTANT
22649,992,130,CLOSE
22650,3971,4360,CLOSE
22651,2623,4680,CASUAL
22652,8681,4020,CLOSE
22653,5995,5401,DISTANT
22654,3025,4685,CASUAL
22655,1368,7087,CASUAL
22656,2052,2413,CLOSE
22657,3204,3910,CLOSE
22658,7785,2328,CLOSE
22659,4479,5573,DISTANT
22660,6632,2023,CLOSE
22661,3764,3312,DISTANT
22662,209,2210,DISTANT
22663,9508,3558,CLOSE
22664,4984,7819,CLOSE
22665,7820,4420,DISTANT
22666,119,1451,DISTANT
22667,5127,838,CLOSE
22668,5536,1158,DISTANT
22669,6690,9042,CASUAL
22670,2426,5847,CLOSE
22671,2448,4269,CLOSE
22672,356,7023,CASUAL
22673,5737,6030,CASUAL
22674,6794,1414,DISTANT
22675,4942,7776,CLOSE
22676,6611,6033,DISTANT
22677,2364,8711,CASUAL
22678,4723,9928,DISTANT
22679,8155,9859,CLOSE
22680,7522,9367,CLOSE
22681,3137,7166,CASUAL
22682,4243,2312,CASUAL
22683,7464,8434,CLOSE
22684,8847,7140,CLOSE
22685,1755,7989,DISTANT
22686,5121,9509,CLOSE
22687,6292,9612,DISTANT
22688,1003,8912,DISTANT
22689,9654,4506,CASUAL
22690,6291,3845,DISTANT
22691,4635,9902,DISTANT
22692,4932,3280,CLOSE
22693,1907,8115,DISTANT
22694,2480,5058,CASUAL
22695,336,2776,CLOSE
22696,6365,6810,CASUAL
22697,3942,6126,CASUAL
22698,8599,2338,CASUAL
22699,8172,3376,CLOSE
22700,3151,6995,CLOSE
22701,2502,9980,CASUAL
22702,5195,147,DISTANT
22703,7372,8151,CLOSE
22704,8632,341,CASUAL
22705,4328,2031,DISTANT
22706,9377,2547,CLOSE
22707,6444,2638,CASUAL
22708,3432,3965,CLOSE
22709,7770,9739,DISTANT
22710,3062,2523,CASUAL
22711,8909,9454,CASUAL
22712,8618,8436,CASUAL
22713,2648,4968,DISTANT
22714,2569,4558,CLOSE
22715,5597,7399,CASUAL
22716,4723,6719,DISTANT
22717,1503,6622,CASUAL
22718,8625,816,DISTANT
22719,2098,8309,DISTANT
22720,3467,6366,CASUAL
22721,6311,6220,CASUAL
22722,5291,7257,DISTANT
22723,5119,1547,DISTANT
22724,7022,3266,CASUAL
22725,8538,8161,CLOSE
22726,2500,9996,DISTANT
22727,9966,6837,DISTANT
22728,773,5707,CASUAL
22729,9156,3003,CLOSE
22730,7732,5440,CASUAL
22731,3051,5311,DISTANT
22732,7056,3020,CASUAL
22733,8929,5584,DISTANT
22734,7907,3590,CLOSE
22735,5611,1058,CLOSE
22736,1801,8416,DISTANT
22737,6002,3939,DISTANT
22738,4040,6495,CLOSE
22739,9665,6408,CASUAL
22740,2181,4838,DISTANT
22741,126,2677,CLOSE
22742,1328,3494,CLOSE
22743,4192,8954,DISTANT
22744,6840,884,CASUAL
22745,3467,2911,DISTANT
22746,2502,3448,CLOSE
22747,8154,8446,DISTANT
22748,3677,6189,CLOSE
22749,3291,4807,CLOSE
22750,8693,8481,CASUAL
22751,3583,1411,DISTANT
22752,4160,77,CLOSE
22753,6718,876,DISTANT
22754,3755,4468,CASUAL
22755,5246,5328,DISTANT
22756,9964,22,CLOSE
22757,556,4693,CASUAL
22758,1807,8267,CLOSE
22759,2798,6834,CASUAL
22760,9684,1664,CASUAL
22761,1222,5776,CASUAL
22762,417,4833,CASUAL
22763,5034,6940,DISTANT
22764,1862,763,CLOSE
22765,9233,5974,CLOSE
22766,9170,4520,CLOSE
22767,6455,4078,DISTANT
22768,2670,2065,CLOSE
22769,2164,8892,CLOSE
22770,5050,2977,CASUAL
22771,4509,8841,CLOSE
22772,1295,1435,CASUAL
22773,4655,8789,DISTANT
22774,6189,988,CASUAL
22775,78,2736,CLOSE
22776,9808,6888,DISTANT
22777,4502,2891,CASUAL
22778,3807,253,DISTANT
22779,6458,6351,DISTANT
22780,4338,5989,CASUAL
22781,9039,6738,CASUAL
22782,2200,8361,DISTANT
22783,3699,3878,CLOSE
22784,8318,9173,CLOSE
22785,7907,9242,CLOSE
22786,1821,619,DISTANT
22787,6769,8519,CASUAL
22788,9583,4235,CLOSE
22789,6397,3066,DISTANT
22790,6634,6594,CASUAL
22791,5498,7053,DISTANT
22792,4246,2838,CASUAL
22793,8261,4789,CASUAL
22794,9908,1610,CLOSE
22795,1279,811,CLOSE
22796,2612,9373,CASUAL
22797,8681,8349,CASUAL
22798,8691,3774,CLOSE
22799,5149,2337,CLOSE
22800,3722,1077,CLOSE
22801,6777,9799,DISTANT
22802,4290,3489,DISTANT
22803,7857,3783,CLOSE
22804,3107,9967,DISTANT
22805,5826,7331,DISTANT
22806,206,2,CLOSE
22807,485,1641,DISTANT
22808,1023,3965,DISTANT
22809,2781,2996,CLOSE
22810,8689,8384,DISTANT
22811,2115,4912,CLOSE
22812,571,7109,DISTANT
22813,340,9884,CLOSE
22814,6120,8540,CLOSE
22815,7596,3102,CASUAL
22816,1174,9371,CLOSE
22817,2001,763,DISTANT
22818,3584,6227,CASUAL
22819,6056,8672,DISTANT
22820,5140,777,CASUAL
22821,411,3359,CASUAL
22822,2697,1222,CASUAL
22823,7081,6700,CLOSE
22824,6409,6095,CASUAL
22825,3276,6558,CLOSE
22826,1291,313,CASUAL
22827,4514,244,CASUAL
22828,6148,3125,CASUAL
22829,3274,2471,CLOSE
22830,6090,9341,CLOSE
22831,1287,9430,CASUAL
22832,1905,9411,DISTANT
22833,2739,884,DISTANT
22834,2975,9293,CLOSE
22835,5938,3614,DISTANT
22836,2345,3730,CLOSE
22837,8480,8643,DISTANT
22838,8643,29,CLOSE
22839,7211,6321,CLOSE
22840,822,1860,CASUAL
22841,9939,4290,DISTANT
22842,5661,9517,CLOSE
22843,8926,3376,DISTANT
22844,2412,5907,CLOSE
22845,5458,5178,CASUAL
22846,6226,4726,CASUAL
22847,5144,294,CLOSE
22848,7623,2533,DISTANT
22849,9682,7409,DISTANT
22850,9486,6232,DISTANT
22851,3463,7206,CLOSE
22852,1550,1202,CASUAL
22853,3583,7746,DISTANT
22854,1185,9339,CASUAL
22855,6047,8255,CASUAL
22856,5512,7936,CLOSE
22857,3138,948,CLOSE
22858,9453,3237,CLOSE
22859,6076,3611,DISTANT
22860,4145,828,CLOSE
22861,6214,9378,CLOSE
22862,4554,2282,DISTANT
22863,202,5082,DISTANT
22864,3408,3001,CASUAL
22865,582,4507,CLOSE
22866,3481,5930,CLOSE
22867,6001,7765,DISTANT
22868,6247,6111,CASUAL
22869,2785,422,CLOSE
22870,2496,3391,DISTANT
22871,6614,9473,DISTANT
22872,5523,7089,DISTANT
22873,2647,6750,DISTANT
22874,2949,5725,DISTANT
22875,1806,3885,CASUAL
22876,1268,6995,DISTANT
22877,575,1803,CLOSE
22878,8491,3505,DISTANT
22879,7364,684,DISTANT
22880,3153,8091,CASUAL
22881,3108,3735,DISTANT
22882,6552,8244,CLOSE
22883,8900,1512,CLOSE
22884,7376,1338,DISTANT
22885,6188,1910,CLOSE
22886,5192,8160,CASUAL
22887,7579,517,CASUAL
22888,7707,4923,CLOSE
22889,2767,5131,CLOSE
22890,806,5364,DISTANT
22891,7697,7925,CASUAL
22892,8552,3105,CLOSE
22893,3357,5056,CASUAL
22894,9061,6110,CLOSE
22895,8827,3578,CASUAL
22896,4620,4265,CASUAL
22897,8094,4406,DISTANT
22898,111,4175,CLOSE
22899,2764,5663,DISTANT
22900,1978,7802,CASUAL
22901,4103,5213,CLOSE
22902,9442,6605,CLOSE
22903,2493,2968,DISTANT
22904,8400,4570,CLOSE
22905,3044,1258,CASUAL
22906,2463,141,DISTANT
22907,9858,4681,CASUAL
22908,7996,6382,DISTANT
22909,2733,2745,CASUAL
22910,832,1425,CLOSE
22911,4964,1461,DISTANT
22912,808,1102,DISTANT
22913,1695,7053,CLOSE
22914,4940,8588,CASUAL
22915,5818,767,CLOSE
22916,7681,6731,CASUAL
22917,7720,7132,CLOSE
22918,5242,7820,CLOSE
22919,3765,1590,DISTANT
22920,711,5752,DISTANT
22921,5115,9439,CLOSE
22922,6912,2739,CLOSE
22923,1631,3479,DISTANT
22924,4296,5600,CLOSE
22925,1000,1067,CLOSE
22926,4645,410,CLOSE
22927,2731,3277,CASUAL
22928,9327,9138,CASUAL
22929,391,8632,CLOSE
22930,2706,2714,CASUAL
22931,6579,5553,DISTANT
22932,1682,6877,DISTANT
22933,4752,8324,CLOSE
22934,5620,3786,CASUAL
22935,9592,7685,CASUAL
22936,5669,9575,CASUAL
22937,4477,837,CLOSE
22938,5243,1835,DISTANT
22939,6735,7099,DISTANT
22940,4678,1670,DISTANT
22941,4418,8131,CASUAL
22942,9919,4121,CLOSE
22943,676,2052,CASUAL
22944,3409,8547,DISTANT
22945,260,3593,CASUAL
22946,5217,3790,DISTANT
22947,3300,5377,DISTANT
22948,1203,3914,CASUAL
22949,3393,6240,DISTANT
22950,2213,5978,CLOSE
22951,2822,3060,CLOSE
22952,2148,3485,DISTANT
22953,5453,7030,DISTANT
22954,7520,9565,CASUAL
22955,6779,8623,DISTANT
22956,413,3822,CLOSE
22957,519,7533,CLOSE
22958,3289,4230,DISTANT
22959,553,8522,DISTANT
22960,8727,6258,DISTANT
22961,1258,2926,DISTANT
22962,5643,8786,DISTANT
22963,5807,3480,DISTANT
22964,340,9155,CASUAL
22965,1803,267,CLOSE
22966,2381,9333,DISTANT
22967,4664,3488,CASUAL
22968,9341,1332,CASUAL
22969,186,7466,DISTANT
22970,1861,1420,CASUAL
22971,7835,5285,CLOSE
22972,3635,9541,CLOSE
22973,976,2739,DISTANT
22974,1889,1721,DISTANT
22975,5665,3299,DISTANT
22976,2564,1779,CASUAL
22977,2832,309,DISTANT
22978,8695,7905,DISTANT
22979,7506,214,CLOSE
22980,6921,2168,DISTANT
22981,7225,2972,CLOSE
22982,502,2903,DISTANT
22983,9760,1241,CLOSE
22984,1967,2713,CLOSE
22985,5831,7948,DISTANT
22986,4993,8368,DISTANT
22987,6095,9863,DISTANT
22988,6272,537,DISTANT
22989,1077,2485,DISTANT
22990,1212,8298,CLOSE
22991,8343,1622,CLOSE
22992,4136,9940,CLOSE
22993,7463,9053,DISTANT
22994,5594,5882,CLOSE
22995,7000,1693,CASUAL
22996,2982,4105,CLOSE
22997,8223,2132,DISTANT
22998,1317,1423,CLOSE
22999,8809,6619,CASUAL
23000,1538,5302,DISTANT
23001,3017,4172,DISTANT
23002,4310,3885,CLOSE
23003,2431,7442,CLOSE
23004,3977,1349,CLOSE
23005,772,3017,CASUAL
23006,6136,4775,CASUAL
23007,4086,3189,DISTANT
23008,9427,7688,DISTANT
23009,887,1696,CASUAL
23010,615,3257,CLOSE
23011,9632,4186,DISTANT
23012,6656,320,CLOSE
23013,3822,7698,CLOSE
23014,6496,128,CLOSE
23015,1870,7293,DISTANT
23016,845,1762,DISTANT
23017,1871,7865,CASUAL
23018,6357,5532,DISTANT
23019,3900,6218,CLOSE
23020,8015,2348,DISTANT
23021,6664,749,CASUAL
23022,6293,265,DISTANT
23023,1271,7998,DISTANT
23024,2610,6110,CLOSE
23025,7177,2314,CLOSE
23026,5308,4958,CASUAL
23027,6210,8000,CLOSE
23028,1696,9117,CLOSE
23029,1458,3430,CASUAL
23030,9195,6738,DISTANT
23031,1451,2252,CLOSE
23032,7972,991,CLOSE
23033,2858,3297,CASUAL
23034,6711,9494,CASUAL
23035,7934,5809,CASUAL
23036,5880,7509,CLOSE
23037,5910,5865,CLOSE
23038,5138,566,DISTANT
23039,8125,3238,DISTANT
23040,4009,2544,CASUAL
23041,604,2085,CLOSE
23042,1580,8039,CASUAL
23043,2492,1674,CLOSE
23044,3642,6629,DISTANT
23045,7598,6829,CLOSE
23046,2048,9885,DISTANT
23047,8507,8559,DISTANT
23048,2533,1150,CLOSE
23049,914,8555,DISTANT
23050,9815,822,CASUAL
23051,9050,810,CLOSE
23052,1571,7446,CLOSE
23053,1383,7114,CASUAL
23054,3109,7356,CASUAL
23055,5695,1252,CLOSE
23056,1167,6691,CASUAL
23057,2317,8506,DISTANT
23058,6916,8358,DISTANT
23059,2102,9310,CLOSE
23060,3417,6744,DISTANT
23061,9770,3120,CASUAL
23062,9085,6453,DISTANT
23063,2071,7923,CASUAL
23064,2165,1125,CASUAL
23065,6140,1671,DISTANT
23066,2483,5792,CASUAL
23067,9452,2444,CASUAL
23068,6285,35,DISTANT
23069,6290,7800,DISTANT
23070,3408,5228,DISTANT
23071,1273,4317,DISTANT
23072,1067,9443,CASUAL
23073,9696,815,CLOSE
23074,6665,5669,CLOSE
23075,3576,9709,DISTANT
23076,3157,7574,DISTANT
23077,7231,3289,CASUAL
23078,7869,4885,CLOSE
23079,4057,8057,CASUAL
23080,2085,5829,CASUAL
23081,5140,1025,DISTANT
23082,5925,2751,DISTANT
23083,1452,1517,CASUAL
23084,6399,1713,CLOSE
23085,8637,257,CLOSE
23086,4064,5589,DISTANT
23087,4398,6620,CASUAL
23088,6791,9625,CASUAL
23089,4237,8407,CLOSE
23090,1679,338,CLOSE
23091,7971,4643,CLOSE
23092,1411,9909,CASUAL
23093,9402,828,CLOSE
23094,1563,2272,DISTANT
23095,7387,6698,CLOSE
23096,592,5688,DISTANT
23097,8887,9055,CLOSE
23098,2338,7034,DISTANT
23099,6505,4444,CASUAL
23100,7330,8095,CLOSE
23101,701,9737,CLOSE
23102,3531,7781,CLOSE
23103,2289,1374,CLOSE
23104,2782,7050,CLOSE
23105,9785,614,CLOSE
23106,7193,5584,CASUAL
23107,3057,663,CLOSE
23108,7523,8597,CLOSE
23109,5453,1484,CASUAL
23110,1260,3283,CASUAL
23111,2495,4973,CLOSE
23112,4145,9345,DISTANT
23113,7486,2855,CASUAL
23114,914,5684,DISTANT
23115,5743,9851,CASUAL
23116,1786,2004,CLOSE
23117,8553,4846,DISTANT
23118,2999,1263,DISTANT
23119,7672,4390,CASUAL
23120,4953,5014,CLOSE
23121,7395,858,CLOSE
23122,9232,8330,DISTANT
23123,8053,4940,CASUAL
23124,3549,9313,DISTANT
23125,7836,1480,DISTANT
23126,9772,3434,DISTANT
23127,9244,5000,CLOSE
23128,5519,8891,DISTANT
23129,9402,8040,CLOSE
23130,5626,6682,DISTANT
23131,8743,2655,DISTANT
23132,5070,5606,CASUAL
23133,9323,1555,CLOSE
23134,2312,3581,DISTANT
23135,2184,1888,CLOSE
23136,6360,7169,DISTANT
23137,542,226,CASUAL
23138,3643,3349,CLOSE
23139,2048,4263,DISTANT
23140,1662,8035,CASUAL
23141,4216,1615,CLOSE
23142,7515,6678,CASUAL
23143,9324,3179,CASUAL
23144,1217,9854,CLOSE
23145,9443,8368,CLOSE
23146,909,3519,DISTANT
23147,721,4323,CASUAL
23148,7435,7806,DISTANT
23149,3,3257,CASUAL
23150,401,4145,CASUAL
23151,4109,6267,CLOSE
23152,3740,9003,DISTANT
23153,2010,7553,CLOSE
23154,8268,1512,CLOSE
23155,8404,5375,CASUAL
23156,7072,5999,CLOSE
23157,7789,6453,DISTANT
23158,5565,7480,DISTANT
23159,4510,593,CLOSE
23160,3222,5593,CLOSE
23161,5618,8088,CASUAL
23162,9315,1924,DISTANT
23163,4533,7468,DISTANT
23164,1096,5892,DISTANT
23165,4368,2963,CASUAL
23166,1796,7144,CASUAL
23167,594,1687,CLOSE
23168,958,9283,CLOSE
23169,9321,821,DISTANT
23170,6613,8964,CLOSE
23171,4701,8925,CASUAL
23172,2419,2301,CASUAL
23173,5553,8584,DISTANT
23174,8520,5311,CLOSE
23175,8686,1277,DISTANT
23176,1125,2442,DISTANT
23177,3495,757,CASUAL
23178,517,6623,DISTANT
23179,4459,7043,DISTANT
23180,4957,2570,DISTANT
23181,3490,1089,CASUAL
23182,5590,3274,DISTANT
23183,8769,9801,CLOSE
23184,7876,3896,CLOSE
23185,1498,6667,CASUAL
23186,2406,120,CASUAL
23187,8797,914,CASUAL
23188,5531,5287,DISTANT
23189,9272,6166,CASUAL
23190,6123,7807,DISTANT
23191,9493,2213,CLOSE
23192,1679,5693,DISTANT
23193,6687,4780,CASUAL
23194,1889,8653,DISTANT
23195,103,389,CASUAL
23196,9489,2693,DISTANT
23197,5547,8218,DISTANT
23198,4752,6067,CLOSE
23199,6233,8619,CLOSE
23200,9463,1280,CASUAL
23201,4271,6883,DISTANT
23202,4410,7034,DISTANT
23203,3316,4690,CASUAL
23204,9130,4074,DISTANT
23205,434,6536,DISTANT
23206,8930,1910,CASUAL
23207,3152,2933,CLOSE
23208,1976,4833,DISTANT
23209,6757,120,CLOSE
23210,4169,3366,CLOSE
23211,6872,3720,CLOSE
23212,1665,8288,DISTANT
23213,4479,817,CLOSE
23214,2791,9626,CASUAL
23215,3481,2756,DISTANT
23216,7965,9529,DISTANT
23217,3802,981,CASUAL
23218,1859,2030,CASUAL
23219,3650,2942,CASUAL
23220,9746,7758,CLOSE
23221,2986,3108,DISTANT
23222,6031,3154,CASUAL
23223,7522,1334,CLOSE
23224,5187,8779,CLOSE
23225,2197,3404,CASUAL
23226,4559,9151,CASUAL
23227,8954,9532,CLOSE
23228,8100,9097,DISTANT
23229,1587,2063,CASUAL
23230,457,4116,CASUAL
23231,2445,4944,DISTANT
23232,6688,7388,CASUAL
23233,78,421,DISTANT
23234,3288,3555,CLOSE
23235,8233,7024,CLOSE
23236,4814,8116,CASUAL
23237,4013,2841,CASUAL
23238,791,1562,CASUAL
23239,2968,6843,CASUAL
23240,6858,1732,CLOSE
23241,5012,642,DISTANT
23242,1593,44,CLOSE
23243,8483,1537,CLOSE
23244,6809,9312,DISTANT
23245,1559,2732,DISTANT
23246,9337,7154,DISTANT
23247,4651,3639,DISTANT
23248,4720,3975,CASUAL
23249,5229,8925,CLOSE
23250,6427,8086,CASUAL
23251,5115,667,DISTANT
23252,5189,2490,DISTANT
23253,503,4553,CASUAL
23254,9397,9075,CLOSE
23255,1795,2441,DISTANT
23256,9368,6414,CLOSE
23257,3359,8852,CASUAL
23258,1668,1886,DISTANT
23259,6855,3570,DISTANT
23260,2159,3955,CLOSE
23261,7677,6795,CLOSE
23262,7420,3028,CLOSE
23263,4252,6576,DISTANT
23264,7482,6327,CASUAL
23265,2307,7482,CLOSE
23266,131,9367,CLOSE
23267,4180,2335,DISTANT
23268,7293,9914,CASUAL
23269,1198,5381,CASUAL
23270,9746,4813,CASUAL
23271,3246,3998,CLOSE
23272,1012,531,CASUAL
23273,5793,4079,CASUAL
23274,2317,8770,CASUAL
23275,4170,8958,CLOSE
23276,187,8704,CASUAL
23277,9917,1043,DISTANT
23278,2730,2253,CASUAL
23279,8858,5089,DISTANT
23280,9471,651,CASUAL
23281,2572,4241,CLOSE
23282,3075,1659,CLOSE
23283,8909,373,CASUAL
23284,2794,6971,CASUAL
23285,7247,9048,DISTANT
23286,9654,8151,DISTANT
23287,9592,2463,CASUAL
23288,8940,9477,CASUAL
23289,5247,6703,DISTANT
23290,4959,379,CLOSE
23291,2270,6023,CLOSE
23292,4521,3905,CLOSE
23293,7976,6799,CASUAL
23294,9725,338,DISTANT
23295,6295,3201,DISTANT
23296,608,143,DISTANT
23297,6041,325,DISTANT
23298,7226,2838,CASUAL
23299,7651,393,CLOSE
23300,4482,9353,CASUAL
23301,3504,2419,CLOSE
23302,667,7477,CLOSE
23303,5630,9077,CASUAL
23304,3721,9280,CASUAL
23305,4978,8777,DISTANT
23306,4126,6700,DISTANT
23307,8002,4332,CASUAL
23308,3258,8281,CASUAL
23309,7827,9123,CLOSE
23310,5831,5563,CLOSE
23311,4650,5011,DISTANT
23312,3541,5693,CLOSE
23313,1516,4566,CLOSE
23314,8714,9267,CASUAL
23315,8729,7810,CLOSE
23316,3259,1062,CLOSE
23317,7983,3460,DISTANT
23318,3341,2399,CASUAL
23319,3682,3265,CASUAL
23320,4772,1184,CASUAL
23321,63,2356,CLOSE
23322,3727,4609,DISTANT
23323,4396,1629,CLOSE
23324,5016,802,CLOSE
23325,7958,7699,CLOSE
23326,7681,8426,CLOSE
23327,9016,8238,CASUAL
23328,451,3935,CASUAL
23329,8616,7921,CASUAL
23330,4145,1636,CASUAL
23331,6629,2580,CASUAL
23332,8156,9250,DISTANT
23333,1426,9618,CASUAL
23334,1008,4329,CASUAL
23335,8045,2910,CASUAL
23336,5239,2973,DISTANT
23337,9558,9250,CASUAL
23338,8988,8962,CASUAL
23339,1294,3612,CLOSE
23340,8878,8693,DISTANT
23341,9899,2396,CASUAL
23342,4943,7808,CLOSE
23343,6051,2675,CASUAL
23344,8251,1000,DISTANT
23345,9859,4456,CASUAL
23346,3707,9702,DISTANT
23347,817,5236,CASUAL
23348,9549,8350,DISTANT
23349,1248,7958,DISTANT
23350,6903,5570,CLOSE
23351,2241,5293,DISTANT
23352,1879,7658,DISTANT
23353,9740,6610,CASUAL
23354,3314,1081,CLOSE
23355,5097,2708,CASUAL
23356,7319,1944,DISTANT
23357,2507,661,CLOSE
23358,4182,4782,CLOSE
23359,9195,4395,CLOSE
23360,112,9924,CLOSE
23361,2633,7677,CLOSE
23362,9660,4823,CASUAL
23363,1801,2340,DISTANT
23364,8374,9319,CASUAL
23365,7765,6278,CLOSE
23366,6446,3001,CLOSE
23367,6899,2121,CLOSE
23368,161,6874,DISTANT
23369,8245,4004,DISTANT
23370,8805,1910,CLOSE
23371,5057,8312,DISTANT
23372,7839,5834,CLOSE
23373,1265,1088,CLOSE
23374,6421,7646,DISTANT
23375,2614,9785,CLOSE
23376,8533,7959,CASUAL
23377,4278,1228,CLOSE
23378,1155,1237,CASUAL
23379,1771,870,CASUAL
23380,8192,6446,DISTANT
23381,6668,1048,CLOSE
23382,5582,8511,DISTANT
23383,4363,9099,CASUAL
23384,7978,6201,DISTANT
23385,2434,9180,CASUAL
23386,477,9140,CLOSE
23387,2395,6224,CASUAL
23388,4981,6416,DISTANT
23389,7745,4856,DISTANT
23390,9470,6954,DISTANT
23391,7798,8774,CLOSE
23392,5866,4963,CASUAL
23393,8280,7382,CLOSE
23394,9351,4908,CASUAL
23395,3967,1333,CLOSE
23396,5861,827,CLOSE
23397,1351,2156,CASUAL
23398,2993,7482,CLOSE
23399,3175,3979,CLOSE
23400,541,6944,CLOSE
23401,9820,2918,CLOSE
23402,3132,7986,DISTANT
23403,5016,1652,DISTANT
23404,728,2709,CASUAL
23405,1099,1222,DISTANT
23406,9327,751,DISTANT
23407,7899,1675,CLOSE
23408,9284,7871,CLOSE
23409,1156,5527,CLOSE
23410,4856,4781,CASUAL
23411,1022,8373,CASUAL
23412,3713,7162,CASUAL
23413,9614,4393,CLOSE
23414,1429,8500,CLOSE
23415,7261,9297,CASUAL
23416,7471,1404,CASUAL
23417,2143,4835,CASUAL
23418,6702,7176,CLOSE
23419,3728,8994,DISTANT
23420,4406,3211,CLOSE
23421,748,2088,CASUAL
23422,116,6629,DISTANT
23423,4422,7839,CLOSE
23424,9473,4518,CLOSE
23425,8817,1521,CASUAL
23426,2715,9412,CLOSE
23427,4276,5211,CLOSE
23428,6213,5851,CASUAL
23429,3784,633,CASUAL
23430,9958,3637,CLOSE
23431,547,1079,CASUAL
23432,4459,9312,CASUAL
23433,3803,7508,DISTANT
23434,7746,3734,CLOSE
23435,790,1073,DISTANT
23436,9186,9745,CASUAL
23437,153,7277,CASUAL
23438,9702,3380,CASUAL
23439,7585,3244,DISTANT
23440,5319,2023,CLOSE
23441,2004,3694,DISTANT
23442,6681,2468,CASUAL
23443,4254,9851,CLOSE
23444,4997,1043,DISTANT
23445,9411,9309,DISTANT
23446,4991,2078,CLOSE
23447,1557,1611,CLOSE
23448,744,7944,CASUAL
23449,4829,5708,CLOSE
23450,28,6268,DISTANT
23451,5691,3095,CASUAL
23452,8106,1213,DISTANT
23453,2359,8908,CASUAL
23454,3076,3926,DISTANT
23455,8274,958,CLOSE
23456,9952,3610,CASUAL
23457,1956,7744,DISTANT
23458,2950,7566,DISTANT
23459,5914,3874,DISTANT
23460,9408,5993,CLOSE
23461,2464,9551,CASUAL
23462,6602,179,CASUAL
23463,5933,4881,CASUAL
23464,8538,1075,CLOSE
23465,4241,7342,CASUAL
23466,3551,1212,CASUAL
23467,7044,9238,CASUAL
23468,5867,9840,CASUAL
23469,8208,9044,DISTANT
23470,1590,8478,CASUAL
23471,8358,6367,DISTANT
23472,463,5600,DISTANT
23473,8716,3708,CLOSE
23474,8128,4954,CASUAL
23475,3162,6182,CASUAL
23476,2356,9683,CASUAL
23477,7502,5684,CASUAL
23478,4147,4491,CLOSE
23479,9658,5192,DISTANT
23480,2352,483,DISTANT
23481,1279,3052,DISTANT
23482,702,1942,CLOSE
23483,8207,1497,CASUAL
23484,9529,135,DISTANT
23485,9537,9860,CLOSE
23486,8952,7430,CASUAL
23487,8395,9937,DISTANT
23488,7229,3919,CASUAL
23489,2102,5541,CASUAL
23490,5628,353,DISTANT
23491,3513,8478,DISTANT
23492,7541,1833,CASUAL
23493,1635,58,CASUAL
23494,8268,477,DISTANT
23495,7937,6076,DISTANT
23496,157,9982,DISTANT
23497,7199,9246,DISTANT
23498,3114,7812,CASUAL
23499,4732,1718,DISTANT
23500,5377,8220,DISTANT
23501,3956,967,CLOSE
23502,3372,5726,CLOSE
23503,1848,5702,CASUAL
23504,6084,862,CLOSE
23505,7159,8919,DISTANT
23506,1434,850,CASUAL
23507,8509,7857,CASUAL
23508,6961,9001,DISTANT
23509,6402,6634,CASUAL
23510,113,5023,DISTANT
23511,9596,9929,CLOSE
23512,1922,6995,CLOSE
23513,6021,2707,DISTANT
23514,3057,4470,CASUAL
23515,6852,3461,DISTANT
23516,459,4322,CLOSE
23517,6832,560,CASUAL
23518,4557,2411,CLOSE
23519,1648,7777,CASUAL
23520,1626,6653,DISTANT
23521,2263,2131,CLOSE
23522,6798,5422,DISTANT
23523,473,7851,DISTANT
23524,1201,834,CASUAL
23525,5690,5077,CLOSE
23526,4633,7830,DISTANT
23527,140,7251,CASUAL
23528,2781,7217,CLOSE
23529,6118,5360,CLOSE
23530,5847,6819,CLOSE
23531,3614,8788,CLOSE
23532,6560,4769,DISTANT
23533,2703,7566,DISTANT
23534,498,7693,DISTANT
23535,8201,4613,CLOSE
23536,6607,1870,CLOSE
23537,3569,7549,CASUAL
23538,5305,9287,CASUAL
23539,9981,707,CASUAL
23540,5561,1802,DISTANT
23541,2270,8627,DISTANT
23542,3361,7324,CLOSE
23543,7530,9349,CLOSE
23544,854,6777,CLOSE
23545,484,5282,CLOSE
23546,8691,2387,CLOSE
23547,1569,9846,CASUAL
23548,5378,9047,CLOSE
23549,1609,6112,CASUAL
23550,2121,4042,DISTANT
23551,7137,8480,DISTANT
23552,1401,2063,CLOSE
23553,2164,5350,DISTANT
23554,6609,622,CLOSE
23555,5697,3614,CASUAL
23556,8996,7168,DISTANT
23557,3833,5789,DISTANT
23558,9965,5745,CLOSE
23559,3828,936,DISTANT
23560,9893,3119,CLOSE
23561,866,689,CLOSE
23562,7015,8251,DISTANT
23563,7580,650,CASUAL
23564,3880,3817,CLOSE
23565,310,8919,CLOSE
23566,1531,4790,CLOSE
23567,5312,4463,CLOSE
23568,6403,6243,CLOSE
23569,5429,1765,CASUAL
23570,9002,3087,CLOSE
23571,1916,1414,CLOSE
23572,3322,6741,CASUAL
23573,6787,6140,DISTANT
23574,5410,156,CASUAL
23575,9615,2381,CLOSE
23576,1652,9595,CLOSE
23577,8403,6742,CLOSE
23578,6264,3546,CASUAL
23579,4928,4097,CASUAL
23580,4840,8039,CLOSE
23581,5467,3151,CLOSE
23582,2686,5960,DISTANT
23583,9363,6652,CLOSE
23584,7535,5824,DISTANT
23585,6734,7957,DISTANT
23586,5581,9334,DISTANT
23587,7770,6644,DISTANT
23588,8429,2778,CASUAL
23589,4100,5318,CLOSE
23590,2004,261,CLOSE
23591,762,2774,DISTANT
23592,7758,4710,CLOSE
23593,5112,5833,DISTANT
23594,9892,3671,CASUAL
23595,1467,869,CLOSE
23596,1535,9075,DISTANT
23597,2150,2426,DISTANT
23598,5173,8736,DISTANT
23599,7698,1059,CASUAL
23600,6872,4852,CLOSE
23601,8597,77,CLOSE
23602,4234,3148,CASUAL
23603,7349,9059,DISTANT
23604,9614,4690,CLOSE
23605,4138,3358,DISTANT
23606,9126,5275,CASUAL
23607,9653,4060,DISTANT
23608,2427,1460,CASUAL
23609,4842,6820,CASUAL
23610,2445,900,CASUAL
23611,7091,7743,CLOSE
23612,2437,5956,CLOSE
23613,7523,4593,DISTANT
23614,3045,1566,CLOSE
23615,929,2646,CLOSE
23616,5438,9264,DISTANT
23617,598,4669,DISTANT
23618,8182,2316,DISTANT
23619,1949,6298,DISTANT
23620,1704,9748,CLOSE
23621,2125,7320,DISTANT
23622,6328,7563,CLOSE
23623,6970,9049,CLOSE
23624,2275,7544,DISTANT
23625,2515,5651,CASUAL
23626,3848,8341,DISTANT
23627,3942,2281,CASUAL
23628,6762,9682,CASUAL
23629,6791,2215,CLOSE
23630,2224,4192,CASUAL
23631,542,5322,CLOSE
23632,9082,106,CASUAL
23633,2980,2299,CASUAL
23634,8703,9533,CLOSE
23635,1296,2326,DISTANT
23636,4515,8876,CASUAL
23637,5879,9622,DISTANT
23638,9313,7178,DISTANT
23639,4015,9003,CASUAL
23640,4088,7410,DISTANT
23641,2469,5425,DISTANT
23642,7058,8019,CLOSE
23643,938,6092,DISTANT
23644,5036,7850,DISTANT
23645,4585,3874,CASUAL
23646,2422,8996,DISTANT
23647,2866,5590,DISTANT
23648,7837,4415,CLOSE
23649,1241,5307,CLOSE
23650,8876,325,CLOSE
23651,7966,9594,CASUAL
23652,6989,9743,CLOSE
23653,4022,3775,CASUAL
23654,2570,7438,CASUAL
23655,140,4088,DISTANT
23656,2676,5723,CLOSE
23657,2526,7081,CASUAL
23658,1798,89,DISTANT
23659,3311,5601,CLOSE
23660,433,5705,CLOSE
23661,9934,4299,DISTANT
23662,6456,9495,DISTANT
23663,4838,8265,DISTANT
23664,4244,8282,CLOSE
23665,3054,3661,CLOSE
23666,4194,8546,CASUAL
23667,8586,6884,DISTANT
23668,1211,6753,CLOSE
23669,5050,8243,DISTANT
23670,2016,8731,CASUAL
23671,7822,7496,CLOSE
23672,5034,846,CLOSE
23673,8542,997,CASUAL
23674,6695,6605,DISTANT
23675,8378,8769,CASUAL
23676,6962,9752,CLOSE
23677,1455,6721,CASUAL
23678,8737,3439,CLOSE
23679,359,795,CASUAL
23680,1972,5649,CASUAL
23681,417,3768,DISTANT
23682,2611,1305,DISTANT
23683,3120,936,CASUAL
23684,6340,2733,CASUAL
23685,3564,5363,DISTANT
23686,6252,3549,CASUAL
23687,9310,1200,DISTANT
23688,9927,3935,CASUAL
23689,2667,9720,CLOSE
23690,9727,966,CASUAL
23691,9332,7246,DISTANT
23692,6589,3682,DISTANT
23693,3158,5226,CASUAL
23694,1061,1572,DISTANT
23695,4195,2956,CLOSE
23696,8017,8737,CLOSE
23697,9102,3211,DISTANT
23698,1597,9445,CLOSE
23699,9056,3982,DISTANT
23700,1017,4533,CASUAL
23701,3872,7584,CASUAL
23702,6499,2860,CASUAL
23703,2368,9446,CLOSE
23704,9974,7499,CLOSE
23705,6356,4360,CASUAL
23706,1462,3090,CASUAL
23707,4919,1198,DISTANT
23708,9356,7535,CASUAL
23709,9877,3329,CLOSE
23710,862,4906,CLOSE
23711,3230,643,DISTANT
23712,9577,7603,CLOSE
23713,4388,8634,CASUAL
23714,7685,2705,CASUAL
23715,3865,9742,DISTANT
23716,2535,5841,DISTANT
23717,2018,7913,CASUAL
23718,8274,2810,CASUAL
23719,1828,489,CLOSE
23720,4199,8075,DISTANT
23721,4493,590,CASUAL
23722,9758,5378,CLOSE
23723,5992,774,DISTANT
23724,2051,378,CASUAL
23725,2999,1854,CASUAL
23726,9271,343,CLOSE
23727,656,748,CLOSE
23728,8016,4167,DISTANT
23729,3923,4532,CASUAL
23730,4686,8,CASUAL
23731,959,3540,DISTANT
23732,8047,8920,CLOSE
23733,8342,3481,DISTANT
23734,6753,2562,CASUAL
23735,4671,3861,CASUAL
23736,861,7992,DISTANT
23737,1973,2069,CASUAL
23738,1876,1857,CLOSE
23739,2911,331,DISTANT
23740,1830,8902,DISTANT
23741,3628,3506,CLOSE
23742,9944,1838,DISTANT
23743,5984,3185,DISTANT
23744,2438,8036,DISTANT
23745,1723,9177,CASUAL
23746,2195,9422,DISTANT
23747,7451,8863,CASUAL
23748,9569,6344,CASUAL
23749,337,6491,DISTANT
23750,1852,4644,DISTANT
23751,9886,5714,CLOSE
23752,660,204,CLOSE
23753,9680,6639,DISTANT
23754,9813,4867,CLOSE
23755,2534,2067,CASUAL
23756,3749,6171,CLOSE
23757,2663,9031,CLOSE
23758,6761,4639,CLOSE
23759,8932,1248,CLOSE
23760,3266,8902,CLOSE
23761,7027,9339,CASUAL
23762,5263,2593,CLOSE
23763,9290,5971,DISTANT
23764,5851,5915,DISTANT
23765,5378,8278,CLOSE
23766,105,9081,CLOSE
23767,6351,5669,CASUAL
23768,1318,7655,DISTANT
23769,315,2073,CASUAL
23770,6463,5039,CLOSE
23771,330,1460,CASUAL
23772,7584,9654,DISTANT
23773,2765,9450,CLOSE
23774,6202,5663,DISTANT
23775,7213,9564,CASUAL
23776,3611,6140,CLOSE
23777,2294,2305,CASUAL
23778,510,7590,CLOSE
23779,285,6615,DISTANT
23780,4500,2081,CASUAL
23781,1698,8761,CLOSE
23782,4938,2022,CASUAL
23783,8665,3981,CASUAL
23784,4251,5743,DISTANT
23785,822,6244,CLOSE
23786,1198,6063,CLOSE
23787,9339,4862,CLOSE
23788,9429,5717,CLOSE
23789,4607,5442,DISTANT
23790,3242,8053,CLOSE
23791,473,5995,DISTANT
23792,9861,7395,DISTANT
23793,1133,9589,CLOSE
23794,6855,6654,DISTANT
23795,5506,7884,DISTANT
23796,7381,2069,CLOSE
23797,1390,5362,DISTANT
23798,3308,8652,CLOSE
23799,2389,7045,DISTANT
23800,1491,23,CLOSE
23801,2537,9364,DISTANT
23802,158,6296,CLOSE
23803,8244,7164,CASUAL
23804,1307,558,DISTANT
23805,6963,9798,CLOSE
23806,7169,8343,CASUAL
23807,7690,7910,DISTANT
23808,9872,9526,CLOSE
23809,3746,2412,DISTANT
23810,3832,5826,CLOSE
23811,6576,5670,CLOSE
23812,2355,5276,DISTANT
23813,8809,8696,CASUAL
23814,9163,9322,CLOSE
23815,2226,720,DISTANT
23816,4799,4691,CLOSE
23817,5405,5100,CLOSE
23818,9375,4277,DISTANT
23819,102,7233,CASUAL
23820,1882,5873,CLOSE
23821,7226,2645,CLOSE
23822,2262,6214,DISTANT
23823,8130,5436,DISTANT
23824,9699,6973,CASUAL
23825,3534,3062,DISTANT
23826,5335,2194,DISTANT
23827,2077,3475,CASUAL
23828,6225,9958,DISTANT
23829,3919,9140,CASUAL
23830,7744,786,CLOSE
23831,9891,9622,CASUAL
23832,2160,9818,CLOSE
23833,3395,9944,DISTANT
23834,5178,7138,DISTANT
23835,9676,9561,CASUAL
23836,7932,1035,DISTANT
23837,6594,128,CLOSE
23838,4362,4980,CLOSE
23839,2078,5159,CASUAL
23840,6525,8494,CASUAL
23841,1085,9809,DISTANT
23842,9523,4249,CASUAL
23843,2238,1773,CASUAL
23844,1254,5362,DISTANT
23845,9059,3694,CLOSE
23846,9276,1128,CASUAL
23847,5161,604,DISTANT
23848,2790,4216,CASUAL
23849,4213,5494,CLOSE
23850,3971,6783,CASUAL
23851,3322,9383,CLOSE
23852,9576,1596,CLOSE
23853,1708,1031,CASUAL
23854,3982,1206,CLOSE
23855,2489,3063,CASUAL
23856,7534,7062,CLOSE
23857,3826,1143,CLOSE
23858,8823,607,DISTANT
23859,8998,6039,DISTANT
23860,5592,910,CASUAL
23861,4922,210,CLOSE
23862,5999,2989,CASUAL
23863,1203,8075,CASUAL
23864,5749,813,CLOSE
23865,7794,7802,CLOSE
23866,7590,5917,CLOSE
23867,910,4430,DISTANT
23868,6375,5578,DISTANT
23869,2010,801,CLOSE
23870,9179,7561,DISTANT
23871,2438,4908,CASUAL
23872,3735,3011,CASUAL
23873,8320,4070,CLOSE
23874,8228,7890,DISTANT
23875,8082,4206,DISTANT
23876,6729,9398,CLOSE
23877,786,2889,CLOSE
23878,4442,2730,CLOSE
23879,2349,2529,CASUAL
23880,6460,5432,CASUAL
23881,118,2755,CLOSE
23882,9523,4583,DISTANT
23883,6994,3471,DISTANT
23884,9758,4058,DISTANT
23885,4531,9298,CLOSE
23886,6446,957,CASUAL
23887,6851,5636,CLOSE
23888,2787,7286,CASUAL
23889,8494,1899,DISTANT
23890,6194,8664,CASUAL
23891,3259,3120,CASUAL
23892,4756,6785,CASUAL
23893,985,5378,CASUAL
23894,9828,4685,CLOSE
23895,844,6463,CASUAL
23896,1113,7336,DISTANT
23897,3077,4387,DISTANT
23898,842,3969,CLOSE
23899,7606,3970,CASUAL
23900,7559,4875,CASUAL
23901,1465,7128,DISTANT
23902,9738,5974,CLOSE
23903,9775,8811,DISTANT
23904,7327,2652,DISTANT
23905,2610,3322,CASUAL
23906,7278,3891,DISTANT
23907,1539,471,DISTANT
23908,4072,2956,CLOSE
23909,8596,1382,CLOSE
23910,982,3471,DISTANT
23911,1959,4333,CASUAL
23912,5248,2901,CASUAL
23913,7874,430,CLOSE
23914,6944,916,DISTANT
23915,5473,8244,DISTANT
23916,9613,3602,DISTANT
23917,3260,7643,CASUAL
23918,5132,7215,CLOSE
23919,7015,4427,DISTANT
23920,3425,9831,DISTANT
23921,586,1629,CLOSE
23922,3504,1344,DISTANT
23923,4720,9904,DISTANT
23924,7705,4740,DISTANT
23925,4183,4536,CLOSE
23926,8362,5037,DISTANT
23927,6594,1743,CASUAL
23928,3471,9839,DISTANT
23929,4667,9200,CASUAL
23930,3676,8954,CLOSE
23931,5305,9069,DISTANT
23932,4768,9902,CLOSE
23933,5310,5089,CASUAL
23934,5736,7770,DISTANT
23935,6474,4786,DISTANT
23936,7890,7864,DISTANT
23937,9369,6359,CASUAL
23938,1528,5626,CASUAL
23939,3502,3849,CASUAL
23940,4238,9785,CLOSE
23941,6793,2816,CLOSE
23942,5928,2402,DISTANT
23943,8151,8280,DISTANT
23944,7020,1510,CLOSE
23945,9936,7794,DISTANT
23946,168,3385,CASUAL
23947,2966,6085,DISTANT
23948,7169,7220,DISTANT
23949,8397,9644,CASUAL
23950,7181,2608,CLOSE
23951,1089,333,CASUAL
23952,3987,6867,CLOSE
23953,3332,9802,CLOSE
23954,4422,2752,CASUAL
23955,1749,8596,DISTANT
23956,8294,5266,CLOSE
23957,4919,5730,CLOSE
23958,816,3611,CASUAL
23959,2298,6022,CLOSE
23960,9173,9781,CASUAL
23961,9276,2861,CASUAL
23962,2020,8891,DISTANT
23963,3615,6366,DISTANT
23964,5848,773,DISTANT
23965,9153,4228,CASUAL
23966,1020,1500,CASUAL
23967,438,6608,CASUAL
23968,5488,7901,CLOSE
23969,6959,2523,CASUAL
23970,1742,7642,CASUAL
23971,6134,5679,DISTANT
23972,8897,3670,CLOSE
23973,1511,1480,CLOSE
23974,8590,1250,DISTANT
23975,9573,3180,CLOSE
23976,3156,8652,CASUAL
23977,348,5876,DISTANT
23978,580,1897,CLOSE
23979,9366,2298,CASUAL
23980,5201,3210,CASUAL
23981,7458,8075,CLOSE
23982,7625,9132,CASUAL
23983,7021,8842,CASUAL
23984,4977,4973,DISTANT
23985,9044,2402,CASUAL
23986,6789,2001,CLOSE
23987,1233,7847,CASUAL
23988,6192,7829,CASUAL
23989,8232,796,CLOSE
23990,5440,117,DISTANT
23991,3712,9996,CLOSE
23992,2627,585,DISTANT
23993,2542,9386,CASUAL
23994,2457,3899,CLOSE
23995,4143,5658,CLOSE
23996,9010,7797,DISTANT
23997,8194,1187,DISTANT
23998,1510,1492,CLOSE
23999,810,9446,DISTANT
24000,1649,2579,CASUAL
24001,8870,5996,DISTANT
24002,6603,9062,DISTANT
24003,4777,2975,CASUAL
24004,8379,5335,DISTANT
24005,4602,3034,DISTANT
24006,7517,2668,CASUAL
24007,2713,7220,CLOSE
24008,1518,3897,CLOSE
24009,7106,773,DISTANT
24010,9524,7896,CASUAL
24011,245,3980,DISTANT
24012,4682,4169,DISTANT
24013,9942,2686,DISTANT
24014,312,6673,CLOSE
24015,6079,3641,CLOSE
24016,8873,9589,DISTANT
24017,9687,4974,CASUAL
24018,8790,690,CASUAL
24019,3161,751,CASUAL
24020,8363,2472,DISTANT
24021,5851,8009,CLOSE
24022,7671,4591,CLOSE
24023,9355,2685,CLOSE
24024,5859,2076,CLOSE
24025,6794,9470,CASUAL
24026,6314,4132,DISTANT
24027,1203,7276,DISTANT
24028,2656,7539,DISTANT
24029,4725,1496,DISTANT
24030,6843,74,CASUAL
24031,7986,8929,DISTANT
24032,7578,2868,DISTANT
24033,8152,6854,CASUAL
24034,7631,3167,DISTANT
24035,6040,8091,CLOSE
24036,6524,8953,DISTANT
24037,6712,2503,CLOSE
24038,1268,4000,CASUAL
24039,638,8136,CLOSE
24040,3501,814,DISTANT
24041,4718,9088,CLOSE
24042,5176,9797,DISTANT
24043,8966,1962,CLOSE
24044,6016,1193,CASUAL
24045,3341,172,CLOSE
24046,3120,960,CASUAL
24047,6905,5866,CASUAL
24048,1979,7470,DISTANT
24049,5979,6488,CLOSE
24050,7684,6427,CLOSE
24051,7969,4270,DISTANT
24052,3402,2865,CLOSE
24053,7735,5921,CASUAL
24054,8118,3262,DISTANT
24055,3317,9934,CASUAL
24056,4425,5112,CLOSE
24057,6549,8276,CLOSE
24058,6428,7934,CLOSE
24059,3812,8653,CLOSE
24060,9008,5619,CASUAL
24061,601,3438,CASUAL
24062,9938,8841,CLOSE
24063,7864,8385,CLOSE
24064,9037,7908,DISTANT
24065,3664,7047,CLOSE
24066,9368,8976,CASUAL
24067,7508,628,CASUAL
24068,1698,7722,CLOSE
24069,8960,8466,CLOSE
24070,8547,7722,CASUAL
24071,3445,1952,CASUAL
24072,4468,817,CASUAL
24073,7745,4251,CLOSE
24074,3355,3209,CLOSE
24075,6502,6724,CLOSE
24076,9701,2355,CLOSE
24077,796,4815,DISTANT
24078,4281,8905,DISTANT
24079,7553,4223,CLOSE
24080,7994,2792,DISTANT
24081,9615,3339,DISTANT
24082,2721,1791,CASUAL
24083,1000,7320,CASUAL
24084,8083,5861,DISTANT
24085,4599,1727,DISTANT
24086,1123,5549,CASUAL
24087,3225,5322,CLOSE
24088,6276,5065,CASUAL
24089,9129,9978,DISTANT
24090,1765,7625,CASUAL
24091,9523,6447,CLOSE
24092,2322,2239,CLOSE
24093,5036,5168,DISTANT
24094,168,7613,DISTANT
24095,839,4494,CLOSE
24096,9596,842,CLOSE
24097,2377,8835,CASUAL
24098,604,5543,DISTANT
24099,7036,4286,DISTANT
24100,6277,1366,CASUAL
24101,2692,1604,CLOSE
24102,4534,839,CLOSE
24103,4141,2027,DISTANT
24104,1736,1150,DISTANT
24105,9066,7611,CASUAL
24106,3855,2260,CASUAL
24107,1104,4304,CASUAL
24108,7098,5079,CLOSE
24109,9024,3791,CLOSE
24110,7722,9749,CASUAL
24111,7780,7455,CASUAL
24112,3193,3483,DISTANT
24113,3672,9117,DISTANT
24114,7565,3966,CLOSE
24115,717,3168,CASUAL
24116,9345,3200,CASUAL
24117,7905,4907,CASUAL
24118,3956,6428,CASUAL
24119,7052,9785,DISTANT
24120,7829,9221,DISTANT
24121,8396,2699,CLOSE
24122,4377,7617,DISTANT
24123,3663,2555,CASUAL
24124,5265,5632,CASUAL
24125,3962,3578,CASUAL
24126,1777,796,CASUAL
24127,3112,1813,DISTANT
24128,5710,6946,CASUAL
24129,2389,5633,CASUAL
24130,6063,1429,CLOSE
24131,3111,949,DISTANT
24132,4594,2777,CLOSE
24133,1794,4546,DISTANT
24134,3630,7876,CASUAL
24135,6672,4874,DISTANT
24136,3738,7593,CLOSE
24137,5812,4362,CASUAL
24138,5721,5810,CASUAL
24139,3466,1190,CLOSE
24140,8378,2615,CLOSE
24141,8083,7343,DISTANT
24142,4277,7303,DISTANT
24143,9593,8328,DISTANT
24144,5214,8079,DISTANT
24145,6212,7249,CASUAL
24146,3495,4004,CASUAL
24147,5607,1513,CLOSE
24148,9656,5600,DISTANT
24149,5005,5832,DISTANT
24150,8972,7697,CASUAL
24151,5105,3894,CASUAL
24152,9775,3942,DISTANT
24153,2772,3776,CLOSE
24154,4901,4079,CLOSE
24155,9734,1680,CLOSE
24156,7569,4193,CASUAL
24157,9704,4734,CASUAL
24158,2531,2453,CLOSE
24159,7897,1876,DISTANT
24160,8938,7280,DISTANT
24161,8657,8331,DISTANT
24162,748,9771,CASUAL
24163,7461,1515,CASUAL
24164,7600,7956,DISTANT
24165,8835,6804,DISTANT
24166,2832,1386,DISTANT
24167,521,1519,DISTANT
24168,8982,1905,DISTANT
24169,5703,3147,CASUAL
24170,1180,5793,DISTANT
24171,2285,6137,CASUAL
24172,86,5122,CASUAL
24173,173,2476,CLOSE
24174,1916,2693,DISTANT
24175,4781,8318,CLOSE
24176,9960,999,CASUAL
24177,4779,6240,CLOSE
24178,3989,8748,CASUAL
24179,8790,3763,DISTANT
24180,8758,7227,CASUAL
24181,3021,1318,CASUAL
24182,4288,134,CASUAL
24183,6967,4428,CASUAL
24184,1008,8071,CLOSE
24185,7255,8966,DISTANT
24186,8012,312,DISTANT
24187,4349,9470,DISTANT
24188,9186,1623,DISTANT
24189,3311,6181,DISTANT
24190,5810,544,CASUAL
24191,7242,9539,CLOSE
24192,2507,3931,DISTANT
24193,7379,4360,CLOSE
24194,3872,9854,CASUAL
24195,9559,746,CASUAL
24196,4258,7244,CLOSE
24197,6598,7830,DISTANT
24198,3906,2591,CASUAL
24199,6235,2810,CLOSE
24200,8222,9205,DISTANT
24201,360,199,CLOSE
24202,6389,3789,DISTANT
24203,2019,7888,CLOSE
24204,8887,5428,CLOSE
24205,2132,5041,CLOSE
24206,4963,3632,CLOSE
24207,2311,7508,DISTANT
24208,6173,4467,DISTANT
24209,3498,1388,CASUAL
24210,3644,8991,CLOSE
24211,3558,5790,DISTANT
24212,363,941,CLOSE
24213,41,7066,CASUAL
24214,2220,8442,CLOSE
24215,3327,3690,DISTANT
24216,1850,7977,DISTANT
24217,8138,2995,CASUAL
24218,4483,941,CLOSE
24219,7220,1195,CASUAL
24220,7878,9414,DISTANT
24221,7570,9211,DISTANT
24222,9774,7293,CLOSE
24223,136,4492,CLOSE
24224,789,6923,CLOSE
24225,8066,793,CASUAL
24226,4190,3120,CASUAL
24227,2097,8754,CLOSE
24228,6064,792,DISTANT
24229,6991,5927,DISTANT
24230,6700,7705,DISTANT
24231,9439,3249,CASUAL
24232,6577,7629,CASUAL
24233,7674,2589,CLOSE
24234,267,3566,DISTANT
24235,6907,8373,DISTANT
24236,1036,6193,DISTANT
24237,6257,8535,CASUAL
24238,5476,603,DISTANT
24239,1640,8158,DISTANT
24240,3444,4000,CASUAL
24241,5348,5261,DISTANT
24242,9688,796,CASUAL
24243,8492,3083,CLOSE
24244,4777,870,CASUAL
24245,4046,8767,DISTANT
24246,4752,8770,CLOSE
24247,8605,2053,CLOSE
24248,841,5877,DISTANT
24249,8624,8892,DISTANT
24250,3804,5074,DISTANT
24251,7110,2634,DISTANT
24252,2100,5585,DISTANT
24253,1400,4551,DISTANT
24254,7321,2219,CLOSE
24255,9321,8619,CLOSE
24256,3263,6542,CASUAL
24257,4285,4732,CASUAL
24258,2672,9185,CLOSE
24259,5263,5403,DISTANT
24260,1897,1628,CASUAL
24261,7964,2108,CASUAL
24262,337,9878,CLOSE
24263,6297,6854,CLOSE
24264,1478,2924,CASUAL
24265,2235,3524,CLOSE
24266,1025,5450,CLOSE
24267,7965,7189,CLOSE
24268,466,3421,DISTANT
24269,2591,2689,CLOSE
24270,9162,7968,CLOSE
24271,6891,6551,CASUAL
24272,6605,3579,DISTANT
24273,2477,5135,DISTANT
24274,7571,2456,CASUAL
24275,7959,8898,CLOSE
24276,8847,4558,CASUAL
24277,9335,9481,CLOSE
24278,3543,2385,CASUAL
24279,3080,9975,DISTANT
24280,482,2644,CLOSE
24281,8475,1334,CASUAL
24282,5250,2847,CASUAL
24283,2149,6346,CLOSE
24284,5984,5911,DISTANT
24285,3958,7297,CLOSE
24286,588,6886,CASUAL
24287,6924,9492,DISTANT
24288,6561,5343,CASUAL
24289,3410,5282,CLOSE
24290,6558,8284,CASUAL
24291,7998,8470,CLOSE
24292,1613,3604,DISTANT
24293,5027,7043,CASUAL
24294,7406,2382,DISTANT
24295,9948,220,CASUAL
24296,4894,8722,CLOSE
24297,2553,3962,DISTANT
24298,3017,528,DISTANT
24299,4381,3153,CLOSE
24300,667,7557,CLOSE
24301,6856,3928,CLOSE
24302,5855,7261,CASUAL
24303,6863,9521,CASUAL
24304,8777,6553,CASUAL
24305,8562,7988,DISTANT
24306,6474,9217,CLOSE
24307,8323,982,CLOSE
24308,7975,5228,CASUAL
24309,7881,2004,CASUAL
24310,1469,4199,DISTANT
24311,4375,8803,DISTANT
24312,8539,4728,DISTANT
24313,9469,973,DISTANT
24314,5816,8815,CLOSE
24315,9279,7728,DISTANT
24316,5610,4971,DISTANT
24317,68,8581,DISTANT
24318,4704,2791,CLOSE
24319,9706,9785,CLOSE
24320,9003,9628,CASUAL
24321,4777,1373,CASUAL
24322,129,7621,CASUAL
24323,1718,1127,DISTANT
24324,5921,9024,CASUAL
24325,8005,2549,CASUAL
24326,3995,7545,DISTANT
24327,6735,418,CLOSE
24328,6943,3894,CASUAL
24329,2408,7943,CASUAL
24330,1647,1655,DISTANT
24331,5147,4419,DISTANT
24332,6031,7657,DISTANT
24333,6482,5900,DISTANT
24334,3188,648,DISTANT
24335,4906,4991,CLOSE
24336,6700,5499,CASUAL
24337,417,6219,CASUAL
24338,3983,6544,CASUAL
24339,5506,9255,DISTANT
24340,6040,1223,DISTANT
24341,3794,89,CLOSE
24342,4375,2799,CASUAL
24343,2084,5399,DISTANT
24344,7479,1210,DISTANT
24345,7840,6413,CASUAL
24346,3364,8462,DISTANT
24347,2465,990,DISTANT
24348,6763,6674,DISTANT
24349,2528,3552,DISTANT
24350,5635,2221,CLOSE
24351,4951,6540,CASUAL
24352,3203,6195,CASUAL
24353,6934,6412,DISTANT
24354,7278,9824,CASUAL
24355,8651,2627,CASUAL
24356,7567,6193,DISTANT
24357,1228,1043,CASUAL
24358,9275,75,CLOSE
24359,5837,8849,CASUAL
24360,9068,9369,CASUAL
24361,779,8478,DISTANT
24362,674,5182,DISTANT
24363,3921,9548,CASUAL
24364,4938,8589,DISTANT
24365,62,6297,DISTANT
24366,1433,9553,CLOSE
24367,9711,2158,CASUAL
24368,9629,7099,CLOSE
24369,6046,4125,CASUAL
24370,6618,4170,CLOSE
24371,9103,888,DISTANT
24372,4489,1242,CASUAL
24373,488,5819,CASUAL
24374,5625,9739,CLOSE
24375,366,3592,CLOSE
24376,8039,3987,CASUAL
24377,3286,7074,CLOSE
24378,4452,3776,CLOSE
24379,7010,9469,DISTANT
24380,9100,3336,DISTANT
24381,1376,269,CASUAL
24382,5484,1973,CLOSE
24383,1746,4074,CLOSE
24384,2517,1288,DISTANT
24385,5317,3418,DISTANT
24386,3943,184,DISTANT
24387,7697,676,CASUAL
24388,2068,2804,DISTANT
24389,5245,9578,CASUAL
24390,4369,6740,DISTANT
24391,45,9944,CLOSE
24392,1494,8961,DISTANT
24393,9228,1501,CLOSE
24394,7163,883,CLOSE
24395,3559,1677,DISTANT
24396,9478,1549,DISTANT
24397,1012,9923,CLOSE
24398,1523,3415,CASUAL
24399,7130,8116,CLOSE
24400,7269,9698,DISTANT
24401,3984,7797,CASUAL
24402,9359,1592,CASUAL
24403,4120,8378,CLOSE
24404,7581,6566,DISTANT
24405,504,6680,CASUAL
24406,1303,7388,CASUAL
24407,1264,4709,CASUAL
24408,1788,4165,DISTANT
24409,173,9631,DISTANT
24410,2133,7490,DISTANT
24411,2627,6504,CLOSE
24412,975,8381,DISTANT
24413,4379,7818,CLOSE
24414,3238,5189,DISTANT
24415,951,9668,CASUAL
24416,9222,9616,CLOSE
24417,9575,9823,CASUAL
24418,2407,4899,DISTANT
24419,8071,4135,DISTANT
24420,333,496,DISTANT
24421,9364,8519,CLOSE
24422,457,5461,CASUAL
24423,9838,8241,DISTANT
24424,3786,5542,CLOSE
24425,7656,4933,DISTANT
24426,5,7375,CASUAL
24427,7539,3342,DISTANT
24428,4629,7213,DISTANT
24429,8380,6749,CLOSE
24430,4963,647,CASUAL
24431,930,8307,DISTANT
24432,2319,6281,DISTANT
24433,3122,8170,DISTANT
24434,3049,9958,DISTANT
24435,6038,6922,CASUAL
24436,7197,493,CASUAL
24437,3104,8892,CASUAL
24438,6164,5681,CASUAL
24439,8099,1863,CLOSE
24440,8332,4133,CASUAL
24441,1504,5546,CLOSE
24442,3896,4783,CASUAL
24443,559,1339,CLOSE
24444,106,7042,DISTANT
24445,6170,5032,CLOSE
24446,6783,1467,DISTANT
24447,2502,3978,CASUAL
24448,7895,2287,DISTANT
24449,3317,7262,DISTANT
24450,6460,7761,CASUAL
24451,4145,5949,DISTANT
24452,7826,2303,CLOSE
24453,5719,31,DISTANT
24454,5670,9294,DISTANT
24455,3816,4302,DISTANT
24456,7264,9125,CLOSE
24457,7395,984,DISTANT
24458,8046,9121,DISTANT
24459,6238,3539,CLOSE
24460,8967,8108,CLOSE
24461,8499,4173,CLOSE
24462,4528,6527,CLOSE
24463,9586,5721,DISTANT
24464,4956,6201,CLOSE
24465,1218,936,CASUAL
24466,7444,2220,CASUAL
24467,8598,8961,CLOSE
24468,3040,6672,CLOSE
24469,2775,573,DISTANT
24470,8725,9081,CLOSE
24471,4774,1537,DISTANT
24472,6035,8059,DISTANT
24473,2507,8352,CASUAL
24474,5486,9502,CASUAL
24475,4763,1921,CASUAL
24476,6220,5113,CLOSE
24477,8196,7561,DISTANT
24478,1793,5985,CASUAL
24479,5043,1685,CLOSE
24480,2333,7718,CASUAL
24481,7698,1458,CASUAL
24482,9138,6180,CLOSE
24483,193,2044,CASUAL
24484,8253,6352,CLOSE
24485,9015,2640,DISTANT
24486,5660,3114,CLOSE
24487,9269,8506,CASUAL
24488,9827,9792,DISTANT
24489,786,9291,DISTANT
24490,3826,301,CLOSE
24491,4683,810,DISTANT
24492,2064,8563,DISTANT
24493,2789,4746,CLOSE
24494,1357,6334,CASUAL
24495,5378,319,CASUAL
24496,7818,5951,DISTANT
24497,3279,8567,CLOSE
24498,2909,3505,DISTANT
24499,6320,4347,DISTANT
24500,2843,2922,CASUAL
24501,5423,8706,DISTANT
24502,2512,9006,CASUAL
24503,9882,8712,DISTANT
24504,9066,1221,CLOSE
24505,9602,8139,CASUAL
24506,9428,96,CASUAL
24507,8325,1101,CLOSE
24508,784,226,DISTANT
24509,7437,3169,DISTANT
24510,2214,3352,CLOSE
24511,8677,9781,CASUAL
24512,6248,9830,DISTANT
24513,8961,2787,CLOSE
24514,3303,3971,DISTANT
24515,1908,4372,DISTANT
24516,5410,107,DISTANT
24517,4128,6968,DISTANT
24518,7747,9153,CLOSE
24519,7221,1947,CLOSE
24520,4678,1064,DISTANT
24521,6850,2737,CASUAL
24522,8054,2173,DISTANT
24523,3157,9639,CLOSE
24524,4021,2853,DISTANT
24525,6637,7841,CASUAL
24526,7807,621,CASUAL
24527,9565,7108,CASUAL
24528,474,4718,CASUAL
24529,499,3909,CLOSE
24530,8356,8934,CLOSE
24531,2826,6502,CASUAL
24532,651,3641,CASUAL
24533,400,4626,DISTANT
24534,8165,4098,CLOSE
24535,824,1515,CLOSE
24536,4193,6247,DISTANT
24537,4921,321,CASUAL
24538,9906,1249,CLOSE
24539,6195,8934,DISTANT
24540,1316,2532,CASUAL
24541,5364,6811,CASUAL
24542,309,1424,CLOSE
24543,1003,8438,CLOSE
24544,7126,6327,CLOSE
24545,8987,2596,CLOSE
24546,7683,8534,DISTANT
24547,5941,3882,CASUAL
24548,9846,4363,CLOSE
24549,9099,6570,CLOSE
24550,2752,9753,CLOSE
24551,7832,9612,CLOSE
24552,4424,9449,DISTANT
24553,8983,4400,DISTANT
24554,2575,3648,CLOSE
24555,4215,6173,CASUAL
24556,7800,3376,CASUAL
24557,9664,7850,CLOSE
24558,2381,879,CLOSE
24559,1642,5681,CLOSE
24560,2265,9644,CLOSE
24561,1057,9168,DISTANT
24562,4547,3892,CASUAL
24563,8631,3732,DISTANT
24564,4575,9708,CASUAL
24565,5367,422,DISTANT
24566,925,9999,CLOSE
24567,5455,5212,DISTANT
24568,7104,2963,DISTANT
24569,5546,7890,CASUAL
24570,5341,7426,CASUAL
24571,2234,1710,CLOSE
24572,7751,2556,DISTANT
24573,4567,2562,CASUAL
24574,1086,8581,CLOSE
24575,3397,3609,DISTANT
24576,3814,8399,CLOSE
24577,8555,2975,CLOSE
24578,6525,3706,CASUAL
24579,5212,8311,DISTANT
24580,9233,3817,CASUAL
24581,5677,1102,DISTANT
24582,4208,9031,CLOSE
24583,4189,912,CASUAL
24584,3180,3087,CLOSE
24585,6877,50,CASUAL
24586,7215,5170,CASUAL
24587,8915,8381,DISTANT
24588,5805,7679,CASUAL
24589,3052,9420,DISTANT
24590,6921,7926,DISTANT
24591,6157,4085,CASUAL
24592,2719,2105,CASUAL
24593,4869,8846,CASUAL
24594,2266,5328,CLOSE
24595,8417,869,CASUAL
24596,6963,9037,DISTANT
24597,3301,5769,CASUAL
24598,2242,6594,CLOSE
24599,498,9996,DISTANT
24600,3648,6400,DISTANT
24601,5568,9498,CLOSE
24602,1053,4596,CASUAL
24603,2957,6297,CASUAL
24604,3648,7377,CASUAL
24605,1383,2126,DISTANT
24606,4330,6777,CLOSE
24607,1392,5532,DISTANT
24608,768,6132,CASUAL
24609,5224,1545,CLOSE
24610,3756,2230,CASUAL
24611,2738,1681,CASUAL
24612,6781,2608,CASUAL
24613,3303,2520,CLOSE
24614,9760,9753,DISTANT
24615,7753,3635,CLOSE
24616,1313,1702,CLOSE
24617,9420,191,DISTANT
24618,6201,8290,CASUAL
24619,9142,8175,DISTANT
24620,9964,7359,DISTANT
24621,4584,779,CLOSE
24622,5579,2835,DISTANT
24623,702,2377,CLOSE
24624,6022,3886,DISTANT
24625,4348,5572,CASUAL
24626,4368,4774,DISTANT
24627,2048,393,CASUAL
24628,3553,6038,CASUAL
24629,3579,5820,CLOSE
24630,5627,7946,DISTANT
24631,243,5685,CLOSE
24632,4342,6651,DISTANT
24633,6626,5919,CLOSE
24634,5448,322,CASUAL
24635,6156,1469,CLOSE
24636,648,8365,CLOSE
24637,7307,6254,CASUAL
24638,1715,7694,CLOSE
24639,2118,9777,CASUAL
24640,9280,603,CLOSE
24641,6545,8886,CLOSE
24642,9980,9792,CLOSE
24643,8254,9712,CASUAL
24644,9119,8105,CLOSE
24645,8187,3042,CLOSE
24646,5141,7732,CLOSE
24647,3710,5550,CLOSE
24648,2490,5460,CLOSE
24649,7749,3662,DISTANT
24650,8542,4551,DISTANT
24651,9223,3124,CASUAL
24652,3746,3014,CLOSE
24653,6931,9823,DISTANT
24654,9223,7661,CASUAL
24655,3464,9583,DISTANT
24656,6335,9887,DISTANT
24657,107,467,CLOSE
24658,9773,5867,DISTANT
24659,8924,2060,CASUAL
24660,8780,3840,DISTANT
24661,6367,5560,CLOSE
24662,8372,2763,CLOSE
24663,6155,5704,CLOSE
24664,4208,7142,CASUAL
24665,6741,9224,DISTANT
24666,1462,9680,DISTANT
24667,31,2887,CLOSE
24668,8508,4227,CLOSE
24669,4670,2757,CASUAL
24670,2477,8878,CLOSE
24671,7188,1474,CLOSE
24672,8306,5405,CASUAL
24673,1302,9685,CASUAL
24674,4332,8022,CASUAL
24675,7063,6976,CASUAL
24676,1557,6223,CLOSE
24677,1411,2681,DISTANT
24678,4192,5094,DISTANT
24679,5796,4688,DISTANT
24680,2594,960,DISTANT
24681,9112,9265,CASUAL
24682,4490,5961,DISTANT
24683,4275,1764,DISTANT
24684,5846,7270,CLOSE
24685,5106,7528,CASUAL
24686,767,3937,DISTANT
24687,2656,9923,DISTANT
24688,2378,6866,DISTANT
24689,6991,3678,CASUAL
24690,5948,4748,CLOSE
24691,2985,4767,CASUAL
24692,3869,3708,CLOSE
24693,4807,9750,CLOSE
24694,208,3619,CLOSE
24695,1046,1765,CASUAL
24696,7419,5397,CLOSE
24697,9618,5152,DISTANT
24698,6604,5066,CLOSE
24699,2345,1666,DISTANT
24700,1574,2098,CLOSE
24701,6641,7647,DISTANT
24702,6101,3405,CASUAL
24703,2172,4718,DISTANT
24704,3489,9790,CASUAL
24705,9135,4558,DISTANT
24706,7975,2840,DISTANT
24707,9764,9100,DISTANT
24708,97,8064,CASUAL
24709,212,3032,CLOSE
24710,6384,3992,DISTANT
24711,6011,3781,CASUAL
24712,7952,5998,CLOSE
24713,6497,3835,CLOSE
24714,4972,3147,CASUAL
24715,3102,1106,CASUAL
24716,2831,4910,CLOSE
24717,5012,2698,DISTANT
24718,1568,1483,DISTANT
24719,9276,1535,DISTANT
24720,3968,2885,CLOSE
24721,2006,1575,DISTANT
24722,4460,2916,DISTANT
24723,9586,3036,CASUAL
24724,1881,2860,CLOSE
24725,5274,3144,CASUAL
24726,3464,7211,CLOSE
24727,4941,1002,CLOSE
24728,343,8195,CLOSE
24729,6712,7868,DISTANT
24730,8787,3083,CLOSE
24731,601,2133,CASUAL
24732,4648,9674,CLOSE
24733,8863,266,CASUAL
24734,5743,7045,DISTANT
24735,3807,8121,CASUAL
24736,9415,8714,CASUAL
24737,1851,6388,DISTANT
24738,9134,8161,CLOSE
24739,3963,301,CASUAL
24740,5310,1142,CASUAL
24741,2745,5845,CLOSE
24742,6000,6530,DISTANT
24743,5407,868,CASUAL
24744,8053,7356,CASUAL
24745,2567,5168,DISTANT
24746,3003,2322,DISTANT
24747,4708,8507,CLOSE
24748,224,8383,CASUAL
24749,5313,7279,CASUAL
24750,1867,4495,DISTANT
24751,128,7822,CASUAL
24752,2872,3025,CASUAL
24753,5205,1877,CASUAL
24754,1175,6757,DISTANT
24755,199,3730,DISTANT
24756,2456,8111,DISTANT
24757,764,1330,DISTANT
24758,5985,9449,CASUAL
24759,1860,5511,CLOSE
24760,5453,9027,CLOSE
24761,3756,454,CASUAL
24762,4125,7246,CASUAL
24763,1082,8749,CLOSE
24764,9209,6365,DISTANT
24765,5155,8124,CASUAL
24766,7774,3974,CASUAL
24767,3854,8655,CASUAL
24768,8880,2177,DISTANT
24769,2808,7279,DISTANT
24770,1310,5295,CASUAL
24771,5785,7042,DISTANT
24772,7452,7904,DISTANT
24773,1848,9126,CASUAL
24774,5508,2701,CASUAL
24775,9811,7467,DISTANT
24776,5647,4168,CLOSE
24777,99,5997,CLOSE
24778,9014,6884,CASUAL
24779,9912,9557,CASUAL
24780,3259,9163,DISTANT
24781,4850,713,CLOSE
24782,7083,7683,CLOSE
24783,3825,5760,DISTANT
24784,1922,1331,DISTANT
24785,7285,123,CLOSE
24786,7315,4532,CLOSE
24787,7166,4359,DISTANT
24788,8711,2346,CASUAL
24789,673,9047,CLOSE
24790,3944,9106,DISTANT
24791,9914,3099,CASUAL
24792,2223,8819,CLOSE
24793,4279,5375,DISTANT
24794,9722,1639,CASUAL
24795,9685,3758,CASUAL
24796,6587,7381,DISTANT
24797,7431,6326,CLOSE
24798,7201,8278,CASUAL
24799,2286,4441,CLOSE
24800,680,1634,DISTANT
24801,647,5506,CLOSE
24802,90,9017,CASUAL
24803,8918,6950,CASUAL
24804,3462,6250,CASUAL
24805,1847,4107,CASUAL
24806,3236,7769,CLOSE
24807,6814,2011,CLOSE
24808,9832,9772,CLOSE
24809,8408,8303,DISTANT
24810,1960,2016,CASUAL
24811,7883,3489,DISTANT
24812,780,9606,CASUAL
24813,3328,7776,CLOSE
24814,2016,4554,DISTANT
24815,8177,966,DISTANT
24816,7066,5252,CASUAL
24817,3734,3960,CLOSE
24818,6139,4271,CASUAL
24819,5228,1655,DISTANT
24820,299,3816,DISTANT
24821,4327,5076,CASUAL
24822,7907,9053,DISTANT
24823,310,5313,DISTANT
24824,5757,4574,DISTANT
24825,1270,7349,CLOSE
24826,1040,7037,CASUAL
24827,528,6891,DISTANT
24828,2419,6304,DISTANT
24829,1448,7616,CLOSE
24830,3188,5992,DISTANT
24831,8772,4600,CLOSE
24832,5779,4329,CLOSE
24833,7069,3222,CLOSE
24834,7316,4904,CLOSE
24835,4038,3067,CASUAL
24836,4384,1213,DISTANT
24837,9677,2477,CLOSE
24838,6818,8732,DISTANT
24839,1438,700,CASUAL
24840,5560,3512,CASUAL
24841,7073,9758,CLOSE
24842,1665,4888,DISTANT
24843,4918,7540,DISTANT
24844,4250,9609,CLOSE
24845,7648,1310,DISTANT
24846,1403,9660,CLOSE
24847,2543,458,CASUAL
24848,315,4951,CLOSE
24849,362,3310,CLOSE
24850,7756,6609,CLOSE
24851,2822,8263,DISTANT
24852,1013,5833,DISTANT
24853,314,1101,CLOSE
24854,1107,6486,CASUAL
24855,7066,9426,CLOSE
24856,9672,4568,DISTANT
24857,7426,1651,CLOSE
24858,6335,1002,CASUAL
24859,2634,7137,CLOSE
24860,1125,8421,CASUAL
24861,6461,9956,DISTANT
24862,3260,3361,CASUAL
24863,7415,144,DISTANT
24864,4408,1511,CASUAL
24865,3273,1756,CASUAL
24866,4953,6865,CLOSE
24867,6769,4832,DISTANT
24868,7086,953,CASUAL
24869,9779,5118,CASUAL
24870,9552,8176,DISTANT
24871,4708,9801,CLOSE
24872,8798,5717,DISTANT
24873,4450,3057,CASUAL
24874,1601,8648,CLOSE
24875,3078,1624,DISTANT
24876,4915,3905,CASUAL
24877,6049,2303,CASUAL
24878,9989,6872,DISTANT
24879,771,3158,CASUAL
24880,7187,4738,CLOSE
24881,6692,2797,CASUAL
24882,2610,7121,DISTANT
24883,6565,8929,CLOSE
24884,1878,5438,DISTANT
24885,3641,7493,DISTANT
24886,1015,7149,CLOSE
24887,3152,2868,DISTANT
24888,987,713,DISTANT
24889,757,3924,CASUAL
24890,1939,6746,DISTANT
24891,8350,6156,DISTANT
24892,372,7848,CASUAL
24893,7262,2477,CLOSE
24894,816,2979,DISTANT
24895,9411,8520,CASUAL
24896,737,9848,DISTANT
24897,6866,887,CASUAL
24898,5785,1731,CLOSE
24899,1794,1766,CLOSE
24900,55,1007,DISTANT
24901,3719,8137,DISTANT
24902,7693,6749,CLOSE
24903,9388,1716,CASUAL
24904,4639,4451,DISTANT
24905,5757,2590,DISTANT
24906,5465,2887,CLOSE
24907,1481,5425,CASUAL
24908,6766,9383,CASUAL
24909,3500,5651,CLOSE
24910,6129,332,DISTANT
24911,3568,9091,DISTANT
24912,3152,3172,CLOSE
24913,356,2563,CASUAL
24914,59,4539,DISTANT
24915,9486,2700,CLOSE
24916,801,9596,CLOSE
24917,7615,3695,CASUAL
24918,2131,4111,CASUAL
24919,7534,7509,DISTANT
24920,8534,5457,CASUAL
24921,1588,6703,CLOSE
24922,6072,7024,DISTANT
24923,6078,3110,DISTANT
24924,2023,2950,CASUAL
24925,1215,4066,CASUAL
24926,9003,1302,CASUAL
24927,9187,8143,CASUAL
24928,199,2973,DISTANT
24929,1991,7683,CASUAL
24930,3739,627,CLOSE
24931,1951,326,CLOSE
24932,8701,1246,CASUAL
24933,6226,4793,CLOSE
24934,3378,3863,CLOSE
24935,8298,9929,CLOSE
24936,113,9832,DISTANT
24937,3040,2490,DISTANT
24938,2440,7433,CLOSE
24939,8839,3158,DISTANT
24940,8328,614,CASUAL
24941,5014,9390,CLOSE
24942,9802,8274,CASUAL
24943,3269,3115,CLOSE
24944,8821,4910,CLOSE
24945,3880,6156,DISTANT
24946,2557,2425,CLOSE
24947,791,1535,CLOSE
24948,1816,9466,CLOSE
24949,805,7145,CLOSE
24950,1249,2651,DISTANT
24951,6392,3298,CLOSE
24952,1185,9672,CLOSE
24953,7234,741,DISTANT
24954,996,9573,CASUAL
24955,8112,7092,CASUAL
24956,9320,6294,CLOSE
24957,4540,1373,CASUAL
24958,4959,8118,DISTANT
24959,948,4031,CLOSE
24960,9794,4125,CASUAL
24961,1915,6532,CASUAL
24962,2289,4193,DISTANT
24963,2773,3506,CLOSE
24964,5001,7558,CLOSE
24965,557,157,DISTANT
24966,5605,9549,CLOSE
24967,9628,4692,CLOSE
24968,2646,646,CASUAL
24969,206,7683,DISTANT
24970,2595,4228,DISTANT
24971,9902,4645,DISTANT
24972,715,5397,CASUAL
24973,5433,3378,DISTANT
24974,3013,68,DISTANT
24975,6814,3887,DISTANT
24976,1438,2179,DISTANT
24977,978,1412,DISTANT
24978,6736,977,CLOSE
24979,4327,3612,CLOSE
24980,8684,2704,DISTANT
24981,254,8206,CLOSE
24982,2355,305,CASUAL
24983,6500,6274,DISTANT
24984,4402,3835,CASUAL
24985,2963,4124,CLOSE
24986,2074,1780,DISTANT
24987,4836,5598,CASUAL
24988,3965,7303,DISTANT
24989,6729,9338,DISTANT
24990,7814,7082,CASUAL
24991,8781,8687,CLOSE
24992,5039,9952,CLOSE
24993,6439,6900,CASUAL
24994,2700,6885,DISTANT
24995,6247,2250,CASUAL
24996,7563,9801,CLOSE
24997,499,2488,CLOSE
24998,7770,7563,CASUAL
24999,5785,7567,CLOSE
25000,6058,3791,CLOSE
25001,1877,4393,CASUAL
25002,2849,4357,CLOSE
25003,1024,2002,DISTANT
25004,5674,6571,CLOSE
25005,6868,1496,DISTANT
25006,5714,4908,CASUAL
25007,525,3598,DISTANT
25008,432,8419,DISTANT
25009,7127,2848,CLOSE
25010,803,577,CASUAL
25011,810,8604,CASUAL
25012,4276,7543,CLOSE
25013,533,1624,DISTANT
25014,8237,6718,CLOSE
25015,4774,5742,DISTANT
25016,9822,9102,CLOSE
25017,2863,1738,DISTANT
25018,5142,9639,CLOSE
25019,7909,4099,CASUAL
25020,8802,9177,CASUAL
25021,6913,4638,CASUAL
25022,5431,9678,CASUAL
25023,1517,2068,CLOSE
25024,1205,8767,CLOSE
25025,7982,5457,CLOSE
25026,9222,3001,CLOSE
25027,4148,4981,DISTANT
25028,4117,7309,CASUAL
25029,3733,9588,CLOSE
25030,1380,6513,CASUAL
25031,6685,7214,CASUAL
25032,5223,7460,CLOSE
25033,3756,2479,CLOSE
25034,1734,1164,CLOSE
25035,1599,8512,DISTANT
25036,65,1346,CLOSE
25037,6059,3696,DISTANT
25038,5230,7404,CLOSE
25039,5624,9346,CLOSE
25040,208,2525,DISTANT
25041,9358,3597,DISTANT
25042,9824,8744,CASUAL
25043,9388,4558,CLOSE
25044,3556,5339,DISTANT
25045,3565,8431,DISTANT
25046,6734,7774,CASUAL
25047,1256,5990,CLOSE
25048,3065,4089,DISTANT
25049,3169,4207,CLOSE
25050,2343,5840,CASUAL
25051,2227,9454,CASUAL
25052,7260,3869,DISTANT
25053,624,606,CASUAL
25054,7395,8499,CLOSE
25055,5127,9524,CLOSE
25056,1103,65,DISTANT
25057,6851,3523,CASUAL
25058,3767,360,DISTANT
25059,6445,8861,DISTANT
25060,4836,2808,CLOSE
25061,9809,8410,CLOSE
25062,4927,8139,CASUAL
25063,8557,6245,CASUAL
25064,3244,8551,CLOSE
25065,8229,4178,CLOSE
25066,3217,3537,CLOSE
25067,4334,2220,CLOSE
25068,2465,8536,CLOSE
25069,2696,4056,CLOSE
25070,3845,267,CASUAL
25071,6043,8140,CLOSE
25072,1700,9571,DISTANT
25073,9542,5416,CASUAL
25074,5490,3079,DISTANT
25075,2842,4579,CASUAL
25076,8626,6579,DISTANT
25077,6090,1531,DISTANT
25078,8057,1481,CLOSE
25079,9036,8658,CASUAL
25080,5684,9019,DISTANT
25081,8564,245,CASUAL
25082,366,1551,CLOSE
25083,3004,8256,CASUAL
25084,862,6686,CLOSE
25085,4151,9745,CLOSE
25086,6139,5778,DISTANT
25087,3295,8657,CLOSE
25088,5032,6337,DISTANT
25089,6357,7432,CASUAL
25090,573,3748,DISTANT
25091,5746,4680,CASUAL
25092,1482,7142,CASUAL
25093,2507,8836,DISTANT
25094,5618,8118,DISTANT
25095,6165,6271,DISTANT
25096,1023,4177,DISTANT
25097,7505,4656,CASUAL
25098,1812,5492,CLOSE
25099,530,4740,CLOSE
25100,6243,7061,CASUAL
25101,2232,3016,DISTANT
25102,4170,1656,CLOSE
25103,6456,7017,CASUAL
25104,8895,4164,DISTANT
25105,7121,3160,CASUAL
25106,7765,1364,CLOSE
25107,2608,5281,CLOSE
25108,6409,9169,DISTANT
25109,8725,4664,CLOSE
25110,4966,9116,CASUAL
25111,1639,2434,CLOSE
25112,7579,3309,DISTANT
25113,9379,9476,CLOSE
25114,8844,5958,CASUAL
25115,2395,5676,CASUAL
25116,3010,7581,CLOSE
25117,4997,6736,DISTANT
25118,9610,6201,CASUAL
25119,5494,6095,CASUAL
25120,8955,200,CASUAL
25121,9183,3312,CASUAL
25122,7748,9317,CASUAL
25123,2500,7204,CASUAL
25124,3480,146,CLOSE
25125,2656,300,CLOSE
25126,7266,9603,CLOSE
25127,5190,8254,CASUAL
25128,6906,9355,CASUAL
25129,6488,4518,DISTANT
25130,7073,3389,DISTANT
25131,4445,4658,DISTANT
25132,2137,3453,CASUAL
25133,1977,9756,DISTANT
25134,5561,9477,DISTANT
25135,3227,8982,CASUAL
25136,8988,3468,DISTANT
25137,101,1510,CLOSE
25138,4146,1371,CASUAL
25139,4737,6112,CASUAL
25140,8509,2172,CASUAL
25141,8324,4512,CASUAL
25142,2618,8379,CLOSE
25143,4075,5722,CLOSE
25144,4438,7901,CASUAL
25145,7056,8534,CASUAL
25146,2222,4046,CLOSE
25147,9617,5345,DISTANT
25148,3458,6159,CASUAL
25149,5851,146,CASUAL
25150,1883,3793,CLOSE
25151,6458,4791,CLOSE
25152,8914,5102,CLOSE
25153,7779,4034,CASUAL
25154,4366,9386,CASUAL
25155,6992,7626,CASUAL
25156,2758,2597,CLOSE
25157,1811,1911,CLOSE
25158,181,4906,DISTANT
25159,5894,4619,CASUAL
25160,271,7122,CASUAL
25161,5098,3356,CLOSE
25162,1033,5237,CLOSE
25163,1,3921,CLOSE
25164,7970,9447,CLOSE
25165,1718,102,CLOSE
25166,4166,4372,CLOSE
25167,4893,7349,CASUAL
25168,4284,7088,CASUAL
25169,2918,4267,DISTANT
25170,1365,2709,CASUAL
25171,1093,699,CASUAL
25172,8087,8265,CASUAL
25173,9918,2581,CLOSE
25174,1019,3895,CLOSE
25175,5036,3102,CASUAL
25176,8477,6084,CASUAL
25177,6390,7421,CASUAL
25178,3759,7297,CASUAL
25179,3395,4331,DISTANT
25180,9117,9500,CASUAL
25181,6854,8510,CASUAL
25182,4978,7694,CASUAL
25183,8381,2856,DISTANT
25184,1163,8994,DISTANT
25185,4968,6996,CLOSE
25186,5182,866,CLOSE
25187,5339,3390,DISTANT
25188,7852,2066,CLOSE
25189,6802,2323,CLOSE
25190,8198,1407,DISTANT
25191,6661,5822,CASUAL
25192,3946,7365,CLOSE
25193,4180,6768,CLOSE
25194,9174,3581,DISTANT
25195,4784,7560,DISTANT
25196,142,2630,CASUAL
25197,243,3690,CASUAL
25198,2007,4368,CASUAL
25199,6342,7312,CLOSE
25200,5888,4091,CLOSE
25201,2257,4032,CASUAL
25202,3889,4840,CLOSE
25203,5741,2972,CASUAL
25204,7105,8827,DISTANT
25205,2093,9469,DISTANT
25206,5187,659,DISTANT
25207,6847,2685,CLOSE
25208,6069,1051,CLOSE
25209,2731,980,CASUAL
25210,2352,94,DISTANT
25211,2004,2618,CASUAL
25212,7535,7654,DISTANT
25213,114,4201,DISTANT
25214,5758,9771,DISTANT
25215,2091,7242,CLOSE
25216,4406,384,CASUAL
25217,3441,5195,CLOSE
25218,4923,9206,CASUAL
25219,1186,640,DISTANT
25220,4303,9312,CASUAL
25221,2190,6211,CASUAL
25222,9581,7644,DISTANT
25223,9235,9269,CASUAL
25224,2655,4160,CLOSE
25225,1018,179,DISTANT
25226,2451,5409,CLOSE
25227,8160,4001,CASUAL
25228,5303,8614,CASUAL
25229,6384,7552,DISTANT
25230,7326,6355,CLOSE
25231,2699,5374,DISTANT
25232,2835,2040,CASUAL
25233,4652,9443,CASUAL
25234,5704,8148,CLOSE
25235,1904,6127,CLOSE
25236,9975,2880,CLOSE
25237,7532,3725,CASUAL
25238,3487,6789,CLOSE
25239,7431,6014,CASUAL
25240,1240,7333,CASUAL
25241,7293,760,CLOSE
25242,6950,413,DISTANT
25243,8253,9126,CLOSE
25244,9746,3522,CLOSE
25245,9083,7873,CLOSE
25246,837,9051,DISTANT
25247,7194,8926,CASUAL
25248,4031,3244,CLOSE
25249,9533,397,CASUAL
25250,4200,76,DISTANT
25251,4521,406,CLOSE
25252,8284,5832,DISTANT
25253,1803,4809,DISTANT
25254,865,9803,CLOSE
25255,2470,8832,CLOSE
25256,6347,878,DISTANT
25257,230,8835,CASUAL
25258,5601,4301,DISTANT
25259,9444,5098,CASUAL
25260,7551,6277,CASUAL
25261,5814,6744,DISTANT
25262,7105,7887,CLOSE
25263,5032,6289,CLOSE
25264,7425,7585,DISTANT
25265,8628,9636,CLOSE
25266,3252,6778,CASUAL
25267,6888,9060,CASUAL
25268,4959,5186,DISTANT
25269,6879,6695,CASUAL
25270,5294,5876,CLOSE
25271,559,8767,DISTANT
25272,8835,8628,CASUAL
25273,4374,3881,CLOSE
25274,5589,5182,DISTANT
25275,5924,6142,CASUAL
25276,9991,3722,DISTANT
25277,6887,6799,CASUAL
25278,8919,8686,DISTANT
25279,9668,5891,DISTANT
25280,2821,39,CLOSE
25281,4837,4742,DISTANT
25282,432,9042,CLOSE
25283,2844,4716,CASUAL
25284,739,1845,DISTANT
25285,3398,3049,CASUAL
25286,2854,4215,CASUAL
25287,6225,5433,DISTANT
25288,5375,945,CASUAL
25289,9385,5738,CASUAL
25290,4979,3818,CASUAL
25291,4017,980,CASUAL
25292,515,2519,CLOSE
25293,7087,4785,CASUAL
25294,513,6451,DISTANT
25295,2639,8624,CASUAL
25296,2749,5118,CLOSE
25297,4782,2279,CASUAL
25298,2804,3262,CASUAL
25299,8034,5168,CLOSE
25300,1901,3113,DISTANT
25301,9655,391,CLOSE
25302,1191,1983,DISTANT
25303,3156,6636,DISTANT
25304,5526,7247,CLOSE
25305,7085,7711,CASUAL
25306,3453,9292,CASUAL
25307,2537,3859,DISTANT
25308,1332,1327,DISTANT
25309,8488,5764,DISTANT
25310,1997,778,CLOSE
25311,263,4422,CLOSE
25312,1287,6962,CLOSE
25313,5601,4154,CLOSE
25314,5026,4563,CLOSE
25315,832,7578,CLOSE
25316,4012,8149,DISTANT
25317,5302,1785,DISTANT
25318,2632,3784,DISTANT
25319,9048,9510,DISTANT
25320,8909,6427,CASUAL
25321,821,2905,CASUAL
25322,8050,4579,CLOSE
25323,4242,8975,DISTANT
25324,6671,2474,CASUAL
25325,3603,7302,CASUAL
25326,8191,584,DISTANT
25327,8089,5440,CASUAL
25328,9643,5612,CLOSE
25329,7410,854,CASUAL
25330,297,1260,DISTANT
25331,2692,7111,CASUAL
25332,4537,1701,CASUAL
25333,445,5724,CASUAL
25334,3425,3054,DISTANT
25335,7061,9923,CLOSE
25336,7260,3673,DISTANT
25337,3000,498,CASUAL
25338,4386,9360,CLOSE
25339,8574,4803,DISTANT
25340,8945,6975,DISTANT
25341,2859,9019,CASUAL
25342,1901,4910,DISTANT
25343,2671,4125,CASUAL
25344,8447,6267,CLOSE
25345,4551,1562,CLOSE
25346,4539,2282,CASUAL
25347,9104,2568,CASUAL
25348,3500,8641,CLOSE
25349,9398,9224,CLOSE
25350,3596,9894,CLOSE
25351,5739,5403,CLOSE
25352,4730,1269,DISTANT
25353,7152,3384,DISTANT
25354,8286,7762,CLOSE
25355,1261,6524,CLOSE
25356,5667,2329,CASUAL
25357,1372,6046,CLOSE
25358,6556,6384,CASUAL
25359,1349,9928,CASUAL
25360,7549,9439,CLOSE
25361,3967,7140,CASUAL
25362,3198,8074,CLOSE
25363,3111,3742,DISTANT
25364,6449,8921,CASUAL
25365,775,2132,DISTANT
25366,8928,8765,CLOSE
25367,3481,287,CLOSE
25368,3765,4005,CASUAL
25369,2486,8059,CLOSE
25370,8290,3398,CLOSE
25371,1439,9519,CASUAL
25372,491,7834,CASUAL
25373,8688,3991,CASUAL
25374,3232,1019,DISTANT
25375,742,6419,DISTANT
25376,28,1292,CLOSE
25377,8241,1026,CASUAL
25378,1263,2269,DISTANT
25379,4703,1745,CASUAL
25380,8909,9554,CLOSE
25381,5356,4728,DISTANT
25382,6172,5766,CASUAL
25383,8390,5115,CASUAL
25384,1777,7156,CASUAL
25385,2828,2301,CASUAL
25386,2080,3769,CASUAL
25387,8903,485,CASUAL
25388,3071,8535,CASUAL
25389,2181,8120,CLOSE
25390,2052,6045,CLOSE
25391,1969,3321,CLOSE
25392,4269,6449,CLOSE
25393,2714,1796,CASUAL
25394,7871,689,CASUAL
25395,9928,4963,CLOSE
25396,8259,2003,CASUAL
25397,7118,8839,DISTANT
25398,1624,6924,CASUAL
25399,9862,3110,CASUAL
25400,2958,4925,DISTANT
25401,3871,5194,CASUAL
25402,5969,9771,CLOSE
25403,6971,261,CASUAL
25404,3490,802,DISTANT
25405,3387,6456,CASUAL
25406,970,3646,CLOSE
25407,2990,2639,DISTANT
25408,3281,8753,CASUAL
25409,5851,2903,DISTANT
25410,3700,9239,CASUAL
25411,3249,595,DISTANT
25412,4728,8311,DISTANT
25413,7065,8273,DISTANT
25414,1692,4033,CASUAL
25415,5550,9408,CLOSE
25416,6533,9015,CASUAL
25417,6330,3400,CLOSE
25418,2893,485,DISTANT
25419,3205,1907,CLOSE
25420,6698,1550,DISTANT
25421,4003,4599,CASUAL
25422,9654,4954,CASUAL
25423,7448,4437,DISTANT
25424,9100,8681,CASUAL
25425,8306,7011,CASUAL
25426,9733,9050,DISTANT
25427,5524,5878,DISTANT
25428,9035,6532,DISTANT
25429,9784,4736,CLOSE
25430,7625,132,CASUAL
25431,4910,8206,CASUAL
25432,7861,9727,CLOSE
25433,649,9569,CLOSE
25434,1483,451,CASUAL
25435,4049,10,CASUAL
25436,5833,8138,CASUAL
25437,2520,962,CLOSE
25438,3084,7569,CASUAL
25439,9936,1971,DISTANT
25440,6756,4147,CASUAL
25441,75,6062,CASUAL
25442,7323,7306,CASUAL
25443,8726,8938,CASUAL
25444,7661,8911,DISTANT
25445,41,9259,CLOSE
25446,4910,4213,CLOSE
25447,1219,452,DISTANT
25448,7145,9472,CASUAL
25449,6446,8510,CASUAL
25450,1304,6467,DISTANT
25451,9720,1038,CLOSE
25452,8745,5904,DISTANT
25453,7686,5661,CASUAL
25454,1570,1824,DISTANT
25455,3615,2488,CLOSE
25456,82,1235,CLOSE
25457,28,4322,CLOSE
25458,8385,3188,CLOSE
25459,3465,2530,CASUAL
25460,6698,1594,CASUAL
25461,3799,7062,CLOSE
25462,8629,8036,DISTANT
25463,4284,2916,DISTANT
25464,5934,6221,DISTANT
25465,4982,3673,CASUAL
25466,6240,1510,CLOSE
25467,4128,6945,CLOSE
25468,2398,7393,CLOSE
25469,9956,1517,CLOSE
25470,8617,4073,CLOSE
25471,1506,1705,CASUAL
25472,6093,4771,CLOSE
25473,1047,9861,CLOSE
25474,3182,1727,CASUAL
25475,2907,2652,CLOSE
25476,3339,4682,CLOSE
25477,7390,1102,DISTANT
25478,2699,6823,DISTANT
25479,738,4840,CASUAL
25480,9494,3283,DISTANT
25481,3538,6803,CASUAL
25482,5087,882,DISTANT
25483,1942,9845,CASUAL
25484,4159,5930,CASUAL
25485,3475,4899,CLOSE
25486,4466,8545,CASUAL
25487,1187,9866,DISTANT
25488,2584,265,CLOSE
25489,3216,8413,CASUAL
25490,7425,4471,CLOSE
25491,2891,4326,DISTANT
25492,5664,1390,DISTANT
25493,5923,6277,CASUAL
25494,6836,3283,CLOSE
25495,8764,8084,CLOSE
25496,2993,8796,CLOSE
25497,3954,2991,CLOSE
25498,9215,3746,CLOSE
25499,4344,6045,DISTANT
25500,8179,2381,CLOSE
25501,9217,2179,CLOSE
25502,7715,3547,CLOSE
25503,9758,2597,CLOSE
25504,341,2139,CLOSE
25505,7798,941,CLOSE
25506,5346,7197,CLOSE
25507,3181,2788,DISTANT
25508,5326,897,CLOSE
25509,4123,8950,DISTANT
25510,4051,1171,CASUAL
25511,3632,9471,CLOSE
25512,7995,5433,DISTANT
25513,461,2848,DISTANT
25514,3212,3864,DISTANT
25515,9719,5953,DISTANT
25516,7742,573,CLOSE
25517,5822,6464,CASUAL
25518,4413,6374,CLOSE
25519,4434,70,CLOSE
25520,6123,8221,DISTANT
25521,2733,4773,CASUAL
25522,7657,2457,DISTANT
25523,6267,9580,CLOSE
25524,4530,5204,CLOSE
25525,4577,1998,CLOSE
25526,8284,6703,CLOSE
25527,8574,8748,CASUAL
25528,9374,1286,CASUAL
25529,1157,920,DISTANT
25530,1134,2778,CASUAL
25531,6594,6508,CLOSE
25532,6596,5739,CLOSE
25533,9846,5049,CASUAL
25534,1380,2409,CLOSE
25535,2489,1656,CASUAL
25536,6337,9729,DISTANT
25537,918,2530,CASUAL
25538,4915,4711,CLOSE
25539,5416,5020,DISTANT
25540,8018,5821,CASUAL
25541,4529,2136,CLOSE
25542,5630,2200,DISTANT
25543,4185,5519,CLOSE
25544,878,7272,CLOSE
25545,5046,1456,DISTANT
25546,993,7997,DISTANT
25547,2480,3711,DISTANT
25548,3107,1961,CLOSE
25549,2751,1216,CASUAL
25550,7280,7313,CLOSE
25551,9301,5049,DISTANT
25552,4847,3414,CASUAL
25553,4130,4758,DISTANT
25554,8794,9146,DISTANT
25555,9438,4518,DISTANT
25556,2088,9573,CASUAL
25557,6462,3183,CLOSE
25558,9806,652,DISTANT
25559,7427,4939,DISTANT
25560,6091,9017,DISTANT
25561,2866,1964,DISTANT
25562,4986,937,CLOSE
25563,7611,5224,DISTANT
25564,3135,754,DISTANT
25565,2424,1782,CASUAL
25566,4532,3969,CASUAL
25567,1472,6545,CASUAL
25568,6579,8139,CASUAL
25569,4501,7675,DISTANT
25570,274,4560,CASUAL
25571,1995,6117,CLOSE
25572,5935,9083,DISTANT
25573,8067,9112,CLOSE
25574,2954,3306,CASUAL
25575,8335,1391,CASUAL
25576,7131,5187,DISTANT
25577,7167,3696,DISTANT
25578,5232,3869,DISTANT
25579,4287,1486,CLOSE
25580,6798,6294,DISTANT
25581,2131,4109,CLOSE
25582,246,4913,CLOSE
25583,1442,9540,CLOSE
25584,263,4171,DISTANT
25585,8372,2213,CLOSE
25586,5910,1877,CLOSE
25587,7146,3520,CASUAL
25588,3901,3016,CLOSE
25589,1184,1172,CASUAL
25590,9431,9398,CLOSE
25591,3683,2992,DISTANT
25592,4973,5232,CASUAL
25593,1800,2643,DISTANT
25594,4281,7474,CASUAL
25595,8243,3644,DISTANT
25596,3164,5155,CASUAL
25597,3508,2616,CASUAL
25598,5195,3882,CASUAL
25599,9250,5755,CLOSE
25600,1434,7340,DISTANT
25601,7858,3635,DISTANT
25602,7637,133,DISTANT
25603,6368,6295,DISTANT
25604,4646,2429,CLOSE
25605,3025,4328,CASUAL
25606,5222,8397,DISTANT
25607,9774,7625,CASUAL
25608,8938,2321,CLOSE
25609,4681,9408,CLOSE
25610,3531,851,DISTANT
25611,1475,7020,DISTANT
25612,5115,8778,CASUAL
25613,5680,7174,CLOSE
25614,5771,8979,CASUAL
25615,860,504,CASUAL
25616,705,9002,CLOSE
25617,654,219,DISTANT
25618,2458,82,CLOSE
25619,771,3842,CLOSE
25620,9620,7764,CASUAL
25621,8385,4706,CLOSE
25622,3618,1355,CASUAL
25623,2016,47,CASUAL
25624,8139,2825,DISTANT
25625,7586,7168,DISTANT
25626,4759,1622,CLOSE
25627,9488,3728,CASUAL
25628,8995,3295,CASUAL
25629,3203,2374,CASUAL
25630,6267,4419,DISTANT
25631,5202,2548,CASUAL
25632,157,4876,CASUAL
25633,3699,9985,DISTANT
25634,2229,9309,CLOSE
25635,9085,6458,CASUAL
25636,2928,8882,DISTANT
25637,5674,8968,CLOSE
25638,9318,7014,DISTANT
25639,7154,9270,DISTANT
25640,9562,3142,DISTANT
25641,2267,5108,DISTANT
25642,6524,7327,DISTANT
25643,518,5631,DISTANT
25644,2483,2563,DISTANT
25645,1162,5996,DISTANT
25646,4421,4490,DISTANT
25647,6247,1144,DISTANT
25648,5423,7056,CASUAL
25649,6530,6753,DISTANT
25650,325,8578,CLOSE
25651,4680,336,CASUAL
25652,4369,7331,DISTANT
25653,894,1364,DISTANT
25654,7368,4933,CLOSE
25655,7526,6864,CLOSE
25656,5751,5166,CASUAL
25657,9902,5106,CLOSE
25658,7952,9004,CLOSE
25659,1227,4640,CASUAL
25660,2312,1436,CLOSE
25661,5274,2088,DISTANT
25662,1720,4934,CASUAL
25663,1889,3370,CASUAL
25664,7761,1820,CASUAL
25665,5425,1774,DISTANT
25666,9419,4866,CLOSE
25667,4242,1961,CASUAL
25668,5656,2388,DISTANT
25669,123,4473,CASUAL
25670,1563,9349,DISTANT
25671,7059,9437,CLOSE
25672,8876,7314,CLOSE
25673,5045,8843,DISTANT
25674,824,2007,CLOSE
25675,9266,7912,DISTANT
25676,6023,7785,DISTANT
25677,1620,5026,CASUAL
25678,7917,304,CASUAL
25679,79,92,CASUAL
25680,9561,2216,DISTANT
25681,1182,809,DISTANT
25682,372,9130,CASUAL
25683,6298,3786,CLOSE
25684,9633,4350,CLOSE
25685,3159,333,CASUAL
25686,3804,3686,CASUAL
25687,4783,1351,CLOSE
25688,1341,459,CASUAL
25689,7644,9362,CLOSE
25690,8916,3664,DISTANT
25691,9526,8119,CASUAL
25692,1721,9499,CLOSE
25693,4177,4468,CASUAL
25694,544,7254,CASUAL
25695,1501,8201,CASUAL
25696,3081,9291,CASUAL
25697,1086,8567,DISTANT
25698,2802,8842,CLOSE
25699,8888,4759,DISTANT
25700,7672,1595,DISTANT
25701,2478,9599,CLOSE
25702,3540,1239,DISTANT
25703,981,5604,CLOSE
25704,1186,8159,CLOSE
25705,9787,455,DISTANT
25706,1071,6655,CASUAL
25707,1288,7246,CLOSE
25708,4609,6132,DISTANT
25709,8250,2394,DISTANT
25710,2330,8652,CLOSE
25711,1213,1792,DISTANT
25712,6825,9550,CASUAL
25713,7248,2921,CLOSE
25714,2,9075,DISTANT
25715,8476,523,CASUAL
25716,1786,6933,CLOSE
25717,7718,5572,CASUAL
25718,5520,7856,CLOSE
25719,2425,5204,CLOSE
25720,1956,9618,DISTANT
25721,4163,7467,DISTANT
25722,6079,6509,CLOSE
25723,2888,5076,CASUAL
25724,2636,6703,DISTANT
25725,3626,1147,CASUAL
25726,9180,7529,DISTANT
25727,8371,4035,CASUAL
25728,6410,1788,DISTANT
25729,1117,8737,DISTANT
25730,1663,4802,DISTANT
25731,7297,9345,CLOSE
25732,106,915,CLOSE
25733,141,107,CLOSE
25734,6611,8701,CLOSE
25735,6258,1784,DISTANT
25736,7699,4838,CLOSE
25737,2010,1254,CASUAL
25738,7302,1852,DISTANT
25739,6277,9908,DISTANT
25740,2396,7006,CASUAL
25741,7421,9293,DISTANT
25742,5873,8407,CASUAL
25743,3254,2794,CASUAL
25744,27,9541,CLOSE
25745,4248,7042,DISTANT
25746,9755,2441,DISTANT
25747,4297,9223,CASUAL
25748,553,2084,DISTANT
25749,3204,2339,DISTANT
25750,4657,6891,DISTANT
25751,4663,7752,CLOSE
25752,7026,9474,DISTANT
25753,1806,7197,CASUAL
25754,5553,2091,CLOSE
25755,7595,7471,CLOSE
25756,2595,6688,CLOSE
25757,7131,446,CLOSE
25758,1225,413,CASUAL
25759,2223,8726,DISTANT
25760,1758,8302,CASUAL
25761,5928,7503,CASUAL
25762,3259,4951,CLOSE
25763,495,9677,CLOSE
25764,1270,108,CASUAL
25765,1769,4979,DISTANT
25766,658,4235,DISTANT
25767,4165,463,CASUAL
25768,6575,152,CLOSE
25769,67,9184,DISTANT
25770,3745,8103,CLOSE
25771,4540,3213,CLOSE
25772,2538,4832,CLOSE
25773,9505,4937,CLOSE
25774,2967,9908,DISTANT
25775,1436,1015,CASUAL
25776,2941,8771,CASUAL
25777,3887,296,CLOSE
25778,1453,4000,CLOSE
25779,3204,163,DISTANT
25780,7495,8130,CASUAL
25781,5119,9905,DISTANT
25782,178,3843,DISTANT
25783,2159,1271,CLOSE
25784,9068,5701,DISTANT
25785,4240,2878,CASUAL
25786,3438,1443,DISTANT
25787,812,3168,CLOSE
25788,5238,6443,DISTANT
25789,2053,3559,DISTANT
25790,5124,5366,DISTANT
25791,2783,7353,CLOSE
25792,2692,5333,CLOSE
25793,8729,7369,CLOSE
25794,1254,1500,CASUAL
25795,9889,8028,CLOSE
25796,6513,4094,CLOSE
25797,9647,3262,DISTANT
25798,8569,767,DISTANT
25799,6407,3581,DISTANT
25800,6200,7329,DISTANT
25801,3750,2844,DISTANT
25802,8127,7791,CLOSE
25803,8701,6145,CLOSE
25804,8504,4634,CLOSE
25805,9001,668,CLOSE
25806,7883,2834,CLOSE
25807,4276,3285,CLOSE
25808,3413,7346,CASUAL
25809,2499,9779,DISTANT
25810,4605,9353,CASUAL
25811,7536,900,CLOSE
25812,9427,5037,CLOSE
25813,7180,1063,CASUAL
25814,500,7299,CLOSE
25815,8314,7982,CASUAL
25816,9659,2347,CASUAL
25817,1589,8664,CASUAL
25818,2861,7387,CASUAL
25819,5995,4748,CLOSE
25820,8159,6359,CASUAL
25821,3146,6559,CASUAL
25822,8774,864,DISTANT
25823,3421,491,DISTANT
25824,1187,350,DISTANT
25825,9142,6618,CLOSE
25826,6303,3692,CLOSE
25827,6967,8284,CLOSE
25828,2796,6244,DISTANT
25829,5721,6853,CASUAL
25830,4630,2963,CLOSE
25831,3716,4845,CLOSE
25832,9309,6535,CLOSE
25833,4409,2201,CASUAL
25834,3170,7932,DISTANT
25835,6288,5077,CASUAL
25836,6923,512,CLOSE
25837,4846,9855,CLOSE
25838,8865,8039,DISTANT
25839,4283,7365,CASUAL
25840,5477,9442,CASUAL
25841,7689,7517,CLOSE
25842,4412,2595,CLOSE
25843,2442,9153,DISTANT
25844,8281,5119,CASUAL
25845,6066,542,CASUAL
25846,1996,4893,CASUAL
25847,6337,2333,CASUAL
25848,3923,2048,CASUAL
25849,1360,6382,CLOSE
25850,5883,6723,CASUAL
25851,7632,8546,CLOSE
25852,5823,3725,DISTANT
25853,344,7892,CLOSE
25854,3199,9527,CLOSE
25855,8069,1801,DISTANT
25856,9040,4706,CASUAL
25857,3751,3559,CASUAL
25858,4980,5685,CASUAL
25859,2374,2205,CASUAL
25860,8617,7437,CLOSE
25861,9771,3106,DISTANT
25862,3607,7556,CASUAL
25863,1155,9030,CLOSE
25864,762,3463,CLOSE
25865,430,5204,CASUAL
25866,9009,9813,CLOSE
25867,2952,476,CASUAL
25868,439,8214,DISTANT
25869,2345,3280,CLOSE
25870,4514,5812,CLOSE
25871,6325,330,CLOSE
25872,5215,2232,DISTANT
25873,3064,1593,CASUAL
25874,5768,4344,CASUAL
25875,143,936,DISTANT
25876,1880,7269,CASUAL
25877,1699,7996,CLOSE
25878,1248,6738,CASUAL
25879,3946,5346,CLOSE
25880,8261,521,CLOSE
25881,4071,1301,CASUAL
25882,8605,2196,CASUAL
25883,4646,8778,DISTANT
25884,4401,7222,CASUAL
25885,4814,5566,DISTANT
25886,3878,1624,CLOSE
25887,6444,825,CLOSE
25888,7366,8018,CASUAL
25889,1693,3426,CASUAL
25890,373,325,CLOSE
25891,7466,6644,CLOSE
25892,8299,3268,CLOSE
25893,5034,9547,CASUAL
25894,1283,2543,CASUAL
25895,5671,3636,DISTANT
25896,473,797,DISTANT
25897,8577,7170,CLOSE
25898,1000,8019,CASUAL
25899,4394,3369,CASUAL
25900,1903,1910,CASUAL
25901,5775,6837,CASUAL
25902,6319,4662,CLOSE
25903,4213,7199,CLOSE
25904,7818,6649,DISTANT
25905,4289,85,CASUAL
25906,9377,4904,CASUAL
25907,5907,6375,DISTANT
25908,5403,7499,CLOSE
25909,2702,5943,CASUAL
25910,4728,5270,CASUAL
25911,6453,5294,CASUAL
25912,9129,3340,DISTANT
25913,8449,5503,DISTANT
25914,1765,4693,CASUAL
25915,8188,6560,DISTANT
25916,1630,8735,CLOSE
25917,4247,6865,CLOSE
25918,9781,1328,CASUAL
25919,2708,5933,CLOSE
25920,3531,7039,CLOSE
25921,108,4381,CLOSE
25922,8290,3228,CLOSE
25923,1936,6704,DISTANT
25924,6795,1761,CLOSE
25925,8950,832,DISTANT
25926,3410,1551,DISTANT
25927,7808,7317,CASUAL
25928,3238,2022,CASUAL
25929,3611,1221,DISTANT
25930,2784,8746,CLOSE
25931,5936,4324,CLOSE
25932,9720,9756,CLOSE
25933,1285,3521,CLOSE
25934,1559,1972,CLOSE
25935,5512,4756,CLOSE
25936,3756,1483,CASUAL
25937,3161,8056,DISTANT
25938,5430,3048,DISTANT
25939,6522,4251,CLOSE
25940,1884,5527,CLOSE
25941,7217,3250,CLOSE
25942,1004,2667,CLOSE
25943,8889,8114,CASUAL
25944,6446,2537,DISTANT
25945,1670,3101,CLOSE
25946,3120,5986,CLOSE
25947,865,8396,CASUAL
25948,5140,4193,CLOSE
25949,3069,1835,CASUAL
25950,9637,3543,DISTANT
25951,5635,53,CASUAL
25952,5976,9745,CASUAL
25953,776,8074,DISTANT
25954,6583,594,DISTANT
25955,517,8990,DISTANT
25956,5073,5949,DISTANT
25957,8817,6280,CLOSE
25958,5564,1182,DISTANT
25959,5552,5880,CLOSE
25960,1827,6526,CASUAL
25961,861,5920,CLOSE
25962,8676,1051,DISTANT
25963,8519,8063,CLOSE
25964,6372,2943,CLOSE
25965,8922,1890,DISTANT
25966,1364,1663,CASUAL
25967,9276,7568,CLOSE
25968,8880,8243,CLOSE
25969,2685,192,DISTANT
25970,9298,5140,DISTANT
25971,8748,8493,CASUAL
25972,6365,8924,CASUAL
25973,5401,7884,CLOSE
25974,4930,7975,CASUAL
25975,6440,1219,CLOSE
25976,3496,9872,CLOSE
25977,9589,881,CLOSE
25978,9750,9790,CLOSE
25979,9065,8317,CASUAL
25980,1079,2147,CASUAL
25981,8942,3398,DISTANT
25982,2272,1289,CASUAL
25983,3627,6113,CLOSE
25984,8033,157,DISTANT
25985,5624,2301,CLOSE
25986,7645,8857,CASUAL
25987,7713,2483,CLOSE
25988,8930,3595,CLOSE
25989,2086,9315,DISTANT
25990,8919,1424,CASUAL
25991,403,4872,CLOSE
25992,7381,2228,CLOSE
25993,8831,8645,CASUAL
25994,3987,7562,DISTANT
25995,3986,1008,CLOSE
25996,6098,6585,DISTANT
25997,6269,1876,DISTANT
25998,8922,9790,CASUAL
25999,2464,8538,CASUAL
26000,9211,5902,DISTANT
26001,6963,2433,CLOSE
26002,1476,9914,CASUAL
26003,719,1218,DISTANT
26004,7578,8240,CASUAL
26005,7001,765,CASUAL
26006,4392,305,CLOSE
26007,6673,4999,DISTANT
26008,9681,2343,CASUAL
26009,3061,2422,CLOSE
26010,499,8519,CASUAL
26011,9493,2743,CASUAL
26012,4541,4775,CLOSE
26013,2792,7082,CLOSE
26014,8620,8388,CASUAL
26015,5062,2011,CASUAL
26016,4191,2485,CLOSE
26017,8658,9352,CASUAL
26018,3545,594,CASUAL
26019,9744,7844,DISTANT
26020,2455,1527,DISTANT
26021,6669,468,CLOSE
26022,6297,4553,CLOSE
26023,3349,7304,CLOSE
26024,206,1864,CLOSE
26025,9990,8133,DISTANT
26026,9341,5051,DISTANT
26027,1154,783,CASUAL
26028,4984,1330,CASUAL
26029,6900,2802,CASUAL
26030,5978,3617,DISTANT
26031,1972,7370,CASUAL
26032,9008,3645,CASUAL
26033,8729,8943,DISTANT
26034,3206,3818,DISTANT
26035,9366,2682,CLOSE
26036,730,7958,CASUAL
26037,3580,8985,CLOSE
26038,6577,6058,CLOSE
26039,8989,3125,CLOSE
26040,2618,6481,DISTANT
26041,1970,8204,CASUAL
26042,7575,5317,CLOSE
26043,4761,7024,DISTANT
26044,8246,8706,DISTANT
26045,9241,3817,DISTANT
26046,9800,7974,CASUAL
26047,7067,672,DISTANT
26048,5307,2717,CASUAL
26049,1514,9329,CLOSE
26050,6197,8827,CLOSE
26051,5405,5112,DISTANT
26052,5838,8198,CLOSE
26053,4381,5577,DISTANT
26054,1417,7206,DISTANT
26055,4129,1319,CLOSE
26056,1765,928,DISTANT
26057,2630,1002,DISTANT
26058,4140,7672,DISTANT
26059,4551,4971,CASUAL
26060,5474,735,CLOSE
26061,9429,6803,CLOSE
26062,7882,4665,DISTANT
26063,4195,2464,CASUAL
26064,2339,8377,CASUAL
26065,8523,5815,CASUAL
26066,1993,8174,DISTANT
26067,873,3244,CLOSE
26068,1433,8460,CASUAL
26069,4828,8890,DISTANT
26070,9834,2264,CLOSE
26071,239,5348,CASUAL
26072,2785,5460,CASUAL
26073,9942,8608,CLOSE
26074,9086,2145,CASUAL
26075,3227,8573,CLOSE
26076,7075,559,CLOSE
26077,2619,3757,CASUAL
26078,9653,7210,DISTANT
26079,3105,4192,CLOSE
26080,2605,7931,DISTANT
26081,151,7492,CLOSE
26082,3869,4184,CLOSE
26083,9912,7498,DISTANT
26084,7366,6908,CLOSE
26085,5081,5059,CLOSE
26086,5493,1077,CASUAL
26087,4104,8707,CASUAL
26088,1755,723,DISTANT
26089,9724,9109,CLOSE
26090,7601,5967,CLOSE
26091,8210,2381,DISTANT
26092,1684,219,DISTANT
26093,8029,2309,CLOSE
26094,4984,2279,DISTANT
26095,9217,7265,CASUAL
26096,8861,7867,CLOSE
26097,5788,4844,CLOSE
26098,1619,7122,DISTANT
26099,1847,5408,DISTANT
26100,9717,8452,CASUAL
26101,1468,6226,CLOSE
26102,903,3867,DISTANT
26103,945,2391,CLOSE
26104,1103,3860,CASUAL
26105,3707,97,CLOSE
26106,8171,7308,CLOSE
26107,3664,237,CLOSE
26108,722,3441,CASUAL
26109,936,2311,DISTANT
26110,5951,6330,CLOSE
26111,7310,85,DISTANT
26112,8849,4506,CASUAL
26113,6917,7834,CLOSE
26114,6697,1833,CLOSE
26115,6497,9415,CASUAL
26116,2060,1716,CLOSE
26117,9334,8287,DISTANT
26118,3795,5056,CLOSE
26119,1789,5732,CLOSE
26120,8973,448,CLOSE
26121,7203,7155,CLOSE
26122,3535,3495,CASUAL
26123,8599,103,CLOSE
26124,7962,1502,CLOSE
26125,4006,1632,DISTANT
26126,4838,304,CASUAL
26127,5982,8492,CASUAL
26128,3875,5643,CLOSE
26129,9577,5193,CLOSE
26130,4248,8386,CLOSE
26131,2023,6603,CLOSE
26132,7402,1205,CASUAL
26133,1856,5795,CLOSE
26134,7224,7028,DISTANT
26135,8950,2868,CLOSE
26136,5919,2251,DISTANT
26137,7981,2860,CASUAL
26138,6722,8037,CASUAL
26139,6077,7949,DISTANT
26140,6930,7458,CASUAL
26141,6619,7369,DISTANT
26142,7920,5047,CASUAL
26143,8381,3963,CASUAL
26144,2574,5192,DISTANT
26145,4507,3638,DISTANT
26146,1309,6293,CASUAL
26147,8247,1100,DISTANT
26148,3882,8455,DISTANT
26149,1988,9793,CASUAL
26150,392,6719,CASUAL
26151,4754,8950,CASUAL
26152,8478,3484,DISTANT
26153,7385,1573,DISTANT
26154,7470,8807,CLOSE
26155,5116,747,CASUAL
26156,3681,9173,DISTANT
26157,3732,4924,CLOSE
26158,4816,4395,CLOSE
26159,6205,2303,DISTANT
26160,3912,4163,DISTANT
26161,314,8776,CLOSE
26162,3978,6428,DISTANT
26163,3003,9735,DISTANT
26164,4394,6915,DISTANT
26165,6555,7296,DISTANT
26166,5446,5478,CASUAL
26167,2059,4145,CLOSE
26168,1999,7,DISTANT
26169,4318,3417,DISTANT
26170,9403,9863,DISTANT
26171,5195,8071,DISTANT
26172,9210,2650,CASUAL
26173,9963,6339,CASUAL
26174,4817,8886,DISTANT
26175,9354,9072,DISTANT
26176,8815,7128,DISTANT
26177,1566,8731,DISTANT
26178,2584,740,CASUAL
26179,9637,8877,CASUAL
26180,9003,6861,CLOSE
26181,609,9861,CASUAL
26182,6073,2893,CASUAL
26183,3928,2146,CLOSE
26184,5190,2724,DISTANT
26185,9758,5949,CASUAL
26186,4524,2097,DISTANT
26187,753,1054,CASUAL
26188,5601,9050,CLOSE
26189,4483,929,CLOSE
26190,3069,9664,CLOSE
26191,2996,914,DISTANT
26192,4636,9451,DISTANT
26193,7898,3774,CLOSE
26194,2451,779,CLOSE
26195,6779,6659,CLOSE
26196,9448,2699,DISTANT
26197,5695,4667,CLOSE
26198,4032,4286,CLOSE
26199,7782,1519,CLOSE
26200,9404,5132,CLOSE
26201,6894,2153,CLOSE
26202,6397,2343,CLOSE
26203,8888,3275,CASUAL
26204,337,5354,CASUAL
26205,7403,8712,CLOSE
26206,9281,673,DISTANT
26207,4490,9316,DISTANT
26208,9780,5425,DISTANT
26209,6724,9271,CLOSE
26210,2776,9698,DISTANT
26211,703,4154,DISTANT
26212,2796,8412,CLOSE
26213,9779,9356,CASUAL
26214,6948,4388,CLOSE
26215,7159,32,CASUAL
26216,3605,3162,CASUAL
26217,5081,5773,CASUAL
26218,9734,9302,CASUAL
26219,1610,4124,CLOSE
26220,6426,1733,CASUAL
26221,4726,2267,CASUAL
26222,1085,1857,CLOSE
26223,3590,8092,CLOSE
26224,2925,3166,CLOSE
26225,5950,8695,CLOSE
26226,9552,5173,CLOSE
26227,5767,2905,DISTANT
26228,3334,4310,CASUAL
26229,1468,2645,CLOSE
26230,9390,4010,DISTANT
26231,2873,3658,CLOSE
26232,3611,8193,CASUAL
26233,4036,2509,DISTANT
26234,6265,8908,DISTANT
26235,2339,9561,CASUAL
26236,1794,3792,CLOSE
26237,8490,1427,DISTANT
26238,2140,6029,DISTANT
26239,4981,9646,CASUAL
26240,287,7507,CASUAL
26241,8312,18,CLOSE
26242,8932,3903,CLOSE
26243,6670,4565,CLOSE
26244,4525,6315,DISTANT
26245,2899,9406,DISTANT
26246,3049,2832,CASUAL
26247,4552,5042,CASUAL
26248,1158,4036,CLOSE
26249,3916,2509,CASUAL
26250,2561,8534,CLOSE
26251,9145,6030,DISTANT
26252,3463,8069,CASUAL
26253,6287,1347,CASUAL
26254,3401,8276,CLOSE
26255,3443,2758,CASUAL
26256,5304,9462,CASUAL
26257,9232,363,CLOSE
26258,3939,5717,DISTANT
26259,4963,3263,DISTANT
26260,775,6714,CLOSE
26261,4358,9810,DISTANT
26262,5398,6505,DISTANT
26263,8917,9754,CASUAL
26264,9764,3896,CLOSE
26265,5669,3306,DISTANT
26266,4177,540,CASUAL
26267,766,585,DISTANT
26268,2831,7524,CLOSE
26269,5899,9221,CLOSE
26270,8387,7457,CLOSE
26271,6825,7796,DISTANT
26272,9026,1846,CASUAL
26273,5553,6703,CLOSE
26274,9423,7051,DISTANT
26275,8084,3005,CASUAL
26276,4862,6314,CASUAL
26277,841,8127,DISTANT
26278,8560,1354,CASUAL
26279,7836,7737,DISTANT
26280,7616,1536,CASUAL
26281,4009,9644,CLOSE
26282,5444,260,CLOSE
26283,4931,3300,CASUAL
26284,4051,2255,CLOSE
26285,3018,3570,DISTANT
26286,3353,9582,CASUAL
26287,8081,5377,CLOSE
26288,8244,1839,CASUAL
26289,5231,1518,CLOSE
26290,3050,1448,CASUAL
26291,591,1571,DISTANT
26292,6693,6078,CASUAL
26293,7630,2745,CASUAL
26294,9315,5185,CASUAL
26295,7429,3867,CLOSE
26296,1493,7949,CASUAL
26297,7313,5452,DISTANT
26298,674,3410,CASUAL
26299,4516,3379,CASUAL
26300,7007,5023,CLOSE
26301,1400,8461,CLOSE
26302,4196,774,DISTANT
26303,3306,2491,CLOSE
26304,2703,4621,DISTANT
26305,5083,4898,CLOSE
26306,9673,1471,DISTANT
26307,320,9257,DISTANT
26308,5200,6368,DISTANT
26309,5258,4217,CLOSE
26310,1346,4837,CLOSE
26311,3677,1167,DISTANT
26312,2800,9477,CASUAL
26313,1072,1582,CLOSE
26314,4557,447,CLOSE
26315,203,3366,DISTANT
26316,1294,8606,CLOSE
26317,6836,9332,DISTANT
26318,4143,1048,CASUAL
26319,5603,1974,CASUAL
26320,9246,3220,CASUAL
26321,1070,3171,CASUAL
26322,8147,671,DISTANT
26323,84,1798,DISTANT
26324,5200,6628,CLOSE
26325,650,1666,DISTANT
26326,2526,2379,DISTANT
26327,9468,8713,CLOSE
26328,8085,9319,CASUAL
26329,5415,1902,DISTANT
26330,1018,672,DISTANT
26331,8817,3673,CASUAL
26332,2779,4378,CASUAL
26333,2,3947,CLOSE
26334,6090,496,CASUAL
26335,5199,6337,CASUAL
26336,525,8851,CLOSE
26337,2758,3461,CLOSE
26338,2272,1751,CLOSE
26339,4388,1217,CLOSE
26340,5616,3899,CLOSE
26341,6976,484,DISTANT
26342,1192,2994,CASUAL
26343,1593,2398,DISTANT
26344,1488,5004,DISTANT
26345,854,3332,CASUAL
26346,7029,4198,CLOSE
26347,3518,9132,CLOSE
26348,3231,76,DISTANT
26349,7626,5574,CASUAL
26350,6288,246,CLOSE
26351,9593,3028,CASUAL
26352,1119,4145,DISTANT
26353,3414,1474,CLOSE
26354,5819,1367,CLOSE
26355,4948,6139,CASUAL
26356,5832,2185,CLOSE
26357,5692,8594,CASUAL
26358,7132,997,DISTANT
26359,5645,5182,CASUAL
26360,2919,4627,DISTANT
26361,5456,5025,DISTANT
26362,5643,5756,CLOSE
26363,2354,2031,CLOSE
26364,1082,1638,CLOSE
26365,4038,2391,DISTANT
26366,6805,9227,CASUAL
26367,373,5101,CASUAL
26368,243,3831,CLOSE
26369,9676,352,DISTANT
26370,3514,5696,CLOSE
26371,815,8639,DISTANT
26372,5273,3931,CASUAL
26373,400,2802,CASUAL
26374,3194,3085,CLOSE
26375,9299,7161,CASUAL
26376,4183,4558,DISTANT
26377,7775,4966,DISTANT
26378,2799,2890,CLOSE
26379,6084,2039,CLOSE
26380,5803,5150,CLOSE
26381,2992,7961,DISTANT
26382,8020,5794,DISTANT
26383,9329,4453,CASUAL
26384,8753,9917,CLOSE
26385,5744,6316,CASUAL
26386,7798,8661,CLOSE
26387,1940,4017,CLOSE
26388,9249,1700,CASUAL
26389,1412,4562,CASUAL
26390,3002,1279,DISTANT
26391,7773,8149,CASUAL
26392,1626,864,CASUAL
26393,1145,2825,CASUAL
26394,702,3463,DISTANT
26395,9216,543,DISTANT
26396,4323,6134,CLOSE
26397,7527,343,CASUAL
26398,7443,76,CASUAL
26399,1386,6197,CASUAL
26400,950,3544,CASUAL
26401,4617,1827,CASUAL
26402,925,9283,DISTANT
26403,4759,7976,CASUAL
26404,2286,9246,DISTANT
26405,2975,5592,CASUAL
26406,6585,6883,CLOSE
26407,1351,9682,CASUAL
26408,4098,522,CASUAL
26409,5192,5672,CLOSE
26410,1781,6492,CASUAL
26411,4548,7979,CLOSE
26412,474,3481,CLOSE
26413,6971,6670,DISTANT
26414,5067,6463,DISTANT
26415,9243,3523,CLOSE
26416,1030,6594,DISTANT
26417,9885,220,CLOSE
26418,1743,2383,DISTANT
26419,5829,3140,CASUAL
26420,541,6306,DISTANT
26421,4287,2087,CASUAL
26422,1887,8490,CLOSE
26423,8790,4023,CASUAL
26424,4434,4043,DISTANT
26425,3088,5004,DISTANT
26426,9122,9649,CLOSE
26427,125,5248,CLOSE
26428,3308,8186,CASUAL
26429,107,9556,CASUAL
26430,6328,3253,CLOSE
26431,5706,6356,CLOSE
26432,8081,5239,CASUAL
26433,2818,6630,CLOSE
26434,267,3626,CASUAL
26435,9113,7805,DISTANT
26436,3302,5040,CASUAL
26437,8674,7668,DISTANT
26438,8522,6062,CASUAL
26439,5110,1705,DISTANT
26440,1711,1830,DISTANT
26441,829,291,CASUAL
26442,4858,6584,DISTANT
26443,7132,5352,CLOSE
26444,8871,3025,CASUAL
26445,5457,4048,DISTANT
26446,8894,5878,CASUAL
26447,8749,9600,DISTANT
26448,7860,2401,DISTANT
26449,1553,8018,DISTANT
26450,919,9288,CASUAL
26451,2910,1830,CASUAL
26452,2455,9326,CASUAL
26453,68,4564,CLOSE
26454,9824,1990,CLOSE
26455,4152,9914,DISTANT
26456,4759,9713,DISTANT
26457,2591,9789,CLOSE
26458,2467,6750,CLOSE
26459,3847,4399,CLOSE
26460,3231,4749,CLOSE
26461,4179,9531,CASUAL
26462,3678,6070,CASUAL
26463,9801,566,CASUAL
26464,8467,5672,DISTANT
26465,3405,5497,CLOSE
26466,5708,2408,DISTANT
26467,2486,9708,CLOSE
26468,7296,6716,CASUAL
26469,1678,5435,DISTANT
26470,6072,4534,CASUAL
26471,2813,2396,CASUAL
26472,3638,6397,CLOSE
26473,2977,4910,DISTANT
26474,333,6331,CASUAL
26475,7205,2182,CASUAL
26476,8610,8193,DISTANT
26477,4538,7262,CASUAL
26478,7229,7104,CLOSE
26479,2390,9200,CASUAL
26480,731,5212,CLOSE
26481,6663,5264,CASUAL
26482,9145,7861,CASUAL
26483,5595,6100,CLOSE
26484,7731,4966,CASUAL
26485,8748,495,CASUAL
26486,9336,172,CLOSE
26487,5764,6851,CASUAL
26488,1194,3482,CLOSE
26489,8726,1730,CLOSE
26490,177,7003,DISTANT
26491,9933,6595,CLOSE
26492,9784,3243,CASUAL
26493,8399,8002,CASUAL
26494,3391,4311,CLOSE
26495,9887,7798,CLOSE
26496,2875,4482,CLOSE
26497,4547,942,CLOSE
26498,216,1462,DISTANT
26499,9558,117,CLOSE
26500,3295,5884,CASUAL
26501,6702,3541,DISTANT
26502,2814,9805,CASUAL
26503,1093,7718,DISTANT
26504,1499,3351,CLOSE
26505,7843,5639,DISTANT
26506,8043,880,CASUAL
26507,2433,1746,CLOSE
26508,951,6116,CASUAL
26509,8663,8449,CASUAL
26510,9863,3863,DISTANT
26511,870,6222,CLOSE
26512,5531,8739,DISTANT
26513,1492,4435,CASUAL
26514,4715,4609,DISTANT
26515,5253,7835,DISTANT
26516,4976,5641,CASUAL
26517,6097,3996,CLOSE
26518,3593,6748,DISTANT
26519,996,3572,CLOSE
26520,4952,5567,CASUAL
26521,5537,8082,DISTANT
26522,9832,6810,CASUAL
26523,8780,5431,DISTANT
26524,107,209,DISTANT
26525,474,6536,DISTANT
26526,2923,4349,CLOSE
26527,4824,2748,DISTANT
26528,1095,5453,CLOSE
26529,8547,6367,DISTANT
26530,3118,5176,CLOSE
26531,4954,578,DISTANT
26532,8363,9201,CLOSE
26533,312,1526,CASUAL
26534,1126,9732,DISTANT
26535,5839,150,CLOSE
26536,3292,3287,DISTANT
26537,9691,9030,CASUAL
26538,4120,9070,CLOSE
26539,3843,241,DISTANT
26540,1372,5717,CASUAL
26541,8189,7388,CLOSE
26542,5157,2303,DISTANT
26543,2252,7437,DISTANT
26544,6205,7210,DISTANT
26545,7454,6377,CLOSE
26546,4363,9347,CASUAL
26547,9213,8078,DISTANT
26548,3357,6905,DISTANT
26549,1021,7071,DISTANT
26550,6002,2212,DISTANT
26551,5544,521,CLOSE
26552,2918,2717,CLOSE
26553,998,4513,DISTANT
26554,3557,3531,DISTANT
26555,2469,3272,CASUAL
26556,1085,2864,DISTANT
26557,9424,8683,DISTANT
26558,7394,7334,CASUAL
26559,8091,5487,CASUAL
26560,381,6524,CASUAL
26561,4463,3016,CLOSE
26562,3436,6177,DISTANT
26563,6312,1023,CASUAL
26564,9190,608,CLOSE
26565,7757,449,CASUAL
26566,9991,2789,DISTANT
26567,4362,8347,CLOSE
26568,7656,3822,CLOSE
26569,5715,9272,CLOSE
26570,2760,9279,DISTANT
26571,3462,2869,CLOSE
26572,9097,8864,CLOSE
26573,4151,9795,CASUAL
26574,6516,5279,DISTANT
26575,9300,5411,CASUAL
26576,1894,3461,DISTANT
26577,310,533,CLOSE
26578,655,7249,CLOSE
26579,5720,4543,CASUAL
26580,4465,877,DISTANT
26581,6114,1054,CASUAL
26582,2079,667,CLOSE
26583,9982,9564,DISTANT
26584,2906,1245,CASUAL
26585,3013,8434,CLOSE
26586,4898,3826,DISTANT
26587,6468,6439,DISTANT
26588,8,317,CLOSE
26589,3624,3672,CASUAL
26590,6852,2711,CASUAL
26591,2014,2239,CASUAL
26592,2740,651,DISTANT
26593,5647,2152,CLOSE
26594,8616,7518,DISTANT
26595,7307,2963,CLOSE
26596,1417,4260,CLOSE
26597,2743,4034,DISTANT
26598,9101,2601,CLOSE
26599,3018,7574,DISTANT
26600,3427,8465,DISTANT
26601,8317,5543,CLOSE
26602,6532,7360,CASUAL
26603,6798,5189,CASUAL
26604,2691,1328,DISTANT
26605,4474,7712,DISTANT
26606,1278,9863,DISTANT
26607,8785,6076,CLOSE
26608,5,6235,CASUAL
26609,5706,9047,CASUAL
26610,3516,7933,CLOSE
26611,8083,535,CASUAL
26612,8007,8666,CASUAL
26613,7223,9320,CASUAL
26614,2731,9893,DISTANT
26615,4683,2149,CASUAL
26616,2416,5044,CASUAL
26617,7129,999,CLOSE
26618,7164,469,DISTANT
26619,6244,5108,DISTANT
26620,1450,928,DISTANT
26621,8607,7732,CLOSE
26622,8047,8441,CASUAL
26623,4544,7279,CLOSE
26624,6157,6890,CASUAL
26625,9488,1264,CASUAL
26626,8870,6649,CLOSE
26627,9584,5261,DISTANT
26628,42,243,CLOSE
26629,6298,7826,CASUAL
26630,248,8109,DISTANT
26631,9331,2186,CASUAL
26632,4926,5057,DISTANT
26633,2803,467,CASUAL
26634,6646,5496,CASUAL
26635,5854,2279,CLOSE
26636,4149,1949,CASUAL
26637,7679,3746,CASUAL
26638,9709,1692,CLOSE
26639,979,377,DISTANT
26640,419,9679,CASUAL
26641,261,9988,CLOSE
26642,1098,7112,DISTANT
26643,4337,8083,DISTANT
26644,2219,2983,CLOSE
26645,1325,3222,CLOSE
26646,407,1654,CLOSE
26647,2881,2191,CASUAL
26648,3225,6687,CASUAL
26649,7353,1247,CASUAL
26650,6952,1547,DISTANT
26651,7440,8862,CLOSE
26652,3143,7581,CLOSE
26653,8667,507,DISTANT
26654,4771,8525,CASUAL
26655,1112,7671,CLOSE
26656,3181,7320,CLOSE
26657,9399,6154,CASUAL
26658,8960,3386,DISTANT
26659,7728,1617,DISTANT
26660,5136,538,DISTANT
26661,4278,6593,DISTANT
26662,3594,9731,CASUAL
26663,3744,9326,DISTANT
26664,8897,2992,DISTANT
26665,7188,3333,DISTANT
26666,1061,9803,DISTANT
26667,2721,8265,CASUAL
26668,3135,9955,DISTANT
26669,5197,7064,DISTANT
26670,1368,6700,DISTANT
26671,5400,9235,CASUAL
26672,9383,7138,DISTANT
26673,3168,6702,CASUAL
26674,1324,2385,CLOSE
26675,2682,3064,CLOSE
26676,171,1672,CLOSE
26677,232,6307,DISTANT
26678,3108,6241,DISTANT
26679,2633,233,CASUAL
26680,3684,7844,DISTANT
26681,9182,3723,DISTANT
26682,8877,6200,CLOSE
26683,4827,2312,DISTANT
26684,976,1761,CASUAL
26685,4579,2561,DISTANT
26686,1597,5345,CLOSE
26687,3914,5867,CLOSE
26688,6354,3895,CLOSE
26689,2584,2513,CASUAL
26690,5680,4323,DISTANT
26691,8018,5976,CLOSE
26692,6580,2746,CASUAL
26693,2831,5054,DISTANT
26694,9614,5874,CLOSE
26695,4442,2762,CLOSE
26696,9376,5795,CLOSE
26697,2001,2400,CASUAL
26698,3299,7265,DISTANT
26699,6468,5347,CASUAL
26700,8235,4064,DISTANT
26701,4411,6679,CLOSE
26702,2517,8194,CASUAL
26703,8079,729,CASUAL
26704,767,2981,CLOSE
26705,4403,8031,CASUAL
26706,6404,3294,CASUAL
26707,1537,7970,CLOSE
26708,4564,5344,CASUAL
26709,4803,475,DISTANT
26710,79,9317,CASUAL
26711,6106,6381,CLOSE
26712,638,8752,CLOSE
26713,6435,8055,CASUAL
26714,9929,5370,CLOSE
26715,5403,2938,CLOSE
26716,3407,3210,DISTANT
26717,5659,6289,CLOSE
26718,4279,7581,CLOSE
26719,6849,3325,CLOSE
26720,9623,3684,DISTANT
26721,891,643,CLOSE
26722,3,7658,CLOSE
26723,3027,1079,CASUAL
26724,7352,9767,CASUAL
26725,7199,2063,CLOSE
26726,284,7788,CLOSE
26727,3984,807,CLOSE
26728,4683,852,CLOSE
26729,5459,2534,CLOSE
26730,2059,2706,CASUAL
26731,1589,9591,CASUAL
26732,7028,2111,CLOSE
26733,7696,1177,CASUAL
26734,2912,893,CASUAL
26735,2709,399,CASUAL
26736,3530,5084,DISTANT
26737,3305,643,DISTANT
26738,2423,8184,CLOSE
26739,872,5579,CLOSE
26740,7002,6212,CLOSE
26741,2400,3397,CLOSE
26742,5864,6221,CASUAL
26743,2520,1503,DISTANT
26744,4293,8006,DISTANT
26745,3311,5718,DISTANT
26746,6205,9341,DISTANT
26747,6575,729,CASUAL
26748,5811,5326,CLOSE
26749,145,8725,CLOSE
26750,9775,2563,CLOSE
26751,8791,6809,CASUAL
26752,3509,1897,DISTANT
26753,3326,7484,CASUAL
26754,9806,9120,CASUAL
26755,3956,7169,CASUAL
26756,947,6667,DISTANT
26757,37,7323,DISTANT
26758,7299,858,CLOSE
26759,5589,3791,CASUAL
26760,9517,5792,CASUAL
26761,110,8499,CLOSE
26762,470,4293,DISTANT
26763,2290,1924,CASUAL
26764,786,9448,DISTANT
26765,1181,8212,CLOSE
26766,3911,583,DISTANT
26767,5982,1217,CLOSE
26768,9619,703,DISTANT
26769,4211,7174,DISTANT
26770,1117,1318,DISTANT
26771,9650,1053,DISTANT
26772,4133,2520,DISTANT
26773,5197,9651,CASUAL
26774,7475,5344,CLOSE
26775,625,3319,CLOSE
26776,8723,3835,CLOSE
26777,6454,4223,CLOSE
26778,2269,1296,DISTANT
26779,3593,4725,DISTANT
26780,5809,3338,DISTANT
26781,7450,2872,CLOSE
26782,5449,659,CASUAL
26783,9150,993,CLOSE
26784,7794,1832,CLOSE
26785,1242,9802,CASUAL
26786,2233,2312,CASUAL
26787,2789,4670,CASUAL
26788,8951,8382,DISTANT
26789,3556,6214,DISTANT
26790,2128,1389,DISTANT
26791,4571,6450,CASUAL
26792,481,2514,CLOSE
26793,8055,5587,CLOSE
26794,1453,4068,DISTANT
26795,5659,3542,CLOSE
26796,6058,9702,CASUAL
26797,919,4291,CLOSE
26798,8942,7863,CASUAL
26799,4498,3243,CLOSE
26800,8120,7693,CASUAL
26801,5262,2298,CASUAL
26802,9751,593,CLOSE
26803,1473,8179,DISTANT
26804,8134,8105,DISTANT
26805,9528,3285,CASUAL
26806,7010,3970,CLOSE
26807,8046,9133,DISTANT
26808,1107,3086,CASUAL
26809,7402,5153,CASUAL
26810,3081,285,CLOSE
26811,3779,2964,DISTANT
26812,8845,5892,CLOSE
26813,2825,7407,DISTANT
26814,9764,6762,CLOSE
26815,6736,1571,CLOSE
26816,4980,1927,DISTANT
26817,7634,6089,CASUAL
26818,8097,610,CLOSE
26819,6772,5449,CASUAL
26820,6378,6270,CASUAL
26821,6211,9425,CASUAL
26822,9641,7158,DISTANT
26823,4614,4361,CASUAL
26824,2549,5074,CLOSE
26825,9447,6766,CASUAL
26826,5738,833,CASUAL
26827,8635,3955,CASUAL
26828,7492,734,DISTANT
26829,9444,6725,CASUAL
26830,7212,9582,CASUAL
26831,5752,9535,CASUAL
26832,9604,1442,DISTANT
26833,6421,399,DISTANT
26834,496,1924,CLOSE
26835,8569,2802,DISTANT
26836,3500,7688,CLOSE
26837,2921,2907,CASUAL
26838,8708,8799,DISTANT
26839,8864,1969,DISTANT
26840,452,8488,CASUAL
26841,6617,3325,CASUAL
26842,4735,9134,CASUAL
26843,9606,8262,CASUAL
26844,4443,4003,DISTANT
26845,2871,2842,DISTANT
26846,9919,319,CASUAL
26847,4903,2914,CLOSE
26848,9461,1304,CASUAL
26849,9818,9423,CASUAL
26850,70,5177,DISTANT
26851,1432,9281,CLOSE
26852,3886,512,CASUAL
26853,7103,7979,DISTANT
26854,203,9746,DISTANT
26855,3564,8395,CLOSE
26856,5731,1740,CLOSE
26857,7744,5320,CLOSE
26858,7359,388,CLOSE
26859,1031,7666,CASUAL
26860,9423,9296,CASUAL
26861,4153,8112,CLOSE
26862,8216,3562,DISTANT
26863,1118,2943,CLOSE
26864,7362,6582,CLOSE
26865,468,627,CASUAL
26866,6904,5768,DISTANT
26867,4364,6579,CASUAL
26868,9747,9842,DISTANT
26869,1755,6271,DISTANT
26870,2935,8304,CLOSE
26871,9935,6382,DISTANT
26872,6345,1651,CLOSE
26873,503,9565,CASUAL
26874,3821,524,CLOSE
26875,8800,5936,DISTANT
26876,7593,1895,DISTANT
26877,8647,6304,CASUAL
26878,8012,82,CASUAL
26879,2926,1817,DISTANT
26880,4387,8055,CASUAL
26881,5371,2895,CASUAL
26882,2140,9623,CASUAL
26883,1438,3586,DISTANT
26884,6754,5098,CASUAL
26885,3908,874,CLOSE
26886,8825,8823,DISTANT
26887,7520,6078,CASUAL
26888,3810,410,DISTANT
26889,1141,8827,DISTANT
26890,1718,7024,CLOSE
26891,5328,3026,CASUAL
26892,9520,3816,CASUAL
26893,2539,482,DISTANT
26894,5725,293,CLOSE
26895,7213,3922,DISTANT
26896,6646,9341,CLOSE
26897,1700,4598,CASUAL
26898,4511,8008,CLOSE
26899,6792,2385,CASUAL
26900,2056,8882,DISTANT
26901,3265,656,DISTANT
26902,6717,6433,CLOSE
26903,5092,4043,CASUAL
26904,6343,1270,CLOSE
26905,3314,5129,CLOSE
26906,2247,4815,CASUAL
26907,6105,3015,CLOSE
26908,7684,1004,DISTANT
26909,4024,3488,CLOSE
26910,335,1944,CLOSE
26911,8714,3946,CLOSE
26912,589,228,CLOSE
26913,4166,1215,DISTANT
26914,3155,2162,CASUAL
26915,9445,7516,CLOSE
26916,5931,5453,CLOSE
26917,3994,5658,CLOSE
26918,5714,8799,DISTANT
26919,750,7054,CLOSE
26920,2966,6576,CLOSE
26921,1285,5427,CASUAL
26922,686,9134,DISTANT
26923,7326,4035,CASUAL
26924,6324,633,CASUAL
26925,4457,5728,CLOSE
26926,771,917,CASUAL
26927,4315,2062,CASUAL
26928,9109,8602,CLOSE
26929,8060,8030,CLOSE
26930,5711,4292,DISTANT
26931,9958,6749,CLOSE
26932,5785,6554,DISTANT
26933,334,4689,DISTANT
26934,6157,2483,CLOSE
26935,8576,4298,DISTANT
26936,1393,5816,DISTANT
26937,8111,3851,CASUAL
26938,4422,4550,DISTANT
26939,7748,669,CLOSE
26940,9279,8667,DISTANT
26941,4378,6089,DISTANT
26942,6488,4170,DISTANT
26943,3958,6543,CASUAL
26944,9445,7369,CASUAL
26945,3505,7905,CASUAL
26946,1556,2651,CLOSE
26947,7914,7243,CASUAL
26948,4588,3379,CLOSE
26949,6612,71,CLOSE
26950,7161,2020,CLOSE
26951,5925,7688,CLOSE
26952,9440,5969,DISTANT
26953,4939,5318,CLOSE
26954,7917,3887,CLOSE
26955,8760,6521,DISTANT
26956,6932,7699,DISTANT
26957,2898,8656,CLOSE
26958,7936,5810,CLOSE
26959,8289,7428,CLOSE
26960,8073,4938,CLOSE
26961,8091,3834,CLOSE
26962,3625,4938,CASUAL
26963,9517,6764,CLOSE
26964,7752,3044,DISTANT
26965,8391,1536,DISTANT
26966,1195,2090,CASUAL
26967,661,6945,CLOSE
26968,7892,4578,CLOSE
26969,4765,7332,DISTANT
26970,4128,2507,CLOSE
26971,7629,7913,CASUAL
26972,5902,8803,CASUAL
26973,8841,6034,CLOSE
26974,1349,7764,CLOSE
26975,5933,5755,DISTANT
26976,2099,5760,DISTANT
26977,7171,4619,CLOSE
26978,8213,2773,DISTANT
26979,9325,1578,CLOSE
26980,3746,388,CASUAL
26981,2465,4229,CLOSE
26982,8342,9588,CLOSE
26983,2644,4316,CLOSE
26984,766,110,DISTANT
26985,4276,268,DISTANT
26986,3927,3553,DISTANT
26987,6429,5198,CASUAL
26988,689,6054,DISTANT
26989,8239,8639,CLOSE
26990,6450,2937,CASUAL
26991,5502,978,DISTANT
26992,6527,773,CASUAL
26993,1777,877,CASUAL
26994,7317,8733,DISTANT
26995,3121,7381,CASUAL
26996,6066,5914,DISTANT
26997,6730,6977,CLOSE
26998,6196,4971,DISTANT
26999,9235,1969,CASUAL
27000,5289,7812,CASUAL
27001,3055,8266,DISTANT
27002,2881,761,CASUAL
27003,3480,9332,CLOSE
27004,7765,5550,DISTANT
27005,5303,622,CLOSE
27006,6003,6777,CLOSE
27007,2117,3102,CLOSE
27008,1447,6565,CASUAL
27009,111,7922,CLOSE
27010,174,6209,DISTANT
27011,7121,1831,DISTANT
27012,3428,4222,DISTANT
27013,9,5824,CLOSE
27014,3586,5767,DISTANT
27015,2481,7800,CLOSE
27016,3008,5540,DISTANT
27017,3070,1528,DISTANT
27018,577,7546,CASUAL
27019,47,4450,CASUAL
27020,7772,9531,CASUAL
27021,4839,3858,DISTANT
27022,4551,898,CLOSE
27023,873,3349,CASUAL
27024,282,959,DISTANT
27025,2330,4611,CASUAL
27026,7487,4847,CLOSE
27027,2161,5797,CASUAL
27028,7612,7052,CLOSE
27029,399,94,CASUAL
27030,9837,4372,CASUAL
27031,3008,5552,CLOSE
27032,1910,4265,DISTANT
27033,6207,7668,DISTANT
27034,5567,9689,CASUAL
27035,6063,6636,CLOSE
27036,4292,8738,CLOSE
27037,4417,9320,DISTANT
27038,1636,1426,CASUAL
27039,5456,9484,DISTANT
27040,1289,1780,CLOSE
27041,4740,8488,CLOSE
27042,3208,4703,CASUAL
27043,4005,9953,CLOSE
27044,4354,3358,DISTANT
27045,4717,5197,CLOSE
27046,9705,1472,CASUAL
27047,2854,7766,CLOSE
27048,1222,1244,DISTANT
27049,5558,4012,CASUAL
27050,9792,9230,CASUAL
27051,7053,834,DISTANT
27052,9741,1506,CASUAL
27053,4584,8219,CASUAL
27054,3230,5320,CASUAL
27055,7616,9217,CLOSE
27056,7509,3720,DISTANT
27057,6275,926,CLOSE
27058,5840,775,CLOSE
27059,4102,1673,CASUAL
27060,2219,5852,CASUAL
27061,3229,6679,DISTANT
27062,1436,4785,CLOSE
27063,9777,8189,DISTANT
27064,6906,9355,DISTANT
27065,2651,2864,CASUAL
27066,7376,4746,CLOSE
27067,4484,1338,CASUAL
27068,1763,2848,CLOSE
27069,8530,7444,CASUAL
27070,5124,4180,CASUAL
27071,8032,218,DISTANT
27072,6536,3565,CASUAL
27073,3078,5430,DISTANT
27074,8279,6587,CASUAL
27075,5613,6730,CLOSE
27076,6129,8617,CASUAL
27077,97,9781,CLOSE
27078,3681,1583,CASUAL
27079,8066,1657,CLOSE
27080,2991,6207,CLOSE
27081,7484,6283,DISTANT
27082,8895,1503,DISTANT
27083,5378,3675,DISTANT
27084,5041,940,DISTANT
27085,2096,1899,DISTANT
27086,9933,4323,CASUAL
27087,8118,46,DISTANT
27088,6575,8656,DISTANT
27089,4470,208,CASUAL
27090,9571,7893,DISTANT
27091,4725,733,CLOSE
27092,6319,2556,CASUAL
27093,5646,3814,CASUAL
27094,6649,4857,CLOSE
27095,4410,4319,DISTANT
27096,1973,9721,DISTANT
27097,2460,8272,CLOSE
27098,9243,162,CASUAL
27099,6400,568,CASUAL
27100,3683,9802,DISTANT
27101,498,1773,CASUAL
27102,9068,1620,CASUAL
27103,3448,7443,DISTANT
27104,6301,603,CLOSE
27105,949,6213,CASUAL
27106,1423,7233,CASUAL
27107,4821,8349,CLOSE
27108,9563,1393,CASUAL
27109,5460,7092,CASUAL
27110,5640,6536,CASUAL
27111,6149,7404,DISTANT
27112,1481,9438,DISTANT
27113,4487,5304,DISTANT
27114,7638,4134,CLOSE
27115,2785,368,DISTANT
27116,8178,2886,CLOSE
27117,4928,3812,CLOSE
27118,4612,4193,CLOSE
27119,8638,9730,CASUAL
27120,6845,835,CASUAL
27121,5184,4847,CLOSE
27122,2801,3079,CASUAL
27123,7519,9863,CASUAL
27124,9648,3710,DISTANT
27125,1636,7749,DISTANT
27126,4600,1460,CASUAL
27127,5754,1922,CLOSE
27128,5834,8370,CASUAL
27129,91,5155,DISTANT
27130,4057,969,CASUAL
27131,1445,3771,CLOSE
27132,7201,1336,CLOSE
27133,449,7819,DISTANT
27134,6932,1562,DISTANT
27135,2633,6452,DISTANT
27136,1780,4379,CLOSE
27137,4819,3893,CLOSE
27138,3093,8662,CASUAL
27139,6645,8178,CASUAL
27140,5825,5985,CASUAL
27141,532,8739,DISTANT
27142,5441,3470,CASUAL
27143,9698,4740,DISTANT
27144,6318,544,CASUAL
27145,8706,7789,CLOSE
27146,1421,1537,CASUAL
27147,9000,5665,CASUAL
27148,9652,4340,CLOSE
27149,6481,7252,DISTANT
27150,8397,7743,DISTANT
27151,7163,9037,DISTANT
27152,6694,5592,CASUAL
27153,2992,4936,DISTANT
27154,1548,7895,CASUAL
27155,2263,1986,CLOSE
27156,5460,9174,CASUAL
27157,1837,2635,CLOSE
27158,7401,5583,DISTANT
27159,2681,9310,CLOSE
27160,143,4821,DISTANT
27161,9261,4505,DISTANT
27162,3591,7480,CLOSE
27163,9550,8685,CASUAL
27164,8740,4140,DISTANT
27165,3081,563,CLOSE
27166,1918,6856,CASUAL
27167,5935,8720,DISTANT
27168,5572,9099,CASUAL
27169,5363,8132,DISTANT
27170,9925,8018,CASUAL
27171,7362,4168,CLOSE
27172,2772,9618,CLOSE
27173,5281,6970,CLOSE
27174,5649,559,CLOSE
27175,4549,9391,DISTANT
27176,4172,9196,CLOSE
27177,5176,9758,CASUAL
27178,1986,4051,CASUAL
27179,4617,4865,CASUAL
27180,1225,3516,CASUAL
27181,6351,3406,CLOSE
27182,4182,3004,DISTANT
27183,3974,4653,DISTANT
27184,5473,3944,DISTANT
27185,4766,3042,CLOSE
27186,5405,3294,CASUAL
27187,5735,2242,CLOSE
27188,9470,8236,CLOSE
27189,644,9257,CASUAL
27190,6303,5260,CLOSE
27191,2064,6379,DISTANT
27192,7260,7398,CASUAL
27193,2685,4720,DISTANT
27194,2979,9677,CLOSE
27195,4066,8141,DISTANT
27196,1576,4421,DISTANT
27197,7345,8203,CLOSE
27198,3004,7400,CLOSE
27199,4690,1350,CASUAL
27200,4128,4679,CLOSE
27201,3642,7060,DISTANT
27202,2034,337,DISTANT
27203,4830,5044,CLOSE
27204,7740,1638,DISTANT
27205,341,7084,DISTANT
27206,7608,6123,DISTANT
27207,2056,6358,DISTANT
27208,4131,5285,DISTANT
27209,3579,403,CASUAL
27210,9866,1513,CASUAL
27211,7839,2952,DISTANT
27212,1348,7612,DISTANT
27213,79,4239,DISTANT
27214,7615,371,CASUAL
27215,9117,501,CLOSE
27216,8637,5742,CASUAL
27217,870,8624,DISTANT
27218,3822,281,DISTANT
27219,1622,1296,CASUAL
27220,8853,7731,CLOSE
27221,9777,2864,CLOSE
27222,5819,1562,DISTANT
27223,2567,134,CASUAL
27224,462,572,CASUAL
27225,9751,2938,CASUAL
27226,6952,9106,CLOSE
27227,3070,2628,CLOSE
27228,3967,2455,CASUAL
27229,4370,4018,CASUAL
27230,4113,9809,CASUAL
27231,7805,2430,CLOSE
27232,2416,4466,CASUAL
27233,9229,7833,CLOSE
27234,4812,8746,CASUAL
27235,370,1834,CLOSE
27236,3030,1649,CASUAL
27237,4045,8035,DISTANT
27238,7750,3986,DISTANT
27239,865,5584,CASUAL
27240,6360,1535,DISTANT
27241,6065,81,DISTANT
27242,9666,2884,CLOSE
27243,8489,8381,CASUAL
27244,4677,2243,CLOSE
27245,5655,1250,CASUAL
27246,5256,8181,CASUAL
27247,280,4094,DISTANT
27248,8367,1551,CLOSE
27249,8236,4937,CLOSE
27250,5905,5014,CASUAL
27251,6665,6144,DISTANT
27252,2720,1802,CASUAL
27253,5398,1588,DISTANT
27254,4125,4909,CASUAL
27255,2704,5798,DISTANT
27256,6035,2186,DISTANT
27257,4329,5203,DISTANT
27258,4738,4506,DISTANT
27259,150,6270,DISTANT
27260,403,5618,CASUAL
27261,8131,3660,DISTANT
27262,7211,3149,DISTANT
27263,1854,3280,CLOSE
27264,8270,430,DISTANT
27265,8770,3431,CLOSE
27266,1178,7141,DISTANT
27267,4742,8644,CLOSE
27268,8797,8025,CASUAL
27269,8483,7606,CLOSE
27270,3037,2862,CLOSE
27271,251,413,DISTANT
27272,3087,6554,CLOSE
27273,5974,3353,CLOSE
27274,1979,6699,DISTANT
27275,7606,1661,CLOSE
27276,9846,6900,CLOSE
27277,3621,3844,CLOSE
27278,9473,9395,DISTANT
27279,5105,716,DISTANT
27280,7041,4114,CASUAL
27281,1794,1451,DISTANT
27282,1499,8793,CLOSE
27283,1230,2401,CASUAL
27284,5857,2958,DISTANT
27285,611,668,CASUAL
27286,2381,9110,CLOSE
27287,442,1934,CLOSE
27288,3071,9653,DISTANT
27289,3284,3900,CLOSE
27290,8447,4675,CASUAL
27291,3742,8046,DISTANT
27292,7166,1237,CLOSE
27293,3709,5768,DISTANT
27294,8570,5506,CLOSE
27295,9236,1538,CASUAL
27296,9232,3724,CLOSE
27297,7694,3290,DISTANT
27298,2498,7801,CLOSE
27299,8046,67,CLOSE
27300,3222,4324,CASUAL
27301,1487,8973,DISTANT
27302,7634,3629,DISTANT
27303,2124,5809,CLOSE
27304,7872,9932,CASUAL
27305,8361,5025,CLOSE
27306,5814,1812,CASUAL
27307,9153,5817,CLOSE
27308,1732,5817,CASUAL
27309,3153,5544,CLOSE
27310,4589,5266,DISTANT
27311,8123,1267,CASUAL
27312,4184,9407,DISTANT
27313,104,2182,DISTANT
27314,8206,5587,CASUAL
27315,8349,1914,CASUAL
27316,7050,1569,DISTANT
27317,9274,1627,CASUAL
27318,5051,1035,CLOSE
27319,8110,987,CLOSE
27320,8231,1875,CASUAL
27321,3,2297,DISTANT
27322,6030,3670,DISTANT
27323,6143,6537,CASUAL
27324,8812,8093,CASUAL
27325,7361,4772,CLOSE
27326,8535,6653,CLOSE
27327,7944,2509,DISTANT
27328,1021,3328,CLOSE
27329,358,4245,DISTANT
27330,8680,3740,DISTANT
27331,9702,7845,CASUAL
27332,9856,6558,CLOSE
27333,8488,1668,CLOSE
27334,5457,4650,CLOSE
27335,2896,5940,DISTANT
27336,4568,5195,DISTANT
27337,8911,261,CASUAL
27338,6688,5717,CLOSE
27339,9740,8479,DISTANT
27340,1816,7309,DISTANT
27341,6237,7723,DISTANT
27342,7097,6320,DISTANT
27343,8443,2852,CASUAL
27344,3512,3213,DISTANT
27345,9247,5075,CLOSE
27346,9220,1123,DISTANT
27347,7011,2701,DISTANT
27348,5066,1448,CASUAL
27349,7782,6164,CLOSE
27350,3615,5500,CASUAL
27351,1788,4076,CLOSE
27352,5124,5317,CLOSE
27353,1292,3292,CLOSE
27354,1644,8924,CLOSE
27355,2811,9895,DISTANT
27356,8301,6458,CLOSE
27357,1818,628,CLOSE
27358,6726,4717,CLOSE
27359,4083,5898,CLOSE
27360,3476,9026,CASUAL
27361,5795,395,CASUAL
27362,4430,9903,DISTANT
27363,6033,5539,CLOSE
27364,5623,5676,DISTANT
27365,8482,8752,DISTANT
27366,2717,669,CASUAL
27367,7410,6726,DISTANT
27368,939,3598,CLOSE
27369,9068,5503,CLOSE
27370,2318,4078,CASUAL
27371,9658,9656,DISTANT
27372,7785,3172,DISTANT
27373,9037,7728,CLOSE
27374,4681,1534,CASUAL
27375,8340,9362,CASUAL
27376,6776,6794,DISTANT
27377,7768,2282,DISTANT
27378,5554,3384,DISTANT
27379,5875,28,CASUAL
27380,7979,6334,DISTANT
27381,7403,132,CLOSE
27382,3090,9914,CLOSE
27383,7428,979,CLOSE
27384,5300,9224,CASUAL
27385,4901,1541,CLOSE
27386,4358,6771,CLOSE
27387,8822,5868,CLOSE
27388,3693,6976,DISTANT
27389,1562,7368,DISTANT
27390,4226,7604,CLOSE
27391,987,2426,CLOSE
27392,4639,1458,DISTANT
27393,7849,8452,CLOSE
27394,4793,865,CASUAL
27395,9248,227,DISTANT
27396,4791,3700,DISTANT
27397,7646,931,DISTANT
27398,5809,688,CASUAL
27399,838,7930,CLOSE
27400,6824,5841,DISTANT
27401,1190,3722,DISTANT
27402,6672,3020,CLOSE
27403,5958,6175,CLOSE
27404,8272,4168,CASUAL
27405,2508,8920,CLOSE
27406,2137,7050,CASUAL
27407,6289,3287,CLOSE
27408,524,9993,CASUAL
27409,3821,8048,DISTANT
27410,5887,4935,CASUAL
27411,9535,699,CLOSE
27412,2348,2147,DISTANT
27413,8637,9447,CASUAL
27414,9673,5481,CLOSE
27415,3165,8353,CLOSE
27416,5455,8250,CASUAL
27417,4600,4149,DISTANT
27418,9230,9177,CASUAL
27419,5161,7780,DISTANT
27420,1356,3905,CASUAL
27421,3268,2514,CASUAL
27422,1227,6931,CASUAL
27423,5269,1189,CLOSE
27424,2054,8109,DISTANT
27425,2829,4533,CASUAL
27426,9267,4883,DISTANT
27427,252,4058,CLOSE
27428,2035,2187,DISTANT
27429,8289,5662,CASUAL
27430,4990,1723,CLOSE
27431,8386,1828,CLOSE
27432,8407,9252,CASUAL
27433,1963,5370,CLOSE
27434,6389,427,CLOSE
27435,2054,9524,CASUAL
27436,2442,16,CLOSE
27437,7399,5882,CLOSE
27438,6030,5216,CASUAL
27439,7049,4848,DISTANT
27440,8930,6522,DISTANT
27441,1638,8888,CLOSE
27442,3879,644,CASUAL
27443,141,6340,DISTANT
27444,764,2981,CLOSE
27445,2773,1740,CLOSE
27446,4229,619,CLOSE
27447,5064,2708,DISTANT
27448,3569,117,CLOSE
27449,7396,4950,CASUAL
27450,9185,9539,CLOSE
27451,8963,3790,DISTANT
27452,1928,9317,DISTANT
27453,8984,7996,CLOSE
27454,4527,6451,DISTANT
27455,8882,261,CLOSE
27456,3083,6579,CASUAL
27457,1610,6268,CASUAL
27458,5821,1787,DISTANT
27459,3779,3249,CASUAL
27460,7525,4170,CLOSE
27461,4620,4689,CASUAL
27462,6120,7055,CLOSE
27463,9785,9629,CASUAL
27464,5417,7203,DISTANT
27465,6222,6812,DISTANT
27466,8326,7271,CASUAL
27467,9011,7734,CASUAL
27468,8630,6261,DISTANT
27469,5757,7050,DISTANT
27470,248,9760,CLOSE
27471,5495,2364,CLOSE
27472,531,884,DISTANT
27473,8278,9831,CLOSE
27474,8326,2120,CLOSE
27475,1295,1332,DISTANT
27476,1737,2254,CASUAL
27477,9271,4341,DISTANT
27478,4558,7865,DISTANT
27479,2560,54,CLOSE
27480,663,7015,CLOSE
27481,7454,8831,CASUAL
27482,8148,6751,CLOSE
27483,6293,1229,CLOSE
27484,1550,8249,CLOSE
27485,6163,4152,CASUAL
27486,2238,4642,DISTANT
27487,3008,9315,CASUAL
27488,8472,3054,CASUAL
27489,4351,9242,CASUAL
27490,2897,2797,CASUAL
27491,4441,2755,CASUAL
27492,5368,3742,CLOSE
27493,780,1700,CLOSE
27494,234,6135,CLOSE
27495,3525,2753,CLOSE
27496,8315,3451,CLOSE
27497,9985,4869,CASUAL
27498,4593,4208,DISTANT
27499,9896,551,CLOSE
27500,4385,2683,DISTANT
27501,1369,1039,CLOSE
27502,3677,5530,CLOSE
27503,2976,2993,CASUAL
27504,3722,1870,CASUAL
27505,6535,4627,CASUAL
27506,7483,9095,CLOSE
27507,2389,9456,CASUAL
27508,6239,7502,DISTANT
27509,5650,145,CLOSE
27510,6317,7142,CLOSE
27511,366,9164,CASUAL
27512,8577,2747,CASUAL
27513,2729,3737,CASUAL
27514,3669,6335,DISTANT
27515,2193,795,CLOSE
27516,6755,5988,CLOSE
27517,2083,2753,CASUAL
27518,1626,9418,CLOSE
27519,6218,4650,CASUAL
27520,7997,378,DISTANT
27521,1425,6214,CASUAL
27522,857,1175,CASUAL
27523,3867,8597,CLOSE
27524,245,2931,CLOSE
27525,1874,5886,DISTANT
27526,2292,9484,CLOSE
27527,8879,6024,DISTANT
27528,3047,6980,CLOSE
27529,6434,7270,CLOSE
27530,3094,994,CLOSE
27531,2034,9710,DISTANT
27532,5684,1683,DISTANT
27533,7134,3702,CASUAL
27534,2928,7505,DISTANT
27535,3837,3038,CLOSE
27536,9907,5364,CASUAL
27537,7724,2615,CASUAL
27538,4760,3982,DISTANT
27539,3562,2500,DISTANT
27540,8035,3323,CASUAL
27541,1278,984,CASUAL
27542,2863,6552,CLOSE
27543,2829,6762,CASUAL
27544,2449,5421,DISTANT
27545,8856,8928,DISTANT
27546,7879,5961,CLOSE
27547,4845,8079,CLOSE
27548,2170,8957,DISTANT
27549,2676,8406,DISTANT
27550,310,8972,CLOSE
27551,8829,7332,CASUAL
27552,652,5518,DISTANT
27553,187,8908,CASUAL
27554,8370,7449,CLOSE
27555,6319,6267,CLOSE
27556,334,2213,CASUAL
27557,6055,7965,CASUAL
27558,3287,2120,DISTANT
27559,96,3385,CASUAL
27560,6477,7913,CLOSE
27561,4259,7512,CASUAL
27562,5336,3718,DISTANT
27563,1183,567,CLOSE
27564,4285,8337,DISTANT
27565,2444,4513,CLOSE
27566,5184,6344,CLOSE
27567,7642,3536,CLOSE
27568,4877,988,DISTANT
27569,1291,869,DISTANT
27570,4868,488,CLOSE
27571,22,1284,CASUAL
27572,875,6964,CLOSE
27573,63,2692,CLOSE
27574,8584,997,CASUAL
27575,9869,1606,DISTANT
27576,6526,5484,CASUAL
27577,7291,1386,DISTANT
27578,7234,2884,CLOSE
27579,8753,7901,DISTANT
27580,5624,6349,DISTANT
27581,5895,5062,CLOSE
27582,9266,5475,DISTANT
27583,732,3422,CASUAL
27584,2161,9059,CASUAL
27585,7923,8308,CASUAL
27586,7968,6391,CASUAL
27587,5416,2430,DISTANT
27588,2968,5290,CASUAL
27589,9415,7860,CLOSE
27590,506,153,CLOSE
27591,3899,8918,CASUAL
27592,9383,6125,CASUAL
27593,272,8386,DISTANT
27594,5892,9172,DISTANT
27595,2461,4950,CLOSE
27596,387,4517,CASUAL
27597,7624,6408,DISTANT
27598,4007,5271,CLOSE
27599,8657,6007,DISTANT
27600,7744,5251,CASUAL
27601,6055,7540,CASUAL
27602,4106,9096,CASUAL
27603,742,9701,DISTANT
27604,3774,1337,DISTANT
27605,4347,1522,CASUAL
27606,3464,718,CASUAL
27607,3668,2528,CASUAL
27608,1691,2894,DISTANT
27609,1099,1790,CASUAL
27610,3224,6970,CLOSE
27611,319,5192,DISTANT
27612,9774,8264,CASUAL
27613,7,3475,CASUAL
27614,8091,5655,CASUAL
27615,7740,9540,CASUAL
27616,7794,6619,CLOSE
27617,4038,5261,DISTANT
27618,2358,4099,CASUAL
27619,4514,9697,CLOSE
27620,2882,1488,CLOSE
27621,3004,828,CLOSE
27622,9621,3122,DISTANT
27623,6007,6070,CLOSE
27624,7874,4879,CASUAL
27625,7573,9475,CASUAL
27626,2311,2520,CLOSE
27627,8847,5019,CLOSE
27628,3096,6439,CLOSE
27629,4449,5471,DISTANT
27630,9105,1698,CASUAL
27631,4308,112,DISTANT
27632,4149,4543,CASUAL
27633,8522,1597,CLOSE
27634,9712,3920,CLOSE
27635,5150,4194,DISTANT
27636,4634,6522,CLOSE
27637,147,2697,CLOSE
27638,7227,5486,CASUAL
27639,6654,7946,CASUAL
27640,7316,6691,CLOSE
27641,9847,3536,CLOSE
27642,8349,2424,CASUAL
27643,9009,9319,CLOSE
27644,5999,5189,DISTANT
27645,9446,8920,CASUAL
27646,142,1402,CLOSE
27647,7518,254,CASUAL
27648,8432,7654,CASUAL
27649,6332,1921,CASUAL
27650,4928,8012,CLOSE
27651,8300,8017,CASUAL
27652,1569,1120,DISTANT
27653,3779,6253,CASUAL
27654,9869,823,DISTANT
27655,9337,6069,DISTANT
27656,9082,2120,CLOSE
27657,9720,5523,DISTANT
27658,6129,3063,CLOSE
27659,5724,6032,CASUAL
27660,9310,3574,DISTANT
27661,2571,2832,CLOSE
27662,8770,7476,CASUAL
27663,1771,8673,DISTANT
27664,5309,2795,DISTANT
27665,3046,1731,CASUAL
27666,6678,7564,DISTANT
27667,7137,1158,CLOSE
27668,2728,6235,CLOSE
27669,7867,1239,CLOSE
27670,7175,3136,CLOSE
27671,3204,4668,DISTANT
27672,1441,4717,CLOSE
27673,1959,2849,DISTANT
27674,2159,7138,DISTANT
27675,863,9349,DISTANT
27676,8107,1165,CASUAL
27677,3791,7296,CASUAL
27678,9613,2814,CLOSE
27679,4382,6070,CLOSE
27680,5544,2725,CASUAL
27681,4538,6281,DISTANT
27682,3898,9788,CLOSE
27683,3978,3452,CASUAL
27684,6430,176,DISTANT
27685,6112,5192,CASUAL
27686,7768,4049,CLOSE
27687,573,1498,DISTANT
27688,4379,5182,CASUAL
27689,6537,2365,DISTANT
27690,5866,8618,CLOSE
27691,3025,4835,DISTANT
27692,8463,1683,DISTANT
27693,1030,8474,CLOSE
27694,3907,7478,DISTANT
27695,2089,2148,CASUAL
27696,9823,2365,CASUAL
27697,4664,7871,DISTANT
27698,8556,9458,CASUAL
27699,1870,8793,DISTANT
27700,1681,4363,CASUAL
27701,7056,8175,CLOSE
27702,1105,6180,CLOSE
27703,1136,7013,DISTANT
27704,1489,3626,CASUAL
27705,9820,6606,CLOSE
27706,117,4373,CLOSE
27707,6546,21,CLOSE
27708,3877,1192,DISTANT
27709,5232,4382,CLOSE
27710,7520,4586,DISTANT
27711,4909,2098,CASUAL
27712,1086,1324,DISTANT
27713,4858,961,CLOSE
27714,5578,6517,CASUAL
27715,7934,15,CLOSE
27716,3191,1673,DISTANT
27717,2957,6862,CASUAL
27718,4072,4546,CLOSE
27719,2807,2827,CLOSE
27720,7512,7759,DISTANT
27721,1738,7208,CLOSE
27722,2617,7193,CLOSE
27723,4141,6730,CASUAL
27724,6665,3863,CLOSE
27725,3452,5324,CASUAL
27726,844,5732,DISTANT
27727,1529,4750,CASUAL
27728,419,3864,CLOSE
27729,4486,8154,CASUAL
27730,7521,4344,CLOSE
27731,9647,5416,CASUAL
27732,8516,7833,CLOSE
27733,3212,6612,CASUAL
27734,3166,7131,DISTANT
27735,1817,479,DISTANT
27736,2007,900,CASUAL
27737,2342,8683,CASUAL
27738,9535,3759,CLOSE
27739,5077,5386,DISTANT
27740,5659,5404,DISTANT
27741,5212,2570,DISTANT
27742,8250,8034,CASUAL
27743,907,311,CASUAL
27744,1776,1672,CASUAL
27745,7281,5869,DISTANT
27746,8895,8418,DISTANT
27747,1390,7634,CLOSE
27748,7035,7666,CASUAL
27749,4,1344,DISTANT
27750,8796,8272,CLOSE
27751,2134,5018,CLOSE
27752,2599,884,CASUAL
27753,3862,5815,DISTANT
27754,9807,5355,CASUAL
27755,4467,6607,DISTANT
27756,5462,4139,CLOSE
27757,8048,4293,CASUAL
27758,287,8905,CLOSE
27759,4938,289,CASUAL
27760,4255,7247,CLOSE
27761,6837,3542,DISTANT
27762,3668,407,CLOSE
27763,8094,4246,CASUAL
27764,503,3284,CASUAL
27765,8253,5117,CLOSE
27766,8356,3908,DISTANT
27767,189,6295,CLOSE
27768,14,2430,DISTANT
27769,2994,5487,CLOSE
27770,2797,875,CLOSE
27771,9525,4475,CASUAL
27772,5696,896,CASUAL
27773,1801,4482,DISTANT
27774,1037,825,CASUAL
27775,5466,5838,CLOSE
27776,6611,8776,CASUAL
27777,9749,8280,DISTANT
27778,1442,3080,CLOSE
27779,2829,6321,CASUAL
27780,4455,2643,CASUAL
27781,2095,9357,CASUAL
27782,3406,8462,CLOSE
27783,2809,6150,CLOSE
27784,9724,4182,CASUAL
27785,2444,6590,DISTANT
27786,5955,5891,CLOSE
27787,9649,9318,CLOSE
27788,7888,5867,CLOSE
27789,7935,6952,CASUAL
27790,6076,5933,DISTANT
27791,293,8690,CASUAL
27792,6084,3352,CLOSE
27793,900,7895,DISTANT
27794,4753,1911,DISTANT
27795,4969,4531,DISTANT
27796,1150,5273,CLOSE
27797,5208,7853,DISTANT
27798,434,6138,CASUAL
27799,7389,6604,CLOSE
27800,8622,3788,DISTANT
27801,727,7791,CLOSE
27802,763,4045,DISTANT
27803,1195,9377,CLOSE
27804,726,7445,CASUAL
27805,8880,3329,CASUAL
27806,1389,2566,DISTANT
27807,7202,9378,DISTANT
27808,8750,5957,CLOSE
27809,3177,278,CLOSE
27810,4602,5849,CASUAL
27811,1076,5494,CASUAL
27812,6965,9085,CLOSE
27813,8779,4210,CASUAL
27814,8220,617,DISTANT
27815,4463,4718,CLOSE
27816,3774,912,CASUAL
27817,9480,4753,CASUAL
27818,5196,7470,CASUAL
27819,834,9973,CASUAL
27820,2619,3855,DISTANT
27821,6083,5624,CLOSE
27822,9017,424,DISTANT
27823,5501,678,CASUAL
27824,1774,1450,DISTANT
27825,6228,5892,CLOSE
27826,9955,4921,CLOSE
27827,3105,2908,CASUAL
27828,6091,3964,CASUAL
27829,9008,4513,CASUAL
27830,4359,7816,DISTANT
27831,6341,7499,DISTANT
27832,335,2690,CLOSE
27833,6691,2881,CLOSE
27834,2578,6378,DISTANT
27835,3530,5932,CASUAL
27836,5836,3791,DISTANT
27837,7540,1586,CASUAL
27838,9397,1373,CLOSE
27839,5176,4466,DISTANT
27840,8259,5412,DISTANT
27841,6089,5244,CASUAL
27842,3336,7787,DISTANT
27843,7853,832,DISTANT
27844,5487,1340,CASUAL
27845,3952,5365,CLOSE
27846,1998,8944,CASUAL
27847,7615,9972,CLOSE
27848,8743,3869,CASUAL
27849,6445,9745,DISTANT
27850,8946,7964,DISTANT
27851,796,2415,CLOSE
27852,80,746,DISTANT
27853,9599,761,CLOSE
27854,1822,8541,CASUAL
27855,8751,3658,CASUAL
27856,9206,9943,DISTANT
27857,3889,7389,CLOSE
27858,3627,4929,CASUAL
27859,7282,4662,CLOSE
27860,5413,2191,CLOSE
27861,3784,9573,DISTANT
27862,999,6475,CASUAL
27863,8011,899,DISTANT
27864,5445,9354,CLOSE
27865,1922,25,CLOSE
27866,8416,3137,DISTANT
27867,6948,7829,DISTANT
27868,6051,7076,CASUAL
27869,9949,4004,CASUAL
27870,5797,6828,CASUAL
27871,5275,4870,CASUAL
27872,8588,3867,CLOSE
27873,417,7965,CLOSE
27874,2364,6018,CASUAL
27875,7276,1485,CLOSE
27876,5557,715,DISTANT
27877,4747,7116,CLOSE
27878,1040,9738,CLOSE
27879,9491,2559,DISTANT
27880,4967,5732,CLOSE
27881,8722,5871,DISTANT
27882,5857,9,DISTANT
27883,3942,4235,CLOSE
27884,756,9585,CASUAL
27885,3435,5625,DISTANT
27886,4235,3781,CASUAL
27887,521,1247,CLOSE
27888,4881,1520,DISTANT
27889,2451,7082,CASUAL
27890,5501,7523,CASUAL
27891,1548,5593,CASUAL
27892,1936,7003,CLOSE
27893,2893,8950,CASUAL
27894,1700,8512,CASUAL
27895,2544,6786,CLOSE
27896,7185,1780,DISTANT
27897,2072,5329,CASUAL
27898,3681,3675,CLOSE
27899,3999,9018,DISTANT
27900,9,9555,DISTANT
27901,8435,8144,CASUAL
27902,2013,5427,DISTANT
27903,5064,6556,DISTANT
27904,8182,3262,CLOSE
27905,2046,7313,CASUAL
27906,5355,1462,DISTANT
27907,2507,3628,CASUAL
27908,2981,352,DISTANT
27909,162,4848,CLOSE
27910,6578,2910,DISTANT
27911,608,6055,DISTANT
27912,7405,6007,DISTANT
27913,2407,8263,CASUAL
27914,368,840,DISTANT
27915,6057,9025,CASUAL
27916,5180,8353,CLOSE
27917,8226,3597,CLOSE
27918,3623,9440,CLOSE
27919,5111,7191,CLOSE
27920,3513,2894,CLOSE
27921,1342,6474,CLOSE
27922,8343,1015,DISTANT
27923,8459,8549,DISTANT
27924,1051,7267,CASUAL
27925,636,7,CASUAL
27926,5976,2185,CASUAL
27927,2601,6201,DISTANT
27928,6957,6809,DISTANT
27929,1205,1380,DISTANT
27930,2549,6213,DISTANT
27931,9568,8109,CLOSE
27932,6984,4726,CLOSE
27933,5627,3663,DISTANT
27934,5817,2334,CASUAL
27935,9891,5459,CLOSE
27936,3610,30,DISTANT
27937,6240,2652,CLOSE
27938,7175,8080,CLOSE
27939,7240,3061,DISTANT
27940,6492,1554,CLOSE
27941,5943,3735,DISTANT
27942,5394,6718,CASUAL
27943,6884,7517,CASUAL
27944,5828,7862,CASUAL
27945,4734,3637,DISTANT
27946,9024,7206,CASUAL
27947,1626,4797,CLOSE
27948,3786,9842,CLOSE
27949,9326,9705,CASUAL
27950,7517,2762,CASUAL
27951,7299,8621,CASUAL
27952,9871,6394,DISTANT
27953,5390,3284,CASUAL
27954,5524,1768,CASUAL
27955,5286,6152,DISTANT
27956,6869,8459,CASUAL
27957,5743,5619,CLOSE
27958,7626,6853,CASUAL
27959,8604,7015,DISTANT
27960,8599,3644,CLOSE
27961,6326,5266,CASUAL
27962,8299,4893,DISTANT
27963,8394,7189,DISTANT
27964,2788,1011,CLOSE
27965,2765,5981,DISTANT
27966,4894,6063,DISTANT
27967,9292,9449,CASUAL
27968,883,5704,CASUAL
27969,8713,8021,CLOSE
27970,9194,8810,DISTANT
27971,7073,5018,CLOSE
27972,9022,8208,DISTANT
27973,66,1131,CASUAL
27974,1227,9253,CLOSE
27975,2428,9463,CASUAL
27976,3130,2886,CLOSE
27977,8716,6603,DISTANT
27978,4562,1806,DISTANT
27979,7059,1847,DISTANT
27980,7054,4225,DISTANT
27981,4701,4317,DISTANT
27982,770,9764,DISTANT
27983,364,8129,CLOSE
27984,2886,1922,DISTANT
27985,7767,9189,CLOSE
27986,6339,11,CLOSE
27987,6364,221,DISTANT
27988,5203,4506,CLOSE
27989,652,818,CLOSE
27990,1290,3659,DISTANT
27991,2375,6174,CLOSE
27992,5790,8058,DISTANT
27993,5454,8346,CLOSE
27994,7689,8179,CLOSE
27995,7938,401,CLOSE
27996,8174,2151,DISTANT
27997,7352,9545,DISTANT
27998,7096,4252,DISTANT
27999,2263,9494,CASUAL
28000,2532,5571,DISTANT
28001,8851,7164,CASUAL
28002,452,4887,CLOSE
28003,1521,3034,CASUAL
28004,4357,8255,CLOSE
28005,9098,2870,CASUAL
28006,2702,1138,DISTANT
28007,617,9784,DISTANT
28008,4370,9913,DISTANT
28009,4641,6924,CASUAL
28010,1061,778,DISTANT
28011,2298,8866,CLOSE
28012,2757,6718,DISTANT
28013,2045,4201,DISTANT
28014,4323,6734,CASUAL
28015,9170,1690,DISTANT
28016,3747,7522,DISTANT
28017,9258,6673,CASUAL
28018,5946,4748,CLOSE
28019,9687,8698,CASUAL
28020,3118,4799,DISTANT
28021,9099,9670,CASUAL
28022,7785,2856,DISTANT
28023,9150,532,CASUAL
28024,9560,8797,DISTANT
28025,240,1233,CLOSE
28026,7702,4112,CASUAL
28027,5524,4727,DISTANT
28028,2990,6379,DISTANT
28029,680,7774,DISTANT
28030,1937,6347,CASUAL
28031,2973,2040,DISTANT
28032,8472,1748,CASUAL
28033,3691,3404,CLOSE
28034,2547,4490,DISTANT
28035,9234,1688,CASUAL
28036,782,3950,CASUAL
28037,1432,8848,CLOSE
28038,9845,8443,CLOSE
28039,9641,239,DISTANT
28040,4944,1083,DISTANT
28041,2630,5962,CASUAL
28042,4927,9847,CASUAL
28043,9871,9572,CLOSE
28044,2669,2402,CASUAL
28045,409,7670,DISTANT
28046,4412,1023,CLOSE
28047,6797,3703,CLOSE
28048,4152,5460,CASUAL
28049,8676,2164,CLOSE
28050,4363,3341,CASUAL
28051,7715,2341,CASUAL
28052,8190,9372,CLOSE
28053,5095,2995,CLOSE
28054,2755,1192,CLOSE
28055,4423,3071,DISTANT
28056,3160,7515,CLOSE
28057,8714,1743,DISTANT
28058,4848,642,CASUAL
28059,6941,6290,DISTANT
28060,1727,803,DISTANT
28061,2466,7641,CASUAL
28062,6718,1857,CLOSE
28063,907,8444,CASUAL
28064,5542,6370,CLOSE
28065,1268,1696,CLOSE
28066,8539,8212,CLOSE
28067,5727,7721,DISTANT
28068,5266,1416,CASUAL
28069,5731,3895,DISTANT
28070,561,9757,DISTANT
28071,5898,7691,DISTANT
28072,5915,3611,CLOSE
28073,3961,8005,CLOSE
28074,7359,9965,CLOSE
28075,171,2514,CLOSE
28076,7441,2339,CLOSE
28077,8001,9731,DISTANT
28078,8241,2636,DISTANT
28079,5160,726,CLOSE
28080,8317,9421,CASUAL
28081,1652,8619,DISTANT
28082,6289,2426,CLOSE
28083,2838,3862,CASUAL
28084,4083,8167,CLOSE
28085,9450,7447,CLOSE
28086,776,7141,CLOSE
28087,3993,7378,CASUAL
28088,7547,4469,DISTANT
28089,9215,3121,CASUAL
28090,2720,3450,CASUAL
28091,7480,6544,DISTANT
28092,602,6946,DISTANT
28093,8227,8690,DISTANT
28094,9784,7415,CLOSE
28095,297,1683,DISTANT
28096,3093,4750,CASUAL
28097,7223,3311,CASUAL
28098,2569,1755,CLOSE
28099,9727,1088,CLOSE
28100,8550,286,CLOSE
28101,8966,6907,CASUAL
28102,6086,9007,CLOSE
28103,1297,1919,CASUAL
28104,1883,115,DISTANT
28105,2964,7045,CLOSE
28106,7041,6041,CLOSE
28107,7643,5493,DISTANT
28108,919,9614,CASUAL
28109,2543,7078,CASUAL
28110,812,9822,DISTANT
28111,3237,3934,CASUAL
28112,2525,1860,CASUAL
28113,8983,8783,DISTANT
28114,7901,3075,CASUAL
28115,2854,8235,DISTANT
28116,9571,4986,DISTANT
28117,8576,9828,CASUAL
28118,1824,3833,CLOSE
28119,1833,6586,CLOSE
28120,6596,7193,DISTANT
28121,5587,497,CASUAL
28122,694,6336,CLOSE
28123,2321,4642,CASUAL
28124,3077,1663,DISTANT
28125,2637,7872,CLOSE
28126,6031,357,CASUAL
28127,9485,9249,CLOSE
28128,2262,5420,CASUAL
28129,7159,1404,CASUAL
28130,9516,8075,CLOSE
28131,3186,1700,CLOSE
28132,4056,1879,CLOSE
28133,1651,5619,DISTANT
28134,7810,1609,DISTANT
28135,8594,4046,DISTANT
28136,8757,5900,DISTANT
28137,1637,6606,CASUAL
28138,5540,1730,DISTANT
28139,5427,1172,DISTANT
28140,7745,7145,CASUAL
28141,4698,3876,CASUAL
28142,485,8945,CASUAL
28143,638,903,CLOSE
28144,1889,8670,CASUAL
28145,9176,4318,CASUAL
28146,2323,6379,CLOSE
28147,4672,4283,DISTANT
28148,8798,7498,CLOSE
28149,354,3155,CLOSE
28150,5087,57,DISTANT
28151,1612,7805,DISTANT
28152,780,6217,CASUAL
28153,2296,920,DISTANT
28154,5934,1962,DISTANT
28155,4106,8268,CASUAL
28156,4251,1717,CASUAL
28157,9509,5700,DISTANT
28158,7689,9899,CLOSE
28159,5718,920,CASUAL
28160,9128,3814,CASUAL
28161,6822,6141,DISTANT
28162,9026,4607,CLOSE
28163,8831,6379,DISTANT
28164,9636,2383,CASUAL
28165,3114,2077,CASUAL
28166,1563,3736,CLOSE
28167,189,3346,CLOSE
28168,2776,3773,DISTANT
28169,4934,2945,CLOSE
28170,3348,1171,DISTANT
28171,3366,7776,DISTANT
28172,1057,9630,DISTANT
28173,3815,5593,CASUAL
28174,9882,780,CLOSE
28175,7735,9665,DISTANT
28176,3935,1054,CLOSE
28177,6823,4192,CASUAL
28178,246,4710,CASUAL
28179,7207,3197,CASUAL
28180,8202,1225,CASUAL
28181,7480,5052,CASUAL
28182,4961,5168,CASUAL
28183,1876,8233,CASUAL
28184,884,4646,CLOSE
28185,9956,9737,DISTANT
28186,63,7495,DISTANT
28187,6221,9346,CASUAL
28188,4095,7613,CLOSE
28189,8068,2662,CLOSE
28190,1825,6317,DISTANT
28191,5047,859,CLOSE
28192,2765,4788,CLOSE
28193,7167,6379,DISTANT
28194,336,207,CLOSE
28195,5231,5642,CASUAL
28196,4663,8048,CLOSE
28197,2489,3158,CASUAL
28198,8409,4238,DISTANT
28199,6461,616,CASUAL
28200,2886,3947,CASUAL
28201,5018,2280,CASUAL
28202,5775,6308,DISTANT
28203,3533,5421,DISTANT
28204,1037,6337,CLOSE
28205,3890,7328,CLOSE
28206,4579,1236,CLOSE
28207,9907,9354,CLOSE
28208,7835,8828,DISTANT
28209,9140,9865,CLOSE
28210,3838,2266,CLOSE
28211,7297,6876,DISTANT
28212,7975,7416,CLOSE
28213,6400,7589,DISTANT
28214,4352,1496,CLOSE
28215,3671,3399,CASUAL
28216,1886,9090,CLOSE
28217,1361,1522,CASUAL
28218,8709,8562,CASUAL
28219,9589,4551,CASUAL
28220,3046,8819,CLOSE
28221,1222,5167,CASUAL
28222,3455,4790,CASUAL
28223,345,2283,CASUAL
28224,7383,9430,DISTANT
28225,7106,6829,CASUAL
28226,7027,369,DISTANT
28227,4474,2646,CLOSE
28228,5197,4192,DISTANT
28229,6155,8439,DISTANT
28230,1456,3911,CLOSE
28231,4150,7587,CLOSE
28232,744,8815,DISTANT
28233,1811,4547,CLOSE
28234,808,3969,DISTANT
28235,7310,8456,DISTANT
28236,209,6821,DISTANT
28237,8094,3071,DISTANT
28238,140,8032,CASUAL
28239,4160,7580,CASUAL
28240,3671,8033,CASUAL
28241,4435,2099,DISTANT
28242,6530,8805,CASUAL
28243,5649,2581,CASUAL
28244,9056,4963,DISTANT
28245,8274,8851,CASUAL
28246,9799,7942,DISTANT
28247,3324,8045,CLOSE
28248,9878,5983,CLOSE
28249,8601,4334,CLOSE
28250,8218,6202,CLOSE
28251,4019,1041,CLOSE
28252,4448,72,CASUAL
28253,9486,5734,CASUAL
28254,5449,2791,CASUAL
28255,7470,7039,CLOSE
28256,6534,7417,DISTANT
28257,1085,2164,CLOSE
28258,6952,6041,CASUAL
28259,501,4807,CASUAL
28260,7098,4465,DISTANT
28261,9950,5743,CASUAL
28262,7759,2927,CLOSE
28263,8969,4779,CLOSE
28264,8564,833,CLOSE
28265,4203,823,CLOSE
28266,8422,9318,CLOSE
28267,4498,3196,CLOSE
28268,8023,4853,DISTANT
28269,1780,4209,CLOSE
28270,8233,8149,DISTANT
28271,2858,1274,CLOSE
28272,7414,8064,CLOSE
28273,7330,6532,CASUAL
28274,540,1686,CLOSE
28275,6800,4763,DISTANT
28276,8807,389,CASUAL
28277,9576,7139,CASUAL
28278,8015,421,DISTANT
28279,7039,3333,CLOSE
28280,5636,5495,DISTANT
28281,6716,1945,DISTANT
28282,639,4370,CLOSE
28283,830,6125,DISTANT
28284,1062,1057,CLOSE
28285,1322,6937,CASUAL
28286,4012,6864,CLOSE
28287,4599,7606,DISTANT
28288,4328,4795,DISTANT
28289,5254,6790,CASUAL
28290,6208,7662,CLOSE
28291,4095,7824,CLOSE
28292,9648,308,CASUAL
28293,2218,1777,CASUAL
28294,1552,9517,CASUAL
28295,1945,8672,CASUAL
28296,5747,3313,CASUAL
28297,2252,8404,DISTANT
28298,861,3457,DISTANT
28299,9234,8412,CASUAL
28300,8476,1713,CLOSE
28301,8693,6325,CASUAL
28302,1790,3506,DISTANT
28303,2345,9563,CASUAL
28304,8413,7844,CASUAL
28305,9110,8649,DISTANT
28306,2596,8690,CLOSE
28307,5325,3992,DISTANT
28308,2843,6431,CASUAL
28309,7530,7216,CLOSE
28310,4521,9213,CLOSE
28311,5851,5344,DISTANT
28312,7230,6449,CASUAL
28313,6944,3780,DISTANT
28314,4393,5206,CASUAL
28315,4797,4524,DISTANT
28316,2446,2841,CLOSE
28317,3939,6314,DISTANT
28318,8545,2583,CASUAL
28319,4299,7584,CASUAL
28320,7996,8308,CASUAL
28321,1925,9757,DISTANT
28322,1547,5320,CASUAL
28323,4748,5972,DISTANT
28324,4375,5290,CLOSE
28325,8320,8319,CLOSE
28326,9974,5728,DISTANT
28327,5962,1398,CLOSE
28328,2449,5170,CLOSE
28329,6952,9406,CLOSE
28330,4715,1264,CLOSE
28331,6157,4245,DISTANT
28332,4141,965,CASUAL
28333,300,7415,DISTANT
28334,6712,8217,CASUAL
28335,9153,3601,DISTANT
28336,4131,9963,CASUAL
28337,2696,7783,DISTANT
28338,798,1251,CASUAL
28339,2872,7422,DISTANT
28340,9720,8602,DISTANT
28341,2455,5468,CLOSE
28342,4833,2440,CLOSE
28343,6312,6453,DISTANT
28344,8036,4656,DISTANT
28345,992,430,CASUAL
28346,7133,3538,DISTANT
28347,693,5896,CLOSE
28348,8537,5867,DISTANT
28349,682,9789,CLOSE
28350,5721,7083,CLOSE
28351,1721,5133,CASUAL
28352,8407,9937,CASUAL
28353,3565,5341,CASUAL
28354,1996,5085,CLOSE
28355,5793,9222,DISTANT
28356,5175,3657,CLOSE
28357,3302,3553,CASUAL
28358,9073,4287,CASUAL
28359,2038,3729,CASUAL
28360,1281,92,CLOSE
28361,2713,1964,CASUAL
28362,6446,9710,CASUAL
28363,5888,780,CLOSE
28364,2101,6150,CLOSE
28365,5903,922,CASUAL
28366,3504,6745,CLOSE
28367,2953,2627,CLOSE
28368,5890,756,DISTANT
28369,8627,3394,CLOSE
28370,9854,8810,DISTANT
28371,4219,1739,CLOSE
28372,7898,9923,CLOSE
28373,4776,6615,CASUAL
28374,6010,6610,DISTANT
28375,3864,7866,DISTANT
28376,3644,251,DISTANT
28377,1823,9143,DISTANT
28378,4238,3075,CLOSE
28379,6373,2045,CASUAL
28380,9847,5663,CASUAL
28381,392,9115,CASUAL
28382,8751,6919,CASUAL
28383,864,982,CASUAL
28384,2819,1463,DISTANT
28385,9908,3034,CLOSE
28386,3620,2505,CLOSE
28387,7165,1452,CLOSE
28388,2758,6220,CLOSE
28389,3946,95,CLOSE
28390,3740,324,CLOSE
28391,2681,4849,CLOSE
28392,238,2718,DISTANT
28393,5238,7807,DISTANT
28394,8060,9314,CLOSE
28395,5055,2117,CLOSE
28396,1734,6541,CASUAL
28397,7321,7880,DISTANT
28398,1484,6971,CASUAL
28399,5600,198,CLOSE
28400,4400,7948,DISTANT
28401,8969,8775,CLOSE
28402,6243,767,CASUAL
28403,4737,9308,CASUAL
28404,7745,5937,CLOSE
28405,6630,9779,CASUAL
28406,6238,110,CASUAL
28407,7050,9444,CLOSE
28408,7733,1610,CASUAL
28409,2871,2837,CLOSE
28410,3033,986,DISTANT
28411,4328,8293,CASUAL
28412,5813,4369,DISTANT
28413,2428,4109,CLOSE
28414,8487,1298,CASUAL
28415,2299,9697,CASUAL
28416,9087,1241,CLOSE
28417,3803,9006,CLOSE
28418,4950,9593,DISTANT
28419,2272,6959,DISTANT
28420,115,789,DISTANT
28421,252,61,CASUAL
28422,3954,4822,CASUAL
28423,3305,3976,CASUAL
28424,3868,6463,DISTANT
28425,7663,7994,DISTANT
28426,525,2131,CASUAL
28427,4288,509,DISTANT
28428,3690,1861,DISTANT
28429,1741,922,CLOSE
28430,8806,7092,CASUAL
28431,3993,8051,CASUAL
28432,1027,8417,CLOSE
28433,5791,4979,CASUAL
28434,5425,9014,DISTANT
28435,8266,4082,CASUAL
28436,4292,7809,CLOSE
28437,2981,5926,DISTANT
28438,3876,8135,CASUAL
28439,9069,3844,CLOSE
28440,3958,4057,DISTANT
28441,4030,3528,CASUAL
28442,4273,7318,DISTANT
28443,3930,2305,CLOSE
28444,852,9107,CASUAL
28445,6459,6710,CLOSE
28446,9897,3959,DISTANT
28447,7870,4380,CLOSE
28448,5300,1813,DISTANT
28449,6949,6112,CLOSE
28450,1153,4209,CASUAL
28451,5000,4001,CASUAL
28452,4486,2513,CLOSE
28453,9872,4263,DISTANT
28454,9268,1943,DISTANT
28455,4476,1633,CLOSE
28456,6805,5699,CLOSE
28457,6932,4945,DISTANT
28458,1788,6397,CLOSE
28459,4142,1619,CLOSE
28460,8091,8464,CLOSE
28461,2331,6278,DISTANT
28462,852,3119,CLOSE
28463,4605,1848,DISTANT
28464,4092,4009,DISTANT
28465,5764,6841,DISTANT
28466,1187,2782,CLOSE
28467,4024,6053,DISTANT
28468,1478,1428,DISTANT
28469,1770,9228,DISTANT
28470,5163,7957,CASUAL
28471,5928,9064,DISTANT
28472,3966,9496,DISTANT
28473,8721,4365,CASUAL
28474,6501,585,DISTANT
28475,5218,2882,DISTANT
28476,8709,4121,CLOSE
28477,2545,8782,DISTANT
28478,3590,7039,CLOSE
28479,9021,2929,CASUAL
28480,5995,1935,CLOSE
28481,1992,5010,CLOSE
28482,2879,6360,CLOSE
28483,7910,8574,CASUAL
28484,9263,1022,DISTANT
28485,8607,9907,DISTANT
28486,7523,9370,CASUAL
28487,937,990,CLOSE
28488,6608,7263,CASUAL
28489,1404,9474,CASUAL
28490,1658,9435,CASUAL
28491,2285,1220,CLOSE
28492,9526,6541,CLOSE
28493,4222,240,CLOSE
28494,7527,8109,CLOSE
28495,7428,7647,DISTANT
28496,5802,3572,DISTANT
28497,948,329,DISTANT
28498,810,7493,CLOSE
28499,544,3979,DISTANT
28500,5212,5818,CLOSE
28501,7217,1841,CASUAL
28502,310,1854,DISTANT
28503,2799,7532,CLOSE
28504,6334,923,DISTANT
28505,135,8602,CLOSE
28506,5826,8278,CASUAL
28507,5838,7695,CASUAL
28508,2549,8489,DISTANT
28509,2492,4870,CLOSE
28510,3579,3551,CASUAL
28511,8088,3515,CASUAL
28512,8289,6836,CLOSE
28513,1992,7347,CASUAL
28514,9504,9768,DISTANT
28515,5230,9597,DISTANT
28516,170,761,DISTANT
28517,9302,2466,DISTANT
28518,7777,1466,DISTANT
28519,7356,8697,CLOSE
28520,5716,2550,CLOSE
28521,4574,6633,CASUAL
28522,1071,6178,CASUAL
28523,8421,1842,CLOSE
28524,8886,9020,CLOSE
28525,8286,3500,DISTANT
28526,2211,3029,DISTANT
28527,3137,5999,CASUAL
28528,3466,2006,CASUAL
28529,3123,1726,CLOSE
28530,7245,1517,CASUAL
28531,4574,5956,DISTANT
28532,5289,427,CASUAL
28533,1604,2726,DISTANT
28534,1553,2999,CLOSE
28535,668,9726,CASUAL
28536,1637,6580,CLOSE
28537,7295,9896,CASUAL
28538,4551,7457,CLOSE
28539,4951,8871,CASUAL
28540,8118,7051,CASUAL
28541,6887,9501,CASUAL
28542,3867,3106,CASUAL
28543,208,6165,CLOSE
28544,4941,7575,CASUAL
28545,1938,4852,DISTANT
28546,7554,3357,CLOSE
28547,244,752,CASUAL
28548,3985,5279,DISTANT
28549,9590,3639,CLOSE
28550,5435,3456,CLOSE
28551,4694,8736,CASUAL
28552,1544,9846,CLOSE
28553,8652,1785,DISTANT
28554,1002,6634,DISTANT
28555,2463,8466,DISTANT
28556,9823,8159,CLOSE
28557,9425,1250,CLOSE
28558,2566,3803,DISTANT
28559,1589,7208,CASUAL
28560,9182,1848,CASUAL
28561,7840,8694,CASUAL
28562,2024,1943,CASUAL
28563,1766,2645,CLOSE
28564,2993,1153,CASUAL
28565,4061,4400,DISTANT
28566,1430,1497,CASUAL
28567,8196,1666,CLOSE
28568,1842,1705,CLOSE
28569,7812,2284,CLOSE
28570,3343,7093,CLOSE
28571,6467,4425,DISTANT
28572,6105,6153,CLOSE
28573,7640,2760,CASUAL
28574,4530,9982,DISTANT
28575,4295,8542,DISTANT
28576,8324,8610,CLOSE
28577,7799,4944,DISTANT
28578,6841,403,CASUAL
28579,743,2271,DISTANT
28580,9121,9965,CLOSE
28581,1856,6752,DISTANT
28582,3083,2045,DISTANT
28583,2459,4731,CLOSE
28584,8713,4826,DISTANT
28585,6490,2404,DISTANT
28586,2340,1341,CASUAL
28587,493,3250,CLOSE
28588,3579,3972,DISTANT
28589,9561,3109,DISTANT
28590,1823,1895,CASUAL
28591,1418,2586,CLOSE
28592,8870,5929,DISTANT
28593,9455,8329,CASUAL
28594,9874,6641,DISTANT
28595,6919,8986,CLOSE
28596,1634,2900,CASUAL
28597,7452,1294,CASUAL
28598,6186,7042,CLOSE
28599,6642,2651,CLOSE
28600,6554,1458,CASUAL
28601,3163,3572,DISTANT
28602,7318,5217,CLOSE
28603,7336,7614,DISTANT
28604,5449,1246,DISTANT
28605,563,2152,CLOSE
28606,4302,6065,CASUAL
28607,2001,6881,CASUAL
28608,5895,4861,CASUAL
28609,5983,7940,CASUAL
28610,8176,3541,CLOSE
28611,8872,7790,DISTANT
28612,3471,9412,CLOSE
28613,2832,7777,CLOSE
28614,6038,8600,CASUAL
28615,6971,2129,CASUAL
28616,7893,2544,DISTANT
28617,2748,6682,CLOSE
28618,899,5400,CLOSE
28619,9921,9667,CLOSE
28620,4629,261,DISTANT
28621,5262,739,DISTANT
28622,2733,3028,CASUAL
28623,3182,2099,CLOSE
28624,6205,1689,CLOSE
28625,3521,1774,CLOSE
28626,7201,4476,DISTANT
28627,1658,5698,DISTANT
28628,3584,4520,DISTANT
28629,4496,4254,CASUAL
28630,7414,5116,CLOSE
28631,44,294,CASUAL
28632,3937,194,DISTANT
28633,3686,3247,CASUAL
28634,5894,4777,DISTANT
28635,9989,6060,DISTANT
28636,7269,884,CASUAL
28637,1202,3105,CASUAL
28638,6158,9950,DISTANT
28639,3319,2895,DISTANT
28640,4906,1857,CASUAL
28641,3317,1235,DISTANT
28642,6114,237,CASUAL
28643,7761,3799,CLOSE
28644,3614,1075,DISTANT
28645,2153,6914,CASUAL
28646,837,4336,DISTANT
28647,4180,5144,CLOSE
28648,3577,5923,DISTANT
28649,2752,9782,DISTANT
28650,453,7055,CASUAL
28651,1730,4538,CLOSE
28652,6431,5075,CLOSE
28653,603,1619,CLOSE
28654,4017,3060,DISTANT
28655,6981,2699,CLOSE
28656,3819,2353,CASUAL
28657,860,102,CLOSE
28658,1351,1367,CASUAL
28659,6234,5804,CASUAL
28660,5128,8486,DISTANT
28661,7252,7335,CASUAL
28662,5196,6477,CLOSE
28663,7074,2553,CASUAL
28664,5060,286,CLOSE
28665,2723,3622,CASUAL
28666,5876,5748,DISTANT
28667,2647,7967,CASUAL
28668,9762,9723,CLOSE
28669,975,693,CASUAL
28670,7759,7640,CASUAL
28671,9126,7964,CASUAL
28672,900,8257,CLOSE
28673,4577,6338,CASUAL
28674,9829,1559,DISTANT
28675,9977,9676,CASUAL
28676,2466,479,CLOSE
28677,1280,8775,CASUAL
28678,9935,6396,CASUAL
28679,1541,6809,DISTANT
28680,7933,2462,CASUAL
28681,1361,589,DISTANT
28682,3691,7930,DISTANT
28683,5932,218,CASUAL
28684,879,4317,CASUAL
28685,8620,3808,CLOSE
28686,6076,9520,DISTANT
28687,7935,1417,CASUAL
28688,6461,1747,DISTANT
28689,5610,8313,DISTANT
28690,4356,6328,CLOSE
28691,1558,2288,CLOSE
28692,3006,3089,DISTANT
28693,2,5903,CASUAL
28694,8108,4717,CLOSE
28695,1556,4283,CLOSE
28696,20,5060,CLOSE
28697,7907,1266,CASUAL
28698,2066,2278,CASUAL
28699,1309,5920,CASUAL
28700,6463,3789,CLOSE
28701,436,6947,DISTANT
28702,5473,6835,CASUAL
28703,3545,7157,DISTANT
28704,6198,2648,DISTANT
28705,7717,9828,CLOSE
28706,3907,2740,CLOSE
28707,5202,2285,DISTANT
28708,3494,104,CASUAL
28709,2098,7462,CASUAL
28710,9167,8525,CLOSE
28711,1285,5081,DISTANT
28712,8900,1188,CLOSE
28713,6326,4353,CLOSE
28714,1051,1482,CASUAL
28715,9980,935,CASUAL
28716,261,9374,CLOSE
28717,4584,6293,CASUAL
28718,3329,1373,CASUAL
28719,7059,5728,CLOSE
28720,419,457,CLOSE
28721,1093,1822,CLOSE
28722,8794,3234,CASUAL
28723,5593,3410,DISTANT
28724,3828,6537,CASUAL
28725,9871,6145,DISTANT
28726,7096,7180,CLOSE
28727,323,7696,DISTANT
28728,5958,3949,CLOSE
28729,7312,7052,CASUAL
28730,8291,571,DISTANT
28731,6129,5517,CLOSE
28732,4260,728,CLOSE
28733,5559,1524,DISTANT
28734,3257,8905,DISTANT
28735,5394,1593,CLOSE
28736,9915,7182,CASUAL
28737,704,5309,DISTANT
28738,5657,1655,DISTANT
28739,5806,2357,DISTANT
28740,9898,1318,CASUAL
28741,2127,3171,CLOSE
28742,2600,6521,CASUAL
28743,372,7689,DISTANT
28744,8669,5102,CASUAL
28745,1497,8150,CLOSE
28746,4778,6026,CASUAL
28747,9671,1173,DISTANT
28748,2454,5365,CASUAL
28749,2203,9462,CASUAL
28750,7153,7918,CLOSE
28751,2219,2041,CLOSE
28752,5791,9694,CASUAL
28753,5025,5818,CLOSE
28754,6655,8638,DISTANT
28755,1811,2248,DISTANT
28756,5333,7315,DISTANT
28757,6047,8760,CLOSE
28758,6621,7179,DISTANT
28759,5900,7877,DISTANT
28760,4431,587,DISTANT
28761,6174,3437,CASUAL
28762,9538,9383,DISTANT
28763,134,5908,DISTANT
28764,8729,3565,DISTANT
28765,7351,8679,DISTANT
28766,4660,6040,DISTANT
28767,1667,3551,CASUAL
28768,5770,1371,CASUAL
28769,9129,5196,DISTANT
28770,4051,3941,DISTANT
28771,9555,869,CLOSE
28772,2674,2635,DISTANT
28773,245,3247,CLOSE
28774,7826,2056,CASUAL
28775,9029,8951,CLOSE
28776,2618,9402,DISTANT
28777,6924,2892,CLOSE
28778,2233,3911,CLOSE
28779,5619,2452,CASUAL
28780,7844,6903,CASUAL
28781,9905,5915,CLOSE
28782,818,9461,DISTANT
28783,493,9277,CLOSE
28784,276,9849,CLOSE
28785,3862,4759,CLOSE
28786,7651,4684,CASUAL
28787,2674,5167,CLOSE
28788,2168,7561,CLOSE
28789,9191,9812,CLOSE
28790,2600,4287,DISTANT
28791,2220,3368,DISTANT
28792,2659,478,DISTANT
28793,4058,9239,CASUAL
28794,2696,142,CLOSE
28795,354,1428,CLOSE
28796,9386,3262,DISTANT
28797,1260,8477,DISTANT
28798,7451,9429,CASUAL
28799,2228,5324,CLOSE
28800,6734,2641,CLOSE
28801,9376,2632,CLOSE
28802,8795,2220,DISTANT
28803,5118,2058,CLOSE
28804,954,5984,CLOSE
28805,9112,6385,CLOSE
28806,3559,5685,DISTANT
28807,7368,6249,CASUAL
28808,6490,3106,CASUAL
28809,3494,6036,DISTANT
28810,3164,9466,CASUAL
28811,756,7271,CASUAL
28812,4853,808,CLOSE
28813,8023,2539,CASUAL
28814,3389,7447,CLOSE
28815,3780,6430,CLOSE
28816,519,2986,CASUAL
28817,1215,6708,CLOSE
28818,1467,858,DISTANT
28819,8889,2397,CASUAL
28820,8764,9640,CASUAL
28821,722,1431,DISTANT
28822,7670,4561,DISTANT
28823,8606,9455,DISTANT
28824,933,2169,DISTANT
28825,7666,2719,CLOSE
28826,2055,954,DISTANT
28827,7409,1276,CLOSE
28828,4590,4932,CASUAL
28829,848,4052,DISTANT
28830,7022,6631,CLOSE
28831,7012,3992,CLOSE
28832,1796,8312,DISTANT
28833,3434,7134,CASUAL
28834,8435,1939,DISTANT
28835,1104,9078,DISTANT
28836,2114,8143,CASUAL
28837,5856,7753,CASUAL
28838,2201,2226,CASUAL
28839,3796,7457,CASUAL
28840,451,7539,CASUAL
28841,1455,4695,DISTANT
28842,3088,1327,CASUAL
28843,3278,9018,DISTANT
28844,810,5223,CLOSE
28845,318,4226,CASUAL
28846,3235,8357,CASUAL
28847,6702,8103,CASUAL
28848,6668,1474,CASUAL
28849,1103,8300,DISTANT
28850,986,3783,DISTANT
28851,6720,1568,CLOSE
28852,9695,5355,DISTANT
28853,9073,8105,CASUAL
28854,4413,3547,CLOSE
28855,8075,8636,DISTANT
28856,462,4779,CASUAL
28857,459,8035,CASUAL
28858,7360,9007,CLOSE
28859,8666,3896,DISTANT
28860,1996,5500,CLOSE
28861,4787,1625,CASUAL
28862,4471,1095,DISTANT
28863,6195,7451,CLOSE
28864,4176,705,CASUAL
28865,5022,3219,CLOSE
28866,6081,3872,CASUAL
28867,1480,6881,CLOSE
28868,6123,91,CLOSE
28869,8994,6367,DISTANT
28870,6067,8272,DISTANT
28871,3919,1462,CASUAL
28872,329,2385,CASUAL
28873,890,8703,CASUAL
28874,858,5546,CASUAL
28875,3407,8312,CLOSE
28876,4539,5829,CASUAL
28877,7419,6246,DISTANT
28878,141,1180,CLOSE
28879,2151,9896,DISTANT
28880,8971,2886,CASUAL
28881,7468,1218,CLOSE
28882,5514,9302,CASUAL
28883,379,5350,DISTANT
28884,7677,1492,DISTANT
28885,1528,4654,DISTANT
28886,9460,1409,DISTANT
28887,4392,5222,CASUAL
28888,6744,88,DISTANT
28889,4478,9407,CASUAL
28890,1941,1846,DISTANT
28891,5112,2492,CLOSE
28892,3311,2390,CASUAL
28893,5076,2286,CLOSE
28894,3621,3394,DISTANT
28895,1886,5426,CLOSE
28896,7209,3150,CASUAL
28897,4564,5786,CASUAL
28898,9247,189,CASUAL
28899,1432,4929,DISTANT
28900,8926,2475,CLOSE
28901,3357,7677,CLOSE
28902,624,1592,DISTANT
28903,1627,2645,CLOSE
28904,7515,4843,CASUAL
28905,7121,1163,CASUAL
28906,2187,9954,DISTANT
28907,7709,7380,DISTANT
28908,4103,8003,DISTANT
28909,114,7441,DISTANT
28910,3436,1182,CLOSE
28911,580,2832,DISTANT
28912,1678,9476,DISTANT
28913,3090,1717,CLOSE
28914,4340,3697,CASUAL
28915,7470,9978,DISTANT
28916,859,5875,DISTANT
28917,4431,7150,DISTANT
28918,3024,7825,DISTANT
28919,3670,4226,DISTANT
28920,8928,2293,DISTANT
28921,2577,7368,CLOSE
28922,4710,2533,CASUAL
28923,4224,4887,CASUAL
28924,2716,3248,CLOSE
28925,2266,8772,DISTANT
28926,320,3436,DISTANT
28927,8249,2590,CASUAL
28928,3900,1988,DISTANT
28929,3196,4794,CLOSE
28930,2574,332,CLOSE
28931,6989,3438,CASUAL
28932,3913,8581,CASUAL
28933,3541,1434,DISTANT
28934,7662,3728,CLOSE
28935,1323,993,CLOSE
28936,5811,8998,CLOSE
28937,9839,3058,DISTANT
28938,341,6277,DISTANT
28939,2728,7778,CASUAL
28940,5034,9739,DISTANT
28941,1547,6388,CASUAL
28942,7817,2174,CASUAL
28943,4804,9394,CASUAL
28944,6899,2514,CASUAL
28945,5458,5476,DISTANT
28946,6677,5804,CASUAL
28947,7944,9667,CLOSE
28948,7753,369,DISTANT
28949,3003,657,CASUAL
28950,3253,4083,CASUAL
28951,6399,8873,DISTANT
28952,4884,8910,CLOSE
28953,6350,3849,CLOSE
28954,6103,2170,CLOSE
28955,1284,9940,CLOSE
28956,4179,6454,DISTANT
28957,8488,2359,DISTANT
28958,6265,2398,CASUAL
28959,1618,8966,DISTANT
28960,1265,484,CLOSE
28961,8540,2881,CLOSE
28962,3403,9686,DISTANT
28963,8328,4340,CASUAL
28964,1580,5566,CLOSE
28965,8160,3127,DISTANT
28966,8369,63,DISTANT
28967,8834,7557,DISTANT
28968,2520,6225,DISTANT
28969,2332,262,CLOSE
28970,7924,1764,CLOSE
28971,1862,6881,DISTANT
28972,5887,4944,CASUAL
28973,2298,8297,CASUAL
28974,7053,5665,CLOSE
28975,1484,6530,CLOSE
28976,8010,6459,CASUAL
28977,1958,9270,DISTANT
28978,105,8358,DISTANT
28979,6149,8727,CLOSE
28980,9657,178,DISTANT
28981,8801,2071,CASUAL
28982,7135,6220,DISTANT
28983,4673,2009,CASUAL
28984,7473,5178,CLOSE
28985,6628,5785,CLOSE
28986,9302,216,DISTANT
28987,6315,9462,CLOSE
28988,886,5132,CLOSE
28989,1742,7962,DISTANT
28990,9257,3883,CASUAL
28991,6975,689,CLOSE
28992,1424,1027,DISTANT
28993,2800,94,CLOSE
28994,5202,3823,CASUAL
28995,3193,6566,DISTANT
28996,6581,1063,CASUAL
28997,2282,9846,CASUAL
28998,6168,7670,CASUAL
28999,6560,1847,DISTANT
29000,7829,2194,CLOSE
29001,278,5530,CASUAL
29002,1278,8446,CLOSE
29003,1425,9085,CLOSE
29004,6623,9178,DISTANT
29005,9936,8979,CASUAL
29006,1046,9642,CASUAL
29007,8899,8880,CLOSE
29008,2074,7574,CASUAL
29009,7602,3142,CASUAL
29010,7716,3125,DISTANT
29011,1792,8804,DISTANT
29012,6403,5580,CASUAL
29013,6318,7919,CLOSE
29014,8032,9798,CLOSE
29015,1872,2717,CLOSE
29016,5733,4710,DISTANT
29017,2487,3246,DISTANT
29018,1721,8647,DISTANT
29019,9349,7525,DISTANT
29020,9601,8992,CASUAL
29021,5988,9583,CASUAL
29022,8093,1561,DISTANT
29023,7093,69,CASUAL
29024,3844,4984,CLOSE
29025,6486,4905,CLOSE
29026,595,4894,CLOSE
29027,8420,285,CASUAL
29028,3970,3316,CLOSE
29029,2343,8086,DISTANT
29030,889,1126,CLOSE
29031,275,4692,DISTANT
29032,6664,8116,CLOSE
29033,6808,6002,DISTANT
29034,4529,2196,CLOSE
29035,5449,2404,CASUAL
29036,7914,5339,CLOSE
29037,6841,576,CASUAL
29038,6154,1393,CASUAL
29039,3138,3575,CASUAL
29040,4604,7332,CASUAL
29041,1269,5238,CASUAL
29042,7215,2719,CASUAL
29043,537,1296,DISTANT
29044,5031,4663,DISTANT
29045,2336,3202,CLOSE
29046,335,7542,CASUAL
29047,1249,6004,DISTANT
29048,1685,623,CLOSE
29049,2240,9357,CASUAL
29050,9095,2281,CLOSE
29051,6771,3515,CASUAL
29052,2439,1102,CLOSE
29053,4335,6287,DISTANT
29054,4760,9989,CLOSE
29055,8168,1533,CASUAL
29056,963,993,CASUAL
29057,6003,7105,CASUAL
29058,5361,1323,CLOSE
29059,8997,6490,DISTANT
29060,8192,8223,CASUAL
29061,1859,8770,CASUAL
29062,5480,6401,CLOSE
29063,1802,3378,CASUAL
29064,1571,9043,CASUAL
29065,7881,1226,CLOSE
29066,6068,9454,DISTANT
29067,1084,2230,CLOSE
29068,1151,9861,DISTANT
29069,2177,2077,DISTANT
29070,3810,5685,DISTANT
29071,9035,9655,CASUAL
29072,8611,586,CASUAL
29073,6519,2096,CLOSE
29074,6737,9005,CASUAL
29075,3286,5567,DISTANT
29076,109,2219,DISTANT
29077,8029,1632,DISTANT
29078,9421,5274,DISTANT
29079,3149,3487,DISTANT
29080,3444,9029,CASUAL
29081,8993,5652,DISTANT
29082,2916,907,CLOSE
29083,7759,6027,CLOSE
29084,8657,1638,DISTANT
29085,454,9412,CLOSE
29086,8690,3325,CASUAL
29087,8528,5574,CLOSE
29088,4848,77,CASUAL
29089,5866,9906,DISTANT
29090,1721,2989,CASUAL
29091,7069,3243,DISTANT
29092,6529,4742,CLOSE
29093,6809,165,CASUAL
29094,4119,5438,CLOSE
29095,2910,3264,CASUAL
29096,6098,8920,CASUAL
29097,6971,6808,CLOSE
29098,1561,6057,DISTANT
29099,9975,7235,CASUAL
29100,8135,5486,DISTANT
29101,6352,1673,DISTANT
29102,6528,2407,CLOSE
29103,1470,4128,CLOSE
29104,4390,7630,CLOSE
29105,5981,4173,CASUAL
29106,6620,3326,CASUAL
29107,7626,9204,CLOSE
29108,5766,8289,CASUAL
29109,3274,5904,DISTANT
29110,7637,825,DISTANT
29111,3616,6267,CLOSE
29112,5706,9668,CLOSE
29113,6022,1506,CLOSE
29114,3981,7332,DISTANT
29115,1511,6930,CLOSE
29116,802,217,CLOSE
29117,6315,5466,DISTANT
29118,1041,2812,DISTANT
29119,5445,4529,CASUAL
29120,8789,5302,CLOSE
29121,8759,4468,CLOSE
29122,3374,6961,CLOSE
29123,9398,2994,CASUAL
29124,100,9900,CLOSE
29125,6191,4340,CASUAL
29126,9443,1984,CLOSE
29127,3317,552,CLOSE
29128,794,7828,CLOSE
29129,664,3603,DISTANT
29130,4189,6205,CLOSE
29131,6741,4226,CLOSE
29132,2468,6745,DISTANT
29133,8111,4255,CLOSE
29134,1852,9018,CASUAL
29135,7998,4141,CLOSE
29136,4608,8823,CLOSE
29137,8099,6603,CLOSE
29138,7356,9566,CLOSE
29139,1845,4191,DISTANT
29140,31,2665,DISTANT
29141,3297,1721,CLOSE
29142,8343,4811,DISTANT
29143,3207,4715,DISTANT
29144,76,576,CLOSE
29145,1402,2503,CASUAL
29146,8828,6285,CASUAL
29147,5299,6923,CLOSE
29148,7531,2413,DISTANT
29149,3886,2013,CASUAL
29150,5992,2474,CASUAL
29151,7176,6088,DISTANT
29152,3503,7453,CLOSE
29153,1689,8215,CASUAL
29154,3891,4666,CLOSE
29155,3121,8708,DISTANT
29156,5004,4336,CLOSE
29157,7510,2758,DISTANT
29158,4045,5233,DISTANT
29159,5451,1542,CASUAL
29160,1681,1243,CLOSE
29161,5902,523,DISTANT
29162,8600,405,CASUAL
29163,2634,4690,DISTANT
29164,9277,7498,CLOSE
29165,5438,9597,DISTANT
29166,1079,9068,DISTANT
29167,8275,9565,CASUAL
29168,2635,8962,CLOSE
29169,6725,1983,DISTANT
29170,603,1761,CASUAL
29171,2471,7044,CLOSE
29172,387,2460,DISTANT
29173,891,9365,CASUAL
29174,913,7533,CLOSE
29175,6645,5421,CASUAL
29176,2369,3402,DISTANT
29177,7200,7309,CLOSE
29178,8698,1110,DISTANT
29179,7081,8874,CASUAL
29180,1426,7123,DISTANT
29181,2041,2293,DISTANT
29182,4628,822,CLOSE
29183,5716,3090,CLOSE
29184,1880,9679,CLOSE
29185,166,5109,CLOSE
29186,2595,8568,CASUAL
29187,8114,7735,CLOSE
29188,2726,4223,DISTANT
29189,8184,4394,DISTANT
29190,1592,6181,CLOSE
29191,3221,6651,CLOSE
29192,4734,8997,CASUAL
29193,385,957,CASUAL
29194,2859,4991,CLOSE
29195,1051,6099,DISTANT
29196,9857,1872,DISTANT
29197,3068,489,CLOSE
29198,6220,1124,CASUAL
29199,4425,7086,DISTANT
29200,2541,9943,CASUAL
29201,466,2384,DISTANT
29202,7310,4902,CLOSE
29203,2679,2759,CASUAL
29204,2717,4118,CLOSE
29205,388,7344,DISTANT
29206,4369,1676,DISTANT
29207,47,6193,DISTANT
29208,4641,3659,CASUAL
29209,4227,8655,CLOSE
29210,4240,6985,CLOSE
29211,6400,8332,CASUAL
29212,2444,1647,CLOSE
29213,3722,1137,CASUAL
29214,3851,1290,CASUAL
29215,3827,5763,CASUAL
29216,9530,1958,DISTANT
29217,5221,7851,CASUAL
29218,8172,1147,CLOSE
29219,7606,5017,DISTANT
29220,7958,9760,CLOSE
29221,7860,3668,CASUAL
29222,4757,1405,DISTANT
29223,3319,6183,CASUAL
29224,6066,7032,CLOSE
29225,4893,6618,DISTANT
29226,2142,5534,DISTANT
29227,1207,1378,CLOSE
29228,4315,9685,CLOSE
29229,4361,7526,CASUAL
29230,7379,5694,CLOSE
29231,4649,975,DISTANT
29232,2385,6711,CLOSE
29233,102,7404,CASUAL
29234,9882,8085,CASUAL
29235,5213,3611,DISTANT
29236,4224,6983,CASUAL
29237,655,6657,CLOSE
29238,4763,2498,CASUAL
29239,9137,8841,DISTANT
29240,1722,2289,CLOSE
29241,8462,3394,DISTANT
29242,3633,3904,CLOSE
29243,4726,38,DISTANT
29244,6000,6960,CLOSE
29245,7003,5854,CASUAL
29246,7915,7912,CASUAL
29247,5921,7004,CLOSE
29248,2731,183,CLOSE
29249,1485,1056,CLOSE
29250,9152,7544,DISTANT
29251,1577,3917,CASUAL
29252,159,3275,CASUAL
29253,6379,375,CASUAL
29254,5608,5982,CLOSE
29255,4957,2156,CASUAL
29256,8736,6646,CASUAL
29257,6172,4883,CASUAL
29258,9644,6184,DISTANT
29259,6557,5903,CASUAL
29260,7385,2609,DISTANT
29261,374,7491,CASUAL
29262,6644,3102,CLOSE
29263,8939,2662,CLOSE
29264,6905,9513,CASUAL
29265,8315,7659,DISTANT
29266,4545,3090,CLOSE
29267,8290,7804,DISTANT
29268,3485,42,CLOSE
29269,3561,1898,DISTANT
29270,6721,9407,CLOSE
29271,1880,2185,CASUAL
29272,6910,3907,DISTANT
29273,4183,5117,DISTANT
29274,8803,346,CLOSE
29275,6247,9281,CLOSE
29276,8648,61,CASUAL
29277,6838,4730,CLOSE
29278,5806,8796,DISTANT
29279,6771,9059,CLOSE
29280,7663,5317,CASUAL
29281,8392,663,DISTANT
29282,811,479,DISTANT
29283,1823,8743,CASUAL
29284,1601,7889,DISTANT
29285,1093,6569,CLOSE
29286,3483,2,DISTANT
29287,1222,9143,CLOSE
29288,1422,2140,CLOSE
29289,2321,1678,CLOSE
29290,6074,8036,DISTANT
29291,2935,7993,CLOSE
29292,1210,2505,DISTANT
29293,1985,5449,CLOSE
29294,7634,9210,DISTANT
29295,6725,2345,CLOSE
29296,8824,5121,CASUAL
29297,9697,8536,DISTANT
29298,910,5351,CLOSE
29299,7895,3964,DISTANT
29300,276,2358,CLOSE
29301,773,3449,DISTANT
29302,3568,3815,DISTANT
29303,2043,7880,CASUAL
29304,7170,2204,CLOSE
29305,3569,1382,CASUAL
29306,6458,4044,DISTANT
29307,3663,4254,CASUAL
29308,3362,6807,CASUAL
29309,7864,5206,CLOSE
29310,1980,4661,CLOSE
29311,9638,9673,DISTANT
29312,7009,9769,DISTANT
29313,1562,9944,CASUAL
29314,393,3994,CASUAL
29315,2079,7784,DISTANT
29316,4979,4869,CLOSE
29317,2717,1834,CLOSE
29318,104,3471,CASUAL
29319,4418,4621,CASUAL
29320,8389,2444,CLOSE
29321,4436,4904,CLOSE
29322,1616,5322,CASUAL
29323,3678,6576,CLOSE
29324,215,9054,CLOSE
29325,2114,2647,CLOSE
29326,1666,6550,CLOSE
29327,9378,6871,CASUAL
29328,6425,2422,CLOSE
29329,1978,3870,CLOSE
29330,370,4570,CLOSE
29331,9204,6948,DISTANT
29332,7613,8111,CASUAL
29333,5195,690,CASUAL
29334,8323,5094,CASUAL
29335,6455,3589,DISTANT
29336,157,6305,CASUAL
29337,8295,1901,DISTANT
29338,9273,1486,DISTANT
29339,8368,8517,CLOSE
29340,1621,2112,CASUAL
29341,9994,5843,CASUAL
29342,197,8643,CLOSE
29343,1241,9754,DISTANT
29344,9794,6535,CLOSE
29345,2827,7409,CASUAL
29346,505,9373,DISTANT
29347,2638,5966,CLOSE
29348,8740,4352,CASUAL
29349,7404,1343,DISTANT
29350,7290,2059,CASUAL
29351,3568,8140,CASUAL
29352,4340,3970,DISTANT
29353,9095,4890,DISTANT
29354,5229,3956,CLOSE
29355,8924,8827,DISTANT
29356,2593,9394,CLOSE
29357,4334,3288,CASUAL
29358,679,6416,CLOSE
29359,3997,1536,CLOSE
29360,2246,2794,CASUAL
29361,2740,1447,DISTANT
29362,5068,2172,CASUAL
29363,9482,3666,CASUAL
29364,4165,5453,DISTANT
29365,1181,2006,CLOSE
29366,9149,514,CASUAL
29367,5450,5746,DISTANT
29368,2040,9806,CLOSE
29369,9662,5986,CLOSE
29370,4478,8830,CASUAL
29371,2490,3589,DISTANT
29372,2934,3575,CLOSE
29373,3994,2898,CLOSE
29374,6774,891,CASUAL
29375,934,841,DISTANT
29376,2760,9940,DISTANT
29377,8189,3280,CLOSE
29378,8641,3391,CASUAL
29379,3024,1037,CLOSE
29380,624,7830,CLOSE
29381,827,6318,DISTANT
29382,7912,1677,CLOSE
29383,1240,3572,CASUAL
29384,2086,4454,DISTANT
29385,3755,4500,CLOSE
29386,3180,9990,CLOSE
29387,3162,8288,CLOSE
29388,5736,4644,CASUAL
29389,6719,2484,CLOSE
29390,6588,8288,DISTANT
29391,7292,4071,CLOSE
29392,5420,4661,DISTANT
29393,8611,2162,DISTANT
29394,4091,8672,CASUAL
29395,1098,8211,CLOSE
29396,9504,4594,DISTANT
29397,6778,594,CASUAL
29398,8154,5532,CLOSE
29399,9372,7942,CASUAL
29400,1657,8927,CASUAL
29401,7715,6156,DISTANT
29402,5735,4809,DISTANT
29403,94,9629,CASUAL
29404,9276,8199,CLOSE
29405,1800,6038,CLOSE
29406,2452,4140,CASUAL
29407,4065,8535,CASUAL
29408,66,9251,CASUAL
29409,8806,5032,CASUAL
29410,7034,4949,DISTANT
29411,9922,5367,DISTANT
29412,6721,2211,CASUAL
29413,747,7290,CLOSE
29414,6092,228,CLOSE
29415,807,1776,CLOSE
29416,244,3232,CLOSE
29417,4042,4397,CASUAL
29418,6085,2474,DISTANT
29419,7217,8226,CLOSE
29420,648,7501,CLOSE
29421,4911,8712,DISTANT
29422,5677,5775,DISTANT
29423,1994,7406,DISTANT
29424,7845,6039,CASUAL
29425,5112,8556,CASUAL
29426,2826,9151,CLOSE
29427,6708,4433,CLOSE
29428,5861,9279,CLOSE
29429,8074,9990,CLOSE
29430,5608,6688,CASUAL
29431,9672,6881,DISTANT
29432,6821,3123,DISTANT
29433,8234,8519,CASUAL
29434,3091,8731,CLOSE
29435,1294,1915,DISTANT
29436,3870,4395,CLOSE
29437,8214,9854,CLOSE
29438,5642,4211,CASUAL
29439,1329,3813,CASUAL
29440,6259,6886,CLOSE
29441,9425,9364,CLOSE
29442,7830,873,DISTANT
29443,6808,3329,CLOSE
29444,4434,6069,CASUAL
29445,283,6917,CLOSE
29446,9165,5998,DISTANT
29447,7561,5274,CASUAL
29448,9751,1973,CASUAL
29449,4784,1069,DISTANT
29450,2177,5348,CLOSE
29451,4129,2834,DISTANT
29452,9518,133,CLOSE
29453,3870,9228,CASUAL
29454,874,6558,CASUAL
29455,2551,2368,CASUAL
29456,9196,5374,DISTANT
29457,6702,6882,CLOSE
29458,7620,3909,CLOSE
29459,7733,6957,CASUAL
29460,5935,2064,DISTANT
29461,769,8906,DISTANT
29462,4905,8211,CASUAL
29463,1884,3963,CLOSE
29464,1807,4464,CASUAL
29465,2010,1846,CLOSE
29466,8542,7284,CLOSE
29467,2073,7767,CASUAL
29468,7062,6379,CASUAL
29469,7739,9019,DISTANT
29470,5310,1095,CLOSE
29471,8942,7769,CLOSE
29472,6950,3033,CASUAL
29473,8612,8999,CLOSE
29474,3993,4260,CLOSE
29475,9158,6544,CLOSE
29476,6717,312,CASUAL
29477,4347,5623,DISTANT
29478,9931,2401,CLOSE
29479,1749,9935,DISTANT
29480,9209,7019,CASUAL
29481,5435,7107,CASUAL
29482,4964,3243,DISTANT
29483,8274,5067,DISTANT
29484,5444,9271,CASUAL
29485,3053,2960,DISTANT
29486,9646,5195,DISTANT
29487,9652,8806,CASUAL
29488,1940,468,DISTANT
29489,7482,5390,CASUAL
29490,775,5567,CLOSE
29491,3531,9443,DISTANT
29492,9732,3760,CLOSE
29493,5564,3515,CASUAL
29494,438,6008,CASUAL
29495,5995,4232,CLOSE
29496,9291,8830,CASUAL
29497,6486,3662,CASUAL
29498,4318,5817,CLOSE
29499,1287,9726,CLOSE
29500,7460,9884,CASUAL
29501,4807,870,DISTANT
29502,4713,7670,CASUAL
29503,9041,303,DISTANT
29504,9211,9879,DISTANT
29505,3135,7223,DISTANT
29506,2702,2082,CLOSE
29507,3800,3718,CASUAL
29508,1256,7322,CASUAL
29509,2411,2804,CASUAL
29510,1822,8220,CLOSE
29511,2852,7955,CASUAL
29512,8453,267,CASUAL
29513,196,4706,DISTANT
29514,1590,9083,DISTANT
29515,2425,651,CASUAL
29516,7829,8162,DISTANT
29517,5769,2790,DISTANT
29518,8083,1420,DISTANT
29519,3399,1519,DISTANT
29520,3597,6637,CLOSE
29521,558,2749,CASUAL
29522,7652,5935,CASUAL
29523,341,7470,CASUAL
29524,7587,8792,DISTANT
29525,7284,1852,CASUAL
29526,2628,3445,CASUAL
29527,4245,3902,CASUAL
29528,8577,3256,CLOSE
29529,160,5187,DISTANT
29530,3585,8741,CASUAL
29531,9980,6427,CASUAL
29532,1052,5845,DISTANT
29533,1009,5452,CLOSE
29534,1200,3249,DISTANT
29535,3899,6027,DISTANT
29536,7842,8567,CASUAL
29537,59,9107,CLOSE
29538,149,3126,DISTANT
29539,7486,1112,CLOSE
29540,5831,2854,CLOSE
29541,7672,6127,CLOSE
29542,1761,403,DISTANT
29543,6119,5924,CLOSE
29544,5986,2118,DISTANT
29545,2746,8136,CASUAL
29546,5518,4307,CASUAL
29547,8147,2861,CASUAL
29548,3184,6885,CASUAL
29549,6548,4389,DISTANT
29550,1161,4727,CASUAL
29551,566,4524,DISTANT
29552,8269,1957,CASUAL
29553,2140,6388,CLOSE
29554,8351,2753,CLOSE
29555,861,5446,CASUAL
29556,1191,6847,CLOSE
29557,1332,8049,CLOSE
29558,4497,2991,CLOSE
29559,5075,7114,CLOSE
29560,599,9842,CASUAL
29561,3176,4028,CASUAL
29562,2994,4885,DISTANT
29563,2340,8527,CASUAL
29564,9538,4911,DISTANT
29565,4243,6938,CLOSE
29566,7074,9800,DISTANT
29567,8246,1238,CASUAL
29568,8716,8056,CLOSE
29569,8226,5065,DISTANT
29570,6217,2771,CLOSE
29571,113,9355,CLOSE
29572,9490,6403,DISTANT
29573,3371,2011,CLOSE
29574,169,8281,DISTANT
29575,7998,8572,CLOSE
29576,86,544,CASUAL
29577,1199,1555,CLOSE
29578,8808,2960,CASUAL
29579,7876,6292,CLOSE
29580,3187,5911,DISTANT
29581,3383,8829,DISTANT
29582,6378,1571,CLOSE
29583,2315,4591,CASUAL
29584,3319,9817,DISTANT
29585,2367,1345,CASUAL
29586,6072,2572,CASUAL
29587,6833,1096,CLOSE
29588,7201,2298,CASUAL
29589,7400,2545,CASUAL
29590,8679,5586,DISTANT
29591,4091,4284,DISTANT
29592,5281,9960,CLOSE
29593,2532,69,CASUAL
29594,2143,9970,CASUAL
29595,1421,5564,CLOSE
29596,5538,4854,CLOSE
29597,3073,6276,CLOSE
29598,7789,4981,DISTANT
29599,722,9776,DISTANT
29600,1565,3787,DISTANT
29601,4588,2713,DISTANT
29602,9043,8110,CASUAL
29603,1347,5056,DISTANT
29604,36,9078,CLOSE
29605,4471,9589,CLOSE
29606,9955,9492,DISTANT
29607,9771,5991,CLOSE
29608,4343,3307,CASUAL
29609,9590,3145,DISTANT
29610,956,9851,DISTANT
29611,5958,1202,DISTANT
29612,1812,924,CLOSE
29613,2284,1055,CASUAL
29614,3958,9590,CLOSE
29615,7076,9718,CLOSE
29616,8916,868,DISTANT
29617,7659,7824,CLOSE
29618,9680,6145,CASUAL
29619,2444,4068,CASUAL
29620,7494,6260,DISTANT
29621,4763,8508,CLOSE
29622,8257,1768,DISTANT
29623,6368,8356,CASUAL
29624,5166,2260,CLOSE
29625,8069,9805,CASUAL
29626,8180,5777,DISTANT
29627,5999,9474,CLOSE
29628,8009,8838,CASUAL
29629,344,4173,DISTANT
29630,3259,565,CASUAL
29631,6971,9534,CASUAL
29632,4728,1363,CASUAL
29633,7622,693,DISTANT
29634,9477,2388,DISTANT
29635,7721,5443,CASUAL
29636,5692,3496,CLOSE
29637,2056,2869,CLOSE
29638,6969,4579,DISTANT
29639,7297,8649,CASUAL
29640,3387,7141,DISTANT
29641,7955,6939,CLOSE
29642,3191,8025,CLOSE
29643,935,1412,CLOSE
29644,8365,3956,CLOSE
29645,8844,1196,CASUAL
29646,2816,7342,CLOSE
29647,4005,6979,CASUAL
29648,7698,1400,DISTANT
29649,899,9990,CLOSE
29650,3152,4252,DISTANT
29651,5437,4758,DISTANT
29652,4841,6083,DISTANT
29653,84,7547,CASUAL
29654,9489,5897,DISTANT
29655,4375,469,DISTANT
29656,1920,3485,CLOSE
29657,5926,803,CLOSE
29658,708,3488,CASUAL
29659,7297,5362,CLOSE
29660,6685,2020,CLOSE
29661,7057,8322,CLOSE
29662,7095,2210,DISTANT
29663,7544,6971,CASUAL
29664,3335,9108,DISTANT
29665,9109,9341,CLOSE
29666,2440,2692,CLOSE
29667,8942,8951,CLOSE
29668,7535,2044,DISTANT
29669,9887,5786,DISTANT
29670,4969,2436,DISTANT
29671,7960,5993,CASUAL
29672,2972,8073,DISTANT
29673,6314,4425,CASUAL
29674,7996,1457,CLOSE
29675,3325,1855,DISTANT
29676,7094,9734,CASUAL
29677,3147,3653,DISTANT
29678,4527,2590,DISTANT
29679,7241,7078,CLOSE
29680,2405,9874,CLOSE
29681,9869,1265,CLOSE
29682,6954,9681,DISTANT
29683,6975,6002,DISTANT
29684,6036,784,CLOSE
29685,5139,6904,DISTANT
29686,1718,6147,CASUAL
29687,5617,8010,CASUAL
29688,9033,3602,CASUAL
29689,703,2704,DISTANT
29690,2840,3720,CLOSE
29691,6096,1746,DISTANT
29692,7157,5095,CLOSE
29693,1734,8243,CASUAL
29694,4971,3360,DISTANT
29695,5710,8395,CLOSE
29696,8185,7878,DISTANT
29697,534,5117,DISTANT
29698,2629,7006,CASUAL
29699,6440,7640,CASUAL
29700,4336,2327,CASUAL
29701,7886,6139,DISTANT
29702,5329,1164,DISTANT
29703,7229,7833,CASUAL
29704,7831,9632,CASUAL
29705,3605,6259,CASUAL
29706,868,7547,CLOSE
29707,1372,4915,CLOSE
29708,5126,2468,DISTANT
29709,7706,1581,CLOSE
29710,8975,4596,CLOSE
29711,7804,582,CLOSE
29712,6387,5503,DISTANT
29713,5414,3146,CLOSE
29714,1271,9845,CLOSE
29715,9271,5796,CASUAL
29716,5714,5876,DISTANT
29717,9906,6141,CASUAL
29718,8957,2594,DISTANT
29719,6047,7801,DISTANT
29720,1905,8657,DISTANT
29721,1294,8027,CLOSE
29722,9622,5256,DISTANT
29723,8195,3966,CASUAL
29724,1346,9839,CLOSE
29725,6419,8461,CASUAL
29726,6060,4030,CLOSE
29727,4047,4328,DISTANT
29728,154,1030,CLOSE
29729,7277,4551,DISTANT
29730,7560,1856,CASUAL
29731,8252,5617,CLOSE
29732,456,2375,DISTANT
29733,7040,2910,DISTANT
29734,255,9439,DISTANT
29735,3634,3749,DISTANT
29736,2192,6291,DISTANT
29737,4190,9751,CASUAL
29738,6934,4353,CLOSE
29739,790,5135,CASUAL
29740,7536,2607,CLOSE
29741,327,7576,CLOSE
29742,7769,3940,CASUAL
29743,1489,5476,CASUAL
29744,3252,8338,DISTANT
29745,8527,6885,CASUAL
29746,5576,3248,DISTANT
29747,2292,1920,CASUAL
29748,9684,2573,DISTANT
29749,49,8371,CASUAL
29750,106,328,CLOSE
29751,8961,3725,CASUAL
29752,4403,480,DISTANT
29753,2868,9381,CASUAL
29754,3388,4746,CLOSE
29755,4939,8145,CLOSE
29756,6333,6773,DISTANT
29757,4915,8181,CLOSE
29758,4890,4185,CASUAL
29759,1891,3817,CASUAL
29760,4053,1055,DISTANT
29761,3138,2983,CASUAL
29762,6112,4676,CLOSE
29763,2591,7413,CLOSE
29764,3934,9058,DISTANT
29765,9269,780,CASUAL
29766,9405,8417,DISTANT
29767,1593,7347,DISTANT
29768,9378,8900,DISTANT
29769,4024,8845,DISTANT
29770,2359,968,CLOSE
29771,1487,2361,DISTANT
29772,1123,2865,CLOSE
29773,9439,1329,CASUAL
29774,4413,5641,DISTANT
29775,2746,6817,CLOSE
29776,5029,2561,CLOSE
29777,9078,3152,CLOSE
29778,2048,1755,DISTANT
29779,9802,2427,CLOSE
29780,15,2361,CASUAL
29781,8043,1029,CLOSE
29782,8550,373,CASUAL
29783,1637,3307,DISTANT
29784,6525,8367,CLOSE
29785,3699,4374,CASUAL
29786,386,3235,CLOSE
29787,5756,6121,DISTANT
29788,9598,413,CASUAL
29789,9432,7477,DISTANT
29790,9546,7921,CLOSE
29791,2942,7133,DISTANT
29792,7243,3045,DISTANT
29793,7354,8621,CASUAL
29794,49,5645,CASUAL
29795,9572,4247,CLOSE
29796,3089,8081,CASUAL
29797,7675,8045,CLOSE
29798,3738,8222,CLOSE
29799,5578,9114,CLOSE
29800,8793,9530,CASUAL
29801,9091,2550,CASUAL
29802,8989,9265,CLOSE
29803,532,5747,DISTANT
29804,3537,2993,CASUAL
29805,8596,2139,DISTANT
29806,2191,3519,CLOSE
29807,5037,3550,CLOSE
29808,5041,2735,DISTANT
29809,4299,310,DISTANT
29810,9464,5916,CLOSE
29811,279,8271,CLOSE
29812,5068,3111,CASUAL
29813,1608,5587,CLOSE
29814,2260,5014,CLOSE
29815,8044,1652,CASUAL
29816,4973,1948,CLOSE
29817,8773,8848,CLOSE
29818,8718,6358,DISTANT
29819,5824,3529,CLOSE
29820,4283,5039,DISTANT
29821,2994,3120,CASUAL
29822,1313,5233,CASUAL
29823,6778,4754,DISTANT
29824,1121,2551,CASUAL
29825,6564,5111,CLOSE
29826,5659,40,CASUAL
29827,1694,2366,DISTANT
29828,4860,4307,CLOSE
29829,9477,432,CLOSE
29830,91,4946,DISTANT
29831,8095,8262,CLOSE
29832,5820,3033,DISTANT
29833,8956,2820,DISTANT
29834,2108,2312,DISTANT
29835,4244,1961,CLOSE
29836,7691,7222,CLOSE
29837,6919,3430,CLOSE
29838,1931,9899,CLOSE
29839,6504,5126,CASUAL
29840,7196,4823,CLOSE
29841,836,1618,CLOSE
29842,625,6837,CLOSE
29843,4690,1772,CASUAL
29844,4658,2046,CLOSE
29845,7944,1808,CASUAL
29846,1453,7806,CASUAL
29847,8076,2586,CLOSE
29848,9311,2910,CLOSE
29849,858,9366,CASUAL
29850,8252,5877,CLOSE
29851,8742,8982,DISTANT
29852,7825,6766,CASUAL
29853,8907,252,CLOSE
29854,756,8109,CLOSE
29855,3572,7354,DISTANT
29856,9073,729,DISTANT
29857,568,634,CLOSE
29858,2460,5425,CLOSE
29859,7602,4688,CLOSE
29860,3129,7378,DISTANT
29861,1101,5874,DISTANT
29862,1496,7650,CLOSE
29863,1232,311,CLOSE
29864,6762,8080,DISTANT
29865,3339,764,CASUAL
29866,10,4983,DISTANT
29867,4310,5907,CLOSE
29868,6334,9288,CLOSE
29869,8054,4507,CLOSE
29870,3282,9318,CASUAL
29871,9244,5870,CLOSE
29872,535,8245,CLOSE
29873,2945,6640,DISTANT
29874,2929,6945,CASUAL
29875,8585,5662,DISTANT
29876,6908,7692,DISTANT
29877,6436,8314,CASUAL
29878,1650,8342,CASUAL
29879,5998,3826,CLOSE
29880,8867,8668,DISTANT
29881,3349,256,CLOSE
29882,2785,4152,CLOSE
29883,3618,1627,DISTANT
29884,4917,731,CLOSE
29885,574,4653,DISTANT
29886,3797,9092,CLOSE
29887,6181,1607,CASUAL
29888,6240,1400,DISTANT
29889,5251,4910,CLOSE
29890,907,3067,CLOSE
29891,978,9426,CASUAL
29892,8514,1449,CLOSE
29893,9131,2313,CLOSE
29894,3189,1980,DISTANT
29895,7760,2824,CLOSE
29896,7637,5265,DISTANT
29897,6980,4919,CLOSE
29898,7897,6285,DISTANT
29899,6534,4545,DISTANT
29900,4394,3196,DISTANT
29901,4311,5609,CLOSE
29902,2487,1011,CLOSE
29903,7469,9921,CASUAL
29904,9266,6594,DISTANT
29905,3579,9472,DISTANT
29906,1935,8109,CLOSE
29907,2163,9290,CASUAL
29908,650,2750,CASUAL
29909,5230,635,CASUAL
29910,429,7687,CLOSE
29911,9883,5519,DISTANT
29912,7483,3401,DISTANT
29913,9007,6658,DISTANT
29914,9810,3192,CASUAL
29915,9912,9155,CASUAL
29916,7622,6342,DISTANT
29917,9119,608,CLOSE
29918,5516,6344,DISTANT
29919,3321,5818,DISTANT
29920,1227,3218,CLOSE
29921,4335,8539,DISTANT
29922,7776,9060,CASUAL
29923,7215,4288,DISTANT
29924,8599,9920,CASUAL
29925,1814,6458,DISTANT
29926,3548,4260,CASUAL
29927,9569,6367,CLOSE
29928,6576,6243,DISTANT
29929,9079,9765,CASUAL
29930,4875,6085,CLOSE
29931,5771,288,DISTANT
29932,2854,658,DISTANT
29933,9955,6187,CASUAL
29934,6053,5213,CASUAL
29935,9853,5833,CLOSE
29936,9715,1280,CASUAL
29937,5201,5554,DISTANT
29938,483,4882,DISTANT
29939,6823,7916,CASUAL
29940,4326,6845,CLOSE
29941,5426,2935,CASUAL
29942,5523,8063,CLOSE
29943,7966,9833,CASUAL
29944,293,7575,DISTANT
29945,6740,3535,CLOSE
29946,2267,2168,DISTANT
29947,6045,5911,DISTANT
29948,9620,465,CASUAL
29949,4289,7855,DISTANT
29950,1128,769,DISTANT
29951,2334,5219,CASUAL
29952,5032,9484,CLOSE
29953,6623,1529,CASUAL
29954,4742,1846,CASUAL
29955,5170,4426,DISTANT
29956,1080,9794,CASUAL
29957,456,6020,CLOSE
29958,1769,638,CASUAL
29959,1001,6379,DISTANT
29960,3552,1516,DISTANT
29961,8948,3837,CLOSE
29962,3301,4616,CLOSE
29963,7950,9978,CASUAL
29964,5224,272,DISTANT
29965,8334,2838,DISTANT
29966,6043,3531,CASUAL
29967,7331,2556,CLOSE
29968,435,6845,CASUAL
29969,7142,4817,CASUAL
29970,7267,2976,CASUAL
29971,2419,1792,DISTANT
29972,4722,4215,CASUAL
29973,8388,2046,CASUAL
29974,4141,7118,CASUAL
29975,1827,2756,DISTANT
29976,4626,363,CASUAL
29977,1256,6600,CLOSE
29978,5786,6888,DISTANT
29979,1790,6820,CASUAL
29980,3675,2150,DISTANT
29981,761,6669,DISTANT
29982,252,4141,CLOSE
29983,6330,3444,CASUAL
29984,6212,7763,CLOSE
29985,1102,9589,CASUAL
29986,7151,9144,CASUAL
29987,4848,5044,CLOSE
29988,4330,8453,DISTANT
29989,4414,7442,CLOSE
29990,7838,6233,CASUAL
29991,1132,3345,CLOSE
29992,4118,9731,CASUAL
29993,7640,99,CASUAL
29994,3393,6202,CLOSE
29995,8912,1655,CLOSE
29996,7904,8944,CLOSE
29997,6033,2272,CASUAL
29998,8935,361,CASUAL
29999,4985,1894,CLOSE
